[    1094ms] [LOG] [StudioWorkspace] render {mapId: map-1782480639497-sb96j, editorMode: campus} @ https://navi-next.vercel.app/_next/static/chunks/34tyyp27gcaxu.js:0
[    1095ms] [LOG] [RightPanel] render {tool: select, editorMode: campus, activeBuildingId: null, buildingsCount: 1} @ https://navi-next.vercel.app/_next/static/chunks/34tyyp27gcaxu.js:0
[    1096ms] [LOG] [MetadataPanel] render {activeBuildingId: null, building: undefined} @ https://navi-next.vercel.app/_next/static/chunks/34tyyp27gcaxu.js:0
[ 2029384ms] [ERROR] Access to fetch at 'https://tile.openstreetmap.org/20/880134/489619.png' from origin 'https://navi-next.vercel.app' has been blocked by CORS policy: No 'Access-Control-Allow-Origin' header is present on the requested resource. @ https://navi-next.vercel.app/studio/map-1782480639497-sb96j/edit:0
[ 2029385ms] [ERROR] Failed to load resource: net::ERR_FAILED @ https://tile.openstreetmap.org/20/880134/489619.png:0
[ 2029388ms] [ERROR] [StudioCanvas] Map error: eJ @ https://navi-next.vercel.app/_next/static/chunks/34tyyp27gcaxu.js:0
[ 2029388ms] [ERROR] Access to fetch at 'https://tile.openstreetmap.org/20/880132/489618.png' from origin 'https://navi-next.vercel.app' has been blocked by CORS policy: No 'Access-Control-Allow-Origin' header is present on the requested resource. @ https://navi-next.vercel.app/studio/map-1782480639497-sb96j/edit:0
[ 2029388ms] [ERROR] Failed to load resource: net::ERR_FAILED @ https://tile.openstreetmap.org/20/880132/489618.png:0
[ 2029389ms] [ERROR] [StudioCanvas] Map error: eJ @ https://navi-next.vercel.app/_next/static/chunks/34tyyp27gcaxu.js:0
[ 2029389ms] [ERROR] Access to fetch at 'https://tile.openstreetmap.org/20/880133/489617.png' from origin 'https://navi-next.vercel.app' has been blocked by CORS policy: No 'Access-Control-Allow-Origin' header is present on the requested resource. @ https://navi-next.vercel.app/studio/map-1782480639497-sb96j/edit:0
[ 2029389ms] [ERROR] Failed to load resource: net::ERR_FAILED @ https://tile.openstreetmap.org/20/880133/489617.png:0
[ 2029389ms] [ERROR] [StudioCanvas] Map error: eJ @ https://navi-next.vercel.app/_next/static/chunks/34tyyp27gcaxu.js:0
[ 2029391ms] [ERROR] Access to fetch at 'https://tile.openstreetmap.org/20/880133/489619.png' from origin 'https://navi-next.vercel.app' has been blocked by CORS policy: No 'Access-Control-Allow-Origin' header is present on the requested resource. @ https://navi-next.vercel.app/studio/map-1782480639497-sb96j/edit:0
[ 2029391ms] [ERROR] Failed to load resource: net::ERR_FAILED @ https://tile.openstreetmap.org/20/880133/489619.png:0
[ 2029392ms] [ERROR] [StudioCanvas] Map error: eJ @ https://navi-next.vercel.app/_next/static/chunks/34tyyp27gcaxu.js:0
[ 2029392ms] [ERROR] Access to fetch at 'https://tile.openstreetmap.org/20/880133/489618.png' from origin 'https://navi-next.vercel.app' has been blocked by CORS policy: No 'Access-Control-Allow-Origin' header is present on the requested resource. @ https://navi-next.vercel.app/studio/map-1782480639497-sb96j/edit:0
[ 2029392ms] [ERROR] Failed to load resource: net::ERR_FAILED @ https://tile.openstreetmap.org/20/880133/489618.png:0
[ 2029393ms] [ERROR] [StudioCanvas] Map error: eJ @ https://navi-next.vercel.app/_next/static/chunks/34tyyp27gcaxu.js:0
[ 2029393ms] [ERROR] Access to fetch at 'https://tile.openstreetmap.org/20/880132/489619.png' from origin 'https://navi-next.vercel.app' has been blocked by CORS policy: No 'Access-Control-Allow-Origin' header is present on the requested resource. @ https://navi-next.vercel.app/studio/map-1782480639497-sb96j/edit:0
[ 2029393ms] [ERROR] Failed to load resource: net::ERR_FAILED @ https://tile.openstreetmap.org/20/880132/489619.png:0
[ 2029394ms] [ERROR] [StudioCanvas] Map error: eJ @ https://navi-next.vercel.app/_next/static/chunks/34tyyp27gcaxu.js:0
[ 2029394ms] [ERROR] Access to fetch at 'https://tile.openstreetmap.org/20/880134/489617.png' from origin 'https://navi-next.vercel.app' has been blocked by CORS policy: No 'Access-Control-Allow-Origin' header is present on the requested resource. @ https://navi-next.vercel.app/studio/map-1782480639497-sb96j/edit:0
[ 2029394ms] [ERROR] Failed to load resource: net::ERR_FAILED @ https://tile.openstreetmap.org/20/880134/489617.png:0
[ 2029395ms] [ERROR] [StudioCanvas] Map error: eJ @ https://navi-next.vercel.app/_next/static/chunks/34tyyp27gcaxu.js:0
[ 2029395ms] [ERROR] Access to fetch at 'https://tile.openstreetmap.org/20/880134/489618.png' from origin 'https://navi-next.vercel.app' has been blocked by CORS policy: No 'Access-Control-Allow-Origin' header is present on the requested resource. @ https://navi-next.vercel.app/studio/map-1782480639497-sb96j/edit:0
[ 2029395ms] [ERROR] Failed to load resource: net::ERR_FAILED @ https://tile.openstreetmap.org/20/880134/489618.png:0
[ 2029395ms] [ERROR] [StudioCanvas] Map error: eJ @ https://navi-next.vercel.app/_next/static/chunks/34tyyp27gcaxu.js:0
[ 2031386ms] [ERROR] Access to fetch at 'https://tile.openstreetmap.org/20/880132/489617.png' from origin 'https://navi-next.vercel.app' has been blocked by CORS policy: No 'Access-Control-Allow-Origin' header is present on the requested resource. @ https://navi-next.vercel.app/studio/map-1782480639497-sb96j/edit:0
[ 2031386ms] [ERROR] Failed to load resource: net::ERR_FAILED @ https://tile.openstreetmap.org/20/880132/489617.png:0
[ 2031386ms] [ERROR] [StudioCanvas] Map error: eJ @ https://navi-next.vercel.app/_next/static/chunks/34tyyp27gcaxu.js:0
[ 2031391ms] [ERROR] Access to fetch at 'https://tile.openstreetmap.org/20/880135/489618.png' from origin 'https://navi-next.vercel.app' has been blocked by CORS policy: No 'Access-Control-Allow-Origin' header is present on the requested resource. @ https://navi-next.vercel.app/studio/map-1782480639497-sb96j/edit:0
[ 2031391ms] [ERROR] Failed to load resource: net::ERR_FAILED @ https://tile.openstreetmap.org/20/880135/489618.png:0
[ 2031391ms] [ERROR] [StudioCanvas] Map error: eJ @ https://navi-next.vercel.app/_next/static/chunks/34tyyp27gcaxu.js:0
[ 2031391ms] [ERROR] Access to fetch at 'https://tile.openstreetmap.org/20/880133/489620.png' from origin 'https://navi-next.vercel.app' has been blocked by CORS policy: No 'Access-Control-Allow-Origin' header is present on the requested resource. @ https://navi-next.vercel.app/studio/map-1782480639497-sb96j/edit:0
[ 2031391ms] [ERROR] Failed to load resource: net::ERR_FAILED @ https://tile.openstreetmap.org/20/880133/489620.png:0
[ 2031392ms] [ERROR] [StudioCanvas] Map error: eJ @ https://navi-next.vercel.app/_next/static/chunks/34tyyp27gcaxu.js:0
[ 2031392ms] [ERROR] Access to fetch at 'https://tile.openstreetmap.org/20/880135/489619.png' from origin 'https://navi-next.vercel.app' has been blocked by CORS policy: No 'Access-Control-Allow-Origin' header is present on the requested resource. @ https://navi-next.vercel.app/studio/map-1782480639497-sb96j/edit:0
[ 2031392ms] [ERROR] Failed to load resource: net::ERR_FAILED @ https://tile.openstreetmap.org/20/880135/489619.png:0
[ 2031393ms] [ERROR] [StudioCanvas] Map error: eJ @ https://navi-next.vercel.app/_next/static/chunks/34tyyp27gcaxu.js:0
[ 2031393ms] [ERROR] Access to fetch at 'https://tile.openstreetmap.org/20/880135/489617.png' from origin 'https://navi-next.vercel.app' has been blocked by CORS policy: No 'Access-Control-Allow-Origin' header is present on the requested resource. @ https://navi-next.vercel.app/studio/map-1782480639497-sb96j/edit:0
[ 2031393ms] [ERROR] Failed to load resource: net::ERR_FAILED @ https://tile.openstreetmap.org/20/880135/489617.png:0
[ 2031393ms] [ERROR] [StudioCanvas] Map error: eJ @ https://navi-next.vercel.app/_next/static/chunks/34tyyp27gcaxu.js:0
[ 2031393ms] [ERROR] Access to fetch at 'https://tile.openstreetmap.org/20/880134/489620.png' from origin 'https://navi-next.vercel.app' has been blocked by CORS policy: No 'Access-Control-Allow-Origin' header is present on the requested resource. @ https://navi-next.vercel.app/studio/map-1782480639497-sb96j/edit:0
[ 2031393ms] [ERROR] Failed to load resource: net::ERR_FAILED @ https://tile.openstreetmap.org/20/880134/489620.png:0
[ 2031394ms] [ERROR] [StudioCanvas] Map error: eJ @ https://navi-next.vercel.app/_next/static/chunks/34tyyp27gcaxu.js:0
[ 2031394ms] [ERROR] Access to fetch at 'https://tile.openstreetmap.org/20/880134/489616.png' from origin 'https://navi-next.vercel.app' has been blocked by CORS policy: No 'Access-Control-Allow-Origin' header is present on the requested resource. @ https://navi-next.vercel.app/studio/map-1782480639497-sb96j/edit:0
[ 2031394ms] [ERROR] Failed to load resource: net::ERR_FAILED @ https://tile.openstreetmap.org/20/880134/489616.png:0
[ 2031394ms] [ERROR] [StudioCanvas] Map error: eJ @ https://navi-next.vercel.app/_next/static/chunks/34tyyp27gcaxu.js:0
[ 2031395ms] [ERROR] Access to fetch at 'https://tile.openstreetmap.org/20/880133/489616.png' from origin 'https://navi-next.vercel.app' has been blocked by CORS policy: No 'Access-Control-Allow-Origin' header is present on the requested resource. @ https://navi-next.vercel.app/studio/map-1782480639497-sb96j/edit:0
[ 2031395ms] [ERROR] Failed to load resource: net::ERR_FAILED @ https://tile.openstreetmap.org/20/880133/489616.png:0
[ 2031395ms] [ERROR] [StudioCanvas] Map error: eJ @ https://navi-next.vercel.app/_next/static/chunks/34tyyp27gcaxu.js:0
[ 2031395ms] [ERROR] Access to fetch at 'https://tile.openstreetmap.org/20/880131/489618.png' from origin 'https://navi-next.vercel.app' has been blocked by CORS policy: No 'Access-Control-Allow-Origin' header is present on the requested resource. @ https://navi-next.vercel.app/studio/map-1782480639497-sb96j/edit:0
[ 2031395ms] [ERROR] Failed to load resource: net::ERR_FAILED @ https://tile.openstreetmap.org/20/880131/489618.png:0
[ 2031396ms] [ERROR] [StudioCanvas] Map error: eJ @ https://navi-next.vercel.app/_next/static/chunks/34tyyp27gcaxu.js:0
[ 2031396ms] [ERROR] Access to fetch at 'https://tile.openstreetmap.org/20/880132/489620.png' from origin 'https://navi-next.vercel.app' has been blocked by CORS policy: No 'Access-Control-Allow-Origin' header is present on the requested resource. @ https://navi-next.vercel.app/studio/map-1782480639497-sb96j/edit:0
[ 2031396ms] [ERROR] Failed to load resource: net::ERR_FAILED @ https://tile.openstreetmap.org/20/880132/489620.png:0
[ 2031396ms] [ERROR] [StudioCanvas] Map error: eJ @ https://navi-next.vercel.app/_next/static/chunks/34tyyp27gcaxu.js:0
[ 2031396ms] [ERROR] Access to fetch at 'https://tile.openstreetmap.org/20/880132/489616.png' from origin 'https://navi-next.vercel.app' has been blocked by CORS policy: No 'Access-Control-Allow-Origin' header is present on the requested resource. @ https://navi-next.vercel.app/studio/map-1782480639497-sb96j/edit:0
[ 2031396ms] [ERROR] Failed to load resource: net::ERR_FAILED @ https://tile.openstreetmap.org/20/880132/489616.png:0
[ 2031397ms] [ERROR] [StudioCanvas] Map error: eJ @ https://navi-next.vercel.app/_next/static/chunks/34tyyp27gcaxu.js:0
[ 2031397ms] [ERROR] Access to fetch at 'https://tile.openstreetmap.org/20/880131/489619.png' from origin 'https://navi-next.vercel.app' has been blocked by CORS policy: No 'Access-Control-Allow-Origin' header is present on the requested resource. @ https://navi-next.vercel.app/studio/map-1782480639497-sb96j/edit:0
[ 2031397ms] [ERROR] Failed to load resource: net::ERR_FAILED @ https://tile.openstreetmap.org/20/880131/489619.png:0
[ 2031397ms] [ERROR] [StudioCanvas] Map error: eJ @ https://navi-next.vercel.app/_next/static/chunks/34tyyp27gcaxu.js:0
[ 2031397ms] [ERROR] Access to fetch at 'https://tile.openstreetmap.org/20/880135/489620.png' from origin 'https://navi-next.vercel.app' has been blocked by CORS policy: No 'Access-Control-Allow-Origin' header is present on the requested resource. @ https://navi-next.vercel.app/studio/map-1782480639497-sb96j/edit:0
[ 2031397ms] [ERROR] Failed to load resource: net::ERR_FAILED @ https://tile.openstreetmap.org/20/880135/489620.png:0
[ 2031398ms] [ERROR] [StudioCanvas] Map error: eJ @ https://navi-next.vercel.app/_next/static/chunks/34tyyp27gcaxu.js:0
[ 2031398ms] [ERROR] Access to fetch at 'https://tile.openstreetmap.org/20/880135/489616.png' from origin 'https://navi-next.vercel.app' has been blocked by CORS policy: No 'Access-Control-Allow-Origin' header is present on the requested resource. @ https://navi-next.vercel.app/studio/map-1782480639497-sb96j/edit:0
[ 2031398ms] [ERROR] Failed to load resource: net::ERR_FAILED @ https://tile.openstreetmap.org/20/880135/489616.png:0
[ 2031398ms] [ERROR] [StudioCanvas] Map error: eJ @ https://navi-next.vercel.app/_next/static/chunks/34tyyp27gcaxu.js:0
[ 2031398ms] [ERROR] Access to fetch at 'https://tile.openstreetmap.org/20/880136/489618.png' from origin 'https://navi-next.vercel.app' has been blocked by CORS policy: No 'Access-Control-Allow-Origin' header is present on the requested resource. @ https://navi-next.vercel.app/studio/map-1782480639497-sb96j/edit:0
[ 2031398ms] [ERROR] Failed to load resource: net::ERR_FAILED @ https://tile.openstreetmap.org/20/880136/489618.png:0
[ 2031399ms] [ERROR] [StudioCanvas] Map error: eJ @ https://navi-next.vercel.app/_next/static/chunks/34tyyp27gcaxu.js:0
[ 2031399ms] [ERROR] Access to fetch at 'https://tile.openstreetmap.org/20/880131/489617.png' from origin 'https://navi-next.vercel.app' has been blocked by CORS policy: No 'Access-Control-Allow-Origin' header is present on the requested resource. @ https://navi-next.vercel.app/studio/map-1782480639497-sb96j/edit:0
[ 2031399ms] [ERROR] Failed to load resource: net::ERR_FAILED @ https://tile.openstreetmap.org/20/880131/489617.png:0
[ 2031399ms] [ERROR] [StudioCanvas] Map error: eJ @ https://navi-next.vercel.app/_next/static/chunks/34tyyp27gcaxu.js:0
[ 2033390ms] [ERROR] Access to fetch at 'https://tile.openstreetmap.org/20/880136/489619.png' from origin 'https://navi-next.vercel.app' has been blocked by CORS policy: No 'Access-Control-Allow-Origin' header is present on the requested resource. @ https://navi-next.vercel.app/studio/map-1782480639497-sb96j/edit:0
[ 2033390ms] [ERROR] Failed to load resource: net::ERR_FAILED @ https://tile.openstreetmap.org/20/880136/489619.png:0
[ 2033390ms] [ERROR] [StudioCanvas] Map error: eJ @ https://navi-next.vercel.app/_next/static/chunks/34tyyp27gcaxu.js:0
[ 2033394ms] [ERROR] Access to fetch at 'https://tile.openstreetmap.org/20/880136/489617.png' from origin 'https://navi-next.vercel.app' has been blocked by CORS policy: No 'Access-Control-Allow-Origin' header is present on the requested resource. @ https://navi-next.vercel.app/studio/map-1782480639497-sb96j/edit:0
[ 2033394ms] [ERROR] Failed to load resource: net::ERR_FAILED @ https://tile.openstreetmap.org/20/880136/489617.png:0
[ 2033394ms] [ERROR] [StudioCanvas] Map error: eJ @ https://navi-next.vercel.app/_next/static/chunks/34tyyp27gcaxu.js:0
[ 2033395ms] [ERROR] Access to fetch at 'https://tile.openstreetmap.org/20/880136/489616.png' from origin 'https://navi-next.vercel.app' has been blocked by CORS policy: No 'Access-Control-Allow-Origin' header is present on the requested resource. @ https://navi-next.vercel.app/studio/map-1782480639497-sb96j/edit:0
[ 2033395ms] [ERROR] Failed to load resource: net::ERR_FAILED @ https://tile.openstreetmap.org/20/880136/489616.png:0
[ 2033395ms] [ERROR] [StudioCanvas] Map error: eJ @ https://navi-next.vercel.app/_next/static/chunks/34tyyp27gcaxu.js:0
[ 2033395ms] [ERROR] Access to fetch at 'https://tile.openstreetmap.org/20/880137/489618.png' from origin 'https://navi-next.vercel.app' has been blocked by CORS policy: No 'Access-Control-Allow-Origin' header is present on the requested resource. @ https://navi-next.vercel.app/studio/map-1782480639497-sb96j/edit:0
[ 2033395ms] [ERROR] Failed to load resource: net::ERR_FAILED @ https://tile.openstreetmap.org/20/880137/489618.png:0
[ 2033396ms] [ERROR] [StudioCanvas] Map error: eJ @ https://navi-next.vercel.app/_next/static/chunks/34tyyp27gcaxu.js:0
[ 2033396ms] [ERROR] Access to fetch at 'https://tile.openstreetmap.org/20/880137/489616.png' from origin 'https://navi-next.vercel.app' has been blocked by CORS policy: No 'Access-Control-Allow-Origin' header is present on the requested resource. @ https://navi-next.vercel.app/studio/map-1782480639497-sb96j/edit:0
[ 2033396ms] [ERROR] Failed to load resource: net::ERR_FAILED @ https://tile.openstreetmap.org/20/880137/489616.png:0
[ 2033396ms] [ERROR] [StudioCanvas] Map error: eJ @ https://navi-next.vercel.app/_next/static/chunks/34tyyp27gcaxu.js:0
[ 2033396ms] [ERROR] Access to fetch at 'https://tile.openstreetmap.org/20/880138/489617.png' from origin 'https://navi-next.vercel.app' has been blocked by CORS policy: No 'Access-Control-Allow-Origin' header is present on the requested resource. @ https://navi-next.vercel.app/studio/map-1782480639497-sb96j/edit:0
[ 2033396ms] [ERROR] Failed to load resource: net::ERR_FAILED @ https://tile.openstreetmap.org/20/880138/489617.png:0
[ 2033397ms] [ERROR] [StudioCanvas] Map error: eJ @ https://navi-next.vercel.app/_next/static/chunks/34tyyp27gcaxu.js:0
[ 2033397ms] [ERROR] Access to fetch at 'https://tile.openstreetmap.org/20/880138/489616.png' from origin 'https://navi-next.vercel.app' has been blocked by CORS policy: No 'Access-Control-Allow-Origin' header is present on the requested resource. @ https://navi-next.vercel.app/studio/map-1782480639497-sb96j/edit:0
[ 2033397ms] [ERROR] Failed to load resource: net::ERR_FAILED @ https://tile.openstreetmap.org/20/880138/489616.png:0
[ 2033397ms] [ERROR] [StudioCanvas] Map error: eJ @ https://navi-next.vercel.app/_next/static/chunks/34tyyp27gcaxu.js:0
[ 2033397ms] [ERROR] Access to fetch at 'https://tile.openstreetmap.org/20/880139/489615.png' from origin 'https://navi-next.vercel.app' has been blocked by CORS policy: No 'Access-Control-Allow-Origin' header is present on the requested resource. @ https://navi-next.vercel.app/studio/map-1782480639497-sb96j/edit:0
[ 2033397ms] [ERROR] Failed to load resource: net::ERR_FAILED @ https://tile.openstreetmap.org/20/880139/489615.png:0
[ 2033398ms] [ERROR] [StudioCanvas] Map error: eJ @ https://navi-next.vercel.app/_next/static/chunks/34tyyp27gcaxu.js:0
[ 2033398ms] [ERROR] Access to fetch at 'https://tile.openstreetmap.org/20/880135/489615.png' from origin 'https://navi-next.vercel.app' has been blocked by CORS policy: No 'Access-Control-Allow-Origin' header is present on the requested resource. @ https://navi-next.vercel.app/studio/map-1782480639497-sb96j/edit:0
[ 2033398ms] [ERROR] Failed to load resource: net::ERR_FAILED @ https://tile.openstreetmap.org/20/880135/489615.png:0
[ 2033398ms] [ERROR] [StudioCanvas] Map error: eJ @ https://navi-next.vercel.app/_next/static/chunks/34tyyp27gcaxu.js:0
[ 2033398ms] [ERROR] Access to fetch at 'https://tile.openstreetmap.org/20/880136/489615.png' from origin 'https://navi-next.vercel.app' has been blocked by CORS policy: No 'Access-Control-Allow-Origin' header is present on the requested resource. @ https://navi-next.vercel.app/studio/map-1782480639497-sb96j/edit:0
[ 2033398ms] [ERROR] Failed to load resource: net::ERR_FAILED @ https://tile.openstreetmap.org/20/880136/489615.png:0
[ 2033399ms] [ERROR] [StudioCanvas] Map error: eJ @ https://navi-next.vercel.app/_next/static/chunks/34tyyp27gcaxu.js:0
[ 2033399ms] [ERROR] Access to fetch at 'https://tile.openstreetmap.org/20/880137/489615.png' from origin 'https://navi-next.vercel.app' has been blocked by CORS policy: No 'Access-Control-Allow-Origin' header is present on the requested resource. @ https://navi-next.vercel.app/studio/map-1782480639497-sb96j/edit:0
[ 2033399ms] [ERROR] Failed to load resource: net::ERR_FAILED @ https://tile.openstreetmap.org/20/880137/489615.png:0
[ 2033399ms] [ERROR] [StudioCanvas] Map error: eJ @ https://navi-next.vercel.app/_next/static/chunks/34tyyp27gcaxu.js:0
[ 2033400ms] [ERROR] Access to fetch at 'https://tile.openstreetmap.org/20/880138/489615.png' from origin 'https://navi-next.vercel.app' has been blocked by CORS policy: No 'Access-Control-Allow-Origin' header is present on the requested resource. @ https://navi-next.vercel.app/studio/map-1782480639497-sb96j/edit:0
[ 2033400ms] [ERROR] Failed to load resource: net::ERR_FAILED @ https://tile.openstreetmap.org/20/880138/489615.png:0
[ 2033400ms] [ERROR] [StudioCanvas] Map error: eJ @ https://navi-next.vercel.app/_next/static/chunks/34tyyp27gcaxu.js:0
[ 2033400ms] [ERROR] Access to fetch at 'https://tile.openstreetmap.org/20/880133/489615.png' from origin 'https://navi-next.vercel.app' has been blocked by CORS policy: No 'Access-Control-Allow-Origin' header is present on the requested resource. @ https://navi-next.vercel.app/studio/map-1782480639497-sb96j/edit:0
[ 2033400ms] [ERROR] Failed to load resource: net::ERR_FAILED @ https://tile.openstreetmap.org/20/880133/489615.png:0
[ 2033401ms] [ERROR] [StudioCanvas] Map error: eJ @ https://navi-next.vercel.app/_next/static/chunks/34tyyp27gcaxu.js:0
[ 2033401ms] [ERROR] Access to fetch at 'https://tile.openstreetmap.org/20/880137/489617.png' from origin 'https://navi-next.vercel.app' has been blocked by CORS policy: No 'Access-Control-Allow-Origin' header is present on the requested resource. @ https://navi-next.vercel.app/studio/map-1782480639497-sb96j/edit:0
[ 2033401ms] [ERROR] Failed to load resource: net::ERR_FAILED @ https://tile.openstreetmap.org/20/880137/489617.png:0
[ 2033401ms] [ERROR] [StudioCanvas] Map error: eJ @ https://navi-next.vercel.app/_next/static/chunks/34tyyp27gcaxu.js:0
[ 2033402ms] [ERROR] Access to fetch at 'https://tile.openstreetmap.org/20/880134/489615.png' from origin 'https://navi-next.vercel.app' has been blocked by CORS policy: No 'Access-Control-Allow-Origin' header is present on the requested resource. @ https://navi-next.vercel.app/studio/map-1782480639497-sb96j/edit:0
[ 2033402ms] [ERROR] Failed to load resource: net::ERR_FAILED @ https://tile.openstreetmap.org/20/880134/489615.png:0
[ 2033402ms] [ERROR] [StudioCanvas] Map error: eJ @ https://navi-next.vercel.app/_next/static/chunks/34tyyp27gcaxu.js:0
[ 2033402ms] [ERROR] Access to fetch at 'https://tile.openstreetmap.org/20/880131/489616.png' from origin 'https://navi-next.vercel.app' has been blocked by CORS policy: No 'Access-Control-Allow-Origin' header is present on the requested resource. @ https://navi-next.vercel.app/studio/map-1782480639497-sb96j/edit:0
[ 2033402ms] [ERROR] Failed to load resource: net::ERR_FAILED @ https://tile.openstreetmap.org/20/880131/489616.png:0
[ 2033402ms] [ERROR] [StudioCanvas] Map error: eJ @ https://navi-next.vercel.app/_next/static/chunks/34tyyp27gcaxu.js:0
[ 2035396ms] [ERROR] Access to fetch at 'https://tile.openstreetmap.org/20/880139/489614.png' from origin 'https://navi-next.vercel.app' has been blocked by CORS policy: No 'Access-Control-Allow-Origin' header is present on the requested resource. @ https://navi-next.vercel.app/studio/map-1782480639497-sb96j/edit:0
[ 2035396ms] [ERROR] Failed to load resource: net::ERR_FAILED @ https://tile.openstreetmap.org/20/880139/489614.png:0
[ 2035396ms] [ERROR] [StudioCanvas] Map error: eJ @ https://navi-next.vercel.app/_next/static/chunks/34tyyp27gcaxu.js:0
[ 2035400ms] [ERROR] Access to fetch at 'https://tile.openstreetmap.org/20/880140/489614.png' from origin 'https://navi-next.vercel.app' has been blocked by CORS policy: No 'Access-Control-Allow-Origin' header is present on the requested resource. @ https://navi-next.vercel.app/studio/map-1782480639497-sb96j/edit:0
[ 2035400ms] [ERROR] Failed to load resource: net::ERR_FAILED @ https://tile.openstreetmap.org/20/880140/489614.png:0
[ 2035400ms] [ERROR] [StudioCanvas] Map error: eJ @ https://navi-next.vercel.app/_next/static/chunks/34tyyp27gcaxu.js:0
[ 2035400ms] [ERROR] Access to fetch at 'https://tile.openstreetmap.org/20/880138/489614.png' from origin 'https://navi-next.vercel.app' has been blocked by CORS policy: No 'Access-Control-Allow-Origin' header is present on the requested resource. @ https://navi-next.vercel.app/studio/map-1782480639497-sb96j/edit:0
[ 2035400ms] [ERROR] Failed to load resource: net::ERR_FAILED @ https://tile.openstreetmap.org/20/880138/489614.png:0
[ 2035401ms] [ERROR] [StudioCanvas] Map error: eJ @ https://navi-next.vercel.app/_next/static/chunks/34tyyp27gcaxu.js:0
[ 2035401ms] [ERROR] Access to fetch at 'https://tile.openstreetmap.org/20/880137/489614.png' from origin 'https://navi-next.vercel.app' has been blocked by CORS policy: No 'Access-Control-Allow-Origin' header is present on the requested resource. @ https://navi-next.vercel.app/studio/map-1782480639497-sb96j/edit:0
[ 2035401ms] [ERROR] Failed to load resource: net::ERR_FAILED @ https://tile.openstreetmap.org/20/880137/489614.png:0
[ 2035401ms] [ERROR] [StudioCanvas] Map error: eJ @ https://navi-next.vercel.app/_next/static/chunks/34tyyp27gcaxu.js:0
[ 2035401ms] [ERROR] Access to fetch at 'https://tile.openstreetmap.org/20/880136/489614.png' from origin 'https://navi-next.vercel.app' has been blocked by CORS policy: No 'Access-Control-Allow-Origin' header is present on the requested resource. @ https://navi-next.vercel.app/studio/map-1782480639497-sb96j/edit:0
[ 2035402ms] [ERROR] Failed to load resource: net::ERR_FAILED @ https://tile.openstreetmap.org/20/880136/489614.png:0
[ 2035402ms] [ERROR] [StudioCanvas] Map error: eJ @ https://navi-next.vercel.app/_next/static/chunks/34tyyp27gcaxu.js:0
[ 2035402ms] [ERROR] Access to fetch at 'https://tile.openstreetmap.org/20/880138/489613.png' from origin 'https://navi-next.vercel.app' has been blocked by CORS policy: No 'Access-Control-Allow-Origin' header is present on the requested resource. @ https://navi-next.vercel.app/studio/map-1782480639497-sb96j/edit:0
[ 2035402ms] [ERROR] Failed to load resource: net::ERR_FAILED @ https://tile.openstreetmap.org/20/880138/489613.png:0
[ 2035402ms] [ERROR] [StudioCanvas] Map error: eJ @ https://navi-next.vercel.app/_next/static/chunks/34tyyp27gcaxu.js:0
[ 2035402ms] [ERROR] Access to fetch at 'https://tile.openstreetmap.org/20/880135/489614.png' from origin 'https://navi-next.vercel.app' has been blocked by CORS policy: No 'Access-Control-Allow-Origin' header is present on the requested resource. @ https://navi-next.vercel.app/studio/map-1782480639497-sb96j/edit:0
[ 2035403ms] [ERROR] Failed to load resource: net::ERR_FAILED @ https://tile.openstreetmap.org/20/880135/489614.png:0
[ 2035403ms] [ERROR] [StudioCanvas] Map error: eJ @ https://navi-next.vercel.app/_next/static/chunks/34tyyp27gcaxu.js:0
[ 2035403ms] [ERROR] Access to fetch at 'https://tile.openstreetmap.org/20/880137/489613.png' from origin 'https://navi-next.vercel.app' has been blocked by CORS policy: No 'Access-Control-Allow-Origin' header is present on the requested resource. @ https://navi-next.vercel.app/studio/map-1782480639497-sb96j/edit:0
[ 2035403ms] [ERROR] Failed to load resource: net::ERR_FAILED @ https://tile.openstreetmap.org/20/880137/489613.png:0
[ 2035403ms] [ERROR] [StudioCanvas] Map error: eJ @ https://navi-next.vercel.app/_next/static/chunks/34tyyp27gcaxu.js:0
[ 2035404ms] [ERROR] Access to fetch at 'https://tile.openstreetmap.org/20/880139/489613.png' from origin 'https://navi-next.vercel.app' has been blocked by CORS policy: No 'Access-Control-Allow-Origin' header is present on the requested resource. @ https://navi-next.vercel.app/studio/map-1782480639497-sb96j/edit:0
[ 2035404ms] [ERROR] Failed to load resource: net::ERR_FAILED @ https://tile.openstreetmap.org/20/880139/489613.png:0
[ 2035404ms] [ERROR] [StudioCanvas] Map error: eJ @ https://navi-next.vercel.app/_next/static/chunks/34tyyp27gcaxu.js:0
[ 2035404ms] [ERROR] Access to fetch at 'https://tile.openstreetmap.org/20/880139/489612.png' from origin 'https://navi-next.vercel.app' has been blocked by CORS policy: No 'Access-Control-Allow-Origin' header is present on the requested resource. @ https://navi-next.vercel.app/studio/map-1782480639497-sb96j/edit:0
[ 2035404ms] [ERROR] Failed to load resource: net::ERR_FAILED @ https://tile.openstreetmap.org/20/880139/489612.png:0
[ 2035404ms] [ERROR] [StudioCanvas] Map error: eJ @ https://navi-next.vercel.app/_next/static/chunks/34tyyp27gcaxu.js:0
[ 2035405ms] [ERROR] Access to fetch at 'https://tile.openstreetmap.org/20/880134/489614.png' from origin 'https://navi-next.vercel.app' has been blocked by CORS policy: No 'Access-Control-Allow-Origin' header is present on the requested resource. @ https://navi-next.vercel.app/studio/map-1782480639497-sb96j/edit:0
[ 2035405ms] [ERROR] Failed to load resource: net::ERR_FAILED @ https://tile.openstreetmap.org/20/880134/489614.png:0
[ 2035405ms] [ERROR] [StudioCanvas] Map error: eJ @ https://navi-next.vercel.app/_next/static/chunks/34tyyp27gcaxu.js:0
[ 2035405ms] [ERROR] Access to fetch at 'https://tile.openstreetmap.org/20/880136/489613.png' from origin 'https://navi-next.vercel.app' has been blocked by CORS policy: No 'Access-Control-Allow-Origin' header is present on the requested resource. @ https://navi-next.vercel.app/studio/map-1782480639497-sb96j/edit:0
[ 2035405ms] [ERROR] Failed to load resource: net::ERR_FAILED @ https://tile.openstreetmap.org/20/880136/489613.png:0
[ 2035406ms] [ERROR] [StudioCanvas] Map error: eJ @ https://navi-next.vercel.app/_next/static/chunks/34tyyp27gcaxu.js:0
[ 2035406ms] [ERROR] Access to fetch at 'https://tile.openstreetmap.org/20/880138/489612.png' from origin 'https://navi-next.vercel.app' has been blocked by CORS policy: No 'Access-Control-Allow-Origin' header is present on the requested resource. @ https://navi-next.vercel.app/studio/map-1782480639497-sb96j/edit:0
[ 2035406ms] [ERROR] Failed to load resource: net::ERR_FAILED @ https://tile.openstreetmap.org/20/880138/489612.png:0
[ 2035406ms] [ERROR] [StudioCanvas] Map error: eJ @ https://navi-next.vercel.app/_next/static/chunks/34tyyp27gcaxu.js:0
[ 2035406ms] [ERROR] Access to fetch at 'https://tile.openstreetmap.org/20/880137/489612.png' from origin 'https://navi-next.vercel.app' has been blocked by CORS policy: No 'Access-Control-Allow-Origin' header is present on the requested resource. @ https://navi-next.vercel.app/studio/map-1782480639497-sb96j/edit:0
[ 2035406ms] [ERROR] Failed to load resource: net::ERR_FAILED @ https://tile.openstreetmap.org/20/880137/489612.png:0
[ 2035406ms] [ERROR] [StudioCanvas] Map error: eJ @ https://navi-next.vercel.app/_next/static/chunks/34tyyp27gcaxu.js:0
[ 2035407ms] [ERROR] Access to fetch at 'https://tile.openstreetmap.org/20/880135/489613.png' from origin 'https://navi-next.vercel.app' has been blocked by CORS policy: No 'Access-Control-Allow-Origin' header is present on the requested resource. @ https://navi-next.vercel.app/studio/map-1782480639497-sb96j/edit:0
[ 2035407ms] [ERROR] Failed to load resource: net::ERR_FAILED @ https://tile.openstreetmap.org/20/880135/489613.png:0
[ 2035407ms] [ERROR] [StudioCanvas] Map error: eJ @ https://navi-next.vercel.app/_next/static/chunks/34tyyp27gcaxu.js:0
[ 2035407ms] [ERROR] Access to fetch at 'https://tile.openstreetmap.org/20/880132/489615.png' from origin 'https://navi-next.vercel.app' has been blocked by CORS policy: No 'Access-Control-Allow-Origin' header is present on the requested resource. @ https://navi-next.vercel.app/studio/map-1782480639497-sb96j/edit:0
[ 2035407ms] [ERROR] Failed to load resource: net::ERR_FAILED @ https://tile.openstreetmap.org/20/880132/489615.png:0
[ 2035408ms] [ERROR] [StudioCanvas] Map error: eJ @ https://navi-next.vercel.app/_next/static/chunks/34tyyp27gcaxu.js:0
[ 2037390ms] [ERROR] Access to fetch at 'https://tile.openstreetmap.org/20/880136/489612.png' from origin 'https://navi-next.vercel.app' has been blocked by CORS policy: No 'Access-Control-Allow-Origin' header is present on the requested resource. @ https://navi-next.vercel.app/studio/map-1782480639497-sb96j/edit:0
[ 2037391ms] [ERROR] Failed to load resource: net::ERR_FAILED @ https://tile.openstreetmap.org/20/880136/489612.png:0
[ 2037391ms] [ERROR] [StudioCanvas] Map error: eJ @ https://navi-next.vercel.app/_next/static/chunks/34tyyp27gcaxu.js:0
[ 2037395ms] [ERROR] Access to fetch at 'https://tile.openstreetmap.org/20/880137/489611.png' from origin 'https://navi-next.vercel.app' has been blocked by CORS policy: No 'Access-Control-Allow-Origin' header is present on the requested resource. @ https://navi-next.vercel.app/studio/map-1782480639497-sb96j/edit:0
[ 2037395ms] [ERROR] Failed to load resource: net::ERR_FAILED @ https://tile.openstreetmap.org/20/880137/489611.png:0
[ 2037395ms] [ERROR] [StudioCanvas] Map error: eJ @ https://navi-next.vercel.app/_next/static/chunks/34tyyp27gcaxu.js:0
[ 2037395ms] [ERROR] Access to fetch at 'https://tile.openstreetmap.org/20/880133/489614.png' from origin 'https://navi-next.vercel.app' has been blocked by CORS policy: No 'Access-Control-Allow-Origin' header is present on the requested resource. @ https://navi-next.vercel.app/studio/map-1782480639497-sb96j/edit:0
[ 2037395ms] [ERROR] Failed to load resource: net::ERR_FAILED @ https://tile.openstreetmap.org/20/880133/489614.png:0
[ 2037396ms] [ERROR] [StudioCanvas] Map error: eJ @ https://navi-next.vercel.app/_next/static/chunks/34tyyp27gcaxu.js:0
[ 2037396ms] [ERROR] Access to fetch at 'https://tile.openstreetmap.org/20/880134/489613.png' from origin 'https://navi-next.vercel.app' has been blocked by CORS policy: No 'Access-Control-Allow-Origin' header is present on the requested resource. @ https://navi-next.vercel.app/studio/map-1782480639497-sb96j/edit:0
[ 2037396ms] [ERROR] Failed to load resource: net::ERR_FAILED @ https://tile.openstreetmap.org/20/880134/489613.png:0
[ 2037396ms] [ERROR] [StudioCanvas] Map error: eJ @ https://navi-next.vercel.app/_next/static/chunks/34tyyp27gcaxu.js:0
[ 2037396ms] [ERROR] Access to fetch at 'https://tile.openstreetmap.org/20/880136/489611.png' from origin 'https://navi-next.vercel.app' has been blocked by CORS policy: No 'Access-Control-Allow-Origin' header is present on the requested resource. @ https://navi-next.vercel.app/studio/map-1782480639497-sb96j/edit:0
[ 2037396ms] [ERROR] Failed to load resource: net::ERR_FAILED @ https://tile.openstreetmap.org/20/880136/489611.png:0
[ 2037397ms] [ERROR] [StudioCanvas] Map error: eJ @ https://navi-next.vercel.app/_next/static/chunks/34tyyp27gcaxu.js:0
[ 2037397ms] [ERROR] Access to fetch at 'https://tile.openstreetmap.org/20/880135/489611.png' from origin 'https://navi-next.vercel.app' has been blocked by CORS policy: No 'Access-Control-Allow-Origin' header is present on the requested resource. @ https://navi-next.vercel.app/studio/map-1782480639497-sb96j/edit:0
[ 2037397ms] [ERROR] Failed to load resource: net::ERR_FAILED @ https://tile.openstreetmap.org/20/880135/489611.png:0
[ 2037397ms] [ERROR] [StudioCanvas] Map error: eJ @ https://navi-next.vercel.app/_next/static/chunks/34tyyp27gcaxu.js:0
[ 2037398ms] [ERROR] Access to fetch at 'https://tile.openstreetmap.org/20/880133/489613.png' from origin 'https://navi-next.vercel.app' has been blocked by CORS policy: No 'Access-Control-Allow-Origin' header is present on the requested resource. @ https://navi-next.vercel.app/studio/map-1782480639497-sb96j/edit:0
[ 2037398ms] [ERROR] Failed to load resource: net::ERR_FAILED @ https://tile.openstreetmap.org/20/880133/489613.png:0
[ 2037398ms] [ERROR] [StudioCanvas] Map error: eJ @ https://navi-next.vercel.app/_next/static/chunks/34tyyp27gcaxu.js:0
[ 2037398ms] [ERROR] Access to fetch at 'https://tile.openstreetmap.org/20/880135/489612.png' from origin 'https://navi-next.vercel.app' has been blocked by CORS policy: No 'Access-Control-Allow-Origin' header is present on the requested resource. @ https://navi-next.vercel.app/studio/map-1782480639497-sb96j/edit:0
[ 2037398ms] [ERROR] Failed to load resource: net::ERR_FAILED @ https://tile.openstreetmap.org/20/880135/489612.png:0
[ 2037399ms] [ERROR] [StudioCanvas] Map error: eJ @ https://navi-next.vercel.app/_next/static/chunks/34tyyp27gcaxu.js:0
[ 2037399ms] [ERROR] Access to fetch at 'https://tile.openstreetmap.org/20/880134/489612.png' from origin 'https://navi-next.vercel.app' has been blocked by CORS policy: No 'Access-Control-Allow-Origin' header is present on the requested resource. @ https://navi-next.vercel.app/studio/map-1782480639497-sb96j/edit:0
[ 2037399ms] [ERROR] Failed to load resource: net::ERR_FAILED @ https://tile.openstreetmap.org/20/880134/489612.png:0
[ 2037399ms] [ERROR] [StudioCanvas] Map error: eJ @ https://navi-next.vercel.app/_next/static/chunks/34tyyp27gcaxu.js:0
[ 2037399ms] [ERROR] Access to fetch at 'https://tile.openstreetmap.org/20/880135/489610.png' from origin 'https://navi-next.vercel.app' has been blocked by CORS policy: No 'Access-Control-Allow-Origin' header is present on the requested resource. @ https://navi-next.vercel.app/studio/map-1782480639497-sb96j/edit:0
[ 2037399ms] [ERROR] Failed to load resource: net::ERR_FAILED @ https://tile.openstreetmap.org/20/880135/489610.png:0
[ 2037400ms] [ERROR] [StudioCanvas] Map error: eJ @ https://navi-next.vercel.app/_next/static/chunks/34tyyp27gcaxu.js:0
[ 2037400ms] [ERROR] Access to fetch at 'https://tile.openstreetmap.org/20/880132/489614.png' from origin 'https://navi-next.vercel.app' has been blocked by CORS policy: No 'Access-Control-Allow-Origin' header is present on the requested resource. @ https://navi-next.vercel.app/studio/map-1782480639497-sb96j/edit:0
[ 2037400ms] [ERROR] Failed to load resource: net::ERR_FAILED @ https://tile.openstreetmap.org/20/880132/489614.png:0
[ 2037400ms] [ERROR] [StudioCanvas] Map error: eJ @ https://navi-next.vercel.app/_next/static/chunks/34tyyp27gcaxu.js:0
[ 2037400ms] [ERROR] Access to fetch at 'https://tile.openstreetmap.org/20/880134/489611.png' from origin 'https://navi-next.vercel.app' has been blocked by CORS policy: No 'Access-Control-Allow-Origin' header is present on the requested resource. @ https://navi-next.vercel.app/studio/map-1782480639497-sb96j/edit:0
[ 2037400ms] [ERROR] Failed to load resource: net::ERR_FAILED @ https://tile.openstreetmap.org/20/880134/489611.png:0
[ 2037401ms] [ERROR] [StudioCanvas] Map error: eJ @ https://navi-next.vercel.app/_next/static/chunks/34tyyp27gcaxu.js:0
[ 2037401ms] [ERROR] Access to fetch at 'https://tile.openstreetmap.org/20/880134/489610.png' from origin 'https://navi-next.vercel.app' has been blocked by CORS policy: No 'Access-Control-Allow-Origin' header is present on the requested resource. @ https://navi-next.vercel.app/studio/map-1782480639497-sb96j/edit:0
[ 2037401ms] [ERROR] Failed to load resource: net::ERR_FAILED @ https://tile.openstreetmap.org/20/880134/489610.png:0
[ 2037401ms] [ERROR] [StudioCanvas] Map error: eJ @ https://navi-next.vercel.app/_next/static/chunks/34tyyp27gcaxu.js:0
[ 2037401ms] [ERROR] Access to fetch at 'https://tile.openstreetmap.org/20/880133/489611.png' from origin 'https://navi-next.vercel.app' has been blocked by CORS policy: No 'Access-Control-Allow-Origin' header is present on the requested resource. @ https://navi-next.vercel.app/studio/map-1782480639497-sb96j/edit:0
[ 2037401ms] [ERROR] Failed to load resource: net::ERR_FAILED @ https://tile.openstreetmap.org/20/880133/489611.png:0
[ 2037402ms] [ERROR] [StudioCanvas] Map error: eJ @ https://navi-next.vercel.app/_next/static/chunks/34tyyp27gcaxu.js:0
[ 2037402ms] [ERROR] Access to fetch at 'https://tile.openstreetmap.org/20/880131/489615.png' from origin 'https://navi-next.vercel.app' has been blocked by CORS policy: No 'Access-Control-Allow-Origin' header is present on the requested resource. @ https://navi-next.vercel.app/studio/map-1782480639497-sb96j/edit:0
[ 2037402ms] [ERROR] Failed to load resource: net::ERR_FAILED @ https://tile.openstreetmap.org/20/880131/489615.png:0
[ 2037402ms] [ERROR] [StudioCanvas] Map error: eJ @ https://navi-next.vercel.app/_next/static/chunks/34tyyp27gcaxu.js:0
[ 2037403ms] [ERROR] Access to fetch at 'https://tile.openstreetmap.org/20/880133/489612.png' from origin 'https://navi-next.vercel.app' has been blocked by CORS policy: No 'Access-Control-Allow-Origin' header is present on the requested resource. @ https://navi-next.vercel.app/studio/map-1782480639497-sb96j/edit:0
[ 2037403ms] [ERROR] Failed to load resource: net::ERR_FAILED @ https://tile.openstreetmap.org/20/880133/489612.png:0
[ 2037403ms] [ERROR] [StudioCanvas] Map error: eJ @ https://navi-next.vercel.app/_next/static/chunks/34tyyp27gcaxu.js:0
[ 2039396ms] [ERROR] Access to fetch at 'https://tile.openstreetmap.org/20/880132/489613.png' from origin 'https://navi-next.vercel.app' has been blocked by CORS policy: No 'Access-Control-Allow-Origin' header is present on the requested resource. @ https://navi-next.vercel.app/studio/map-1782480639497-sb96j/edit:0
[ 2039396ms] [ERROR] Failed to load resource: net::ERR_FAILED @ https://tile.openstreetmap.org/20/880132/489613.png:0
[ 2039397ms] [ERROR] [StudioCanvas] Map error: eJ @ https://navi-next.vercel.app/_next/static/chunks/34tyyp27gcaxu.js:0
[ 2039399ms] [ERROR] Access to fetch at 'https://tile.openstreetmap.org/20/880133/489610.png' from origin 'https://navi-next.vercel.app' has been blocked by CORS policy: No 'Access-Control-Allow-Origin' header is present on the requested resource. @ https://navi-next.vercel.app/studio/map-1782480639497-sb96j/edit:0
[ 2039400ms] [ERROR] Failed to load resource: net::ERR_FAILED @ https://tile.openstreetmap.org/20/880133/489610.png:0
[ 2039400ms] [ERROR] [StudioCanvas] Map error: eJ @ https://navi-next.vercel.app/_next/static/chunks/34tyyp27gcaxu.js:0
[ 2039400ms] [ERROR] Access to fetch at 'https://tile.openstreetmap.org/20/880140/489613.png' from origin 'https://navi-next.vercel.app' has been blocked by CORS policy: No 'Access-Control-Allow-Origin' header is present on the requested resource. @ https://navi-next.vercel.app/studio/map-1782480639497-sb96j/edit:0
[ 2039400ms] [ERROR] Failed to load resource: net::ERR_FAILED @ https://tile.openstreetmap.org/20/880140/489613.png:0
[ 2039401ms] [ERROR] [StudioCanvas] Map error: eJ @ https://navi-next.vercel.app/_next/static/chunks/34tyyp27gcaxu.js:0
[ 2039401ms] [ERROR] Access to fetch at 'https://tile.openstreetmap.org/20/880132/489612.png' from origin 'https://navi-next.vercel.app' has been blocked by CORS policy: No 'Access-Control-Allow-Origin' header is present on the requested resource. @ https://navi-next.vercel.app/studio/map-1782480639497-sb96j/edit:0
[ 2039401ms] [ERROR] Failed to load resource: net::ERR_FAILED @ https://tile.openstreetmap.org/20/880132/489612.png:0
[ 2039401ms] [ERROR] [StudioCanvas] Map error: eJ @ https://navi-next.vercel.app/_next/static/chunks/34tyyp27gcaxu.js:0
[ 2039401ms] [ERROR] Access to fetch at 'https://tile.openstreetmap.org/20/880132/489611.png' from origin 'https://navi-next.vercel.app' has been blocked by CORS policy: No 'Access-Control-Allow-Origin' header is present on the requested resource. @ https://navi-next.vercel.app/studio/map-1782480639497-sb96j/edit:0
[ 2039402ms] [ERROR] Failed to load resource: net::ERR_FAILED @ https://tile.openstreetmap.org/20/880132/489611.png:0
[ 2039402ms] [ERROR] [StudioCanvas] Map error: eJ @ https://navi-next.vercel.app/_next/static/chunks/34tyyp27gcaxu.js:0
[ 2039402ms] [ERROR] Access to fetch at 'https://tile.openstreetmap.org/20/880132/489610.png' from origin 'https://navi-next.vercel.app' has been blocked by CORS policy: No 'Access-Control-Allow-Origin' header is present on the requested resource. @ https://navi-next.vercel.app/studio/map-1782480639497-sb96j/edit:0
[ 2039402ms] [ERROR] Failed to load resource: net::ERR_FAILED @ https://tile.openstreetmap.org/20/880132/489610.png:0
[ 2039402ms] [ERROR] [StudioCanvas] Map error: eJ @ https://navi-next.vercel.app/_next/static/chunks/34tyyp27gcaxu.js:0
[ 2039403ms] [ERROR] Access to fetch at 'https://tile.openstreetmap.org/20/880134/489621.png' from origin 'https://navi-next.vercel.app' has been blocked by CORS policy: No 'Access-Control-Allow-Origin' header is present on the requested resource. @ https://navi-next.vercel.app/studio/map-1782480639497-sb96j/edit:0
[ 2039403ms] [ERROR] Failed to load resource: net::ERR_FAILED @ https://tile.openstreetmap.org/20/880134/489621.png:0
[ 2039403ms] [ERROR] [StudioCanvas] Map error: eJ @ https://navi-next.vercel.app/_next/static/chunks/34tyyp27gcaxu.js:0
[ 2039403ms] [ERROR] Access to fetch at 'https://tile.openstreetmap.org/20/880131/489613.png' from origin 'https://navi-next.vercel.app' has been blocked by CORS policy: No 'Access-Control-Allow-Origin' header is present on the requested resource. @ https://navi-next.vercel.app/studio/map-1782480639497-sb96j/edit:0
[ 2039403ms] [ERROR] Failed to load resource: net::ERR_FAILED @ https://tile.openstreetmap.org/20/880131/489613.png:0
[ 2039404ms] [ERROR] [StudioCanvas] Map error: eJ @ https://navi-next.vercel.app/_next/static/chunks/34tyyp27gcaxu.js:0
[ 2039404ms] [ERROR] Access to fetch at 'https://tile.openstreetmap.org/20/880132/489609.png' from origin 'https://navi-next.vercel.app' has been blocked by CORS policy: No 'Access-Control-Allow-Origin' header is present on the requested resource. @ https://navi-next.vercel.app/studio/map-1782480639497-sb96j/edit:0
[ 2039404ms] [ERROR] Failed to load resource: net::ERR_FAILED @ https://tile.openstreetmap.org/20/880132/489609.png:0
[ 2039404ms] [ERROR] [StudioCanvas] Map error: eJ @ https://navi-next.vercel.app/_next/static/chunks/34tyyp27gcaxu.js:0
[ 2039404ms] [ERROR] Access to fetch at 'https://tile.openstreetmap.org/20/880131/489614.png' from origin 'https://navi-next.vercel.app' has been blocked by CORS policy: No 'Access-Control-Allow-Origin' header is present on the requested resource. @ https://navi-next.vercel.app/studio/map-1782480639497-sb96j/edit:0
[ 2039404ms] [ERROR] Failed to load resource: net::ERR_FAILED @ https://tile.openstreetmap.org/20/880131/489614.png:0
[ 2039405ms] [ERROR] [StudioCanvas] Map error: eJ @ https://navi-next.vercel.app/_next/static/chunks/34tyyp27gcaxu.js:0
[ 2039405ms] [ERROR] Access to fetch at 'https://tile.openstreetmap.org/20/880131/489612.png' from origin 'https://navi-next.vercel.app' has been blocked by CORS policy: No 'Access-Control-Allow-Origin' header is present on the requested resource. @ https://navi-next.vercel.app/studio/map-1782480639497-sb96j/edit:0
[ 2039405ms] [ERROR] Failed to load resource: net::ERR_FAILED @ https://tile.openstreetmap.org/20/880131/489612.png:0
[ 2039405ms] [ERROR] [StudioCanvas] Map error: eJ @ https://navi-next.vercel.app/_next/static/chunks/34tyyp27gcaxu.js:0
[ 2039405ms] [ERROR] Access to fetch at 'https://tile.openstreetmap.org/20/880131/489620.png' from origin 'https://navi-next.vercel.app' has been blocked by CORS policy: No 'Access-Control-Allow-Origin' header is present on the requested resource. @ https://navi-next.vercel.app/studio/map-1782480639497-sb96j/edit:0
[ 2039405ms] [ERROR] Failed to load resource: net::ERR_FAILED @ https://tile.openstreetmap.org/20/880131/489620.png:0
[ 2039406ms] [ERROR] [StudioCanvas] Map error: eJ @ https://navi-next.vercel.app/_next/static/chunks/34tyyp27gcaxu.js:0
[ 2039406ms] [ERROR] Access to fetch at 'https://tile.openstreetmap.org/20/880131/489611.png' from origin 'https://navi-next.vercel.app' has been blocked by CORS policy: No 'Access-Control-Allow-Origin' header is present on the requested resource. @ https://navi-next.vercel.app/studio/map-1782480639497-sb96j/edit:0
[ 2039406ms] [ERROR] Failed to load resource: net::ERR_FAILED @ https://tile.openstreetmap.org/20/880131/489611.png:0
[ 2039406ms] [ERROR] [StudioCanvas] Map error: eJ @ https://navi-next.vercel.app/_next/static/chunks/34tyyp27gcaxu.js:0
[ 2039406ms] [ERROR] Access to fetch at 'https://tile.openstreetmap.org/20/880131/489610.png' from origin 'https://navi-next.vercel.app' has been blocked by CORS policy: No 'Access-Control-Allow-Origin' header is present on the requested resource. @ https://navi-next.vercel.app/studio/map-1782480639497-sb96j/edit:0
[ 2039406ms] [ERROR] Failed to load resource: net::ERR_FAILED @ https://tile.openstreetmap.org/20/880131/489610.png:0
[ 2039407ms] [ERROR] [StudioCanvas] Map error: eJ @ https://navi-next.vercel.app/_next/static/chunks/34tyyp27gcaxu.js:0
[ 2039407ms] [ERROR] Access to fetch at 'https://tile.openstreetmap.org/20/880141/489613.png' from origin 'https://navi-next.vercel.app' has been blocked by CORS policy: No 'Access-Control-Allow-Origin' header is present on the requested resource. @ https://navi-next.vercel.app/studio/map-1782480639497-sb96j/edit:0
[ 2039407ms] [ERROR] Failed to load resource: net::ERR_FAILED @ https://tile.openstreetmap.org/20/880141/489613.png:0
[ 2039407ms] [ERROR] [StudioCanvas] Map error: eJ @ https://navi-next.vercel.app/_next/static/chunks/34tyyp27gcaxu.js:0
[ 2039407ms] [ERROR] Access to fetch at 'https://tile.openstreetmap.org/20/880131/489609.png' from origin 'https://navi-next.vercel.app' has been blocked by CORS policy: No 'Access-Control-Allow-Origin' header is present on the requested resource. @ https://navi-next.vercel.app/studio/map-1782480639497-sb96j/edit:0
[ 2039407ms] [ERROR] Failed to load resource: net::ERR_FAILED @ https://tile.openstreetmap.org/20/880131/489609.png:0
[ 2039408ms] [ERROR] [StudioCanvas] Map error: eJ @ https://navi-next.vercel.app/_next/static/chunks/34tyyp27gcaxu.js:0
[ 2041394ms] [ERROR] Access to fetch at 'https://tile.openstreetmap.org/20/880130/489612.png' from origin 'https://navi-next.vercel.app' has been blocked by CORS policy: No 'Access-Control-Allow-Origin' header is present on the requested resource. @ https://navi-next.vercel.app/studio/map-1782480639497-sb96j/edit:0
[ 2041394ms] [ERROR] Failed to load resource: net::ERR_FAILED @ https://tile.openstreetmap.org/20/880130/489612.png:0
[ 2041395ms] [ERROR] [StudioCanvas] Map error: eJ @ https://navi-next.vercel.app/_next/static/chunks/34tyyp27gcaxu.js:0
[ 2041398ms] [ERROR] Access to fetch at 'https://tile.openstreetmap.org/20/880130/489611.png' from origin 'https://navi-next.vercel.app' has been blocked by CORS policy: No 'Access-Control-Allow-Origin' header is present on the requested resource. @ https://navi-next.vercel.app/studio/map-1782480639497-sb96j/edit:0
[ 2041398ms] [ERROR] Failed to load resource: net::ERR_FAILED @ https://tile.openstreetmap.org/20/880130/489611.png:0
[ 2041398ms] [ERROR] [StudioCanvas] Map error: eJ @ https://navi-next.vercel.app/_next/static/chunks/34tyyp27gcaxu.js:0
[ 2041399ms] [ERROR] Access to fetch at 'https://tile.openstreetmap.org/20/880130/489610.png' from origin 'https://navi-next.vercel.app' has been blocked by CORS policy: No 'Access-Control-Allow-Origin' header is present on the requested resource. @ https://navi-next.vercel.app/studio/map-1782480639497-sb96j/edit:0
[ 2041399ms] [ERROR] Failed to load resource: net::ERR_FAILED @ https://tile.openstreetmap.org/20/880130/489610.png:0
[ 2041399ms] [ERROR] [StudioCanvas] Map error: eJ @ https://navi-next.vercel.app/_next/static/chunks/34tyyp27gcaxu.js:0
[ 2041399ms] [ERROR] Access to fetch at 'https://tile.openstreetmap.org/20/880130/489609.png' from origin 'https://navi-next.vercel.app' has been blocked by CORS policy: No 'Access-Control-Allow-Origin' header is present on the requested resource. @ https://navi-next.vercel.app/studio/map-1782480639497-sb96j/edit:0
[ 2041399ms] [ERROR] Failed to load resource: net::ERR_FAILED @ https://tile.openstreetmap.org/20/880130/489609.png:0
[ 2041400ms] [ERROR] [StudioCanvas] Map error: eJ @ https://navi-next.vercel.app/_next/static/chunks/34tyyp27gcaxu.js:0
[ 2041400ms] [ERROR] Access to fetch at 'https://tile.openstreetmap.org/20/880130/489615.png' from origin 'https://navi-next.vercel.app' has been blocked by CORS policy: No 'Access-Control-Allow-Origin' header is present on the requested resource. @ https://navi-next.vercel.app/studio/map-1782480639497-sb96j/edit:0
[ 2041400ms] [ERROR] Failed to load resource: net::ERR_FAILED @ https://tile.openstreetmap.org/20/880130/489615.png:0
[ 2041401ms] [ERROR] [StudioCanvas] Map error: eJ @ https://navi-next.vercel.app/_next/static/chunks/34tyyp27gcaxu.js:0
[ 2041401ms] [ERROR] Access to fetch at 'https://tile.openstreetmap.org/20/880130/489617.png' from origin 'https://navi-next.vercel.app' has been blocked by CORS policy: No 'Access-Control-Allow-Origin' header is present on the requested resource. @ https://navi-next.vercel.app/studio/map-1782480639497-sb96j/edit:0
[ 2041401ms] [ERROR] Failed to load resource: net::ERR_FAILED @ https://tile.openstreetmap.org/20/880130/489617.png:0
[ 2041401ms] [ERROR] [StudioCanvas] Map error: eJ @ https://navi-next.vercel.app/_next/static/chunks/34tyyp27gcaxu.js:0
[ 2041402ms] [ERROR] Access to fetch at 'https://tile.openstreetmap.org/20/880141/489612.png' from origin 'https://navi-next.vercel.app' has been blocked by CORS policy: No 'Access-Control-Allow-Origin' header is present on the requested resource. @ https://navi-next.vercel.app/studio/map-1782480639497-sb96j/edit:0
[ 2041402ms] [ERROR] Failed to load resource: net::ERR_FAILED @ https://tile.openstreetmap.org/20/880141/489612.png:0
[ 2041402ms] [ERROR] [StudioCanvas] Map error: eJ @ https://navi-next.vercel.app/_next/static/chunks/34tyyp27gcaxu.js:0
[ 2041402ms] [ERROR] Access to fetch at 'https://tile.openstreetmap.org/20/880129/489609.png' from origin 'https://navi-next.vercel.app' has been blocked by CORS policy: No 'Access-Control-Allow-Origin' header is present on the requested resource. @ https://navi-next.vercel.app/studio/map-1782480639497-sb96j/edit:0
[ 2041402ms] [ERROR] Failed to load resource: net::ERR_FAILED @ https://tile.openstreetmap.org/20/880129/489609.png:0
[ 2041402ms] [ERROR] [StudioCanvas] Map error: eJ @ https://navi-next.vercel.app/_next/static/chunks/34tyyp27gcaxu.js:0
[ 2041402ms] [ERROR] Access to fetch at 'https://tile.openstreetmap.org/20/880142/489612.png' from origin 'https://navi-next.vercel.app' has been blocked by CORS policy: No 'Access-Control-Allow-Origin' header is present on the requested resource. @ https://navi-next.vercel.app/studio/map-1782480639497-sb96j/edit:0
[ 2041403ms] [ERROR] Failed to load resource: net::ERR_FAILED @ https://tile.openstreetmap.org/20/880142/489612.png:0
[ 2041403ms] [ERROR] [StudioCanvas] Map error: eJ @ https://navi-next.vercel.app/_next/static/chunks/34tyyp27gcaxu.js:0
[ 2041403ms] [ERROR] Access to fetch at 'https://tile.openstreetmap.org/20/880130/489616.png' from origin 'https://navi-next.vercel.app' has been blocked by CORS policy: No 'Access-Control-Allow-Origin' header is present on the requested resource. @ https://navi-next.vercel.app/studio/map-1782480639497-sb96j/edit:0
[ 2041403ms] [ERROR] Failed to load resource: net::ERR_FAILED @ https://tile.openstreetmap.org/20/880130/489616.png:0
[ 2041403ms] [ERROR] [StudioCanvas] Map error: eJ @ https://navi-next.vercel.app/_next/static/chunks/34tyyp27gcaxu.js:0
[ 2041404ms] [ERROR] Access to fetch at 'https://tile.openstreetmap.org/20/880129/489610.png' from origin 'https://navi-next.vercel.app' has been blocked by CORS policy: No 'Access-Control-Allow-Origin' header is present on the requested resource. @ https://navi-next.vercel.app/studio/map-1782480639497-sb96j/edit:0
[ 2041404ms] [ERROR] Failed to load resource: net::ERR_FAILED @ https://tile.openstreetmap.org/20/880129/489610.png:0
[ 2041404ms] [ERROR] [StudioCanvas] Map error: eJ @ https://navi-next.vercel.app/_next/static/chunks/34tyyp27gcaxu.js:0
[ 2041404ms] [ERROR] Access to fetch at 'https://tile.openstreetmap.org/20/880138/489611.png' from origin 'https://navi-next.vercel.app' has been blocked by CORS policy: No 'Access-Control-Allow-Origin' header is present on the requested resource. @ https://navi-next.vercel.app/studio/map-1782480639497-sb96j/edit:0
[ 2041404ms] [ERROR] Failed to load resource: net::ERR_FAILED @ https://tile.openstreetmap.org/20/880138/489611.png:0
[ 2041404ms] [ERROR] [StudioCanvas] Map error: eJ @ https://navi-next.vercel.app/_next/static/chunks/34tyyp27gcaxu.js:0
[ 2041405ms] [ERROR] Access to fetch at 'https://tile.openstreetmap.org/20/880140/489612.png' from origin 'https://navi-next.vercel.app' has been blocked by CORS policy: No 'Access-Control-Allow-Origin' header is present on the requested resource. @ https://navi-next.vercel.app/studio/map-1782480639497-sb96j/edit:0
[ 2041405ms] [ERROR] Failed to load resource: net::ERR_FAILED @ https://tile.openstreetmap.org/20/880140/489612.png:0
[ 2041405ms] [ERROR] [StudioCanvas] Map error: eJ @ https://navi-next.vercel.app/_next/static/chunks/34tyyp27gcaxu.js:0
[ 2041405ms] [ERROR] Access to fetch at 'https://tile.openstreetmap.org/20/880130/489614.png' from origin 'https://navi-next.vercel.app' has been blocked by CORS policy: No 'Access-Control-Allow-Origin' header is present on the requested resource. @ https://navi-next.vercel.app/studio/map-1782480639497-sb96j/edit:0
[ 2041405ms] [ERROR] Failed to load resource: net::ERR_FAILED @ https://tile.openstreetmap.org/20/880130/489614.png:0
[ 2041406ms] [ERROR] [StudioCanvas] Map error: eJ @ https://navi-next.vercel.app/_next/static/chunks/34tyyp27gcaxu.js:0
[ 2041406ms] [ERROR] Access to fetch at 'https://tile.openstreetmap.org/20/880130/489613.png' from origin 'https://navi-next.vercel.app' has been blocked by CORS policy: No 'Access-Control-Allow-Origin' header is present on the requested resource. @ https://navi-next.vercel.app/studio/map-1782480639497-sb96j/edit:0
[ 2041406ms] [ERROR] Failed to load resource: net::ERR_FAILED @ https://tile.openstreetmap.org/20/880130/489613.png:0
[ 2041406ms] [ERROR] [StudioCanvas] Map error: eJ @ https://navi-next.vercel.app/_next/static/chunks/34tyyp27gcaxu.js:0
[ 2041406ms] [ERROR] Access to fetch at 'https://tile.openstreetmap.org/20/880130/489618.png' from origin 'https://navi-next.vercel.app' has been blocked by CORS policy: No 'Access-Control-Allow-Origin' header is present on the requested resource. @ https://navi-next.vercel.app/studio/map-1782480639497-sb96j/edit:0
[ 2041406ms] [ERROR] Failed to load resource: net::ERR_FAILED @ https://tile.openstreetmap.org/20/880130/489618.png:0
[ 2041407ms] [ERROR] [StudioCanvas] Map error: eJ @ https://navi-next.vercel.app/_next/static/chunks/34tyyp27gcaxu.js:0
[ 2043396ms] [ERROR] Access to fetch at 'https://tile.openstreetmap.org/20/880129/489612.png' from origin 'https://navi-next.vercel.app' has been blocked by CORS policy: No 'Access-Control-Allow-Origin' header is present on the requested resource. @ https://navi-next.vercel.app/studio/map-1782480639497-sb96j/edit:0
[ 2043396ms] [ERROR] Failed to load resource: net::ERR_FAILED @ https://tile.openstreetmap.org/20/880129/489612.png:0
[ 2043396ms] [ERROR] [StudioCanvas] Map error: eJ @ https://navi-next.vercel.app/_next/static/chunks/34tyyp27gcaxu.js:0
[ 2043400ms] [ERROR] Access to fetch at 'https://tile.openstreetmap.org/20/880129/489611.png' from origin 'https://navi-next.vercel.app' has been blocked by CORS policy: No 'Access-Control-Allow-Origin' header is present on the requested resource. @ https://navi-next.vercel.app/studio/map-1782480639497-sb96j/edit:0
[ 2043400ms] [ERROR] Failed to load resource: net::ERR_FAILED @ https://tile.openstreetmap.org/20/880129/489611.png:0
[ 2043400ms] [ERROR] [StudioCanvas] Map error: eJ @ https://navi-next.vercel.app/_next/static/chunks/34tyyp27gcaxu.js:0
[ 2043400ms] [ERROR] Access to fetch at 'https://tile.openstreetmap.org/20/880139/489611.png' from origin 'https://navi-next.vercel.app' has been blocked by CORS policy: No 'Access-Control-Allow-Origin' header is present on the requested resource. @ https://navi-next.vercel.app/studio/map-1782480639497-sb96j/edit:0
[ 2043401ms] [ERROR] Failed to load resource: net::ERR_FAILED @ https://tile.openstreetmap.org/20/880139/489611.png:0
[ 2043401ms] [ERROR] [StudioCanvas] Map error: eJ @ https://navi-next.vercel.app/_next/static/chunks/34tyyp27gcaxu.js:0
[ 2043401ms] [ERROR] Access to fetch at 'https://tile.openstreetmap.org/20/880139/489616.png' from origin 'https://navi-next.vercel.app' has been blocked by CORS policy: No 'Access-Control-Allow-Origin' header is present on the requested resource. @ https://navi-next.vercel.app/studio/map-1782480639497-sb96j/edit:0
[ 2043401ms] [ERROR] Failed to load resource: net::ERR_FAILED @ https://tile.openstreetmap.org/20/880139/489616.png:0
[ 2043401ms] [ERROR] [StudioCanvas] Map error: eJ @ https://navi-next.vercel.app/_next/static/chunks/34tyyp27gcaxu.js:0
[ 2043402ms] [ERROR] Access to fetch at 'https://tile.openstreetmap.org/20/880133/489609.png' from origin 'https://navi-next.vercel.app' has been blocked by CORS policy: No 'Access-Control-Allow-Origin' header is present on the requested resource. @ https://navi-next.vercel.app/studio/map-1782480639497-sb96j/edit:0
[ 2043402ms] [ERROR] Failed to load resource: net::ERR_FAILED @ https://tile.openstreetmap.org/20/880133/489609.png:0
[ 2043402ms] [ERROR] [StudioCanvas] Map error: eJ @ https://navi-next.vercel.app/_next/static/chunks/34tyyp27gcaxu.js:0
[ 2043402ms] [ERROR] Access to fetch at 'https://tile.openstreetmap.org/20/880140/489611.png' from origin 'https://navi-next.vercel.app' has been blocked by CORS policy: No 'Access-Control-Allow-Origin' header is present on the requested resource. @ https://navi-next.vercel.app/studio/map-1782480639497-sb96j/edit:0
[ 2043402ms] [ERROR] Failed to load resource: net::ERR_FAILED @ https://tile.openstreetmap.org/20/880140/489611.png:0
[ 2043402ms] [ERROR] [StudioCanvas] Map error: eJ @ https://navi-next.vercel.app/_next/static/chunks/34tyyp27gcaxu.js:0
[ 2043403ms] [ERROR] Access to fetch at 'https://tile.openstreetmap.org/20/880129/489608.png' from origin 'https://navi-next.vercel.app' has been blocked by CORS policy: No 'Access-Control-Allow-Origin' header is present on the requested resource. @ https://navi-next.vercel.app/studio/map-1782480639497-sb96j/edit:0
[ 2043403ms] [ERROR] Failed to load resource: net::ERR_FAILED @ https://tile.openstreetmap.org/20/880129/489608.png:0
[ 2043403ms] [ERROR] [StudioCanvas] Map error: eJ @ https://navi-next.vercel.app/_next/static/chunks/34tyyp27gcaxu.js:0
[ 2043403ms] [ERROR] Access to fetch at 'https://tile.openstreetmap.org/20/880129/489613.png' from origin 'https://navi-next.vercel.app' has been blocked by CORS policy: No 'Access-Control-Allow-Origin' header is present on the requested resource. @ https://navi-next.vercel.app/studio/map-1782480639497-sb96j/edit:0
[ 2043403ms] [ERROR] Failed to load resource: net::ERR_FAILED @ https://tile.openstreetmap.org/20/880129/489613.png:0
[ 2043403ms] [ERROR] [StudioCanvas] Map error: eJ @ https://navi-next.vercel.app/_next/static/chunks/34tyyp27gcaxu.js:0
[ 2043404ms] [ERROR] Access to fetch at 'https://tile.openstreetmap.org/20/880130/489608.png' from origin 'https://navi-next.vercel.app' has been blocked by CORS policy: No 'Access-Control-Allow-Origin' header is present on the requested resource. @ https://navi-next.vercel.app/studio/map-1782480639497-sb96j/edit:0
[ 2043404ms] [ERROR] Failed to load resource: net::ERR_FAILED @ https://tile.openstreetmap.org/20/880130/489608.png:0
[ 2043404ms] [ERROR] [StudioCanvas] Map error: eJ @ https://navi-next.vercel.app/_next/static/chunks/34tyyp27gcaxu.js:0
[ 2043404ms] [ERROR] Access to fetch at 'https://tile.openstreetmap.org/20/880130/489619.png' from origin 'https://navi-next.vercel.app' has been blocked by CORS policy: No 'Access-Control-Allow-Origin' header is present on the requested resource. @ https://navi-next.vercel.app/studio/map-1782480639497-sb96j/edit:0
[ 2043404ms] [ERROR] Failed to load resource: net::ERR_FAILED @ https://tile.openstreetmap.org/20/880130/489619.png:0
[ 2043404ms] [ERROR] [StudioCanvas] Map error: eJ @ https://navi-next.vercel.app/_next/static/chunks/34tyyp27gcaxu.js:0
[ 2043405ms] [ERROR] Access to fetch at 'https://tile.openstreetmap.org/20/880140/489615.png' from origin 'https://navi-next.vercel.app' has been blocked by CORS policy: No 'Access-Control-Allow-Origin' header is present on the requested resource. @ https://navi-next.vercel.app/studio/map-1782480639497-sb96j/edit:0
[ 2043405ms] [ERROR] Failed to load resource: net::ERR_FAILED @ https://tile.openstreetmap.org/20/880140/489615.png:0
[ 2043405ms] [ERROR] [StudioCanvas] Map error: eJ @ https://navi-next.vercel.app/_next/static/chunks/34tyyp27gcaxu.js:0
[ 2043405ms] [ERROR] Access to fetch at 'https://tile.openstreetmap.org/20/880134/489609.png' from origin 'https://navi-next.vercel.app' has been blocked by CORS policy: No 'Access-Control-Allow-Origin' header is present on the requested resource. @ https://navi-next.vercel.app/studio/map-1782480639497-sb96j/edit:0
[ 2043405ms] [ERROR] Failed to load resource: net::ERR_FAILED @ https://tile.openstreetmap.org/20/880134/489609.png:0
[ 2043406ms] [ERROR] [StudioCanvas] Map error: eJ @ https://navi-next.vercel.app/_next/static/chunks/34tyyp27gcaxu.js:0
[ 2043406ms] [ERROR] Access to fetch at 'https://tile.openstreetmap.org/20/880133/489621.png' from origin 'https://navi-next.vercel.app' has been blocked by CORS policy: No 'Access-Control-Allow-Origin' header is present on the requested resource. @ https://navi-next.vercel.app/studio/map-1782480639497-sb96j/edit:0
[ 2043406ms] [ERROR] Failed to load resource: net::ERR_FAILED @ https://tile.openstreetmap.org/20/880133/489621.png:0
[ 2043406ms] [ERROR] [StudioCanvas] Map error: eJ @ https://navi-next.vercel.app/_next/static/chunks/34tyyp27gcaxu.js:0
[ 2043406ms] [ERROR] Access to fetch at 'https://tile.openstreetmap.org/20/880136/489610.png' from origin 'https://navi-next.vercel.app' has been blocked by CORS policy: No 'Access-Control-Allow-Origin' header is present on the requested resource. @ https://navi-next.vercel.app/studio/map-1782480639497-sb96j/edit:0
[ 2043406ms] [ERROR] Failed to load resource: net::ERR_FAILED @ https://tile.openstreetmap.org/20/880136/489610.png:0
[ 2043407ms] [ERROR] [StudioCanvas] Map error: eJ @ https://navi-next.vercel.app/_next/static/chunks/34tyyp27gcaxu.js:0
[ 2043407ms] [ERROR] Access to fetch at 'https://tile.openstreetmap.org/20/880137/489610.png' from origin 'https://navi-next.vercel.app' has been blocked by CORS policy: No 'Access-Control-Allow-Origin' header is present on the requested resource. @ https://navi-next.vercel.app/studio/map-1782480639497-sb96j/edit:0
[ 2043407ms] [ERROR] Failed to load resource: net::ERR_FAILED @ https://tile.openstreetmap.org/20/880137/489610.png:0
[ 2043407ms] [ERROR] [StudioCanvas] Map error: eJ @ https://navi-next.vercel.app/_next/static/chunks/34tyyp27gcaxu.js:0
[ 2043407ms] [ERROR] Access to fetch at 'https://tile.openstreetmap.org/20/880141/489611.png' from origin 'https://navi-next.vercel.app' has been blocked by CORS policy: No 'Access-Control-Allow-Origin' header is present on the requested resource. @ https://navi-next.vercel.app/studio/map-1782480639497-sb96j/edit:0
[ 2043407ms] [ERROR] Failed to load resource: net::ERR_FAILED @ https://tile.openstreetmap.org/20/880141/489611.png:0
[ 2043408ms] [ERROR] [StudioCanvas] Map error: eJ @ https://navi-next.vercel.app/_next/static/chunks/34tyyp27gcaxu.js:0
[ 2045396ms] [ERROR] Access to fetch at 'https://tile.openstreetmap.org/20/880138/489610.png' from origin 'https://navi-next.vercel.app' has been blocked by CORS policy: No 'Access-Control-Allow-Origin' header is present on the requested resource. @ https://navi-next.vercel.app/studio/map-1782480639497-sb96j/edit:0
[ 2045396ms] [ERROR] Failed to load resource: net::ERR_FAILED @ https://tile.openstreetmap.org/20/880138/489610.png:0
[ 2045397ms] [ERROR] [StudioCanvas] Map error: eJ @ https://navi-next.vercel.app/_next/static/chunks/34tyyp27gcaxu.js:0
[ 2045400ms] [ERROR] Access to fetch at 'https://tile.openstreetmap.org/20/880131/489608.png' from origin 'https://navi-next.vercel.app' has been blocked by CORS policy: No 'Access-Control-Allow-Origin' header is present on the requested resource. @ https://navi-next.vercel.app/studio/map-1782480639497-sb96j/edit:0
[ 2045400ms] [ERROR] Failed to load resource: net::ERR_FAILED @ https://tile.openstreetmap.org/20/880131/489608.png:0
[ 2045401ms] [ERROR] [StudioCanvas] Map error: eJ @ https://navi-next.vercel.app/_next/static/chunks/34tyyp27gcaxu.js:0
[ 2045401ms] [ERROR] Access to fetch at 'https://tile.openstreetmap.org/20/880135/489609.png' from origin 'https://navi-next.vercel.app' has been blocked by CORS policy: No 'Access-Control-Allow-Origin' header is present on the requested resource. @ https://navi-next.vercel.app/studio/map-1782480639497-sb96j/edit:0
[ 2045401ms] [ERROR] Failed to load resource: net::ERR_FAILED @ https://tile.openstreetmap.org/20/880135/489609.png:0
[ 2045402ms] [ERROR] [StudioCanvas] Map error: eJ @ https://navi-next.vercel.app/_next/static/chunks/34tyyp27gcaxu.js:0
[ 2045402ms] [ERROR] Access to fetch at 'https://tile.openstreetmap.org/20/880142/489611.png' from origin 'https://navi-next.vercel.app' has been blocked by CORS policy: No 'Access-Control-Allow-Origin' header is present on the requested resource. @ https://navi-next.vercel.app/studio/map-1782480639497-sb96j/edit:0
[ 2045402ms] [ERROR] Failed to load resource: net::ERR_FAILED @ https://tile.openstreetmap.org/20/880142/489611.png:0
[ 2045402ms] [ERROR] [StudioCanvas] Map error: eJ @ https://navi-next.vercel.app/_next/static/chunks/34tyyp27gcaxu.js:0
[ 2045402ms] [ERROR] Access to fetch at 'https://tile.openstreetmap.org/20/880129/489614.png' from origin 'https://navi-next.vercel.app' has been blocked by CORS policy: No 'Access-Control-Allow-Origin' header is present on the requested resource. @ https://navi-next.vercel.app/studio/map-1782480639497-sb96j/edit:0
[ 2045402ms] [ERROR] Failed to load resource: net::ERR_FAILED @ https://tile.openstreetmap.org/20/880129/489614.png:0
[ 2045403ms] [ERROR] [StudioCanvas] Map error: eJ @ https://navi-next.vercel.app/_next/static/chunks/34tyyp27gcaxu.js:0
[ 2045403ms] [ERROR] Access to fetch at 'https://tile.openstreetmap.org/20/880141/489614.png' from origin 'https://navi-next.vercel.app' has been blocked by CORS policy: No 'Access-Control-Allow-Origin' header is present on the requested resource. @ https://navi-next.vercel.app/studio/map-1782480639497-sb96j/edit:0
[ 2045403ms] [ERROR] Failed to load resource: net::ERR_FAILED @ https://tile.openstreetmap.org/20/880141/489614.png:0
[ 2045403ms] [ERROR] [StudioCanvas] Map error: eJ @ https://navi-next.vercel.app/_next/static/chunks/34tyyp27gcaxu.js:0
[ 2045403ms] [ERROR] Access to fetch at 'https://tile.openstreetmap.org/20/880132/489608.png' from origin 'https://navi-next.vercel.app' has been blocked by CORS policy: No 'Access-Control-Allow-Origin' header is present on the requested resource. @ https://navi-next.vercel.app/studio/map-1782480639497-sb96j/edit:0
[ 2045403ms] [ERROR] Failed to load resource: net::ERR_FAILED @ https://tile.openstreetmap.org/20/880132/489608.png:0
[ 2045404ms] [ERROR] [StudioCanvas] Map error: eJ @ https://navi-next.vercel.app/_next/static/chunks/34tyyp27gcaxu.js:0
[ 2045404ms] [ERROR] Access to fetch at 'https://tile.openstreetmap.org/20/880130/489620.png' from origin 'https://navi-next.vercel.app' has been blocked by CORS policy: No 'Access-Control-Allow-Origin' header is present on the requested resource. @ https://navi-next.vercel.app/studio/map-1782480639497-sb96j/edit:0
[ 2045404ms] [ERROR] Failed to load resource: net::ERR_FAILED @ https://tile.openstreetmap.org/20/880130/489620.png:0
[ 2045404ms] [ERROR] [StudioCanvas] Map error: eJ @ https://navi-next.vercel.app/_next/static/chunks/34tyyp27gcaxu.js:0
[ 2045404ms] [ERROR] Access to fetch at 'https://tile.openstreetmap.org/20/880139/489610.png' from origin 'https://navi-next.vercel.app' has been blocked by CORS policy: No 'Access-Control-Allow-Origin' header is present on the requested resource. @ https://navi-next.vercel.app/studio/map-1782480639497-sb96j/edit:0
[ 2045404ms] [ERROR] Failed to load resource: net::ERR_FAILED @ https://tile.openstreetmap.org/20/880139/489610.png:0
[ 2045405ms] [ERROR] [StudioCanvas] Map error: eJ @ https://navi-next.vercel.app/_next/static/chunks/34tyyp27gcaxu.js:0
[ 2045405ms] [ERROR] Access to fetch at 'https://tile.openstreetmap.org/20/880128/489608.png' from origin 'https://navi-next.vercel.app' has been blocked by CORS policy: No 'Access-Control-Allow-Origin' header is present on the requested resource. @ https://navi-next.vercel.app/studio/map-1782480639497-sb96j/edit:0
[ 2045405ms] [ERROR] Failed to load resource: net::ERR_FAILED @ https://tile.openstreetmap.org/20/880128/489608.png:0
[ 2045405ms] [ERROR] [StudioCanvas] Map error: eJ @ https://navi-next.vercel.app/_next/static/chunks/34tyyp27gcaxu.js:0
[ 2045405ms] [ERROR] Access to fetch at 'https://tile.openstreetmap.org/20/880128/489607.png' from origin 'https://navi-next.vercel.app' has been blocked by CORS policy: No 'Access-Control-Allow-Origin' header is present on the requested resource. @ https://navi-next.vercel.app/studio/map-1782480639497-sb96j/edit:0
[ 2045405ms] [ERROR] Failed to load resource: net::ERR_FAILED @ https://tile.openstreetmap.org/20/880128/489607.png:0
[ 2045406ms] [ERROR] [StudioCanvas] Map error: eJ @ https://navi-next.vercel.app/_next/static/chunks/34tyyp27gcaxu.js:0
[ 2045406ms] [ERROR] Access to fetch at 'https://tile.openstreetmap.org/20/880135/489621.png' from origin 'https://navi-next.vercel.app' has been blocked by CORS policy: No 'Access-Control-Allow-Origin' header is present on the requested resource. @ https://navi-next.vercel.app/studio/map-1782480639497-sb96j/edit:0
[ 2045406ms] [ERROR] Failed to load resource: net::ERR_FAILED @ https://tile.openstreetmap.org/20/880135/489621.png:0
[ 2045406ms] [ERROR] [StudioCanvas] Map error: eJ @ https://navi-next.vercel.app/_next/static/chunks/34tyyp27gcaxu.js:0
[ 2045407ms] [ERROR] Access to fetch at 'https://tile.openstreetmap.org/20/880129/489607.png' from origin 'https://navi-next.vercel.app' has been blocked by CORS policy: No 'Access-Control-Allow-Origin' header is present on the requested resource. @ https://navi-next.vercel.app/studio/map-1782480639497-sb96j/edit:0
[ 2045407ms] [ERROR] Failed to load resource: net::ERR_FAILED @ https://tile.openstreetmap.org/20/880129/489607.png:0
[ 2045407ms] [ERROR] [StudioCanvas] Map error: eJ @ https://navi-next.vercel.app/_next/static/chunks/34tyyp27gcaxu.js:0
[ 2045407ms] [ERROR] Access to fetch at 'https://tile.openstreetmap.org/20/880143/489611.png' from origin 'https://navi-next.vercel.app' has been blocked by CORS policy: No 'Access-Control-Allow-Origin' header is present on the requested resource. @ https://navi-next.vercel.app/studio/map-1782480639497-sb96j/edit:0
[ 2045407ms] [ERROR] Failed to load resource: net::ERR_FAILED @ https://tile.openstreetmap.org/20/880143/489611.png:0
[ 2045407ms] [ERROR] [StudioCanvas] Map error: eJ @ https://navi-next.vercel.app/_next/static/chunks/34tyyp27gcaxu.js:0
[ 2045408ms] [ERROR] Access to fetch at 'https://tile.openstreetmap.org/20/880133/489608.png' from origin 'https://navi-next.vercel.app' has been blocked by CORS policy: No 'Access-Control-Allow-Origin' header is present on the requested resource. @ https://navi-next.vercel.app/studio/map-1782480639497-sb96j/edit:0
[ 2045408ms] [ERROR] Failed to load resource: net::ERR_FAILED @ https://tile.openstreetmap.org/20/880133/489608.png:0
[ 2045408ms] [ERROR] [StudioCanvas] Map error: eJ @ https://navi-next.vercel.app/_next/static/chunks/34tyyp27gcaxu.js:0
[ 2045408ms] [ERROR] Access to fetch at 'https://tile.openstreetmap.org/20/880136/489609.png' from origin 'https://navi-next.vercel.app' has been blocked by CORS policy: No 'Access-Control-Allow-Origin' header is present on the requested resource. @ https://navi-next.vercel.app/studio/map-1782480639497-sb96j/edit:0
[ 2045408ms] [ERROR] Failed to load resource: net::ERR_FAILED @ https://tile.openstreetmap.org/20/880136/489609.png:0
[ 2045409ms] [ERROR] [StudioCanvas] Map error: eJ @ https://navi-next.vercel.app/_next/static/chunks/34tyyp27gcaxu.js:0
[ 2047397ms] [ERROR] Access to fetch at 'https://tile.openstreetmap.org/20/880142/489613.png' from origin 'https://navi-next.vercel.app' has been blocked by CORS policy: No 'Access-Control-Allow-Origin' header is present on the requested resource. @ https://navi-next.vercel.app/studio/map-1782480639497-sb96j/edit:0
[ 2047397ms] [ERROR] Failed to load resource: net::ERR_FAILED @ https://tile.openstreetmap.org/20/880142/489613.png:0
[ 2047398ms] [ERROR] [StudioCanvas] Map error: eJ @ https://navi-next.vercel.app/_next/static/chunks/34tyyp27gcaxu.js:0
[ 2047401ms] [ERROR] Access to fetch at 'https://tile.openstreetmap.org/20/880140/489610.png' from origin 'https://navi-next.vercel.app' has been blocked by CORS policy: No 'Access-Control-Allow-Origin' header is present on the requested resource. @ https://navi-next.vercel.app/studio/map-1782480639497-sb96j/edit:0
[ 2047401ms] [ERROR] Failed to load resource: net::ERR_FAILED @ https://tile.openstreetmap.org/20/880140/489610.png:0
[ 2047402ms] [ERROR] [StudioCanvas] Map error: eJ @ https://navi-next.vercel.app/_next/static/chunks/34tyyp27gcaxu.js:0
[ 2047402ms] [ERROR] Access to fetch at 'https://tile.openstreetmap.org/20/880129/489615.png' from origin 'https://navi-next.vercel.app' has been blocked by CORS policy: No 'Access-Control-Allow-Origin' header is present on the requested resource. @ https://navi-next.vercel.app/studio/map-1782480639497-sb96j/edit:0
[ 2047402ms] [ERROR] Failed to load resource: net::ERR_FAILED @ https://tile.openstreetmap.org/20/880129/489615.png:0
[ 2047402ms] [ERROR] [StudioCanvas] Map error: eJ @ https://navi-next.vercel.app/_next/static/chunks/34tyyp27gcaxu.js:0
[ 2047402ms] [ERROR] Access to fetch at 'https://tile.openstreetmap.org/20/880137/489609.png' from origin 'https://navi-next.vercel.app' has been blocked by CORS policy: No 'Access-Control-Allow-Origin' header is present on the requested resource. @ https://navi-next.vercel.app/studio/map-1782480639497-sb96j/edit:0
[ 2047402ms] [ERROR] Failed to load resource: net::ERR_FAILED @ https://tile.openstreetmap.org/20/880137/489609.png:0
[ 2047403ms] [ERROR] [StudioCanvas] Map error: eJ @ https://navi-next.vercel.app/_next/static/chunks/34tyyp27gcaxu.js:0
[ 2047403ms] [ERROR] Access to fetch at 'https://tile.openstreetmap.org/20/880136/489620.png' from origin 'https://navi-next.vercel.app' has been blocked by CORS policy: No 'Access-Control-Allow-Origin' header is present on the requested resource. @ https://navi-next.vercel.app/studio/map-1782480639497-sb96j/edit:0
[ 2047403ms] [ERROR] Failed to load resource: net::ERR_FAILED @ https://tile.openstreetmap.org/20/880136/489620.png:0
[ 2047403ms] [ERROR] [StudioCanvas] Map error: eJ @ https://navi-next.vercel.app/_next/static/chunks/34tyyp27gcaxu.js:0
[ 2047404ms] [ERROR] Access to fetch at 'https://tile.openstreetmap.org/20/880134/489608.png' from origin 'https://navi-next.vercel.app' has been blocked by CORS policy: No 'Access-Control-Allow-Origin' header is present on the requested resource. @ https://navi-next.vercel.app/studio/map-1782480639497-sb96j/edit:0
[ 2047404ms] [ERROR] Failed to load resource: net::ERR_FAILED @ https://tile.openstreetmap.org/20/880134/489608.png:0
[ 2047404ms] [ERROR] [StudioCanvas] Map error: eJ @ https://navi-next.vercel.app/_next/static/chunks/34tyyp27gcaxu.js:0
[ 2047404ms] [ERROR] Access to fetch at 'https://tile.openstreetmap.org/20/880128/489609.png' from origin 'https://navi-next.vercel.app' has been blocked by CORS policy: No 'Access-Control-Allow-Origin' header is present on the requested resource. @ https://navi-next.vercel.app/studio/map-1782480639497-sb96j/edit:0
[ 2047404ms] [ERROR] Failed to load resource: net::ERR_FAILED @ https://tile.openstreetmap.org/20/880128/489609.png:0
[ 2047404ms] [ERROR] [StudioCanvas] Map error: eJ @ https://navi-next.vercel.app/_next/static/chunks/34tyyp27gcaxu.js:0
[ 2047405ms] [ERROR] Access to fetch at 'https://tile.openstreetmap.org/20/880130/489607.png' from origin 'https://navi-next.vercel.app' has been blocked by CORS policy: No 'Access-Control-Allow-Origin' header is present on the requested resource. @ https://navi-next.vercel.app/studio/map-1782480639497-sb96j/edit:0
[ 2047405ms] [ERROR] Failed to load resource: net::ERR_FAILED @ https://tile.openstreetmap.org/20/880130/489607.png:0
[ 2047405ms] [ERROR] [StudioCanvas] Map error: eJ @ https://navi-next.vercel.app/_next/static/chunks/34tyyp27gcaxu.js:0
[ 2047405ms] [ERROR] Access to fetch at 'https://tile.openstreetmap.org/20/880141/489610.png' from origin 'https://navi-next.vercel.app' has been blocked by CORS policy: No 'Access-Control-Allow-Origin' header is present on the requested resource. @ https://navi-next.vercel.app/studio/map-1782480639497-sb96j/edit:0
[ 2047405ms] [ERROR] Failed to load resource: net::ERR_FAILED @ https://tile.openstreetmap.org/20/880141/489610.png:0
[ 2047406ms] [ERROR] [StudioCanvas] Map error: eJ @ https://navi-next.vercel.app/_next/static/chunks/34tyyp27gcaxu.js:0
[ 2047406ms] [ERROR] Access to fetch at 'https://tile.openstreetmap.org/20/880132/489621.png' from origin 'https://navi-next.vercel.app' has been blocked by CORS policy: No 'Access-Control-Allow-Origin' header is present on the requested resource. @ https://navi-next.vercel.app/studio/map-1782480639497-sb96j/edit:0
[ 2047406ms] [ERROR] Failed to load resource: net::ERR_FAILED @ https://tile.openstreetmap.org/20/880132/489621.png:0
[ 2047406ms] [ERROR] [StudioCanvas] Map error: eJ @ https://navi-next.vercel.app/_next/static/chunks/34tyyp27gcaxu.js:0
[ 2047406ms] [ERROR] Access to fetch at 'https://tile.openstreetmap.org/20/880138/489609.png' from origin 'https://navi-next.vercel.app' has been blocked by CORS policy: No 'Access-Control-Allow-Origin' header is present on the requested resource. @ https://navi-next.vercel.app/studio/map-1782480639497-sb96j/edit:0
[ 2047406ms] [ERROR] Failed to load resource: net::ERR_FAILED @ https://tile.openstreetmap.org/20/880138/489609.png:0
[ 2047407ms] [ERROR] [StudioCanvas] Map error: eJ @ https://navi-next.vercel.app/_next/static/chunks/34tyyp27gcaxu.js:0
[ 2047407ms] [ERROR] Access to fetch at 'https://tile.openstreetmap.org/20/880143/489612.png' from origin 'https://navi-next.vercel.app' has been blocked by CORS policy: No 'Access-Control-Allow-Origin' header is present on the requested resource. @ https://navi-next.vercel.app/studio/map-1782480639497-sb96j/edit:0
[ 2047407ms] [ERROR] Failed to load resource: net::ERR_FAILED @ https://tile.openstreetmap.org/20/880143/489612.png:0
[ 2047407ms] [ERROR] [StudioCanvas] Map error: eJ @ https://navi-next.vercel.app/_next/static/chunks/34tyyp27gcaxu.js:0
[ 2047407ms] [ERROR] Access to fetch at 'https://tile.openstreetmap.org/20/880129/489616.png' from origin 'https://navi-next.vercel.app' has been blocked by CORS policy: No 'Access-Control-Allow-Origin' header is present on the requested resource. @ https://navi-next.vercel.app/studio/map-1782480639497-sb96j/edit:0
[ 2047408ms] [ERROR] Failed to load resource: net::ERR_FAILED @ https://tile.openstreetmap.org/20/880129/489616.png:0
[ 2047408ms] [ERROR] [StudioCanvas] Map error: eJ @ https://navi-next.vercel.app/_next/static/chunks/34tyyp27gcaxu.js:0
[ 2047408ms] [ERROR] Access to fetch at 'https://tile.openstreetmap.org/20/880128/489610.png' from origin 'https://navi-next.vercel.app' has been blocked by CORS policy: No 'Access-Control-Allow-Origin' header is present on the requested resource. @ https://navi-next.vercel.app/studio/map-1782480639497-sb96j/edit:0
[ 2047408ms] [ERROR] Failed to load resource: net::ERR_FAILED @ https://tile.openstreetmap.org/20/880128/489610.png:0
[ 2047408ms] [ERROR] [StudioCanvas] Map error: eJ @ https://navi-next.vercel.app/_next/static/chunks/34tyyp27gcaxu.js:0
[ 2047409ms] [ERROR] Access to fetch at 'https://tile.openstreetmap.org/20/880135/489608.png' from origin 'https://navi-next.vercel.app' has been blocked by CORS policy: No 'Access-Control-Allow-Origin' header is present on the requested resource. @ https://navi-next.vercel.app/studio/map-1782480639497-sb96j/edit:0
[ 2047409ms] [ERROR] Failed to load resource: net::ERR_FAILED @ https://tile.openstreetmap.org/20/880135/489608.png:0
[ 2047409ms] [ERROR] [StudioCanvas] Map error: eJ @ https://navi-next.vercel.app/_next/static/chunks/34tyyp27gcaxu.js:0
[ 2047409ms] [ERROR] Access to fetch at 'https://tile.openstreetmap.org/20/880131/489607.png' from origin 'https://navi-next.vercel.app' has been blocked by CORS policy: No 'Access-Control-Allow-Origin' header is present on the requested resource. @ https://navi-next.vercel.app/studio/map-1782480639497-sb96j/edit:0
[ 2047409ms] [ERROR] Failed to load resource: net::ERR_FAILED @ https://tile.openstreetmap.org/20/880131/489607.png:0
[ 2047409ms] [ERROR] [StudioCanvas] Map error: eJ @ https://navi-next.vercel.app/_next/static/chunks/34tyyp27gcaxu.js:0
[ 2049403ms] [ERROR] Access to fetch at 'https://tile.openstreetmap.org/20/880142/489610.png' from origin 'https://navi-next.vercel.app' has been blocked by CORS policy: No 'Access-Control-Allow-Origin' header is present on the requested resource. @ https://navi-next.vercel.app/studio/map-1782480639497-sb96j/edit:0
[ 2049403ms] [ERROR] Failed to load resource: net::ERR_FAILED @ https://tile.openstreetmap.org/20/880142/489610.png:0
[ 2049404ms] [ERROR] [StudioCanvas] Map error: eJ @ https://navi-next.vercel.app/_next/static/chunks/34tyyp27gcaxu.js:0
[ 2049407ms] [ERROR] Access to fetch at 'https://tile.openstreetmap.org/20/880137/489619.png' from origin 'https://navi-next.vercel.app' has been blocked by CORS policy: No 'Access-Control-Allow-Origin' header is present on the requested resource. @ https://navi-next.vercel.app/studio/map-1782480639497-sb96j/edit:0
[ 2049407ms] [ERROR] Failed to load resource: net::ERR_FAILED @ https://tile.openstreetmap.org/20/880137/489619.png:0
[ 2049408ms] [ERROR] [StudioCanvas] Map error: eJ @ https://navi-next.vercel.app/_next/static/chunks/34tyyp27gcaxu.js:0
[ 2049408ms] [ERROR] Access to fetch at 'https://tile.openstreetmap.org/20/880128/489606.png' from origin 'https://navi-next.vercel.app' has been blocked by CORS policy: No 'Access-Control-Allow-Origin' header is present on the requested resource. @ https://navi-next.vercel.app/studio/map-1782480639497-sb96j/edit:0
[ 2049408ms] [ERROR] Failed to load resource: net::ERR_FAILED @ https://tile.openstreetmap.org/20/880128/489606.png:0
[ 2049409ms] [ERROR] [StudioCanvas] Map error: eJ @ https://navi-next.vercel.app/_next/static/chunks/34tyyp27gcaxu.js:0
[ 2049409ms] [ERROR] Access to fetch at 'https://tile.openstreetmap.org/20/880139/489609.png' from origin 'https://navi-next.vercel.app' has been blocked by CORS policy: No 'Access-Control-Allow-Origin' header is present on the requested resource. @ https://navi-next.vercel.app/studio/map-1782480639497-sb96j/edit:0
[ 2049409ms] [ERROR] Failed to load resource: net::ERR_FAILED @ https://tile.openstreetmap.org/20/880139/489609.png:0
[ 2049409ms] [ERROR] [StudioCanvas] Map error: eJ @ https://navi-next.vercel.app/_next/static/chunks/34tyyp27gcaxu.js:0
[ 2049409ms] [ERROR] Access to fetch at 'https://tile.openstreetmap.org/20/880132/489607.png' from origin 'https://navi-next.vercel.app' has been blocked by CORS policy: No 'Access-Control-Allow-Origin' header is present on the requested resource. @ https://navi-next.vercel.app/studio/map-1782480639497-sb96j/edit:0
[ 2049409ms] [ERROR] Failed to load resource: net::ERR_FAILED @ https://tile.openstreetmap.org/20/880132/489607.png:0
[ 2049410ms] [ERROR] [StudioCanvas] Map error: eJ @ https://navi-next.vercel.app/_next/static/chunks/34tyyp27gcaxu.js:0
[ 2049410ms] [ERROR] Access to fetch at 'https://tile.openstreetmap.org/20/880129/489606.png' from origin 'https://navi-next.vercel.app' has been blocked by CORS policy: No 'Access-Control-Allow-Origin' header is present on the requested resource. @ https://navi-next.vercel.app/studio/map-1782480639497-sb96j/edit:0
[ 2049410ms] [ERROR] Failed to load resource: net::ERR_FAILED @ https://tile.openstreetmap.org/20/880129/489606.png:0
[ 2049410ms] [ERROR] [StudioCanvas] Map error: eJ @ https://navi-next.vercel.app/_next/static/chunks/34tyyp27gcaxu.js:0
[ 2049410ms] [ERROR] Access to fetch at 'https://tile.openstreetmap.org/20/880143/489610.png' from origin 'https://navi-next.vercel.app' has been blocked by CORS policy: No 'Access-Control-Allow-Origin' header is present on the requested resource. @ https://navi-next.vercel.app/studio/map-1782480639497-sb96j/edit:0
[ 2049410ms] [ERROR] Failed to load resource: net::ERR_FAILED @ https://tile.openstreetmap.org/20/880143/489610.png:0
[ 2049411ms] [ERROR] [StudioCanvas] Map error: eJ @ https://navi-next.vercel.app/_next/static/chunks/34tyyp27gcaxu.js:0
[ 2049411ms] [ERROR] Access to fetch at 'https://tile.openstreetmap.org/20/880140/489609.png' from origin 'https://navi-next.vercel.app' has been blocked by CORS policy: No 'Access-Control-Allow-Origin' header is present on the requested resource. @ https://navi-next.vercel.app/studio/map-1782480639497-sb96j/edit:0
[ 2049411ms] [ERROR] Failed to load resource: net::ERR_FAILED @ https://tile.openstreetmap.org/20/880140/489609.png:0
[ 2049411ms] [ERROR] [StudioCanvas] Map error: eJ @ https://navi-next.vercel.app/_next/static/chunks/34tyyp27gcaxu.js:0
[ 2049411ms] [ERROR] Access to fetch at 'https://tile.openstreetmap.org/20/880144/489611.png' from origin 'https://navi-next.vercel.app' has been blocked by CORS policy: No 'Access-Control-Allow-Origin' header is present on the requested resource. @ https://navi-next.vercel.app/studio/map-1782480639497-sb96j/edit:0
[ 2049412ms] [ERROR] Failed to load resource: net::ERR_FAILED @ https://tile.openstreetmap.org/20/880144/489611.png:0
[ 2049412ms] [ERROR] [StudioCanvas] Map error: eJ @ https://navi-next.vercel.app/_next/static/chunks/34tyyp27gcaxu.js:0
[ 2049412ms] [ERROR] Access to fetch at 'https://tile.openstreetmap.org/20/880138/489618.png' from origin 'https://navi-next.vercel.app' has been blocked by CORS policy: No 'Access-Control-Allow-Origin' header is present on the requested resource. @ https://navi-next.vercel.app/studio/map-1782480639497-sb96j/edit:0
[ 2049412ms] [ERROR] Failed to load resource: net::ERR_FAILED @ https://tile.openstreetmap.org/20/880138/489618.png:0
[ 2049412ms] [ERROR] [StudioCanvas] Map error: eJ @ https://navi-next.vercel.app/_next/static/chunks/34tyyp27gcaxu.js:0
[ 2049413ms] [ERROR] Access to fetch at 'https://tile.openstreetmap.org/20/880128/489611.png' from origin 'https://navi-next.vercel.app' has been blocked by CORS policy: No 'Access-Control-Allow-Origin' header is present on the requested resource. @ https://navi-next.vercel.app/studio/map-1782480639497-sb96j/edit:0
[ 2049413ms] [ERROR] Failed to load resource: net::ERR_FAILED @ https://tile.openstreetmap.org/20/880128/489611.png:0
[ 2049413ms] [ERROR] [StudioCanvas] Map error: eJ @ https://navi-next.vercel.app/_next/static/chunks/34tyyp27gcaxu.js:0
[ 2049413ms] [ERROR] Access to fetch at 'https://tile.openstreetmap.org/20/880133/489607.png' from origin 'https://navi-next.vercel.app' has been blocked by CORS policy: No 'Access-Control-Allow-Origin' header is present on the requested resource. @ https://navi-next.vercel.app/studio/map-1782480639497-sb96j/edit:0
[ 2049413ms] [ERROR] Failed to load resource: net::ERR_FAILED @ https://tile.openstreetmap.org/20/880133/489607.png:0
[ 2049413ms] [ERROR] [StudioCanvas] Map error: eJ @ https://navi-next.vercel.app/_next/static/chunks/34tyyp27gcaxu.js:0
[ 2049414ms] [ERROR] Access to fetch at 'https://tile.openstreetmap.org/20/880144/489610.png' from origin 'https://navi-next.vercel.app' has been blocked by CORS policy: No 'Access-Control-Allow-Origin' header is present on the requested resource. @ https://navi-next.vercel.app/studio/map-1782480639497-sb96j/edit:0
[ 2049414ms] [ERROR] Failed to load resource: net::ERR_FAILED @ https://tile.openstreetmap.org/20/880144/489610.png:0
[ 2049414ms] [ERROR] [StudioCanvas] Map error: eJ @ https://navi-next.vercel.app/_next/static/chunks/34tyyp27gcaxu.js:0
[ 2049414ms] [ERROR] Access to fetch at 'https://tile.openstreetmap.org/20/880136/489608.png' from origin 'https://navi-next.vercel.app' has been blocked by CORS policy: No 'Access-Control-Allow-Origin' header is present on the requested resource. @ https://navi-next.vercel.app/studio/map-1782480639497-sb96j/edit:0
[ 2049414ms] [ERROR] Failed to load resource: net::ERR_FAILED @ https://tile.openstreetmap.org/20/880136/489608.png:0
[ 2049414ms] [ERROR] [StudioCanvas] Map error: eJ @ https://navi-next.vercel.app/_next/static/chunks/34tyyp27gcaxu.js:0
[ 2049415ms] [ERROR] Access to fetch at 'https://tile.openstreetmap.org/20/880129/489617.png' from origin 'https://navi-next.vercel.app' has been blocked by CORS policy: No 'Access-Control-Allow-Origin' header is present on the requested resource. @ https://navi-next.vercel.app/studio/map-1782480639497-sb96j/edit:0
[ 2049415ms] [ERROR] Failed to load resource: net::ERR_FAILED @ https://tile.openstreetmap.org/20/880129/489617.png:0
[ 2049415ms] [ERROR] [StudioCanvas] Map error: eJ @ https://navi-next.vercel.app/_next/static/chunks/34tyyp27gcaxu.js:0
[ 2049415ms] [ERROR] Access to fetch at 'https://tile.openstreetmap.org/20/880137/489608.png' from origin 'https://navi-next.vercel.app' has been blocked by CORS policy: No 'Access-Control-Allow-Origin' header is present on the requested resource. @ https://navi-next.vercel.app/studio/map-1782480639497-sb96j/edit:0
[ 2049415ms] [ERROR] Failed to load resource: net::ERR_FAILED @ https://tile.openstreetmap.org/20/880137/489608.png:0
[ 2049415ms] [ERROR] [StudioCanvas] Map error: eJ @ https://navi-next.vercel.app/_next/static/chunks/34tyyp27gcaxu.js:0
[ 2051402ms] [ERROR] Access to fetch at 'https://tile.openstreetmap.org/20/880130/489606.png' from origin 'https://navi-next.vercel.app' has been blocked by CORS policy: No 'Access-Control-Allow-Origin' header is present on the requested resource. @ https://navi-next.vercel.app/studio/map-1782480639497-sb96j/edit:0
[ 2051402ms] [ERROR] Failed to load resource: net::ERR_FAILED @ https://tile.openstreetmap.org/20/880130/489606.png:0
[ 2051403ms] [ERROR] [StudioCanvas] Map error: eJ @ https://navi-next.vercel.app/_next/static/chunks/34tyyp27gcaxu.js:0
[ 2051406ms] [ERROR] Access to fetch at 'https://tile.openstreetmap.org/20/880134/489607.png' from origin 'https://navi-next.vercel.app' has been blocked by CORS policy: No 'Access-Control-Allow-Origin' header is present on the requested resource. @ https://navi-next.vercel.app/studio/map-1782480639497-sb96j/edit:0
[ 2051406ms] [ERROR] Failed to load resource: net::ERR_FAILED @ https://tile.openstreetmap.org/20/880134/489607.png:0
[ 2051406ms] [ERROR] [StudioCanvas] Map error: eJ @ https://navi-next.vercel.app/_next/static/chunks/34tyyp27gcaxu.js:0
[ 2051407ms] [ERROR] Access to fetch at 'https://tile.openstreetmap.org/20/880141/489609.png' from origin 'https://navi-next.vercel.app' has been blocked by CORS policy: No 'Access-Control-Allow-Origin' header is present on the requested resource. @ https://navi-next.vercel.app/studio/map-1782480639497-sb96j/edit:0
[ 2051407ms] [ERROR] Failed to load resource: net::ERR_FAILED @ https://tile.openstreetmap.org/20/880141/489609.png:0
[ 2051407ms] [ERROR] [StudioCanvas] Map error: eJ @ https://navi-next.vercel.app/_next/static/chunks/34tyyp27gcaxu.js:0
[ 2051407ms] [ERROR] Access to fetch at 'https://tile.openstreetmap.org/20/880131/489621.png' from origin 'https://navi-next.vercel.app' has been blocked by CORS policy: No 'Access-Control-Allow-Origin' header is present on the requested resource. @ https://navi-next.vercel.app/studio/map-1782480639497-sb96j/edit:0
[ 2051407ms] [ERROR] Failed to load resource: net::ERR_FAILED @ https://tile.openstreetmap.org/20/880131/489621.png:0
[ 2051408ms] [ERROR] [StudioCanvas] Map error: eJ @ https://navi-next.vercel.app/_next/static/chunks/34tyyp27gcaxu.js:0
[ 2051408ms] [ERROR] Access to fetch at 'https://tile.openstreetmap.org/20/880139/489617.png' from origin 'https://navi-next.vercel.app' has been blocked by CORS policy: No 'Access-Control-Allow-Origin' header is present on the requested resource. @ https://navi-next.vercel.app/studio/map-1782480639497-sb96j/edit:0
[ 2051408ms] [ERROR] Failed to load resource: net::ERR_FAILED @ https://tile.openstreetmap.org/20/880139/489617.png:0
[ 2051408ms] [ERROR] [StudioCanvas] Map error: eJ @ https://navi-next.vercel.app/_next/static/chunks/34tyyp27gcaxu.js:0
[ 2051408ms] [ERROR] Access to fetch at 'https://tile.openstreetmap.org/20/880131/489606.png' from origin 'https://navi-next.vercel.app' has been blocked by CORS policy: No 'Access-Control-Allow-Origin' header is present on the requested resource. @ https://navi-next.vercel.app/studio/map-1782480639497-sb96j/edit:0
[ 2051409ms] [ERROR] Failed to load resource: net::ERR_FAILED @ https://tile.openstreetmap.org/20/880131/489606.png:0
[ 2051409ms] [ERROR] [StudioCanvas] Map error: eJ @ https://navi-next.vercel.app/_next/static/chunks/34tyyp27gcaxu.js:0
[ 2051409ms] [ERROR] Access to fetch at 'https://tile.openstreetmap.org/20/880127/489605.png' from origin 'https://navi-next.vercel.app' has been blocked by CORS policy: No 'Access-Control-Allow-Origin' header is present on the requested resource. @ https://navi-next.vercel.app/studio/map-1782480639497-sb96j/edit:0
[ 2051409ms] [ERROR] Failed to load resource: net::ERR_FAILED @ https://tile.openstreetmap.org/20/880127/489605.png:0
[ 2051410ms] [ERROR] [StudioCanvas] Map error: eJ @ https://navi-next.vercel.app/_next/static/chunks/34tyyp27gcaxu.js:0
[ 2051410ms] [ERROR] Access to fetch at 'https://tile.openstreetmap.org/20/880129/489618.png' from origin 'https://navi-next.vercel.app' has been blocked by CORS policy: No 'Access-Control-Allow-Origin' header is present on the requested resource. @ https://navi-next.vercel.app/studio/map-1782480639497-sb96j/edit:0
[ 2051410ms] [ERROR] Failed to load resource: net::ERR_FAILED @ https://tile.openstreetmap.org/20/880129/489618.png:0
[ 2051410ms] [ERROR] [StudioCanvas] Map error: eJ @ https://navi-next.vercel.app/_next/static/chunks/34tyyp27gcaxu.js:0
[ 2051410ms] [ERROR] Access to fetch at 'https://tile.openstreetmap.org/20/880128/489612.png' from origin 'https://navi-next.vercel.app' has been blocked by CORS policy: No 'Access-Control-Allow-Origin' header is present on the requested resource. @ https://navi-next.vercel.app/studio/map-1782480639497-sb96j/edit:0
[ 2051410ms] [ERROR] Failed to load resource: net::ERR_FAILED @ https://tile.openstreetmap.org/20/880128/489612.png:0
[ 2051411ms] [ERROR] [StudioCanvas] Map error: eJ @ https://navi-next.vercel.app/_next/static/chunks/34tyyp27gcaxu.js:0
[ 2051411ms] [ERROR] Access to fetch at 'https://tile.openstreetmap.org/20/880127/489606.png' from origin 'https://navi-next.vercel.app' has been blocked by CORS policy: No 'Access-Control-Allow-Origin' header is present on the requested resource. @ https://navi-next.vercel.app/studio/map-1782480639497-sb96j/edit:0
[ 2051411ms] [ERROR] Failed to load resource: net::ERR_FAILED @ https://tile.openstreetmap.org/20/880127/489606.png:0
[ 2051411ms] [ERROR] [StudioCanvas] Map error: eJ @ https://navi-next.vercel.app/_next/static/chunks/34tyyp27gcaxu.js:0
[ 2051412ms] [ERROR] Access to fetch at 'https://tile.openstreetmap.org/20/880135/489607.png' from origin 'https://navi-next.vercel.app' has been blocked by CORS policy: No 'Access-Control-Allow-Origin' header is present on the requested resource. @ https://navi-next.vercel.app/studio/map-1782480639497-sb96j/edit:0
[ 2051412ms] [ERROR] Failed to load resource: net::ERR_FAILED @ https://tile.openstreetmap.org/20/880135/489607.png:0
[ 2051412ms] [ERROR] [StudioCanvas] Map error: eJ @ https://navi-next.vercel.app/_next/static/chunks/34tyyp27gcaxu.js:0
[ 2051412ms] [ERROR] Access to fetch at 'https://tile.openstreetmap.org/20/880128/489605.png' from origin 'https://navi-next.vercel.app' has been blocked by CORS policy: No 'Access-Control-Allow-Origin' header is present on the requested resource. @ https://navi-next.vercel.app/studio/map-1782480639497-sb96j/edit:0
[ 2051412ms] [ERROR] Failed to load resource: net::ERR_FAILED @ https://tile.openstreetmap.org/20/880128/489605.png:0
[ 2051412ms] [ERROR] [StudioCanvas] Map error: eJ @ https://navi-next.vercel.app/_next/static/chunks/34tyyp27gcaxu.js:0
[ 2051412ms] [ERROR] Access to fetch at 'https://tile.openstreetmap.org/20/880139/489608.png' from origin 'https://navi-next.vercel.app' has been blocked by CORS policy: No 'Access-Control-Allow-Origin' header is present on the requested resource. @ https://navi-next.vercel.app/studio/map-1782480639497-sb96j/edit:0
[ 2051413ms] [ERROR] Failed to load resource: net::ERR_FAILED @ https://tile.openstreetmap.org/20/880139/489608.png:0
[ 2051413ms] [ERROR] [StudioCanvas] Map error: eJ @ https://navi-next.vercel.app/_next/static/chunks/34tyyp27gcaxu.js:0
[ 2051413ms] [ERROR] Access to fetch at 'https://tile.openstreetmap.org/20/880142/489609.png' from origin 'https://navi-next.vercel.app' has been blocked by CORS policy: No 'Access-Control-Allow-Origin' header is present on the requested resource. @ https://navi-next.vercel.app/studio/map-1782480639497-sb96j/edit:0
[ 2051413ms] [ERROR] Failed to load resource: net::ERR_FAILED @ https://tile.openstreetmap.org/20/880142/489609.png:0
[ 2051413ms] [ERROR] [StudioCanvas] Map error: eJ @ https://navi-next.vercel.app/_next/static/chunks/34tyyp27gcaxu.js:0
[ 2051413ms] [ERROR] Access to fetch at 'https://tile.openstreetmap.org/20/880138/489608.png' from origin 'https://navi-next.vercel.app' has been blocked by CORS policy: No 'Access-Control-Allow-Origin' header is present on the requested resource. @ https://navi-next.vercel.app/studio/map-1782480639497-sb96j/edit:0
[ 2051413ms] [ERROR] Failed to load resource: net::ERR_FAILED @ https://tile.openstreetmap.org/20/880138/489608.png:0
[ 2051413ms] [ERROR] [StudioCanvas] Map error: eJ @ https://navi-next.vercel.app/_next/static/chunks/34tyyp27gcaxu.js:0
[ 2051413ms] [ERROR] Access to fetch at 'https://tile.openstreetmap.org/20/880132/489606.png' from origin 'https://navi-next.vercel.app' has been blocked by CORS policy: No 'Access-Control-Allow-Origin' header is present on the requested resource. @ https://navi-next.vercel.app/studio/map-1782480639497-sb96j/edit:0
[ 2051413ms] [ERROR] Failed to load resource: net::ERR_FAILED @ https://tile.openstreetmap.org/20/880132/489606.png:0
[ 2051414ms] [ERROR] [StudioCanvas] Map error: eJ @ https://navi-next.vercel.app/_next/static/chunks/34tyyp27gcaxu.js:0
[ 2053399ms] [ERROR] Access to fetch at 'https://tile.openstreetmap.org/20/880136/489607.png' from origin 'https://navi-next.vercel.app' has been blocked by CORS policy: No 'Access-Control-Allow-Origin' header is present on the requested resource. @ https://navi-next.vercel.app/studio/map-1782480639497-sb96j/edit:0
[ 2053399ms] [ERROR] Failed to load resource: net::ERR_FAILED @ https://tile.openstreetmap.org/20/880136/489607.png:0
[ 2053399ms] [ERROR] [StudioCanvas] Map error: eJ @ https://navi-next.vercel.app/_next/static/chunks/34tyyp27gcaxu.js:0
[ 2053401ms] [ERROR] Access to fetch at 'https://tile.openstreetmap.org/20/880140/489616.png' from origin 'https://navi-next.vercel.app' has been blocked by CORS policy: No 'Access-Control-Allow-Origin' header is present on the requested resource. @ https://navi-next.vercel.app/studio/map-1782480639497-sb96j/edit:0
[ 2053401ms] [ERROR] Failed to load resource: net::ERR_FAILED @ https://tile.openstreetmap.org/20/880140/489616.png:0
[ 2053402ms] [ERROR] [StudioCanvas] Map error: eJ @ https://navi-next.vercel.app/_next/static/chunks/34tyyp27gcaxu.js:0
[ 2053402ms] [ERROR] Access to fetch at 'https://tile.openstreetmap.org/20/880143/489609.png' from origin 'https://navi-next.vercel.app' has been blocked by CORS policy: No 'Access-Control-Allow-Origin' header is present on the requested resource. @ https://navi-next.vercel.app/studio/map-1782480639497-sb96j/edit:0
[ 2053402ms] [ERROR] Failed to load resource: net::ERR_FAILED @ https://tile.openstreetmap.org/20/880143/489609.png:0
[ 2053402ms] [ERROR] [StudioCanvas] Map error: eJ @ https://navi-next.vercel.app/_next/static/chunks/34tyyp27gcaxu.js:0
[ 2053402ms] [ERROR] Access to fetch at 'https://tile.openstreetmap.org/20/880134/489622.png' from origin 'https://navi-next.vercel.app' has been blocked by CORS policy: No 'Access-Control-Allow-Origin' header is present on the requested resource. @ https://navi-next.vercel.app/studio/map-1782480639497-sb96j/edit:0
[ 2053402ms] [ERROR] Failed to load resource: net::ERR_FAILED @ https://tile.openstreetmap.org/20/880134/489622.png:0
[ 2053402ms] [ERROR] [StudioCanvas] Map error: eJ @ https://navi-next.vercel.app/_next/static/chunks/34tyyp27gcaxu.js:0
[ 2053402ms] [ERROR] Access to fetch at 'https://tile.openstreetmap.org/20/880129/489605.png' from origin 'https://navi-next.vercel.app' has been blocked by CORS policy: No 'Access-Control-Allow-Origin' header is present on the requested resource. @ https://navi-next.vercel.app/studio/map-1782480639497-sb96j/edit:0
[ 2053402ms] [ERROR] Failed to load resource: net::ERR_FAILED @ https://tile.openstreetmap.org/20/880129/489605.png:0
[ 2053403ms] [ERROR] [StudioCanvas] Map error: eJ @ https://navi-next.vercel.app/_next/static/chunks/34tyyp27gcaxu.js:0
[ 2053403ms] [ERROR] Access to fetch at 'https://tile.openstreetmap.org/20/880127/489607.png' from origin 'https://navi-next.vercel.app' has been blocked by CORS policy: No 'Access-Control-Allow-Origin' header is present on the requested resource. @ https://navi-next.vercel.app/studio/map-1782480639497-sb96j/edit:0
[ 2053403ms] [ERROR] Failed to load resource: net::ERR_FAILED @ https://tile.openstreetmap.org/20/880127/489607.png:0
[ 2053403ms] [ERROR] [StudioCanvas] Map error: eJ @ https://navi-next.vercel.app/_next/static/chunks/34tyyp27gcaxu.js:0
[ 2053403ms] [ERROR] Access to fetch at 'https://tile.openstreetmap.org/20/880140/489608.png' from origin 'https://navi-next.vercel.app' has been blocked by CORS policy: No 'Access-Control-Allow-Origin' header is present on the requested resource. @ https://navi-next.vercel.app/studio/map-1782480639497-sb96j/edit:0
[ 2053403ms] [ERROR] Failed to load resource: net::ERR_FAILED @ https://tile.openstreetmap.org/20/880140/489608.png:0
[ 2053403ms] [ERROR] [StudioCanvas] Map error: eJ @ https://navi-next.vercel.app/_next/static/chunks/34tyyp27gcaxu.js:0
[ 2053403ms] [ERROR] Access to fetch at 'https://tile.openstreetmap.org/20/880128/489613.png' from origin 'https://navi-next.vercel.app' has been blocked by CORS policy: No 'Access-Control-Allow-Origin' header is present on the requested resource. @ https://navi-next.vercel.app/studio/map-1782480639497-sb96j/edit:0
[ 2053403ms] [ERROR] Failed to load resource: net::ERR_FAILED @ https://tile.openstreetmap.org/20/880128/489613.png:0
[ 2053403ms] [ERROR] [StudioCanvas] Map error: eJ @ https://navi-next.vercel.app/_next/static/chunks/34tyyp27gcaxu.js:0
[ 2053404ms] [ERROR] Access to fetch at 'https://tile.openstreetmap.org/20/880145/489610.png' from origin 'https://navi-next.vercel.app' has been blocked by CORS policy: No 'Access-Control-Allow-Origin' header is present on the requested resource. @ https://navi-next.vercel.app/studio/map-1782480639497-sb96j/edit:0
[ 2053404ms] [ERROR] Failed to load resource: net::ERR_FAILED @ https://tile.openstreetmap.org/20/880145/489610.png:0
[ 2053404ms] [ERROR] [StudioCanvas] Map error: eJ @ https://navi-next.vercel.app/_next/static/chunks/34tyyp27gcaxu.js:0
[ 2053404ms] [ERROR] Access to fetch at 'https://tile.openstreetmap.org/20/880129/489619.png' from origin 'https://navi-next.vercel.app' has been blocked by CORS policy: No 'Access-Control-Allow-Origin' header is present on the requested resource. @ https://navi-next.vercel.app/studio/map-1782480639497-sb96j/edit:0
[ 2053404ms] [ERROR] Failed to load resource: net::ERR_FAILED @ https://tile.openstreetmap.org/20/880129/489619.png:0
[ 2053404ms] [ERROR] [StudioCanvas] Map error: eJ @ https://navi-next.vercel.app/_next/static/chunks/34tyyp27gcaxu.js:0
[ 2053404ms] [ERROR] Access to fetch at 'https://tile.openstreetmap.org/20/880133/489606.png' from origin 'https://navi-next.vercel.app' has been blocked by CORS policy: No 'Access-Control-Allow-Origin' header is present on the requested resource. @ https://navi-next.vercel.app/studio/map-1782480639497-sb96j/edit:0
[ 2053404ms] [ERROR] Failed to load resource: net::ERR_FAILED @ https://tile.openstreetmap.org/20/880133/489606.png:0
[ 2053404ms] [ERROR] [StudioCanvas] Map error: eJ @ https://navi-next.vercel.app/_next/static/chunks/34tyyp27gcaxu.js:0
[ 2315618ms] [ERROR] Access to fetch at 'https://tile.openstreetmap.org/20/880134/489622.png' from origin 'https://navi-next.vercel.app' has been blocked by CORS policy: No 'Access-Control-Allow-Origin' header is present on the requested resource. @ https://navi-next.vercel.app/studio/map-1782480639497-sb96j/edit:0
[ 2315618ms] [ERROR] Failed to load resource: net::ERR_FAILED @ https://tile.openstreetmap.org/20/880134/489622.png:0
[ 2315620ms] [ERROR] [StudioCanvas] Map error: eJ @ https://navi-next.vercel.app/_next/static/chunks/34tyyp27gcaxu.js:0
[ 2316619ms] [ERROR] Access to fetch at 'https://tile.openstreetmap.org/20/880137/489620.png' from origin 'https://navi-next.vercel.app' has been blocked by CORS policy: No 'Access-Control-Allow-Origin' header is present on the requested resource. @ https://navi-next.vercel.app/studio/map-1782480639497-sb96j/edit:0
[ 2316619ms] [ERROR] Failed to load resource: net::ERR_FAILED @ https://tile.openstreetmap.org/20/880137/489620.png:0
[ 2316620ms] [ERROR] [StudioCanvas] Map error: eJ @ https://navi-next.vercel.app/_next/static/chunks/34tyyp27gcaxu.js:0
[ 2316621ms] [ERROR] Access to fetch at 'https://tile.openstreetmap.org/20/880138/489618.png' from origin 'https://navi-next.vercel.app' has been blocked by CORS policy: No 'Access-Control-Allow-Origin' header is present on the requested resource. @ https://navi-next.vercel.app/studio/map-1782480639497-sb96j/edit:0
[ 2316621ms] [ERROR] Failed to load resource: net::ERR_FAILED @ https://tile.openstreetmap.org/20/880138/489618.png:0
[ 2316622ms] [ERROR] [StudioCanvas] Map error: eJ @ https://navi-next.vercel.app/_next/static/chunks/34tyyp27gcaxu.js:0
[ 2316622ms] [ERROR] Access to fetch at 'https://tile.openstreetmap.org/20/880134/489615.png' from origin 'https://navi-next.vercel.app' has been blocked by CORS policy: No 'Access-Control-Allow-Origin' header is present on the requested resource. @ https://navi-next.vercel.app/studio/map-1782480639497-sb96j/edit:0
[ 2316622ms] [ERROR] Failed to load resource: net::ERR_FAILED @ https://tile.openstreetmap.org/20/880134/489615.png:0
[ 2316622ms] [ERROR] [StudioCanvas] Map error: eJ @ https://navi-next.vercel.app/_next/static/chunks/34tyyp27gcaxu.js:0
[ 2316623ms] [ERROR] Access to fetch at 'https://tile.openstreetmap.org/20/880137/489617.png' from origin 'https://navi-next.vercel.app' has been blocked by CORS policy: No 'Access-Control-Allow-Origin' header is present on the requested resource. @ https://navi-next.vercel.app/studio/map-1782480639497-sb96j/edit:0
[ 2316623ms] [ERROR] Failed to load resource: net::ERR_FAILED @ https://tile.openstreetmap.org/20/880137/489617.png:0
[ 2316623ms] [ERROR] [StudioCanvas] Map error: eJ @ https://navi-next.vercel.app/_next/static/chunks/34tyyp27gcaxu.js:0
[ 2316623ms] [ERROR] Access to fetch at 'https://tile.openstreetmap.org/20/880130/489614.png' from origin 'https://navi-next.vercel.app' has been blocked by CORS policy: No 'Access-Control-Allow-Origin' header is present on the requested resource. @ https://navi-next.vercel.app/studio/map-1782480639497-sb96j/edit:0
[ 2316623ms] [ERROR] Failed to load resource: net::ERR_FAILED @ https://tile.openstreetmap.org/20/880130/489614.png:0
[ 2316623ms] [ERROR] [StudioCanvas] Map error: eJ @ https://navi-next.vercel.app/_next/static/chunks/34tyyp27gcaxu.js:0
[ 2316623ms] [ERROR] Access to fetch at 'https://tile.openstreetmap.org/20/880131/489613.png' from origin 'https://navi-next.vercel.app' has been blocked by CORS policy: No 'Access-Control-Allow-Origin' header is present on the requested resource. @ https://navi-next.vercel.app/studio/map-1782480639497-sb96j/edit:0
[ 2316624ms] [ERROR] Failed to load resource: net::ERR_FAILED @ https://tile.openstreetmap.org/20/880131/489613.png:0
[ 2316624ms] [ERROR] [StudioCanvas] Map error: eJ @ https://navi-next.vercel.app/_next/static/chunks/34tyyp27gcaxu.js:0
[ 2316624ms] [ERROR] Access to fetch at 'https://tile.openstreetmap.org/20/880138/489619.png' from origin 'https://navi-next.vercel.app' has been blocked by CORS policy: No 'Access-Control-Allow-Origin' header is present on the requested resource. @ https://navi-next.vercel.app/studio/map-1782480639497-sb96j/edit:0
[ 2316624ms] [ERROR] Failed to load resource: net::ERR_FAILED @ https://tile.openstreetmap.org/20/880138/489619.png:0
[ 2316624ms] [ERROR] [StudioCanvas] Map error: eJ @ https://navi-next.vercel.app/_next/static/chunks/34tyyp27gcaxu.js:0
[ 2317627ms] [ERROR] Access to fetch at 'https://tile.openstreetmap.org/20/880136/489616.png' from origin 'https://navi-next.vercel.app' has been blocked by CORS policy: No 'Access-Control-Allow-Origin' header is present on the requested resource. @ https://navi-next.vercel.app/studio/map-1782480639497-sb96j/edit:0
[ 2317628ms] [ERROR] Failed to load resource: net::ERR_FAILED @ https://tile.openstreetmap.org/20/880136/489616.png:0
[ 2317628ms] [ERROR] [StudioCanvas] Map error: eJ @ https://navi-next.vercel.app/_next/static/chunks/34tyyp27gcaxu.js:0
[ 2317630ms] [ERROR] Access to fetch at 'https://tile.openstreetmap.org/20/880135/489615.png' from origin 'https://navi-next.vercel.app' has been blocked by CORS policy: No 'Access-Control-Allow-Origin' header is present on the requested resource. @ https://navi-next.vercel.app/studio/map-1782480639497-sb96j/edit:0
[ 2317630ms] [ERROR] Failed to load resource: net::ERR_FAILED @ https://tile.openstreetmap.org/20/880135/489615.png:0
[ 2317630ms] [ERROR] [StudioCanvas] Map error: eJ @ https://navi-next.vercel.app/_next/static/chunks/34tyyp27gcaxu.js:0
[ 2317630ms] [ERROR] Access to fetch at 'https://tile.openstreetmap.org/20/880133/489614.png' from origin 'https://navi-next.vercel.app' has been blocked by CORS policy: No 'Access-Control-Allow-Origin' header is present on the requested resource. @ https://navi-next.vercel.app/studio/map-1782480639497-sb96j/edit:0
[ 2317630ms] [ERROR] Failed to load resource: net::ERR_FAILED @ https://tile.openstreetmap.org/20/880133/489614.png:0
[ 2317631ms] [ERROR] [StudioCanvas] Map error: eJ @ https://navi-next.vercel.app/_next/static/chunks/34tyyp27gcaxu.js:0
[ 2317631ms] [ERROR] Access to fetch at 'https://tile.openstreetmap.org/20/880132/489613.png' from origin 'https://navi-next.vercel.app' has been blocked by CORS policy: No 'Access-Control-Allow-Origin' header is present on the requested resource. @ https://navi-next.vercel.app/studio/map-1782480639497-sb96j/edit:0
[ 2317631ms] [ERROR] Failed to load resource: net::ERR_FAILED @ https://tile.openstreetmap.org/20/880132/489613.png:0
[ 2317631ms] [ERROR] [StudioCanvas] Map error: eJ @ https://navi-next.vercel.app/_next/static/chunks/34tyyp27gcaxu.js:0
[ 2317631ms] [ERROR] Access to fetch at 'https://tile.openstreetmap.org/20/880138/489617.png' from origin 'https://navi-next.vercel.app' has been blocked by CORS policy: No 'Access-Control-Allow-Origin' header is present on the requested resource. @ https://navi-next.vercel.app/studio/map-1782480639497-sb96j/edit:0
[ 2317631ms] [ERROR] Failed to load resource: net::ERR_FAILED @ https://tile.openstreetmap.org/20/880138/489617.png:0
[ 2317632ms] [ERROR] [StudioCanvas] Map error: eJ @ https://navi-next.vercel.app/_next/static/chunks/34tyyp27gcaxu.js:0
[ 2317632ms] [ERROR] Access to fetch at 'https://tile.openstreetmap.org/20/880132/489621.png' from origin 'https://navi-next.vercel.app' has been blocked by CORS policy: No 'Access-Control-Allow-Origin' header is present on the requested resource. @ https://navi-next.vercel.app/studio/map-1782480639497-sb96j/edit:0
[ 2317632ms] [ERROR] Failed to load resource: net::ERR_FAILED @ https://tile.openstreetmap.org/20/880132/489621.png:0
[ 2317632ms] [ERROR] [StudioCanvas] Map error: eJ @ https://navi-next.vercel.app/_next/static/chunks/34tyyp27gcaxu.js:0
[ 2317632ms] [ERROR] Access to fetch at 'https://tile.openstreetmap.org/20/880134/489614.png' from origin 'https://navi-next.vercel.app' has been blocked by CORS policy: No 'Access-Control-Allow-Origin' header is present on the requested resource. @ https://navi-next.vercel.app/studio/map-1782480639497-sb96j/edit:0
[ 2317632ms] [ERROR] Failed to load resource: net::ERR_FAILED @ https://tile.openstreetmap.org/20/880134/489614.png:0
[ 2317633ms] [ERROR] [StudioCanvas] Map error: eJ @ https://navi-next.vercel.app/_next/static/chunks/34tyyp27gcaxu.js:0
[ 2317633ms] [ERROR] Access to fetch at 'https://tile.openstreetmap.org/20/880137/489616.png' from origin 'https://navi-next.vercel.app' has been blocked by CORS policy: No 'Access-Control-Allow-Origin' header is present on the requested resource. @ https://navi-next.vercel.app/studio/map-1782480639497-sb96j/edit:0
[ 2317633ms] [ERROR] Failed to load resource: net::ERR_FAILED @ https://tile.openstreetmap.org/20/880137/489616.png:0
[ 2317633ms] [ERROR] [StudioCanvas] Map error: eJ @ https://navi-next.vercel.app/_next/static/chunks/34tyyp27gcaxu.js:0
[ 2317633ms] [ERROR] Access to fetch at 'https://tile.openstreetmap.org/20/880139/489618.png' from origin 'https://navi-next.vercel.app' has been blocked by CORS policy: No 'Access-Control-Allow-Origin' header is present on the requested resource. @ https://navi-next.vercel.app/studio/map-1782480639497-sb96j/edit:0
[ 2317634ms] [ERROR] Failed to load resource: net::ERR_FAILED @ https://tile.openstreetmap.org/20/880139/489618.png:0
[ 2317634ms] [ERROR] [StudioCanvas] Map error: eJ @ https://navi-next.vercel.app/_next/static/chunks/34tyyp27gcaxu.js:0
[ 2318619ms] [ERROR] Access to fetch at 'https://tile.openstreetmap.org/20/880131/489612.png' from origin 'https://navi-next.vercel.app' has been blocked by CORS policy: No 'Access-Control-Allow-Origin' header is present on the requested resource. @ https://navi-next.vercel.app/studio/map-1782480639497-sb96j/edit:0
[ 2318619ms] [ERROR] Failed to load resource: net::ERR_FAILED @ https://tile.openstreetmap.org/20/880131/489612.png:0
[ 2318619ms] [ERROR] [StudioCanvas] Map error: eJ @ https://navi-next.vercel.app/_next/static/chunks/34tyyp27gcaxu.js:0
[ 2318621ms] [ERROR] Access to fetch at 'https://tile.openstreetmap.org/20/880133/489613.png' from origin 'https://navi-next.vercel.app' has been blocked by CORS policy: No 'Access-Control-Allow-Origin' header is present on the requested resource. @ https://navi-next.vercel.app/studio/map-1782480639497-sb96j/edit:0
[ 2318621ms] [ERROR] Failed to load resource: net::ERR_FAILED @ https://tile.openstreetmap.org/20/880133/489613.png:0
[ 2318621ms] [ERROR] [StudioCanvas] Map error: eJ @ https://navi-next.vercel.app/_next/static/chunks/34tyyp27gcaxu.js:0
[ 2318621ms] [ERROR] Access to fetch at 'https://tile.openstreetmap.org/20/880136/489615.png' from origin 'https://navi-next.vercel.app' has been blocked by CORS policy: No 'Access-Control-Allow-Origin' header is present on the requested resource. @ https://navi-next.vercel.app/studio/map-1782480639497-sb96j/edit:0
[ 2318621ms] [ERROR] Failed to load resource: net::ERR_FAILED @ https://tile.openstreetmap.org/20/880136/489615.png:0
[ 2318622ms] [ERROR] [StudioCanvas] Map error: eJ @ https://navi-next.vercel.app/_next/static/chunks/34tyyp27gcaxu.js:0
[ 2318622ms] [ERROR] Access to fetch at 'https://tile.openstreetmap.org/20/880132/489612.png' from origin 'https://navi-next.vercel.app' has been blocked by CORS policy: No 'Access-Control-Allow-Origin' header is present on the requested resource. @ https://navi-next.vercel.app/studio/map-1782480639497-sb96j/edit:0
[ 2318622ms] [ERROR] Failed to load resource: net::ERR_FAILED @ https://tile.openstreetmap.org/20/880132/489612.png:0
[ 2318622ms] [ERROR] [StudioCanvas] Map error: eJ @ https://navi-next.vercel.app/_next/static/chunks/34tyyp27gcaxu.js:0
[ 2318622ms] [ERROR] Access to fetch at 'https://tile.openstreetmap.org/20/880139/489617.png' from origin 'https://navi-next.vercel.app' has been blocked by CORS policy: No 'Access-Control-Allow-Origin' header is present on the requested resource. @ https://navi-next.vercel.app/studio/map-1782480639497-sb96j/edit:0
[ 2318622ms] [ERROR] Failed to load resource: net::ERR_FAILED @ https://tile.openstreetmap.org/20/880139/489617.png:0
[ 2318622ms] [ERROR] [StudioCanvas] Map error: eJ @ https://navi-next.vercel.app/_next/static/chunks/34tyyp27gcaxu.js:0
[ 2318623ms] [ERROR] Access to fetch at 'https://tile.openstreetmap.org/20/880138/489616.png' from origin 'https://navi-next.vercel.app' has been blocked by CORS policy: No 'Access-Control-Allow-Origin' header is present on the requested resource. @ https://navi-next.vercel.app/studio/map-1782480639497-sb96j/edit:0
[ 2318623ms] [ERROR] Failed to load resource: net::ERR_FAILED @ https://tile.openstreetmap.org/20/880138/489616.png:0
[ 2318623ms] [ERROR] [StudioCanvas] Map error: eJ @ https://navi-next.vercel.app/_next/static/chunks/34tyyp27gcaxu.js:0
[ 2318623ms] [ERROR] Access to fetch at 'https://tile.openstreetmap.org/20/880135/489614.png' from origin 'https://navi-next.vercel.app' has been blocked by CORS policy: No 'Access-Control-Allow-Origin' header is present on the requested resource. @ https://navi-next.vercel.app/studio/map-1782480639497-sb96j/edit:0
[ 2318623ms] [ERROR] Failed to load resource: net::ERR_FAILED @ https://tile.openstreetmap.org/20/880135/489614.png:0
[ 2318623ms] [ERROR] [StudioCanvas] Map error: eJ @ https://navi-next.vercel.app/_next/static/chunks/34tyyp27gcaxu.js:0
[ 2319626ms] [ERROR] Access to fetch at 'https://tile.openstreetmap.org/20/880130/489613.png' from origin 'https://navi-next.vercel.app' has been blocked by CORS policy: No 'Access-Control-Allow-Origin' header is present on the requested resource. @ https://navi-next.vercel.app/studio/map-1782480639497-sb96j/edit:0
[ 2319626ms] [ERROR] Failed to load resource: net::ERR_FAILED @ https://tile.openstreetmap.org/20/880130/489613.png:0
[ 2319627ms] [ERROR] [StudioCanvas] Map error: eJ @ https://navi-next.vercel.app/_next/static/chunks/34tyyp27gcaxu.js:0
[ 2319629ms] [ERROR] Access to fetch at 'https://tile.openstreetmap.org/20/880129/489619.png' from origin 'https://navi-next.vercel.app' has been blocked by CORS policy: No 'Access-Control-Allow-Origin' header is present on the requested resource. @ https://navi-next.vercel.app/studio/map-1782480639497-sb96j/edit:0
[ 2319629ms] [ERROR] Failed to load resource: net::ERR_FAILED @ https://tile.openstreetmap.org/20/880129/489619.png:0
[ 2319629ms] [ERROR] [StudioCanvas] Map error: eJ @ https://navi-next.vercel.app/_next/static/chunks/34tyyp27gcaxu.js:0
[ 2319629ms] [ERROR] Access to fetch at 'https://tile.openstreetmap.org/20/880137/489615.png' from origin 'https://navi-next.vercel.app' has been blocked by CORS policy: No 'Access-Control-Allow-Origin' header is present on the requested resource. @ https://navi-next.vercel.app/studio/map-1782480639497-sb96j/edit:0
[ 2319629ms] [ERROR] Failed to load resource: net::ERR_FAILED @ https://tile.openstreetmap.org/20/880137/489615.png:0
[ 2319630ms] [ERROR] [StudioCanvas] Map error: eJ @ https://navi-next.vercel.app/_next/static/chunks/34tyyp27gcaxu.js:0
[ 2319630ms] [ERROR] Access to fetch at 'https://tile.openstreetmap.org/20/880134/489613.png' from origin 'https://navi-next.vercel.app' has been blocked by CORS policy: No 'Access-Control-Allow-Origin' header is present on the requested resource. @ https://navi-next.vercel.app/studio/map-1782480639497-sb96j/edit:0
[ 2319630ms] [ERROR] Failed to load resource: net::ERR_FAILED @ https://tile.openstreetmap.org/20/880134/489613.png:0
[ 2319630ms] [ERROR] [StudioCanvas] Map error: eJ @ https://navi-next.vercel.app/_next/static/chunks/34tyyp27gcaxu.js:0
[ 2319630ms] [ERROR] Access to fetch at 'https://tile.openstreetmap.org/20/880140/489618.png' from origin 'https://navi-next.vercel.app' has been blocked by CORS policy: No 'Access-Control-Allow-Origin' header is present on the requested resource. @ https://navi-next.vercel.app/studio/map-1782480639497-sb96j/edit:0
[ 2319630ms] [ERROR] Failed to load resource: net::ERR_FAILED @ https://tile.openstreetmap.org/20/880140/489618.png:0
[ 2319631ms] [ERROR] [StudioCanvas] Map error: eJ @ https://navi-next.vercel.app/_next/static/chunks/34tyyp27gcaxu.js:0
[ 2319631ms] [ERROR] Access to fetch at 'https://tile.openstreetmap.org/20/880136/489614.png' from origin 'https://navi-next.vercel.app' has been blocked by CORS policy: No 'Access-Control-Allow-Origin' header is present on the requested resource. @ https://navi-next.vercel.app/studio/map-1782480639497-sb96j/edit:0
[ 2319631ms] [ERROR] Failed to load resource: net::ERR_FAILED @ https://tile.openstreetmap.org/20/880136/489614.png:0
[ 2319631ms] [ERROR] [StudioCanvas] Map error: eJ @ https://navi-next.vercel.app/_next/static/chunks/34tyyp27gcaxu.js:0
[ 2319631ms] [ERROR] Access to fetch at 'https://tile.openstreetmap.org/20/880133/489612.png' from origin 'https://navi-next.vercel.app' has been blocked by CORS policy: No 'Access-Control-Allow-Origin' header is present on the requested resource. @ https://navi-next.vercel.app/studio/map-1782480639497-sb96j/edit:0
[ 2319631ms] [ERROR] Failed to load resource: net::ERR_FAILED @ https://tile.openstreetmap.org/20/880133/489612.png:0
[ 2319632ms] [ERROR] [StudioCanvas] Map error: eJ @ https://navi-next.vercel.app/_next/static/chunks/34tyyp27gcaxu.js:0
[ 2319632ms] [ERROR] Access to fetch at 'https://tile.openstreetmap.org/20/880140/489617.png' from origin 'https://navi-next.vercel.app' has been blocked by CORS policy: No 'Access-Control-Allow-Origin' header is present on the requested resource. @ https://navi-next.vercel.app/studio/map-1782480639497-sb96j/edit:0
[ 2319632ms] [ERROR] Failed to load resource: net::ERR_FAILED @ https://tile.openstreetmap.org/20/880140/489617.png:0
[ 2319632ms] [ERROR] [StudioCanvas] Map error: eJ @ https://navi-next.vercel.app/_next/static/chunks/34tyyp27gcaxu.js:0
[ 2319632ms] [ERROR] Access to fetch at 'https://tile.openstreetmap.org/20/880131/489611.png' from origin 'https://navi-next.vercel.app' has been blocked by CORS policy: No 'Access-Control-Allow-Origin' header is present on the requested resource. @ https://navi-next.vercel.app/studio/map-1782480639497-sb96j/edit:0
[ 2319632ms] [ERROR] Failed to load resource: net::ERR_FAILED @ https://tile.openstreetmap.org/20/880131/489611.png:0
[ 2319633ms] [ERROR] [StudioCanvas] Map error: eJ @ https://navi-next.vercel.app/_next/static/chunks/34tyyp27gcaxu.js:0
[ 2327860ms] [WARNING] Unable to perform style diff: Style is not done loading..  Rebuilding the style from scratch. @ https://navi-next.vercel.app/_next/static/chunks/261cq39jf3lqt.js:0
[ 2328527ms] Error: Source "buildings-extrusion" already exists.
    at t5.addSource (https://navi-next.vercel.app/_next/static/chunks/261cq39jf3lqt.js:51:89567)
    at aU.addSource (https://navi-next.vercel.app/_next/static/chunks/261cq39jf3lqt.js:53:109431)
    at aU.<anonymous> (https://navi-next.vercel.app/_next/static/chunks/0d7gbtgvlvs8q.js:1:21720)
    at aU.fire (https://navi-next.vercel.app/_next/static/chunks/261cq39jf3lqt.js:1:13067)
    at aU._render (https://navi-next.vercel.app/_next/static/chunks/261cq39jf3lqt.js:53:121679)
    at https://navi-next.vercel.app/_next/static/chunks/261cq39jf3lqt.js:53:123386
    at https://navi-next.vercel.app/_next/static/chunks/261cq39jf3lqt.js:2:344464
[ 2335921ms] [LOG] [StudioWorkspace] render {mapId: map-1782480639497-sb96j, editorMode: campus} @ https://navi-next.vercel.app/_next/static/chunks/34tyyp27gcaxu.js:0
[ 2335922ms] [LOG] [RightPanel] render {tool: select, editorMode: campus, activeBuildingId: null, buildingsCount: 1} @ https://navi-next.vercel.app/_next/static/chunks/34tyyp27gcaxu.js:0
[ 2335923ms] [LOG] [MetadataPanel] render {activeBuildingId: null, building: undefined} @ https://navi-next.vercel.app/_next/static/chunks/34tyyp27gcaxu.js:0
[ 2335941ms] [LOG] [RightPanel] render {tool: select, editorMode: campus, activeBuildingId: null, buildingsCount: 1} @ https://navi-next.vercel.app/_next/static/chunks/34tyyp27gcaxu.js:0
[ 2335941ms] [LOG] [MetadataPanel] render {activeBuildingId: null, building: undefined} @ https://navi-next.vercel.app/_next/static/chunks/34tyyp27gcaxu.js:0
[ 2340644ms] [ERROR] Access to fetch at 'https://tile.openstreetmap.org/21/1760270/979235.png' from origin 'https://navi-next.vercel.app' has been blocked by CORS policy: No 'Access-Control-Allow-Origin' header is present on the requested resource. @ https://navi-next.vercel.app/studio/map-1782480639497-sb96j/edit:0
[ 2340644ms] [ERROR] Failed to load resource: net::ERR_FAILED @ https://tile.openstreetmap.org/21/1760270/979235.png:0
[ 2340644ms] [ERROR] [StudioCanvas] Map error: eJ @ https://navi-next.vercel.app/_next/static/chunks/34tyyp27gcaxu.js:0
[ 2340646ms] [ERROR] Access to fetch at 'https://tile.openstreetmap.org/21/1760269/979235.png' from origin 'https://navi-next.vercel.app' has been blocked by CORS policy: No 'Access-Control-Allow-Origin' header is present on the requested resource. @ https://navi-next.vercel.app/studio/map-1782480639497-sb96j/edit:0
[ 2340646ms] [ERROR] Failed to load resource: net::ERR_FAILED @ https://tile.openstreetmap.org/21/1760269/979235.png:0
[ 2340647ms] [ERROR] [StudioCanvas] Map error: eJ @ https://navi-next.vercel.app/_next/static/chunks/34tyyp27gcaxu.js:0
[ 2340647ms] [ERROR] Access to fetch at 'https://tile.openstreetmap.org/21/1760270/979236.png' from origin 'https://navi-next.vercel.app' has been blocked by CORS policy: No 'Access-Control-Allow-Origin' header is present on the requested resource. @ https://navi-next.vercel.app/studio/map-1782480639497-sb96j/edit:0
[ 2340647ms] [ERROR] Failed to load resource: net::ERR_FAILED @ https://tile.openstreetmap.org/21/1760270/979236.png:0
[ 2340647ms] [ERROR] [StudioCanvas] Map error: eJ @ https://navi-next.vercel.app/_next/static/chunks/34tyyp27gcaxu.js:0
[ 2340647ms] [ERROR] Access to fetch at 'https://tile.openstreetmap.org/21/1760269/979236.png' from origin 'https://navi-next.vercel.app' has been blocked by CORS policy: No 'Access-Control-Allow-Origin' header is present on the requested resource. @ https://navi-next.vercel.app/studio/map-1782480639497-sb96j/edit:0
[ 2340647ms] [ERROR] Failed to load resource: net::ERR_FAILED @ https://tile.openstreetmap.org/21/1760269/979236.png:0
[ 2340648ms] [ERROR] [StudioCanvas] Map error: eJ @ https://navi-next.vercel.app/_next/static/chunks/34tyyp27gcaxu.js:0
[ 2340648ms] [ERROR] Access to fetch at 'https://tile.openstreetmap.org/21/1760270/979234.png' from origin 'https://navi-next.vercel.app' has been blocked by CORS policy: No 'Access-Control-Allow-Origin' header is present on the requested resource. @ https://navi-next.vercel.app/studio/map-1782480639497-sb96j/edit:0
[ 2340648ms] [ERROR] Failed to load resource: net::ERR_FAILED @ https://tile.openstreetmap.org/21/1760270/979234.png:0
[ 2340648ms] [ERROR] [StudioCanvas] Map error: eJ @ https://navi-next.vercel.app/_next/static/chunks/34tyyp27gcaxu.js:0
[ 2340648ms] [ERROR] Access to fetch at 'https://tile.openstreetmap.org/21/1760269/979234.png' from origin 'https://navi-next.vercel.app' has been blocked by CORS policy: No 'Access-Control-Allow-Origin' header is present on the requested resource. @ https://navi-next.vercel.app/studio/map-1782480639497-sb96j/edit:0
[ 2340648ms] [ERROR] Failed to load resource: net::ERR_FAILED @ https://tile.openstreetmap.org/21/1760269/979234.png:0
[ 2340649ms] [ERROR] [StudioCanvas] Map error: eJ @ https://navi-next.vercel.app/_next/static/chunks/34tyyp27gcaxu.js:0
[ 2340649ms] [ERROR] Access to fetch at 'https://tile.openstreetmap.org/21/1760271/979235.png' from origin 'https://navi-next.vercel.app' has been blocked by CORS policy: No 'Access-Control-Allow-Origin' header is present on the requested resource. @ https://navi-next.vercel.app/studio/map-1782480639497-sb96j/edit:0
[ 2340649ms] [ERROR] Failed to load resource: net::ERR_FAILED @ https://tile.openstreetmap.org/21/1760271/979235.png:0
[ 2340650ms] [ERROR] [StudioCanvas] Map error: eJ @ https://navi-next.vercel.app/_next/static/chunks/34tyyp27gcaxu.js:0
[ 2340650ms] [ERROR] Access to fetch at 'https://tile.openstreetmap.org/21/1760268/979235.png' from origin 'https://navi-next.vercel.app' has been blocked by CORS policy: No 'Access-Control-Allow-Origin' header is present on the requested resource. @ https://navi-next.vercel.app/studio/map-1782480639497-sb96j/edit:0
[ 2340650ms] [ERROR] Failed to load resource: net::ERR_FAILED @ https://tile.openstreetmap.org/21/1760268/979235.png:0
[ 2340650ms] [ERROR] [StudioCanvas] Map error: eJ @ https://navi-next.vercel.app/_next/static/chunks/34tyyp27gcaxu.js:0
[ 2342622ms] [ERROR] Access to fetch at 'https://tile.openstreetmap.org/21/1760268/979236.png' from origin 'https://navi-next.vercel.app' has been blocked by CORS policy: No 'Access-Control-Allow-Origin' header is present on the requested resource. @ https://navi-next.vercel.app/studio/map-1782480639497-sb96j/edit:0
[ 2342622ms] [ERROR] Failed to load resource: net::ERR_FAILED @ https://tile.openstreetmap.org/21/1760268/979236.png:0
[ 2342624ms] [ERROR] [StudioCanvas] Map error: eJ @ https://navi-next.vercel.app/_next/static/chunks/34tyyp27gcaxu.js:0
[ 2342626ms] [ERROR] Access to fetch at 'https://tile.openstreetmap.org/21/1760271/979236.png' from origin 'https://navi-next.vercel.app' has been blocked by CORS policy: No 'Access-Control-Allow-Origin' header is present on the requested resource. @ https://navi-next.vercel.app/studio/map-1782480639497-sb96j/edit:0
[ 2342626ms] [ERROR] Failed to load resource: net::ERR_FAILED @ https://tile.openstreetmap.org/21/1760271/979236.png:0
[ 2342626ms] [ERROR] [StudioCanvas] Map error: eJ @ https://navi-next.vercel.app/_next/static/chunks/34tyyp27gcaxu.js:0
[ 2342626ms] [ERROR] Access to fetch at 'https://tile.openstreetmap.org/21/1760271/979234.png' from origin 'https://navi-next.vercel.app' has been blocked by CORS policy: No 'Access-Control-Allow-Origin' header is present on the requested resource. @ https://navi-next.vercel.app/studio/map-1782480639497-sb96j/edit:0
[ 2342626ms] [ERROR] Failed to load resource: net::ERR_FAILED @ https://tile.openstreetmap.org/21/1760271/979234.png:0
[ 2342627ms] [ERROR] [StudioCanvas] Map error: eJ @ https://navi-next.vercel.app/_next/static/chunks/34tyyp27gcaxu.js:0
[ 2342627ms] [ERROR] Access to fetch at 'https://tile.openstreetmap.org/21/1760268/979234.png' from origin 'https://navi-next.vercel.app' has been blocked by CORS policy: No 'Access-Control-Allow-Origin' header is present on the requested resource. @ https://navi-next.vercel.app/studio/map-1782480639497-sb96j/edit:0
[ 2342627ms] [ERROR] Failed to load resource: net::ERR_FAILED @ https://tile.openstreetmap.org/21/1760268/979234.png:0
[ 2342628ms] [ERROR] [StudioCanvas] Map error: eJ @ https://navi-next.vercel.app/_next/static/chunks/34tyyp27gcaxu.js:0
[ 2342628ms] [ERROR] Access to fetch at 'https://tile.openstreetmap.org/21/1760270/979237.png' from origin 'https://navi-next.vercel.app' has been blocked by CORS policy: No 'Access-Control-Allow-Origin' header is present on the requested resource. @ https://navi-next.vercel.app/studio/map-1782480639497-sb96j/edit:0
[ 2342628ms] [ERROR] Failed to load resource: net::ERR_FAILED @ https://tile.openstreetmap.org/21/1760270/979237.png:0
[ 2342628ms] [ERROR] [StudioCanvas] Map error: eJ @ https://navi-next.vercel.app/_next/static/chunks/34tyyp27gcaxu.js:0
[ 2342628ms] [ERROR] Access to fetch at 'https://tile.openstreetmap.org/21/1760270/979233.png' from origin 'https://navi-next.vercel.app' has been blocked by CORS policy: No 'Access-Control-Allow-Origin' header is present on the requested resource. @ https://navi-next.vercel.app/studio/map-1782480639497-sb96j/edit:0
[ 2342628ms] [ERROR] Failed to load resource: net::ERR_FAILED @ https://tile.openstreetmap.org/21/1760270/979233.png:0
[ 2342629ms] [ERROR] [StudioCanvas] Map error: eJ @ https://navi-next.vercel.app/_next/static/chunks/34tyyp27gcaxu.js:0
[ 2342629ms] [ERROR] Access to fetch at 'https://tile.openstreetmap.org/21/1760269/979233.png' from origin 'https://navi-next.vercel.app' has been blocked by CORS policy: No 'Access-Control-Allow-Origin' header is present on the requested resource. @ https://navi-next.vercel.app/studio/map-1782480639497-sb96j/edit:0
[ 2342629ms] [ERROR] Failed to load resource: net::ERR_FAILED @ https://tile.openstreetmap.org/21/1760269/979233.png:0
[ 2342629ms] [ERROR] [StudioCanvas] Map error: eJ @ https://navi-next.vercel.app/_next/static/chunks/34tyyp27gcaxu.js:0
[ 2342630ms] [ERROR] Access to fetch at 'https://tile.openstreetmap.org/21/1760269/979237.png' from origin 'https://navi-next.vercel.app' has been blocked by CORS policy: No 'Access-Control-Allow-Origin' header is present on the requested resource. @ https://navi-next.vercel.app/studio/map-1782480639497-sb96j/edit:0
[ 2342630ms] [ERROR] Failed to load resource: net::ERR_FAILED @ https://tile.openstreetmap.org/21/1760269/979237.png:0
[ 2342630ms] [ERROR] [StudioCanvas] Map error: eJ @ https://navi-next.vercel.app/_next/static/chunks/34tyyp27gcaxu.js:0
[ 2344634ms] [ERROR] Access to fetch at 'https://tile.openstreetmap.org/20/880134/489617.png' from origin 'https://navi-next.vercel.app' has been blocked by CORS policy: No 'Access-Control-Allow-Origin' header is present on the requested resource. @ https://navi-next.vercel.app/studio/map-1782480639497-sb96j/edit:0
[ 2344634ms] [ERROR] Failed to load resource: net::ERR_FAILED @ https://tile.openstreetmap.org/20/880134/489617.png:0
[ 2344634ms] [ERROR] [StudioCanvas] Map error: eJ @ https://navi-next.vercel.app/_next/static/chunks/34tyyp27gcaxu.js:0
[ 2344636ms] [ERROR] Access to fetch at 'https://tile.openstreetmap.org/20/880135/489617.png' from origin 'https://navi-next.vercel.app' has been blocked by CORS policy: No 'Access-Control-Allow-Origin' header is present on the requested resource. @ https://navi-next.vercel.app/studio/map-1782480639497-sb96j/edit:0
[ 2344636ms] [ERROR] Failed to load resource: net::ERR_FAILED @ https://tile.openstreetmap.org/20/880135/489617.png:0
[ 2344636ms] [ERROR] [StudioCanvas] Map error: eJ @ https://navi-next.vercel.app/_next/static/chunks/34tyyp27gcaxu.js:0
[ 2344637ms] [ERROR] Access to fetch at 'https://tile.openstreetmap.org/20/880135/489618.png' from origin 'https://navi-next.vercel.app' has been blocked by CORS policy: No 'Access-Control-Allow-Origin' header is present on the requested resource. @ https://navi-next.vercel.app/studio/map-1782480639497-sb96j/edit:0
[ 2344637ms] [ERROR] Failed to load resource: net::ERR_FAILED @ https://tile.openstreetmap.org/20/880135/489618.png:0
[ 2344637ms] [ERROR] [StudioCanvas] Map error: eJ @ https://navi-next.vercel.app/_next/static/chunks/34tyyp27gcaxu.js:0
[ 2344637ms] [ERROR] Access to fetch at 'https://tile.openstreetmap.org/20/880134/489618.png' from origin 'https://navi-next.vercel.app' has been blocked by CORS policy: No 'Access-Control-Allow-Origin' header is present on the requested resource. @ https://navi-next.vercel.app/studio/map-1782480639497-sb96j/edit:0
[ 2344637ms] [ERROR] Failed to load resource: net::ERR_FAILED @ https://tile.openstreetmap.org/20/880134/489618.png:0
[ 2344637ms] [ERROR] [StudioCanvas] Map error: eJ @ https://navi-next.vercel.app/_next/static/chunks/34tyyp27gcaxu.js:0
[ 2344637ms] [ERROR] Access to fetch at 'https://tile.openstreetmap.org/20/880135/489616.png' from origin 'https://navi-next.vercel.app' has been blocked by CORS policy: No 'Access-Control-Allow-Origin' header is present on the requested resource. @ https://navi-next.vercel.app/studio/map-1782480639497-sb96j/edit:0
[ 2344637ms] [ERROR] Failed to load resource: net::ERR_FAILED @ https://tile.openstreetmap.org/20/880135/489616.png:0
[ 2344638ms] [ERROR] [StudioCanvas] Map error: eJ @ https://navi-next.vercel.app/_next/static/chunks/34tyyp27gcaxu.js:0
[ 2344638ms] [ERROR] Access to fetch at 'https://tile.openstreetmap.org/20/880133/489618.png' from origin 'https://navi-next.vercel.app' has been blocked by CORS policy: No 'Access-Control-Allow-Origin' header is present on the requested resource. @ https://navi-next.vercel.app/studio/map-1782480639497-sb96j/edit:0
[ 2344638ms] [ERROR] Failed to load resource: net::ERR_FAILED @ https://tile.openstreetmap.org/20/880133/489618.png:0
[ 2344638ms] [ERROR] [StudioCanvas] Map error: eJ @ https://navi-next.vercel.app/_next/static/chunks/34tyyp27gcaxu.js:0
[ 2344638ms] [ERROR] Access to fetch at 'https://tile.openstreetmap.org/20/880134/489616.png' from origin 'https://navi-next.vercel.app' has been blocked by CORS policy: No 'Access-Control-Allow-Origin' header is present on the requested resource. @ https://navi-next.vercel.app/studio/map-1782480639497-sb96j/edit:0
[ 2344638ms] [ERROR] Failed to load resource: net::ERR_FAILED @ https://tile.openstreetmap.org/20/880134/489616.png:0
[ 2344639ms] [ERROR] [StudioCanvas] Map error: eJ @ https://navi-next.vercel.app/_next/static/chunks/34tyyp27gcaxu.js:0
[ 2344639ms] [ERROR] Access to fetch at 'https://tile.openstreetmap.org/20/880133/489617.png' from origin 'https://navi-next.vercel.app' has been blocked by CORS policy: No 'Access-Control-Allow-Origin' header is present on the requested resource. @ https://navi-next.vercel.app/studio/map-1782480639497-sb96j/edit:0
[ 2344639ms] [ERROR] Failed to load resource: net::ERR_FAILED @ https://tile.openstreetmap.org/20/880133/489617.png:0
[ 2344639ms] [ERROR] [StudioCanvas] Map error: eJ @ https://navi-next.vercel.app/_next/static/chunks/34tyyp27gcaxu.js:0
[ 2347669ms] [LOG] [RightPanel] render {tool: route_test, editorMode: campus, activeBuildingId: null, buildingsCount: 1} @ https://navi-next.vercel.app/_next/static/chunks/34tyyp27gcaxu.js:0
[ 2347670ms] [LOG] [MetadataPanel] render {activeBuildingId: null, building: undefined} @ https://navi-next.vercel.app/_next/static/chunks/34tyyp27gcaxu.js:0
[ 2359631ms] [ERROR] Access to fetch at 'https://tile.openstreetmap.org/20/880133/489617.png' from origin 'https://navi-next.vercel.app' has been blocked by CORS policy: No 'Access-Control-Allow-Origin' header is present on the requested resource. @ https://navi-next.vercel.app/studio/map-1782480639497-sb96j/edit:0
[ 2359632ms] [ERROR] Failed to load resource: net::ERR_FAILED @ https://tile.openstreetmap.org/20/880133/489617.png:0
[ 2359633ms] [ERROR] [StudioCanvas] Map error: eJ @ https://navi-next.vercel.app/_next/static/chunks/34tyyp27gcaxu.js:0
[ 2359634ms] [ERROR] Access to fetch at 'https://tile.openstreetmap.org/20/880133/489618.png' from origin 'https://navi-next.vercel.app' has been blocked by CORS policy: No 'Access-Control-Allow-Origin' header is present on the requested resource. @ https://navi-next.vercel.app/studio/map-1782480639497-sb96j/edit:0
[ 2359634ms] [ERROR] Failed to load resource: net::ERR_FAILED @ https://tile.openstreetmap.org/20/880133/489618.png:0
[ 2359635ms] [ERROR] [StudioCanvas] Map error: eJ @ https://navi-next.vercel.app/_next/static/chunks/34tyyp27gcaxu.js:0
[ 2359635ms] [ERROR] Access to fetch at 'https://tile.openstreetmap.org/20/880132/489617.png' from origin 'https://navi-next.vercel.app' has been blocked by CORS policy: No 'Access-Control-Allow-Origin' header is present on the requested resource. @ https://navi-next.vercel.app/studio/map-1782480639497-sb96j/edit:0
[ 2359635ms] [ERROR] Failed to load resource: net::ERR_FAILED @ https://tile.openstreetmap.org/20/880132/489617.png:0
[ 2359635ms] [ERROR] [StudioCanvas] Map error: eJ @ https://navi-next.vercel.app/_next/static/chunks/34tyyp27gcaxu.js:0
[ 2359636ms] [ERROR] Access to fetch at 'https://tile.openstreetmap.org/20/880134/489617.png' from origin 'https://navi-next.vercel.app' has been blocked by CORS policy: No 'Access-Control-Allow-Origin' header is present on the requested resource. @ https://navi-next.vercel.app/studio/map-1782480639497-sb96j/edit:0
[ 2359636ms] [ERROR] Failed to load resource: net::ERR_FAILED @ https://tile.openstreetmap.org/20/880134/489617.png:0
[ 2359636ms] [ERROR] [StudioCanvas] Map error: eJ @ https://navi-next.vercel.app/_next/static/chunks/34tyyp27gcaxu.js:0
[ 2359636ms] [ERROR] Access to fetch at 'https://tile.openstreetmap.org/20/880133/489616.png' from origin 'https://navi-next.vercel.app' has been blocked by CORS policy: No 'Access-Control-Allow-Origin' header is present on the requested resource. @ https://navi-next.vercel.app/studio/map-1782480639497-sb96j/edit:0
[ 2359636ms] [ERROR] Failed to load resource: net::ERR_FAILED @ https://tile.openstreetmap.org/20/880133/489616.png:0
[ 2359637ms] [ERROR] [StudioCanvas] Map error: eJ @ https://navi-next.vercel.app/_next/static/chunks/34tyyp27gcaxu.js:0
[ 2359637ms] [ERROR] Access to fetch at 'https://tile.openstreetmap.org/20/880132/489618.png' from origin 'https://navi-next.vercel.app' has been blocked by CORS policy: No 'Access-Control-Allow-Origin' header is present on the requested resource. @ https://navi-next.vercel.app/studio/map-1782480639497-sb96j/edit:0
[ 2359637ms] [ERROR] Failed to load resource: net::ERR_FAILED @ https://tile.openstreetmap.org/20/880132/489618.png:0
[ 2359637ms] [ERROR] [StudioCanvas] Map error: eJ @ https://navi-next.vercel.app/_next/static/chunks/34tyyp27gcaxu.js:0
[ 2359637ms] [ERROR] Access to fetch at 'https://tile.openstreetmap.org/20/880132/489616.png' from origin 'https://navi-next.vercel.app' has been blocked by CORS policy: No 'Access-Control-Allow-Origin' header is present on the requested resource. @ https://navi-next.vercel.app/studio/map-1782480639497-sb96j/edit:0
[ 2359637ms] [ERROR] Failed to load resource: net::ERR_FAILED @ https://tile.openstreetmap.org/20/880132/489616.png:0
[ 2359638ms] [ERROR] [StudioCanvas] Map error: eJ @ https://navi-next.vercel.app/_next/static/chunks/34tyyp27gcaxu.js:0
[ 2359638ms] [ERROR] Access to fetch at 'https://tile.openstreetmap.org/20/880134/489618.png' from origin 'https://navi-next.vercel.app' has been blocked by CORS policy: No 'Access-Control-Allow-Origin' header is present on the requested resource. @ https://navi-next.vercel.app/studio/map-1782480639497-sb96j/edit:0
[ 2359638ms] [ERROR] Failed to load resource: net::ERR_FAILED @ https://tile.openstreetmap.org/20/880134/489618.png:0
[ 2359638ms] [ERROR] [StudioCanvas] Map error: eJ @ https://navi-next.vercel.app/_next/static/chunks/34tyyp27gcaxu.js:0
[ 2361643ms] [ERROR] Access to fetch at 'https://tile.openstreetmap.org/20/880134/489616.png' from origin 'https://navi-next.vercel.app' has been blocked by CORS policy: No 'Access-Control-Allow-Origin' header is present on the requested resource. @ https://navi-next.vercel.app/studio/map-1782480639497-sb96j/edit:0
[ 2361643ms] [ERROR] Failed to load resource: net::ERR_FAILED @ https://tile.openstreetmap.org/20/880134/489616.png:0
[ 2361644ms] [ERROR] [StudioCanvas] Map error: eJ @ https://navi-next.vercel.app/_next/static/chunks/34tyyp27gcaxu.js:0
[ 2361647ms] [ERROR] Access to fetch at 'https://tile.openstreetmap.org/20/880133/489619.png' from origin 'https://navi-next.vercel.app' has been blocked by CORS policy: No 'Access-Control-Allow-Origin' header is present on the requested resource. @ https://navi-next.vercel.app/studio/map-1782480639497-sb96j/edit:0
[ 2361647ms] [ERROR] Failed to load resource: net::ERR_FAILED @ https://tile.openstreetmap.org/20/880133/489619.png:0
[ 2361647ms] [ERROR] [StudioCanvas] Map error: eJ @ https://navi-next.vercel.app/_next/static/chunks/34tyyp27gcaxu.js:0
[ 2361648ms] [ERROR] Access to fetch at 'https://tile.openstreetmap.org/20/880131/489617.png' from origin 'https://navi-next.vercel.app' has been blocked by CORS policy: No 'Access-Control-Allow-Origin' header is present on the requested resource. @ https://navi-next.vercel.app/studio/map-1782480639497-sb96j/edit:0
[ 2361648ms] [ERROR] Failed to load resource: net::ERR_FAILED @ https://tile.openstreetmap.org/20/880131/489617.png:0
[ 2361648ms] [ERROR] [StudioCanvas] Map error: eJ @ https://navi-next.vercel.app/_next/static/chunks/34tyyp27gcaxu.js:0
[ 2361648ms] [ERROR] Access to fetch at 'https://tile.openstreetmap.org/20/880135/489617.png' from origin 'https://navi-next.vercel.app' has been blocked by CORS policy: No 'Access-Control-Allow-Origin' header is present on the requested resource. @ https://navi-next.vercel.app/studio/map-1782480639497-sb96j/edit:0
[ 2361648ms] [ERROR] Failed to load resource: net::ERR_FAILED @ https://tile.openstreetmap.org/20/880135/489617.png:0
[ 2361648ms] [ERROR] [StudioCanvas] Map error: eJ @ https://navi-next.vercel.app/_next/static/chunks/34tyyp27gcaxu.js:0
[ 2361648ms] [ERROR] Access to fetch at 'https://tile.openstreetmap.org/20/880131/489618.png' from origin 'https://navi-next.vercel.app' has been blocked by CORS policy: No 'Access-Control-Allow-Origin' header is present on the requested resource. @ https://navi-next.vercel.app/studio/map-1782480639497-sb96j/edit:0
[ 2361648ms] [ERROR] Failed to load resource: net::ERR_FAILED @ https://tile.openstreetmap.org/20/880131/489618.png:0
[ 2361648ms] [ERROR] [StudioCanvas] Map error: eJ @ https://navi-next.vercel.app/_next/static/chunks/34tyyp27gcaxu.js:0
[ 2361648ms] [ERROR] Access to fetch at 'https://tile.openstreetmap.org/20/880132/489619.png' from origin 'https://navi-next.vercel.app' has been blocked by CORS policy: No 'Access-Control-Allow-Origin' header is present on the requested resource. @ https://navi-next.vercel.app/studio/map-1782480639497-sb96j/edit:0
[ 2361648ms] [ERROR] Failed to load resource: net::ERR_FAILED @ https://tile.openstreetmap.org/20/880132/489619.png:0
[ 2361649ms] [ERROR] [StudioCanvas] Map error: eJ @ https://navi-next.vercel.app/_next/static/chunks/34tyyp27gcaxu.js:0
[ 2361649ms] [ERROR] Access to fetch at 'https://tile.openstreetmap.org/20/880134/489619.png' from origin 'https://navi-next.vercel.app' has been blocked by CORS policy: No 'Access-Control-Allow-Origin' header is present on the requested resource. @ https://navi-next.vercel.app/studio/map-1782480639497-sb96j/edit:0
[ 2361649ms] [ERROR] Failed to load resource: net::ERR_FAILED @ https://tile.openstreetmap.org/20/880134/489619.png:0
[ 2361649ms] [ERROR] [StudioCanvas] Map error: eJ @ https://navi-next.vercel.app/_next/static/chunks/34tyyp27gcaxu.js:0
[ 2361649ms] [ERROR] Access to fetch at 'https://tile.openstreetmap.org/20/880131/489616.png' from origin 'https://navi-next.vercel.app' has been blocked by CORS policy: No 'Access-Control-Allow-Origin' header is present on the requested resource. @ https://navi-next.vercel.app/studio/map-1782480639497-sb96j/edit:0
[ 2361649ms] [ERROR] Failed to load resource: net::ERR_FAILED @ https://tile.openstreetmap.org/20/880131/489616.png:0
[ 2361649ms] [ERROR] [StudioCanvas] Map error: eJ @ https://navi-next.vercel.app/_next/static/chunks/34tyyp27gcaxu.js:0
[ 2361649ms] [ERROR] Access to fetch at 'https://tile.openstreetmap.org/20/880135/489618.png' from origin 'https://navi-next.vercel.app' has been blocked by CORS policy: No 'Access-Control-Allow-Origin' header is present on the requested resource. @ https://navi-next.vercel.app/studio/map-1782480639497-sb96j/edit:0
[ 2361649ms] [ERROR] Failed to load resource: net::ERR_FAILED @ https://tile.openstreetmap.org/20/880135/489618.png:0
[ 2361649ms] [ERROR] [StudioCanvas] Map error: eJ @ https://navi-next.vercel.app/_next/static/chunks/34tyyp27gcaxu.js:0
[ 2361649ms] [ERROR] Access to fetch at 'https://tile.openstreetmap.org/20/880135/489616.png' from origin 'https://navi-next.vercel.app' has been blocked by CORS policy: No 'Access-Control-Allow-Origin' header is present on the requested resource. @ https://navi-next.vercel.app/studio/map-1782480639497-sb96j/edit:0
[ 2361649ms] [ERROR] Failed to load resource: net::ERR_FAILED @ https://tile.openstreetmap.org/20/880135/489616.png:0
[ 2361649ms] [ERROR] [StudioCanvas] Map error: eJ @ https://navi-next.vercel.app/_next/static/chunks/34tyyp27gcaxu.js:0
[ 2361650ms] [ERROR] Access to fetch at 'https://tile.openstreetmap.org/20/880135/489619.png' from origin 'https://navi-next.vercel.app' has been blocked by CORS policy: No 'Access-Control-Allow-Origin' header is present on the requested resource. @ https://navi-next.vercel.app/studio/map-1782480639497-sb96j/edit:0
[ 2361650ms] [ERROR] Failed to load resource: net::ERR_FAILED @ https://tile.openstreetmap.org/20/880135/489619.png:0
[ 2361650ms] [ERROR] [StudioCanvas] Map error: eJ @ https://navi-next.vercel.app/_next/static/chunks/34tyyp27gcaxu.js:0
[ 2361650ms] [ERROR] Access to fetch at 'https://tile.openstreetmap.org/20/880130/489617.png' from origin 'https://navi-next.vercel.app' has been blocked by CORS policy: No 'Access-Control-Allow-Origin' header is present on the requested resource. @ https://navi-next.vercel.app/studio/map-1782480639497-sb96j/edit:0
[ 2361650ms] [ERROR] Failed to load resource: net::ERR_FAILED @ https://tile.openstreetmap.org/20/880130/489617.png:0
[ 2361650ms] [ERROR] [StudioCanvas] Map error: eJ @ https://navi-next.vercel.app/_next/static/chunks/34tyyp27gcaxu.js:0
[ 2361650ms] [ERROR] Access to fetch at 'https://tile.openstreetmap.org/20/880130/489618.png' from origin 'https://navi-next.vercel.app' has been blocked by CORS policy: No 'Access-Control-Allow-Origin' header is present on the requested resource. @ https://navi-next.vercel.app/studio/map-1782480639497-sb96j/edit:0
[ 2361650ms] [ERROR] Failed to load resource: net::ERR_FAILED @ https://tile.openstreetmap.org/20/880130/489618.png:0
[ 2361650ms] [ERROR] [StudioCanvas] Map error: eJ @ https://navi-next.vercel.app/_next/static/chunks/34tyyp27gcaxu.js:0
[ 2361650ms] [ERROR] Access to fetch at 'https://tile.openstreetmap.org/20/880130/489616.png' from origin 'https://navi-next.vercel.app' has been blocked by CORS policy: No 'Access-Control-Allow-Origin' header is present on the requested resource. @ https://navi-next.vercel.app/studio/map-1782480639497-sb96j/edit:0
[ 2361650ms] [ERROR] Failed to load resource: net::ERR_FAILED @ https://tile.openstreetmap.org/20/880130/489616.png:0
[ 2361650ms] [ERROR] [StudioCanvas] Map error: eJ @ https://navi-next.vercel.app/_next/static/chunks/34tyyp27gcaxu.js:0
[ 2361651ms] [ERROR] Access to fetch at 'https://tile.openstreetmap.org/20/880131/489619.png' from origin 'https://navi-next.vercel.app' has been blocked by CORS policy: No 'Access-Control-Allow-Origin' header is present on the requested resource. @ https://navi-next.vercel.app/studio/map-1782480639497-sb96j/edit:0
[ 2361651ms] [ERROR] Failed to load resource: net::ERR_FAILED @ https://tile.openstreetmap.org/20/880131/489619.png:0
[ 2361651ms] [ERROR] [StudioCanvas] Map error: eJ @ https://navi-next.vercel.app/_next/static/chunks/34tyyp27gcaxu.js:0
[ 2361651ms] [ERROR] Access to fetch at 'https://tile.openstreetmap.org/20/880130/489619.png' from origin 'https://navi-next.vercel.app' has been blocked by CORS policy: No 'Access-Control-Allow-Origin' header is present on the requested resource. @ https://navi-next.vercel.app/studio/map-1782480639497-sb96j/edit:0
[ 2361651ms] [ERROR] Failed to load resource: net::ERR_FAILED @ https://tile.openstreetmap.org/20/880130/489619.png:0
[ 2361651ms] [ERROR] [StudioCanvas] Map error: eJ @ https://navi-next.vercel.app/_next/static/chunks/34tyyp27gcaxu.js:0
[ 2366096ms] [LOG] [StudioWorkspace] render {mapId: map-1782480639497-sb96j, editorMode: campus} @ https://navi-next.vercel.app/_next/static/chunks/34tyyp27gcaxu.js:0
[ 2366097ms] [LOG] [RightPanel] render {tool: select, editorMode: campus, activeBuildingId: null, buildingsCount: 1} @ https://navi-next.vercel.app/_next/static/chunks/34tyyp27gcaxu.js:0
[ 2366098ms] [LOG] [MetadataPanel] render {activeBuildingId: null, building: undefined} @ https://navi-next.vercel.app/_next/static/chunks/34tyyp27gcaxu.js:0
[ 2369636ms] [ERROR] Access to fetch at 'https://tile.openstreetmap.org/21/1760264/979237.png' from origin 'https://navi-next.vercel.app' has been blocked by CORS policy: No 'Access-Control-Allow-Origin' header is present on the requested resource. @ https://navi-next.vercel.app/studio/map-1782480639497-sb96j/edit:0
[ 2369636ms] [ERROR] Failed to load resource: net::ERR_FAILED @ https://tile.openstreetmap.org/21/1760264/979237.png:0
[ 2369636ms] [ERROR] [StudioCanvas] Map error: eJ @ https://navi-next.vercel.app/_next/static/chunks/34tyyp27gcaxu.js:0
[ 2369638ms] [ERROR] Access to fetch at 'https://tile.openstreetmap.org/21/1760263/979237.png' from origin 'https://navi-next.vercel.app' has been blocked by CORS policy: No 'Access-Control-Allow-Origin' header is present on the requested resource. @ https://navi-next.vercel.app/studio/map-1782480639497-sb96j/edit:0
[ 2369638ms] [ERROR] Failed to load resource: net::ERR_FAILED @ https://tile.openstreetmap.org/21/1760263/979237.png:0
[ 2369639ms] [ERROR] [StudioCanvas] Map error: eJ @ https://navi-next.vercel.app/_next/static/chunks/34tyyp27gcaxu.js:0
[ 2369639ms] [ERROR] Access to fetch at 'https://tile.openstreetmap.org/21/1760264/979236.png' from origin 'https://navi-next.vercel.app' has been blocked by CORS policy: No 'Access-Control-Allow-Origin' header is present on the requested resource. @ https://navi-next.vercel.app/studio/map-1782480639497-sb96j/edit:0
[ 2369639ms] [ERROR] Failed to load resource: net::ERR_FAILED @ https://tile.openstreetmap.org/21/1760264/979236.png:0
[ 2369639ms] [ERROR] [StudioCanvas] Map error: eJ @ https://navi-next.vercel.app/_next/static/chunks/34tyyp27gcaxu.js:0
[ 2369639ms] [ERROR] Access to fetch at 'https://tile.openstreetmap.org/21/1760263/979236.png' from origin 'https://navi-next.vercel.app' has been blocked by CORS policy: No 'Access-Control-Allow-Origin' header is present on the requested resource. @ https://navi-next.vercel.app/studio/map-1782480639497-sb96j/edit:0
[ 2369639ms] [ERROR] Failed to load resource: net::ERR_FAILED @ https://tile.openstreetmap.org/21/1760263/979236.png:0
[ 2369640ms] [ERROR] [StudioCanvas] Map error: eJ @ https://navi-next.vercel.app/_next/static/chunks/34tyyp27gcaxu.js:0
[ 2369640ms] [ERROR] Access to fetch at 'https://tile.openstreetmap.org/21/1760263/979238.png' from origin 'https://navi-next.vercel.app' has been blocked by CORS policy: No 'Access-Control-Allow-Origin' header is present on the requested resource. @ https://navi-next.vercel.app/studio/map-1782480639497-sb96j/edit:0
[ 2369640ms] [ERROR] Failed to load resource: net::ERR_FAILED @ https://tile.openstreetmap.org/21/1760263/979238.png:0
[ 2369640ms] [ERROR] [StudioCanvas] Map error: eJ @ https://navi-next.vercel.app/_next/static/chunks/34tyyp27gcaxu.js:0
[ 2369641ms] [ERROR] Access to fetch at 'https://tile.openstreetmap.org/21/1760265/979237.png' from origin 'https://navi-next.vercel.app' has been blocked by CORS policy: No 'Access-Control-Allow-Origin' header is present on the requested resource. @ https://navi-next.vercel.app/studio/map-1782480639497-sb96j/edit:0
[ 2369641ms] [ERROR] Failed to load resource: net::ERR_FAILED @ https://tile.openstreetmap.org/21/1760265/979237.png:0
[ 2369641ms] [ERROR] [StudioCanvas] Map error: eJ @ https://navi-next.vercel.app/_next/static/chunks/34tyyp27gcaxu.js:0
[ 2369642ms] [ERROR] Access to fetch at 'https://tile.openstreetmap.org/21/1760262/979237.png' from origin 'https://navi-next.vercel.app' has been blocked by CORS policy: No 'Access-Control-Allow-Origin' header is present on the requested resource. @ https://navi-next.vercel.app/studio/map-1782480639497-sb96j/edit:0
[ 2369642ms] [ERROR] Failed to load resource: net::ERR_FAILED @ https://tile.openstreetmap.org/21/1760262/979237.png:0
[ 2369642ms] [ERROR] [StudioCanvas] Map error: eJ @ https://navi-next.vercel.app/_next/static/chunks/34tyyp27gcaxu.js:0
[ 2369642ms] [ERROR] Access to fetch at 'https://tile.openstreetmap.org/21/1760264/979238.png' from origin 'https://navi-next.vercel.app' has been blocked by CORS policy: No 'Access-Control-Allow-Origin' header is present on the requested resource. @ https://navi-next.vercel.app/studio/map-1782480639497-sb96j/edit:0
[ 2369642ms] [ERROR] Failed to load resource: net::ERR_FAILED @ https://tile.openstreetmap.org/21/1760264/979238.png:0
[ 2369643ms] [ERROR] [StudioCanvas] Map error: eJ @ https://navi-next.vercel.app/_next/static/chunks/34tyyp27gcaxu.js:0
[ 2371645ms] [ERROR] Access to fetch at 'https://tile.openstreetmap.org/21/1760265/979236.png' from origin 'https://navi-next.vercel.app' has been blocked by CORS policy: No 'Access-Control-Allow-Origin' header is present on the requested resource. @ https://navi-next.vercel.app/studio/map-1782480639497-sb96j/edit:0
[ 2371645ms] [ERROR] Failed to load resource: net::ERR_FAILED @ https://tile.openstreetmap.org/21/1760265/979236.png:0
[ 2371646ms] [ERROR] [StudioCanvas] Map error: eJ @ https://navi-next.vercel.app/_next/static/chunks/34tyyp27gcaxu.js:0
[ 2371648ms] [ERROR] Access to fetch at 'https://tile.openstreetmap.org/21/1760262/979236.png' from origin 'https://navi-next.vercel.app' has been blocked by CORS policy: No 'Access-Control-Allow-Origin' header is present on the requested resource. @ https://navi-next.vercel.app/studio/map-1782480639497-sb96j/edit:0
[ 2371648ms] [ERROR] Failed to load resource: net::ERR_FAILED @ https://tile.openstreetmap.org/21/1760262/979236.png:0
[ 2371648ms] [ERROR] [StudioCanvas] Map error: eJ @ https://navi-next.vercel.app/_next/static/chunks/34tyyp27gcaxu.js:0
[ 2371649ms] [ERROR] Access to fetch at 'https://tile.openstreetmap.org/21/1760265/979238.png' from origin 'https://navi-next.vercel.app' has been blocked by CORS policy: No 'Access-Control-Allow-Origin' header is present on the requested resource. @ https://navi-next.vercel.app/studio/map-1782480639497-sb96j/edit:0
[ 2371649ms] [ERROR] Failed to load resource: net::ERR_FAILED @ https://tile.openstreetmap.org/21/1760265/979238.png:0
[ 2371649ms] [ERROR] [StudioCanvas] Map error: eJ @ https://navi-next.vercel.app/_next/static/chunks/34tyyp27gcaxu.js:0
[ 2371650ms] [ERROR] Access to fetch at 'https://tile.openstreetmap.org/21/1760262/979238.png' from origin 'https://navi-next.vercel.app' has been blocked by CORS policy: No 'Access-Control-Allow-Origin' header is present on the requested resource. @ https://navi-next.vercel.app/studio/map-1782480639497-sb96j/edit:0
[ 2371650ms] [ERROR] Failed to load resource: net::ERR_FAILED @ https://tile.openstreetmap.org/21/1760262/979238.png:0
[ 2371650ms] [ERROR] [StudioCanvas] Map error: eJ @ https://navi-next.vercel.app/_next/static/chunks/34tyyp27gcaxu.js:0
[ 2371650ms] [ERROR] Access to fetch at 'https://tile.openstreetmap.org/21/1760264/979235.png' from origin 'https://navi-next.vercel.app' has been blocked by CORS policy: No 'Access-Control-Allow-Origin' header is present on the requested resource. @ https://navi-next.vercel.app/studio/map-1782480639497-sb96j/edit:0
[ 2371650ms] [ERROR] Failed to load resource: net::ERR_FAILED @ https://tile.openstreetmap.org/21/1760264/979235.png:0
[ 2371650ms] [ERROR] [StudioCanvas] Map error: eJ @ https://navi-next.vercel.app/_next/static/chunks/34tyyp27gcaxu.js:0
[ 2371650ms] [ERROR] Access to fetch at 'https://tile.openstreetmap.org/21/1760263/979235.png' from origin 'https://navi-next.vercel.app' has been blocked by CORS policy: No 'Access-Control-Allow-Origin' header is present on the requested resource. @ https://navi-next.vercel.app/studio/map-1782480639497-sb96j/edit:0
[ 2371650ms] [ERROR] Failed to load resource: net::ERR_FAILED @ https://tile.openstreetmap.org/21/1760263/979235.png:0
[ 2371650ms] [ERROR] [StudioCanvas] Map error: eJ @ https://navi-next.vercel.app/_next/static/chunks/34tyyp27gcaxu.js:0
[ 2371651ms] [ERROR] Access to fetch at 'https://tile.openstreetmap.org/21/1760265/979235.png' from origin 'https://navi-next.vercel.app' has been blocked by CORS policy: No 'Access-Control-Allow-Origin' header is present on the requested resource. @ https://navi-next.vercel.app/studio/map-1782480639497-sb96j/edit:0
[ 2371651ms] [ERROR] Failed to load resource: net::ERR_FAILED @ https://tile.openstreetmap.org/21/1760265/979235.png:0
[ 2371651ms] [ERROR] [StudioCanvas] Map error: eJ @ https://navi-next.vercel.app/_next/static/chunks/34tyyp27gcaxu.js:0
[ 2371651ms] [ERROR] Access to fetch at 'https://tile.openstreetmap.org/21/1760262/979235.png' from origin 'https://navi-next.vercel.app' has been blocked by CORS policy: No 'Access-Control-Allow-Origin' header is present on the requested resource. @ https://navi-next.vercel.app/studio/map-1782480639497-sb96j/edit:0
[ 2371651ms] [ERROR] Failed to load resource: net::ERR_FAILED @ https://tile.openstreetmap.org/21/1760262/979235.png:0
[ 2371651ms] [ERROR] [StudioCanvas] Map error: eJ @ https://navi-next.vercel.app/_next/static/chunks/34tyyp27gcaxu.js:0
[ 2371651ms] [ERROR] Access to fetch at 'https://tile.openstreetmap.org/21/1760261/979237.png' from origin 'https://navi-next.vercel.app' has been blocked by CORS policy: No 'Access-Control-Allow-Origin' header is present on the requested resource. @ https://navi-next.vercel.app/studio/map-1782480639497-sb96j/edit:0
[ 2371651ms] [ERROR] Failed to load resource: net::ERR_FAILED @ https://tile.openstreetmap.org/21/1760261/979237.png:0
[ 2371651ms] [ERROR] [StudioCanvas] Map error: eJ @ https://navi-next.vercel.app/_next/static/chunks/34tyyp27gcaxu.js:0
[ 2371652ms] [ERROR] Access to fetch at 'https://tile.openstreetmap.org/21/1760261/979236.png' from origin 'https://navi-next.vercel.app' has been blocked by CORS policy: No 'Access-Control-Allow-Origin' header is present on the requested resource. @ https://navi-next.vercel.app/studio/map-1782480639497-sb96j/edit:0
[ 2371652ms] [ERROR] Failed to load resource: net::ERR_FAILED @ https://tile.openstreetmap.org/21/1760261/979236.png:0
[ 2371652ms] [ERROR] [StudioCanvas] Map error: eJ @ https://navi-next.vercel.app/_next/static/chunks/34tyyp27gcaxu.js:0
[ 2374640ms] [ERROR] Access to fetch at 'https://tile.openstreetmap.org/20/880131/489618.png' from origin 'https://navi-next.vercel.app' has been blocked by CORS policy: No 'Access-Control-Allow-Origin' header is present on the requested resource. @ https://navi-next.vercel.app/studio/map-1782480639497-sb96j/edit:0
[ 2374640ms] [ERROR] Failed to load resource: net::ERR_FAILED @ https://tile.openstreetmap.org/20/880131/489618.png:0
[ 2374642ms] [ERROR] [StudioCanvas] Map error: eJ @ https://navi-next.vercel.app/_next/static/chunks/34tyyp27gcaxu.js:0
[ 2374643ms] [ERROR] Access to fetch at 'https://tile.openstreetmap.org/20/880132/489618.png' from origin 'https://navi-next.vercel.app' has been blocked by CORS policy: No 'Access-Control-Allow-Origin' header is present on the requested resource. @ https://navi-next.vercel.app/studio/map-1782480639497-sb96j/edit:0
[ 2374643ms] [ERROR] Failed to load resource: net::ERR_FAILED @ https://tile.openstreetmap.org/20/880132/489618.png:0
[ 2374643ms] [ERROR] [StudioCanvas] Map error: eJ @ https://navi-next.vercel.app/_next/static/chunks/34tyyp27gcaxu.js:0
[ 2374643ms] [ERROR] Access to fetch at 'https://tile.openstreetmap.org/20/880131/489619.png' from origin 'https://navi-next.vercel.app' has been blocked by CORS policy: No 'Access-Control-Allow-Origin' header is present on the requested resource. @ https://navi-next.vercel.app/studio/map-1782480639497-sb96j/edit:0
[ 2374643ms] [ERROR] Failed to load resource: net::ERR_FAILED @ https://tile.openstreetmap.org/20/880131/489619.png:0
[ 2374644ms] [ERROR] [StudioCanvas] Map error: eJ @ https://navi-next.vercel.app/_next/static/chunks/34tyyp27gcaxu.js:0
[ 2374644ms] [ERROR] Access to fetch at 'https://tile.openstreetmap.org/20/880132/489619.png' from origin 'https://navi-next.vercel.app' has been blocked by CORS policy: No 'Access-Control-Allow-Origin' header is present on the requested resource. @ https://navi-next.vercel.app/studio/map-1782480639497-sb96j/edit:0
[ 2374644ms] [ERROR] Failed to load resource: net::ERR_FAILED @ https://tile.openstreetmap.org/20/880132/489619.png:0
[ 2374644ms] [ERROR] [StudioCanvas] Map error: eJ @ https://navi-next.vercel.app/_next/static/chunks/34tyyp27gcaxu.js:0
[ 2374644ms] [ERROR] Access to fetch at 'https://tile.openstreetmap.org/20/880131/489617.png' from origin 'https://navi-next.vercel.app' has been blocked by CORS policy: No 'Access-Control-Allow-Origin' header is present on the requested resource. @ https://navi-next.vercel.app/studio/map-1782480639497-sb96j/edit:0
[ 2374644ms] [ERROR] Failed to load resource: net::ERR_FAILED @ https://tile.openstreetmap.org/20/880131/489617.png:0
[ 2374645ms] [ERROR] [StudioCanvas] Map error: eJ @ https://navi-next.vercel.app/_next/static/chunks/34tyyp27gcaxu.js:0
[ 2374645ms] [ERROR] Access to fetch at 'https://tile.openstreetmap.org/20/880130/489618.png' from origin 'https://navi-next.vercel.app' has been blocked by CORS policy: No 'Access-Control-Allow-Origin' header is present on the requested resource. @ https://navi-next.vercel.app/studio/map-1782480639497-sb96j/edit:0
[ 2374645ms] [ERROR] Failed to load resource: net::ERR_FAILED @ https://tile.openstreetmap.org/20/880130/489618.png:0
[ 2374645ms] [ERROR] [StudioCanvas] Map error: eJ @ https://navi-next.vercel.app/_next/static/chunks/34tyyp27gcaxu.js:0
[ 2374645ms] [ERROR] Access to fetch at 'https://tile.openstreetmap.org/20/880130/489619.png' from origin 'https://navi-next.vercel.app' has been blocked by CORS policy: No 'Access-Control-Allow-Origin' header is present on the requested resource. @ https://navi-next.vercel.app/studio/map-1782480639497-sb96j/edit:0
[ 2374646ms] [ERROR] Failed to load resource: net::ERR_FAILED @ https://tile.openstreetmap.org/20/880130/489619.png:0
[ 2374646ms] [ERROR] [StudioCanvas] Map error: eJ @ https://navi-next.vercel.app/_next/static/chunks/34tyyp27gcaxu.js:0
[ 2374646ms] [ERROR] Access to fetch at 'https://tile.openstreetmap.org/20/880132/489617.png' from origin 'https://navi-next.vercel.app' has been blocked by CORS policy: No 'Access-Control-Allow-Origin' header is present on the requested resource. @ https://navi-next.vercel.app/studio/map-1782480639497-sb96j/edit:0
[ 2374646ms] [ERROR] Failed to load resource: net::ERR_FAILED @ https://tile.openstreetmap.org/20/880132/489617.png:0
[ 2374646ms] [ERROR] [StudioCanvas] Map error: eJ @ https://navi-next.vercel.app/_next/static/chunks/34tyyp27gcaxu.js:0
[ 2395645ms] [ERROR] Access to fetch at 'https://tile.openstreetmap.org/20/880132/489619.png' from origin 'https://navi-next.vercel.app' has been blocked by CORS policy: No 'Access-Control-Allow-Origin' header is present on the requested resource. @ https://navi-next.vercel.app/studio/map-1782480639497-sb96j/edit:0
[ 2395645ms] [ERROR] Failed to load resource: net::ERR_FAILED @ https://tile.openstreetmap.org/20/880132/489619.png:0
[ 2395646ms] [ERROR] [StudioCanvas] Map error: eJ @ https://navi-next.vercel.app/_next/static/chunks/34tyyp27gcaxu.js:0
[ 2395648ms] [ERROR] Access to fetch at 'https://tile.openstreetmap.org/20/880133/489618.png' from origin 'https://navi-next.vercel.app' has been blocked by CORS policy: No 'Access-Control-Allow-Origin' header is present on the requested resource. @ https://navi-next.vercel.app/studio/map-1782480639497-sb96j/edit:0
[ 2395648ms] [ERROR] Failed to load resource: net::ERR_FAILED @ https://tile.openstreetmap.org/20/880133/489618.png:0
[ 2395648ms] [ERROR] [StudioCanvas] Map error: eJ @ https://navi-next.vercel.app/_next/static/chunks/34tyyp27gcaxu.js:0
[ 2395648ms] [ERROR] Access to fetch at 'https://tile.openstreetmap.org/20/880133/489619.png' from origin 'https://navi-next.vercel.app' has been blocked by CORS policy: No 'Access-Control-Allow-Origin' header is present on the requested resource. @ https://navi-next.vercel.app/studio/map-1782480639497-sb96j/edit:0
[ 2395648ms] [ERROR] Failed to load resource: net::ERR_FAILED @ https://tile.openstreetmap.org/20/880133/489619.png:0
[ 2395649ms] [ERROR] [StudioCanvas] Map error: eJ @ https://navi-next.vercel.app/_next/static/chunks/34tyyp27gcaxu.js:0
[ 2395649ms] [ERROR] Access to fetch at 'https://tile.openstreetmap.org/20/880132/489618.png' from origin 'https://navi-next.vercel.app' has been blocked by CORS policy: No 'Access-Control-Allow-Origin' header is present on the requested resource. @ https://navi-next.vercel.app/studio/map-1782480639497-sb96j/edit:0
[ 2395649ms] [ERROR] Failed to load resource: net::ERR_FAILED @ https://tile.openstreetmap.org/20/880132/489618.png:0
[ 2395649ms] [ERROR] [StudioCanvas] Map error: eJ @ https://navi-next.vercel.app/_next/static/chunks/34tyyp27gcaxu.js:0
[ 2395649ms] [ERROR] Access to fetch at 'https://tile.openstreetmap.org/20/880134/489618.png' from origin 'https://navi-next.vercel.app' has been blocked by CORS policy: No 'Access-Control-Allow-Origin' header is present on the requested resource. @ https://navi-next.vercel.app/studio/map-1782480639497-sb96j/edit:0
[ 2395649ms] [ERROR] Failed to load resource: net::ERR_FAILED @ https://tile.openstreetmap.org/20/880134/489618.png:0
[ 2395650ms] [ERROR] [StudioCanvas] Map error: eJ @ https://navi-next.vercel.app/_next/static/chunks/34tyyp27gcaxu.js:0
[ 2395650ms] [ERROR] Access to fetch at 'https://tile.openstreetmap.org/20/880134/489619.png' from origin 'https://navi-next.vercel.app' has been blocked by CORS policy: No 'Access-Control-Allow-Origin' header is present on the requested resource. @ https://navi-next.vercel.app/studio/map-1782480639497-sb96j/edit:0
[ 2395650ms] [ERROR] Failed to load resource: net::ERR_FAILED @ https://tile.openstreetmap.org/20/880134/489619.png:0
[ 2395651ms] [ERROR] [StudioCanvas] Map error: eJ @ https://navi-next.vercel.app/_next/static/chunks/34tyyp27gcaxu.js:0
[ 2395651ms] [ERROR] Access to fetch at 'https://tile.openstreetmap.org/20/880132/489617.png' from origin 'https://navi-next.vercel.app' has been blocked by CORS policy: No 'Access-Control-Allow-Origin' header is present on the requested resource. @ https://navi-next.vercel.app/studio/map-1782480639497-sb96j/edit:0
[ 2395651ms] [ERROR] Failed to load resource: net::ERR_FAILED @ https://tile.openstreetmap.org/20/880132/489617.png:0
[ 2395651ms] [ERROR] [StudioCanvas] Map error: eJ @ https://navi-next.vercel.app/_next/static/chunks/34tyyp27gcaxu.js:0
[ 2395651ms] [ERROR] Access to fetch at 'https://tile.openstreetmap.org/20/880133/489617.png' from origin 'https://navi-next.vercel.app' has been blocked by CORS policy: No 'Access-Control-Allow-Origin' header is present on the requested resource. @ https://navi-next.vercel.app/studio/map-1782480639497-sb96j/edit:0
[ 2395651ms] [ERROR] Failed to load resource: net::ERR_FAILED @ https://tile.openstreetmap.org/20/880133/489617.png:0
[ 2395652ms] [ERROR] [StudioCanvas] Map error: eJ @ https://navi-next.vercel.app/_next/static/chunks/34tyyp27gcaxu.js:0
[ 2397654ms] [ERROR] Access to fetch at 'https://tile.openstreetmap.org/20/880133/489620.png' from origin 'https://navi-next.vercel.app' has been blocked by CORS policy: No 'Access-Control-Allow-Origin' header is present on the requested resource. @ https://navi-next.vercel.app/studio/map-1782480639497-sb96j/edit:0
[ 2397654ms] [ERROR] Failed to load resource: net::ERR_FAILED @ https://tile.openstreetmap.org/20/880133/489620.png:0
[ 2397656ms] [ERROR] [StudioCanvas] Map error: eJ @ https://navi-next.vercel.app/_next/static/chunks/34tyyp27gcaxu.js:0
[ 2397657ms] [ERROR] Access to fetch at 'https://tile.openstreetmap.org/20/880131/489618.png' from origin 'https://navi-next.vercel.app' has been blocked by CORS policy: No 'Access-Control-Allow-Origin' header is present on the requested resource. @ https://navi-next.vercel.app/studio/map-1782480639497-sb96j/edit:0
[ 2397657ms] [ERROR] Failed to load resource: net::ERR_FAILED @ https://tile.openstreetmap.org/20/880131/489618.png:0
[ 2397658ms] [ERROR] [StudioCanvas] Map error: eJ @ https://navi-next.vercel.app/_next/static/chunks/34tyyp27gcaxu.js:0
[ 2397659ms] [ERROR] Access to fetch at 'https://tile.openstreetmap.org/20/880132/489620.png' from origin 'https://navi-next.vercel.app' has been blocked by CORS policy: No 'Access-Control-Allow-Origin' header is present on the requested resource. @ https://navi-next.vercel.app/studio/map-1782480639497-sb96j/edit:0
[ 2397659ms] [ERROR] Failed to load resource: net::ERR_FAILED @ https://tile.openstreetmap.org/20/880132/489620.png:0
[ 2397660ms] [ERROR] [StudioCanvas] Map error: eJ @ https://navi-next.vercel.app/_next/static/chunks/34tyyp27gcaxu.js:0
[ 2397660ms] [ERROR] Access to fetch at 'https://tile.openstreetmap.org/20/880134/489617.png' from origin 'https://navi-next.vercel.app' has been blocked by CORS policy: No 'Access-Control-Allow-Origin' header is present on the requested resource. @ https://navi-next.vercel.app/studio/map-1782480639497-sb96j/edit:0
[ 2397660ms] [ERROR] Failed to load resource: net::ERR_FAILED @ https://tile.openstreetmap.org/20/880134/489617.png:0
[ 2397661ms] [ERROR] [StudioCanvas] Map error: eJ @ https://navi-next.vercel.app/_next/static/chunks/34tyyp27gcaxu.js:0
[ 2397661ms] [ERROR] Access to fetch at 'https://tile.openstreetmap.org/20/880131/489619.png' from origin 'https://navi-next.vercel.app' has been blocked by CORS policy: No 'Access-Control-Allow-Origin' header is present on the requested resource. @ https://navi-next.vercel.app/studio/map-1782480639497-sb96j/edit:0
[ 2397661ms] [ERROR] Failed to load resource: net::ERR_FAILED @ https://tile.openstreetmap.org/20/880131/489619.png:0
[ 2397661ms] [ERROR] [StudioCanvas] Map error: eJ @ https://navi-next.vercel.app/_next/static/chunks/34tyyp27gcaxu.js:0
[ 2397661ms] [ERROR] Access to fetch at 'https://tile.openstreetmap.org/20/880131/489617.png' from origin 'https://navi-next.vercel.app' has been blocked by CORS policy: No 'Access-Control-Allow-Origin' header is present on the requested resource. @ https://navi-next.vercel.app/studio/map-1782480639497-sb96j/edit:0
[ 2397661ms] [ERROR] Failed to load resource: net::ERR_FAILED @ https://tile.openstreetmap.org/20/880131/489617.png:0
[ 2397662ms] [ERROR] [StudioCanvas] Map error: eJ @ https://navi-next.vercel.app/_next/static/chunks/34tyyp27gcaxu.js:0
[ 2397662ms] [ERROR] Access to fetch at 'https://tile.openstreetmap.org/20/880134/489620.png' from origin 'https://navi-next.vercel.app' has been blocked by CORS policy: No 'Access-Control-Allow-Origin' header is present on the requested resource. @ https://navi-next.vercel.app/studio/map-1782480639497-sb96j/edit:0
[ 2397662ms] [ERROR] Failed to load resource: net::ERR_FAILED @ https://tile.openstreetmap.org/20/880134/489620.png:0
[ 2397662ms] [ERROR] [StudioCanvas] Map error: eJ @ https://navi-next.vercel.app/_next/static/chunks/34tyyp27gcaxu.js:0
[ 2397662ms] [ERROR] Access to fetch at 'https://tile.openstreetmap.org/20/880135/489618.png' from origin 'https://navi-next.vercel.app' has been blocked by CORS policy: No 'Access-Control-Allow-Origin' header is present on the requested resource. @ https://navi-next.vercel.app/studio/map-1782480639497-sb96j/edit:0
[ 2397662ms] [ERROR] Failed to load resource: net::ERR_FAILED @ https://tile.openstreetmap.org/20/880135/489618.png:0
[ 2397663ms] [ERROR] [StudioCanvas] Map error: eJ @ https://navi-next.vercel.app/_next/static/chunks/34tyyp27gcaxu.js:0
[ 2399646ms] [ERROR] Access to fetch at 'https://tile.openstreetmap.org/20/880135/489619.png' from origin 'https://navi-next.vercel.app' has been blocked by CORS policy: No 'Access-Control-Allow-Origin' header is present on the requested resource. @ https://navi-next.vercel.app/studio/map-1782480639497-sb96j/edit:0
[ 2399646ms] [ERROR] Failed to load resource: net::ERR_FAILED @ https://tile.openstreetmap.org/20/880135/489619.png:0
[ 2399647ms] [ERROR] [StudioCanvas] Map error: eJ @ https://navi-next.vercel.app/_next/static/chunks/34tyyp27gcaxu.js:0
[ 2399650ms] [ERROR] Access to fetch at 'https://tile.openstreetmap.org/20/880133/489616.png' from origin 'https://navi-next.vercel.app' has been blocked by CORS policy: No 'Access-Control-Allow-Origin' header is present on the requested resource. @ https://navi-next.vercel.app/studio/map-1782480639497-sb96j/edit:0
[ 2399650ms] [ERROR] Failed to load resource: net::ERR_FAILED @ https://tile.openstreetmap.org/20/880133/489616.png:0
[ 2399650ms] [ERROR] [StudioCanvas] Map error: eJ @ https://navi-next.vercel.app/_next/static/chunks/34tyyp27gcaxu.js:0
[ 2399650ms] [ERROR] Access to fetch at 'https://tile.openstreetmap.org/20/880131/489620.png' from origin 'https://navi-next.vercel.app' has been blocked by CORS policy: No 'Access-Control-Allow-Origin' header is present on the requested resource. @ https://navi-next.vercel.app/studio/map-1782480639497-sb96j/edit:0
[ 2399650ms] [ERROR] Failed to load resource: net::ERR_FAILED @ https://tile.openstreetmap.org/20/880131/489620.png:0
[ 2399650ms] [ERROR] [StudioCanvas] Map error: eJ @ https://navi-next.vercel.app/_next/static/chunks/34tyyp27gcaxu.js:0
[ 2399651ms] [ERROR] Access to fetch at 'https://tile.openstreetmap.org/20/880132/489616.png' from origin 'https://navi-next.vercel.app' has been blocked by CORS policy: No 'Access-Control-Allow-Origin' header is present on the requested resource. @ https://navi-next.vercel.app/studio/map-1782480639497-sb96j/edit:0
[ 2399651ms] [ERROR] Failed to load resource: net::ERR_FAILED @ https://tile.openstreetmap.org/20/880132/489616.png:0
[ 2399651ms] [ERROR] [StudioCanvas] Map error: eJ @ https://navi-next.vercel.app/_next/static/chunks/34tyyp27gcaxu.js:0
[ 2399651ms] [ERROR] Access to fetch at 'https://tile.openstreetmap.org/20/880134/489616.png' from origin 'https://navi-next.vercel.app' has been blocked by CORS policy: No 'Access-Control-Allow-Origin' header is present on the requested resource. @ https://navi-next.vercel.app/studio/map-1782480639497-sb96j/edit:0
[ 2399651ms] [ERROR] Failed to load resource: net::ERR_FAILED @ https://tile.openstreetmap.org/20/880134/489616.png:0
[ 2399652ms] [ERROR] [StudioCanvas] Map error: eJ @ https://navi-next.vercel.app/_next/static/chunks/34tyyp27gcaxu.js:0
[ 2399652ms] [ERROR] Access to fetch at 'https://tile.openstreetmap.org/20/880130/489618.png' from origin 'https://navi-next.vercel.app' has been blocked by CORS policy: No 'Access-Control-Allow-Origin' header is present on the requested resource. @ https://navi-next.vercel.app/studio/map-1782480639497-sb96j/edit:0
[ 2399652ms] [ERROR] Failed to load resource: net::ERR_FAILED @ https://tile.openstreetmap.org/20/880130/489618.png:0
[ 2399652ms] [ERROR] [StudioCanvas] Map error: eJ @ https://navi-next.vercel.app/_next/static/chunks/34tyyp27gcaxu.js:0
[ 2399652ms] [ERROR] Access to fetch at 'https://tile.openstreetmap.org/20/880135/489620.png' from origin 'https://navi-next.vercel.app' has been blocked by CORS policy: No 'Access-Control-Allow-Origin' header is present on the requested resource. @ https://navi-next.vercel.app/studio/map-1782480639497-sb96j/edit:0
[ 2399652ms] [ERROR] Failed to load resource: net::ERR_FAILED @ https://tile.openstreetmap.org/20/880135/489620.png:0
[ 2399653ms] [ERROR] [StudioCanvas] Map error: eJ @ https://navi-next.vercel.app/_next/static/chunks/34tyyp27gcaxu.js:0
[ 2399653ms] [ERROR] Access to fetch at 'https://tile.openstreetmap.org/20/880130/489617.png' from origin 'https://navi-next.vercel.app' has been blocked by CORS policy: No 'Access-Control-Allow-Origin' header is present on the requested resource. @ https://navi-next.vercel.app/studio/map-1782480639497-sb96j/edit:0
[ 2399653ms] [ERROR] Failed to load resource: net::ERR_FAILED @ https://tile.openstreetmap.org/20/880130/489617.png:0
[ 2399653ms] [ERROR] [StudioCanvas] Map error: eJ @ https://navi-next.vercel.app/_next/static/chunks/34tyyp27gcaxu.js:0
[ 2399653ms] [ERROR] Access to fetch at 'https://tile.openstreetmap.org/20/880136/489620.png' from origin 'https://navi-next.vercel.app' has been blocked by CORS policy: No 'Access-Control-Allow-Origin' header is present on the requested resource. @ https://navi-next.vercel.app/studio/map-1782480639497-sb96j/edit:0
[ 2399653ms] [ERROR] Failed to load resource: net::ERR_FAILED @ https://tile.openstreetmap.org/20/880136/489620.png:0
[ 2399654ms] [ERROR] [StudioCanvas] Map error: eJ @ https://navi-next.vercel.app/_next/static/chunks/34tyyp27gcaxu.js:0
[ 2399654ms] [ERROR] Access to fetch at 'https://tile.openstreetmap.org/20/880135/489617.png' from origin 'https://navi-next.vercel.app' has been blocked by CORS policy: No 'Access-Control-Allow-Origin' header is present on the requested resource. @ https://navi-next.vercel.app/studio/map-1782480639497-sb96j/edit:0
[ 2399654ms] [ERROR] Failed to load resource: net::ERR_FAILED @ https://tile.openstreetmap.org/20/880135/489617.png:0
[ 2399654ms] [ERROR] [StudioCanvas] Map error: eJ @ https://navi-next.vercel.app/_next/static/chunks/34tyyp27gcaxu.js:0
[ 2399654ms] [ERROR] Access to fetch at 'https://tile.openstreetmap.org/20/880136/489619.png' from origin 'https://navi-next.vercel.app' has been blocked by CORS policy: No 'Access-Control-Allow-Origin' header is present on the requested resource. @ https://navi-next.vercel.app/studio/map-1782480639497-sb96j/edit:0
[ 2399655ms] [ERROR] Failed to load resource: net::ERR_FAILED @ https://tile.openstreetmap.org/20/880136/489619.png:0
[ 2399655ms] [ERROR] [StudioCanvas] Map error: eJ @ https://navi-next.vercel.app/_next/static/chunks/34tyyp27gcaxu.js:0
[ 2401646ms] [ERROR] Access to fetch at 'https://tile.openstreetmap.org/20/880133/489621.png' from origin 'https://navi-next.vercel.app' has been blocked by CORS policy: No 'Access-Control-Allow-Origin' header is present on the requested resource. @ https://navi-next.vercel.app/studio/map-1782480639497-sb96j/edit:0
[ 2401646ms] [ERROR] Failed to load resource: net::ERR_FAILED @ https://tile.openstreetmap.org/20/880133/489621.png:0
[ 2401646ms] [ERROR] [StudioCanvas] Map error: eJ @ https://navi-next.vercel.app/_next/static/chunks/34tyyp27gcaxu.js:0
[ 2401648ms] [ERROR] Access to fetch at 'https://tile.openstreetmap.org/20/880131/489616.png' from origin 'https://navi-next.vercel.app' has been blocked by CORS policy: No 'Access-Control-Allow-Origin' header is present on the requested resource. @ https://navi-next.vercel.app/studio/map-1782480639497-sb96j/edit:0
[ 2401648ms] [ERROR] Failed to load resource: net::ERR_FAILED @ https://tile.openstreetmap.org/20/880131/489616.png:0
[ 2401648ms] [ERROR] [StudioCanvas] Map error: eJ @ https://navi-next.vercel.app/_next/static/chunks/34tyyp27gcaxu.js:0
[ 2401649ms] [ERROR] Access to fetch at 'https://tile.openstreetmap.org/20/880130/489616.png' from origin 'https://navi-next.vercel.app' has been blocked by CORS policy: No 'Access-Control-Allow-Origin' header is present on the requested resource. @ https://navi-next.vercel.app/studio/map-1782480639497-sb96j/edit:0
[ 2401649ms] [ERROR] Failed to load resource: net::ERR_FAILED @ https://tile.openstreetmap.org/20/880130/489616.png:0
[ 2401649ms] [ERROR] [StudioCanvas] Map error: eJ @ https://navi-next.vercel.app/_next/static/chunks/34tyyp27gcaxu.js:0
[ 2401649ms] [ERROR] Access to fetch at 'https://tile.openstreetmap.org/20/880134/489621.png' from origin 'https://navi-next.vercel.app' has been blocked by CORS policy: No 'Access-Control-Allow-Origin' header is present on the requested resource. @ https://navi-next.vercel.app/studio/map-1782480639497-sb96j/edit:0
[ 2401649ms] [ERROR] Failed to load resource: net::ERR_FAILED @ https://tile.openstreetmap.org/20/880134/489621.png:0
[ 2401650ms] [ERROR] [StudioCanvas] Map error: eJ @ https://navi-next.vercel.app/_next/static/chunks/34tyyp27gcaxu.js:0
[ 2401650ms] [ERROR] Access to fetch at 'https://tile.openstreetmap.org/20/880135/489621.png' from origin 'https://navi-next.vercel.app' has been blocked by CORS policy: No 'Access-Control-Allow-Origin' header is present on the requested resource. @ https://navi-next.vercel.app/studio/map-1782480639497-sb96j/edit:0
[ 2401650ms] [ERROR] Failed to load resource: net::ERR_FAILED @ https://tile.openstreetmap.org/20/880135/489621.png:0
[ 2401650ms] [ERROR] [StudioCanvas] Map error: eJ @ https://navi-next.vercel.app/_next/static/chunks/34tyyp27gcaxu.js:0
[ 2401651ms] [ERROR] Access to fetch at 'https://tile.openstreetmap.org/20/880131/489615.png' from origin 'https://navi-next.vercel.app' has been blocked by CORS policy: No 'Access-Control-Allow-Origin' header is present on the requested resource. @ https://navi-next.vercel.app/studio/map-1782480639497-sb96j/edit:0
[ 2401651ms] [ERROR] Failed to load resource: net::ERR_FAILED @ https://tile.openstreetmap.org/20/880131/489615.png:0
[ 2401651ms] [ERROR] [StudioCanvas] Map error: eJ @ https://navi-next.vercel.app/_next/static/chunks/34tyyp27gcaxu.js:0
[ 2401651ms] [ERROR] Access to fetch at 'https://tile.openstreetmap.org/20/880132/489615.png' from origin 'https://navi-next.vercel.app' has been blocked by CORS policy: No 'Access-Control-Allow-Origin' header is present on the requested resource. @ https://navi-next.vercel.app/studio/map-1782480639497-sb96j/edit:0
[ 2401651ms] [ERROR] Failed to load resource: net::ERR_FAILED @ https://tile.openstreetmap.org/20/880132/489615.png:0
[ 2401652ms] [ERROR] [StudioCanvas] Map error: eJ @ https://navi-next.vercel.app/_next/static/chunks/34tyyp27gcaxu.js:0
[ 2401652ms] [ERROR] Access to fetch at 'https://tile.openstreetmap.org/20/880136/489621.png' from origin 'https://navi-next.vercel.app' has been blocked by CORS policy: No 'Access-Control-Allow-Origin' header is present on the requested resource. @ https://navi-next.vercel.app/studio/map-1782480639497-sb96j/edit:0
[ 2401652ms] [ERROR] Failed to load resource: net::ERR_FAILED @ https://tile.openstreetmap.org/20/880136/489621.png:0
[ 2401652ms] [ERROR] [StudioCanvas] Map error: eJ @ https://navi-next.vercel.app/_next/static/chunks/34tyyp27gcaxu.js:0
[ 2403651ms] [ERROR] Access to fetch at 'https://tile.openstreetmap.org/20/880134/489622.png' from origin 'https://navi-next.vercel.app' has been blocked by CORS policy: No 'Access-Control-Allow-Origin' header is present on the requested resource. @ https://navi-next.vercel.app/studio/map-1782480639497-sb96j/edit:0
[ 2403651ms] [ERROR] Failed to load resource: net::ERR_FAILED @ https://tile.openstreetmap.org/20/880134/489622.png:0
[ 2403653ms] [ERROR] [StudioCanvas] Map error: eJ @ https://navi-next.vercel.app/_next/static/chunks/34tyyp27gcaxu.js:0
[ 2403655ms] [ERROR] Access to fetch at 'https://tile.openstreetmap.org/20/880136/489618.png' from origin 'https://navi-next.vercel.app' has been blocked by CORS policy: No 'Access-Control-Allow-Origin' header is present on the requested resource. @ https://navi-next.vercel.app/studio/map-1782480639497-sb96j/edit:0
[ 2403655ms] [ERROR] Failed to load resource: net::ERR_FAILED @ https://tile.openstreetmap.org/20/880136/489618.png:0
[ 2403655ms] [ERROR] [StudioCanvas] Map error: eJ @ https://navi-next.vercel.app/_next/static/chunks/34tyyp27gcaxu.js:0
[ 2403655ms] [ERROR] Access to fetch at 'https://tile.openstreetmap.org/20/880133/489615.png' from origin 'https://navi-next.vercel.app' has been blocked by CORS policy: No 'Access-Control-Allow-Origin' header is present on the requested resource. @ https://navi-next.vercel.app/studio/map-1782480639497-sb96j/edit:0
[ 2403655ms] [ERROR] Failed to load resource: net::ERR_FAILED @ https://tile.openstreetmap.org/20/880133/489615.png:0
[ 2403656ms] [ERROR] [StudioCanvas] Map error: eJ @ https://navi-next.vercel.app/_next/static/chunks/34tyyp27gcaxu.js:0
[ 2403656ms] [ERROR] Access to fetch at 'https://tile.openstreetmap.org/20/880137/489620.png' from origin 'https://navi-next.vercel.app' has been blocked by CORS policy: No 'Access-Control-Allow-Origin' header is present on the requested resource. @ https://navi-next.vercel.app/studio/map-1782480639497-sb96j/edit:0
[ 2403656ms] [ERROR] Failed to load resource: net::ERR_FAILED @ https://tile.openstreetmap.org/20/880137/489620.png:0
[ 2403656ms] [ERROR] [StudioCanvas] Map error: eJ @ https://navi-next.vercel.app/_next/static/chunks/34tyyp27gcaxu.js:0
[ 2403657ms] [ERROR] Access to fetch at 'https://tile.openstreetmap.org/20/880137/489619.png' from origin 'https://navi-next.vercel.app' has been blocked by CORS policy: No 'Access-Control-Allow-Origin' header is present on the requested resource. @ https://navi-next.vercel.app/studio/map-1782480639497-sb96j/edit:0
[ 2403657ms] [ERROR] Failed to load resource: net::ERR_FAILED @ https://tile.openstreetmap.org/20/880137/489619.png:0
[ 2403657ms] [ERROR] [StudioCanvas] Map error: eJ @ https://navi-next.vercel.app/_next/static/chunks/34tyyp27gcaxu.js:0
[ 2403657ms] [ERROR] Access to fetch at 'https://tile.openstreetmap.org/20/880130/489619.png' from origin 'https://navi-next.vercel.app' has been blocked by CORS policy: No 'Access-Control-Allow-Origin' header is present on the requested resource. @ https://navi-next.vercel.app/studio/map-1782480639497-sb96j/edit:0
[ 2403657ms] [ERROR] Failed to load resource: net::ERR_FAILED @ https://tile.openstreetmap.org/20/880130/489619.png:0
[ 2403658ms] [ERROR] [StudioCanvas] Map error: eJ @ https://navi-next.vercel.app/_next/static/chunks/34tyyp27gcaxu.js:0
[ 2403658ms] [ERROR] Access to fetch at 'https://tile.openstreetmap.org/20/880135/489616.png' from origin 'https://navi-next.vercel.app' has been blocked by CORS policy: No 'Access-Control-Allow-Origin' header is present on the requested resource. @ https://navi-next.vercel.app/studio/map-1782480639497-sb96j/edit:0
[ 2403658ms] [ERROR] Failed to load resource: net::ERR_FAILED @ https://tile.openstreetmap.org/20/880135/489616.png:0
[ 2403658ms] [ERROR] [StudioCanvas] Map error: eJ @ https://navi-next.vercel.app/_next/static/chunks/34tyyp27gcaxu.js:0
[ 2403658ms] [ERROR] Access to fetch at 'https://tile.openstreetmap.org/20/880132/489614.png' from origin 'https://navi-next.vercel.app' has been blocked by CORS policy: No 'Access-Control-Allow-Origin' header is present on the requested resource. @ https://navi-next.vercel.app/studio/map-1782480639497-sb96j/edit:0
[ 2403658ms] [ERROR] Failed to load resource: net::ERR_FAILED @ https://tile.openstreetmap.org/20/880132/489614.png:0
[ 2403659ms] [ERROR] [StudioCanvas] Map error: eJ @ https://navi-next.vercel.app/_next/static/chunks/34tyyp27gcaxu.js:0
