[     126ms] [LOG] [Fast Refresh] rebuilding @ http://localhost:3000/_next/static/chunks/node_modules_next_dist_1ybzpk2._.js:2477
[     281ms] [LOG] [Fast Refresh] done in 266ms @ http://localhost:3000/_next/static/chunks/node_modules_next_dist_1ybzpk2._.js:2477
[     401ms] [INFO] %cDownload the React DevTools for a better development experience: https://react.dev/link/react-devtools font-weight:bold @ http://localhost:3000/_next/static/chunks/node_modules_next_dist_1ybzpk2._.js:2477
[     502ms] [LOG] [HMR] connected @ http://localhost:3000/_next/static/chunks/node_modules_next_dist_1ybzpk2._.js:2477
[    3568ms] [ERROR] Error: Cannot remove non-existing layer "navi-building-fill".
    at ki.removeLayer (http://localhost:3000/_next/static/chunks/node_modules_maplibre-gl_dist_maplibre-gl_1w0u9x2.js:29738:55)
    at ds.removeLayer (http://localhost:3000/_next/static/chunks/node_modules_maplibre-gl_dist_maplibre-gl_1w0u9x2.js:35984:35)
    at EntityRenderer.destroy (http://localhost:3000/_next/static/chunks/packages_109lp4s._.js:15141:26)
    at EntityRendererBridge.useEffect (http://localhost:3000/_next/static/chunks/src_1x3tb97._.js:7224:30)
    at Object.react_stack_bottom_frame (http://localhost:3000/_next/static/chunks/node_modules_next_dist_compiled_react-dom_096_9a-._.js:15093:17)
    at runWithFiberInDEV (http://localhost:3000/_next/static/chunks/node_modules_next_dist_compiled_react-dom_096_9a-._.js:965:74)
    at commitHookEffectListUnmount (http://localhost:3000/_next/static/chunks/node_modules_next_dist_compiled_react-dom_096_9a-._.js:7280:166)
    at commitHookPassiveUnmountEffects (http://localhost:3000/_next/static/chunks/node_modules_next_dist_compiled_react-dom_096_9a-._.js:7293:60)
    at disconnectPassiveEffect (http://localhost:3000/_next/static/chunks/node_modules_next_dist_compiled_react-dom_096_9a-._.js:8934:17)
    at doubleInvokeEffectsOnFiber (http://localhost:3000/_next/static/chunks/node_modules_next_dist_compiled_react-dom_096_9a-._.js:10117:44)
    at runWithFiberInDEV (http://localhost:3000/_next/static/chunks/node_modules_next_dist_compiled_react-dom_096_9a-._.js:965:74)
    at recursivelyTraverseAndDoubleInvokeEffectsInDEV (http://localhost:3000/_next/static/chunks/node_modules_next_dist_compiled_react-dom_096_9a-._.js:10110:79)
    at recursivelyTraverseAndDoubleInvokeEffectsInDEV (http://localhost:3000/_next/static/chunks/node_modules_next_dist_compiled_react-dom_096_9a-._.js:10110:147)
    at recursivelyTraverseAndDoubleInvokeEffectsInDEV (http://localhost:3000/_next/static/chunks/node_modules_next_dist_compiled_react-dom_096_9a-._.js:10110:147)
    at recursivelyTraverseAndDoubleInvokeEffectsInDEV (http://localhost:3000/_next/static/chunks/node_modules_next_dist_compiled_react-dom_096_9a-._.js:10110:147)
    at recursivelyTraverseAndDoubleInvokeEffectsInDEV (http://localhost:3000/_next/static/chunks/node_modules_next_dist_compiled_react-dom_096_9a-._.js:10110:147)
    at recursivelyTraverseAndDoubleInvokeEffectsInDEV (http://localhost:3000/_next/static/chunks/node_modules_next_dist_compiled_react-dom_096_9a-._.js:10110:147)
    at recursivelyTraverseAndDoubleInvokeEffectsInDEV (http://localhost:3000/_next/static/chunks/node_modules_next_dist_compiled_react-dom_096_9a-._.js:10110:147)
    at recursivelyTraverseAndDoubleInvokeEffectsInDEV (http://localhost:3000/_next/static/chunks/node_modules_next_dist_compiled_react-dom_096_9a-._.js:10110:147)
    at recursivelyTraverseAndDoubleInvokeEffectsInDEV (http://localhost:3000/_next/static/chunks/node_modules_next_dist_compiled_react-dom_096_9a-._.js:10110:147)
    at recursivelyTraverseAndDoubleInvokeEffectsInDEV (http://localhost:3000/_next/static/chunks/node_modules_next_dist_compiled_react-dom_096_9a-._.js:10110:147)
    at recursivelyTraverseAndDoubleInvokeEffectsInDEV (http://localhost:3000/_next/static/chunks/node_modules_next_dist_compiled_react-dom_096_9a-._.js:10110:147)
    at recursivelyTraverseAndDoubleInvokeEffectsInDEV (http://localhost:3000/_next/static/chunks/node_modules_next_dist_compiled_react-dom_096_9a-._.js:10110:147)
    at recursivelyTraverseAndDoubleInvokeEffectsInDEV (http://localhost:3000/_next/static/chunks/node_modules_next_dist_compiled_react-dom_096_9a-._.js:10110:147)
    at recursivelyTraverseAndDoubleInvokeEffectsInDEV (http://localhost:3000/_next/static/chunks/node_modules_next_dist_compiled_react-dom_096_9a-._.js:10110:147)
    at recursivelyTraverseAndDoubleInvokeEffectsInDEV (http://localhost:3000/_next/static/chunks/node_modules_next_dist_compiled_react-dom_096_9a-._.js:10110:147)
    at recursivelyTraverseAndDoubleInvokeEffectsInDEV (http://localhost:3000/_next/static/chunks/node_modules_next_dist_compiled_react-dom_096_9a-._.js:10110:147)
    at recursivelyTraverseAndDoubleInvokeEffectsInDEV (http://localhost:3000/_next/static/chunks/node_modules_next_dist_compiled_react-dom_096_9a-._.js:10110:147)
    at recursivelyTraverseAndDoubleInvokeEffectsInDEV (http://localhost:3000/_next/static/chunks/node_modules_next_dist_compiled_react-dom_096_9a-._.js:10110:147)
    at recursivelyTraverseAndDoubleInvokeEffectsInDEV (http://localhost:3000/_next/static/chunks/node_modules_next_dist_compiled_react-dom_096_9a-._.js:10110:147)
    at recursivelyTraverseAndDoubleInvokeEffectsInDEV (http://localhost:3000/_next/static/chunks/node_modules_next_dist_compiled_react-dom_096_9a-._.js:10110:147)
    at recursivelyTraverseAndDoubleInvokeEffectsInDEV (http://localhost:3000/_next/static/chunks/node_modules_next_dist_compiled_react-dom_096_9a-._.js:10110:147)
    at recursivelyTraverseAndDoubleInvokeEffectsInDEV (http://localhost:3000/_next/static/chunks/node_modules_next_dist_compiled_react-dom_096_9a-._.js:10110:147)
    at recursivelyTraverseAndDoubleInvokeEffectsInDEV (http://localhost:3000/_next/static/chunks/node_modules_next_dist_compiled_react-dom_096_9a-._.js:10110:147)
    at recursivelyTraverseAndDoubleInvokeEffectsInDEV (http://localhost:3000/_next/static/chunks/node_modules_next_dist_compiled_react-dom_096_9a-._.js:10110:147)
    at recursivelyTraverseAndDoubleInvokeEffectsInDEV (http://localhost:3000/_next/static/chunks/node_modules_next_dist_compiled_react-dom_096_9a-._.js:10110:147)
    at recursivelyTraverseAndDoubleInvokeEffectsInDEV (http://localhost:3000/_next/static/chunks/node_modules_next_dist_compiled_react-dom_096_9a-._.js:10110:147)
    at recursivelyTraverseAndDoubleInvokeEffectsInDEV (http://localhost:3000/_next/static/chunks/node_modules_next_dist_compiled_react-dom_096_9a-._.js:10110:147)
    at recursivelyTraverseAndDoubleInvokeEffectsInDEV (http://localhost:3000/_next/static/chunks/node_modules_next_dist_compiled_react-dom_096_9a-._.js:10110:147)
    at recursivelyTraverseAndDoubleInvokeEffectsInDEV (http://localhost:3000/_next/static/chunks/node_modules_next_dist_compiled_react-dom_096_9a-._.js:10110:147)
    at recursivelyTraverseAndDoubleInvokeEffectsInDEV (http://localhost:3000/_next/static/chunks/node_modules_next_dist_compiled_react-dom_096_9a-._.js:10110:147)
    at recursivelyTraverseAndDoubleInvokeEffectsInDEV (http://localhost:3000/_next/static/chunks/node_modules_next_dist_compiled_react-dom_096_9a-._.js:10110:147)
    at recursivelyTraverseAndDoubleInvokeEffectsInDEV (http://localhost:3000/_next/static/chunks/node_modules_next_dist_compiled_react-dom_096_9a-._.js:10110:147)
    at recursivelyTraverseAndDoubleInvokeEffectsInDEV (http://localhost:3000/_next/static/chunks/node_modules_next_dist_compiled_react-dom_096_9a-._.js:10110:147)
    at recursivelyTraverseAndDoubleInvokeEffectsInDEV (http://localhost:3000/_next/static/chunks/node_modules_next_dist_compiled_react-dom_096_9a-._.js:10110:147)
    at recursivelyTraverseAndDoubleInvokeEffectsInDEV (http://localhost:3000/_next/static/chunks/node_modules_next_dist_compiled_react-dom_096_9a-._.js:10110:147)
    at recursivelyTraverseAndDoubleInvokeEffectsInDEV (http://localhost:3000/_next/static/chunks/node_modules_next_dist_compiled_react-dom_096_9a-._.js:10110:147)
    at recursivelyTraverseAndDoubleInvokeEffectsInDEV (http://localhost:3000/_next/static/chunks/node_modules_next_dist_compiled_react-dom_096_9a-._.js:10110:147)
    at recursivelyTraverseAndDoubleInvokeEffectsInDEV (http://localhost:3000/_next/static/chunks/node_modules_next_dist_compiled_react-dom_096_9a-._.js:10110:147)
    at recursivelyTraverseAndDoubleInvokeEffectsInDEV (http://localhost:3000/_next/static/chunks/node_modules_next_dist_compiled_react-dom_096_9a-._.js:10110:147) @ http://localhost:3000/_next/static/chunks/node_modules_next_dist_1ybzpk2._.js:3318
[    3569ms] [ERROR] Error: Cannot remove non-existing layer "navi-building-outline".
    at ki.removeLayer (http://localhost:3000/_next/static/chunks/node_modules_maplibre-gl_dist_maplibre-gl_1w0u9x2.js:29738:55)
    at ds.removeLayer (http://localhost:3000/_next/static/chunks/node_modules_maplibre-gl_dist_maplibre-gl_1w0u9x2.js:35984:35)
    at EntityRenderer.destroy (http://localhost:3000/_next/static/chunks/packages_109lp4s._.js:15141:26)
    at EntityRendererBridge.useEffect (http://localhost:3000/_next/static/chunks/src_1x3tb97._.js:7224:30)
    at Object.react_stack_bottom_frame (http://localhost:3000/_next/static/chunks/node_modules_next_dist_compiled_react-dom_096_9a-._.js:15093:17)
    at runWithFiberInDEV (http://localhost:3000/_next/static/chunks/node_modules_next_dist_compiled_react-dom_096_9a-._.js:965:74)
    at commitHookEffectListUnmount (http://localhost:3000/_next/static/chunks/node_modules_next_dist_compiled_react-dom_096_9a-._.js:7280:166)
    at commitHookPassiveUnmountEffects (http://localhost:3000/_next/static/chunks/node_modules_next_dist_compiled_react-dom_096_9a-._.js:7293:60)
    at disconnectPassiveEffect (http://localhost:3000/_next/static/chunks/node_modules_next_dist_compiled_react-dom_096_9a-._.js:8934:17)
    at doubleInvokeEffectsOnFiber (http://localhost:3000/_next/static/chunks/node_modules_next_dist_compiled_react-dom_096_9a-._.js:10117:44)
    at runWithFiberInDEV (http://localhost:3000/_next/static/chunks/node_modules_next_dist_compiled_react-dom_096_9a-._.js:965:74)
    at recursivelyTraverseAndDoubleInvokeEffectsInDEV (http://localhost:3000/_next/static/chunks/node_modules_next_dist_compiled_react-dom_096_9a-._.js:10110:79)
    at recursivelyTraverseAndDoubleInvokeEffectsInDEV (http://localhost:3000/_next/static/chunks/node_modules_next_dist_compiled_react-dom_096_9a-._.js:10110:147)
    at recursivelyTraverseAndDoubleInvokeEffectsInDEV (http://localhost:3000/_next/static/chunks/node_modules_next_dist_compiled_react-dom_096_9a-._.js:10110:147)
    at recursivelyTraverseAndDoubleInvokeEffectsInDEV (http://localhost:3000/_next/static/chunks/node_modules_next_dist_compiled_react-dom_096_9a-._.js:10110:147)
    at recursivelyTraverseAndDoubleInvokeEffectsInDEV (http://localhost:3000/_next/static/chunks/node_modules_next_dist_compiled_react-dom_096_9a-._.js:10110:147)
    at recursivelyTraverseAndDoubleInvokeEffectsInDEV (http://localhost:3000/_next/static/chunks/node_modules_next_dist_compiled_react-dom_096_9a-._.js:10110:147)
    at recursivelyTraverseAndDoubleInvokeEffectsInDEV (http://localhost:3000/_next/static/chunks/node_modules_next_dist_compiled_react-dom_096_9a-._.js:10110:147)
    at recursivelyTraverseAndDoubleInvokeEffectsInDEV (http://localhost:3000/_next/static/chunks/node_modules_next_dist_compiled_react-dom_096_9a-._.js:10110:147)
    at recursivelyTraverseAndDoubleInvokeEffectsInDEV (http://localhost:3000/_next/static/chunks/node_modules_next_dist_compiled_react-dom_096_9a-._.js:10110:147)
    at recursivelyTraverseAndDoubleInvokeEffectsInDEV (http://localhost:3000/_next/static/chunks/node_modules_next_dist_compiled_react-dom_096_9a-._.js:10110:147)
    at recursivelyTraverseAndDoubleInvokeEffectsInDEV (http://localhost:3000/_next/static/chunks/node_modules_next_dist_compiled_react-dom_096_9a-._.js:10110:147)
    at recursivelyTraverseAndDoubleInvokeEffectsInDEV (http://localhost:3000/_next/static/chunks/node_modules_next_dist_compiled_react-dom_096_9a-._.js:10110:147)
    at recursivelyTraverseAndDoubleInvokeEffectsInDEV (http://localhost:3000/_next/static/chunks/node_modules_next_dist_compiled_react-dom_096_9a-._.js:10110:147)
    at recursivelyTraverseAndDoubleInvokeEffectsInDEV (http://localhost:3000/_next/static/chunks/node_modules_next_dist_compiled_react-dom_096_9a-._.js:10110:147)
    at recursivelyTraverseAndDoubleInvokeEffectsInDEV (http://localhost:3000/_next/static/chunks/node_modules_next_dist_compiled_react-dom_096_9a-._.js:10110:147)
    at recursivelyTraverseAndDoubleInvokeEffectsInDEV (http://localhost:3000/_next/static/chunks/node_modules_next_dist_compiled_react-dom_096_9a-._.js:10110:147)
    at recursivelyTraverseAndDoubleInvokeEffectsInDEV (http://localhost:3000/_next/static/chunks/node_modules_next_dist_compiled_react-dom_096_9a-._.js:10110:147)
    at recursivelyTraverseAndDoubleInvokeEffectsInDEV (http://localhost:3000/_next/static/chunks/node_modules_next_dist_compiled_react-dom_096_9a-._.js:10110:147)
    at recursivelyTraverseAndDoubleInvokeEffectsInDEV (http://localhost:3000/_next/static/chunks/node_modules_next_dist_compiled_react-dom_096_9a-._.js:10110:147)
    at recursivelyTraverseAndDoubleInvokeEffectsInDEV (http://localhost:3000/_next/static/chunks/node_modules_next_dist_compiled_react-dom_096_9a-._.js:10110:147)
    at recursivelyTraverseAndDoubleInvokeEffectsInDEV (http://localhost:3000/_next/static/chunks/node_modules_next_dist_compiled_react-dom_096_9a-._.js:10110:147)
    at recursivelyTraverseAndDoubleInvokeEffectsInDEV (http://localhost:3000/_next/static/chunks/node_modules_next_dist_compiled_react-dom_096_9a-._.js:10110:147)
    at recursivelyTraverseAndDoubleInvokeEffectsInDEV (http://localhost:3000/_next/static/chunks/node_modules_next_dist_compiled_react-dom_096_9a-._.js:10110:147)
    at recursivelyTraverseAndDoubleInvokeEffectsInDEV (http://localhost:3000/_next/static/chunks/node_modules_next_dist_compiled_react-dom_096_9a-._.js:10110:147)
    at recursivelyTraverseAndDoubleInvokeEffectsInDEV (http://localhost:3000/_next/static/chunks/node_modules_next_dist_compiled_react-dom_096_9a-._.js:10110:147)
    at recursivelyTraverseAndDoubleInvokeEffectsInDEV (http://localhost:3000/_next/static/chunks/node_modules_next_dist_compiled_react-dom_096_9a-._.js:10110:147)
    at recursivelyTraverseAndDoubleInvokeEffectsInDEV (http://localhost:3000/_next/static/chunks/node_modules_next_dist_compiled_react-dom_096_9a-._.js:10110:147)
    at recursivelyTraverseAndDoubleInvokeEffectsInDEV (http://localhost:3000/_next/static/chunks/node_modules_next_dist_compiled_react-dom_096_9a-._.js:10110:147)
    at recursivelyTraverseAndDoubleInvokeEffectsInDEV (http://localhost:3000/_next/static/chunks/node_modules_next_dist_compiled_react-dom_096_9a-._.js:10110:147)
    at recursivelyTraverseAndDoubleInvokeEffectsInDEV (http://localhost:3000/_next/static/chunks/node_modules_next_dist_compiled_react-dom_096_9a-._.js:10110:147)
    at recursivelyTraverseAndDoubleInvokeEffectsInDEV (http://localhost:3000/_next/static/chunks/node_modules_next_dist_compiled_react-dom_096_9a-._.js:10110:147)
    at recursivelyTraverseAndDoubleInvokeEffectsInDEV (http://localhost:3000/_next/static/chunks/node_modules_next_dist_compiled_react-dom_096_9a-._.js:10110:147)
    at recursivelyTraverseAndDoubleInvokeEffectsInDEV (http://localhost:3000/_next/static/chunks/node_modules_next_dist_compiled_react-dom_096_9a-._.js:10110:147)
    at recursivelyTraverseAndDoubleInvokeEffectsInDEV (http://localhost:3000/_next/static/chunks/node_modules_next_dist_compiled_react-dom_096_9a-._.js:10110:147)
    at recursivelyTraverseAndDoubleInvokeEffectsInDEV (http://localhost:3000/_next/static/chunks/node_modules_next_dist_compiled_react-dom_096_9a-._.js:10110:147)
    at recursivelyTraverseAndDoubleInvokeEffectsInDEV (http://localhost:3000/_next/static/chunks/node_modules_next_dist_compiled_react-dom_096_9a-._.js:10110:147)
    at recursivelyTraverseAndDoubleInvokeEffectsInDEV (http://localhost:3000/_next/static/chunks/node_modules_next_dist_compiled_react-dom_096_9a-._.js:10110:147)
    at recursivelyTraverseAndDoubleInvokeEffectsInDEV (http://localhost:3000/_next/static/chunks/node_modules_next_dist_compiled_react-dom_096_9a-._.js:10110:147)
    at recursivelyTraverseAndDoubleInvokeEffectsInDEV (http://localhost:3000/_next/static/chunks/node_modules_next_dist_compiled_react-dom_096_9a-._.js:10110:147) @ http://localhost:3000/_next/static/chunks/node_modules_next_dist_1ybzpk2._.js:3318
[    3570ms] [ERROR] Error: Cannot remove non-existing layer "navi-room-fill".
    at ki.removeLayer (http://localhost:3000/_next/static/chunks/node_modules_maplibre-gl_dist_maplibre-gl_1w0u9x2.js:29738:55)
    at ds.removeLayer (http://localhost:3000/_next/static/chunks/node_modules_maplibre-gl_dist_maplibre-gl_1w0u9x2.js:35984:35)
    at EntityRenderer.destroy (http://localhost:3000/_next/static/chunks/packages_109lp4s._.js:15141:26)
    at EntityRendererBridge.useEffect (http://localhost:3000/_next/static/chunks/src_1x3tb97._.js:7224:30)
    at Object.react_stack_bottom_frame (http://localhost:3000/_next/static/chunks/node_modules_next_dist_compiled_react-dom_096_9a-._.js:15093:17)
    at runWithFiberInDEV (http://localhost:3000/_next/static/chunks/node_modules_next_dist_compiled_react-dom_096_9a-._.js:965:74)
    at commitHookEffectListUnmount (http://localhost:3000/_next/static/chunks/node_modules_next_dist_compiled_react-dom_096_9a-._.js:7280:166)
    at commitHookPassiveUnmountEffects (http://localhost:3000/_next/static/chunks/node_modules_next_dist_compiled_react-dom_096_9a-._.js:7293:60)
    at disconnectPassiveEffect (http://localhost:3000/_next/static/chunks/node_modules_next_dist_compiled_react-dom_096_9a-._.js:8934:17)
    at doubleInvokeEffectsOnFiber (http://localhost:3000/_next/static/chunks/node_modules_next_dist_compiled_react-dom_096_9a-._.js:10117:44)
    at runWithFiberInDEV (http://localhost:3000/_next/static/chunks/node_modules_next_dist_compiled_react-dom_096_9a-._.js:965:74)
    at recursivelyTraverseAndDoubleInvokeEffectsInDEV (http://localhost:3000/_next/static/chunks/node_modules_next_dist_compiled_react-dom_096_9a-._.js:10110:79)
    at recursivelyTraverseAndDoubleInvokeEffectsInDEV (http://localhost:3000/_next/static/chunks/node_modules_next_dist_compiled_react-dom_096_9a-._.js:10110:147)
    at recursivelyTraverseAndDoubleInvokeEffectsInDEV (http://localhost:3000/_next/static/chunks/node_modules_next_dist_compiled_react-dom_096_9a-._.js:10110:147)
    at recursivelyTraverseAndDoubleInvokeEffectsInDEV (http://localhost:3000/_next/static/chunks/node_modules_next_dist_compiled_react-dom_096_9a-._.js:10110:147)
    at recursivelyTraverseAndDoubleInvokeEffectsInDEV (http://localhost:3000/_next/static/chunks/node_modules_next_dist_compiled_react-dom_096_9a-._.js:10110:147)
    at recursivelyTraverseAndDoubleInvokeEffectsInDEV (http://localhost:3000/_next/static/chunks/node_modules_next_dist_compiled_react-dom_096_9a-._.js:10110:147)
    at recursivelyTraverseAndDoubleInvokeEffectsInDEV (http://localhost:3000/_next/static/chunks/node_modules_next_dist_compiled_react-dom_096_9a-._.js:10110:147)
    at recursivelyTraverseAndDoubleInvokeEffectsInDEV (http://localhost:3000/_next/static/chunks/node_modules_next_dist_compiled_react-dom_096_9a-._.js:10110:147)
    at recursivelyTraverseAndDoubleInvokeEffectsInDEV (http://localhost:3000/_next/static/chunks/node_modules_next_dist_compiled_react-dom_096_9a-._.js:10110:147)
    at recursivelyTraverseAndDoubleInvokeEffectsInDEV (http://localhost:3000/_next/static/chunks/node_modules_next_dist_compiled_react-dom_096_9a-._.js:10110:147)
    at recursivelyTraverseAndDoubleInvokeEffectsInDEV (http://localhost:3000/_next/static/chunks/node_modules_next_dist_compiled_react-dom_096_9a-._.js:10110:147)
    at recursivelyTraverseAndDoubleInvokeEffectsInDEV (http://localhost:3000/_next/static/chunks/node_modules_next_dist_compiled_react-dom_096_9a-._.js:10110:147)
    at recursivelyTraverseAndDoubleInvokeEffectsInDEV (http://localhost:3000/_next/static/chunks/node_modules_next_dist_compiled_react-dom_096_9a-._.js:10110:147)
    at recursivelyTraverseAndDoubleInvokeEffectsInDEV (http://localhost:3000/_next/static/chunks/node_modules_next_dist_compiled_react-dom_096_9a-._.js:10110:147)
    at recursivelyTraverseAndDoubleInvokeEffectsInDEV (http://localhost:3000/_next/static/chunks/node_modules_next_dist_compiled_react-dom_096_9a-._.js:10110:147)
    at recursivelyTraverseAndDoubleInvokeEffectsInDEV (http://localhost:3000/_next/static/chunks/node_modules_next_dist_compiled_react-dom_096_9a-._.js:10110:147)
    at recursivelyTraverseAndDoubleInvokeEffectsInDEV (http://localhost:3000/_next/static/chunks/node_modules_next_dist_compiled_react-dom_096_9a-._.js:10110:147)
    at recursivelyTraverseAndDoubleInvokeEffectsInDEV (http://localhost:3000/_next/static/chunks/node_modules_next_dist_compiled_react-dom_096_9a-._.js:10110:147)
    at recursivelyTraverseAndDoubleInvokeEffectsInDEV (http://localhost:3000/_next/static/chunks/node_modules_next_dist_compiled_react-dom_096_9a-._.js:10110:147)
    at recursivelyTraverseAndDoubleInvokeEffectsInDEV (http://localhost:3000/_next/static/chunks/node_modules_next_dist_compiled_react-dom_096_9a-._.js:10110:147)
    at recursivelyTraverseAndDoubleInvokeEffectsInDEV (http://localhost:3000/_next/static/chunks/node_modules_next_dist_compiled_react-dom_096_9a-._.js:10110:147)
    at recursivelyTraverseAndDoubleInvokeEffectsInDEV (http://localhost:3000/_next/static/chunks/node_modules_next_dist_compiled_react-dom_096_9a-._.js:10110:147)
    at recursivelyTraverseAndDoubleInvokeEffectsInDEV (http://localhost:3000/_next/static/chunks/node_modules_next_dist_compiled_react-dom_096_9a-._.js:10110:147)
    at recursivelyTraverseAndDoubleInvokeEffectsInDEV (http://localhost:3000/_next/static/chunks/node_modules_next_dist_compiled_react-dom_096_9a-._.js:10110:147)
    at recursivelyTraverseAndDoubleInvokeEffectsInDEV (http://localhost:3000/_next/static/chunks/node_modules_next_dist_compiled_react-dom_096_9a-._.js:10110:147)
    at recursivelyTraverseAndDoubleInvokeEffectsInDEV (http://localhost:3000/_next/static/chunks/node_modules_next_dist_compiled_react-dom_096_9a-._.js:10110:147)
    at recursivelyTraverseAndDoubleInvokeEffectsInDEV (http://localhost:3000/_next/static/chunks/node_modules_next_dist_compiled_react-dom_096_9a-._.js:10110:147)
    at recursivelyTraverseAndDoubleInvokeEffectsInDEV (http://localhost:3000/_next/static/chunks/node_modules_next_dist_compiled_react-dom_096_9a-._.js:10110:147)
    at recursivelyTraverseAndDoubleInvokeEffectsInDEV (http://localhost:3000/_next/static/chunks/node_modules_next_dist_compiled_react-dom_096_9a-._.js:10110:147)
    at recursivelyTraverseAndDoubleInvokeEffectsInDEV (http://localhost:3000/_next/static/chunks/node_modules_next_dist_compiled_react-dom_096_9a-._.js:10110:147)
    at recursivelyTraverseAndDoubleInvokeEffectsInDEV (http://localhost:3000/_next/static/chunks/node_modules_next_dist_compiled_react-dom_096_9a-._.js:10110:147)
    at recursivelyTraverseAndDoubleInvokeEffectsInDEV (http://localhost:3000/_next/static/chunks/node_modules_next_dist_compiled_react-dom_096_9a-._.js:10110:147)
    at recursivelyTraverseAndDoubleInvokeEffectsInDEV (http://localhost:3000/_next/static/chunks/node_modules_next_dist_compiled_react-dom_096_9a-._.js:10110:147)
    at recursivelyTraverseAndDoubleInvokeEffectsInDEV (http://localhost:3000/_next/static/chunks/node_modules_next_dist_compiled_react-dom_096_9a-._.js:10110:147)
    at recursivelyTraverseAndDoubleInvokeEffectsInDEV (http://localhost:3000/_next/static/chunks/node_modules_next_dist_compiled_react-dom_096_9a-._.js:10110:147)
    at recursivelyTraverseAndDoubleInvokeEffectsInDEV (http://localhost:3000/_next/static/chunks/node_modules_next_dist_compiled_react-dom_096_9a-._.js:10110:147)
    at recursivelyTraverseAndDoubleInvokeEffectsInDEV (http://localhost:3000/_next/static/chunks/node_modules_next_dist_compiled_react-dom_096_9a-._.js:10110:147)
    at recursivelyTraverseAndDoubleInvokeEffectsInDEV (http://localhost:3000/_next/static/chunks/node_modules_next_dist_compiled_react-dom_096_9a-._.js:10110:147)
    at recursivelyTraverseAndDoubleInvokeEffectsInDEV (http://localhost:3000/_next/static/chunks/node_modules_next_dist_compiled_react-dom_096_9a-._.js:10110:147) @ http://localhost:3000/_next/static/chunks/node_modules_next_dist_1ybzpk2._.js:3318
[    3570ms] [ERROR] Error: Cannot remove non-existing layer "navi-room-outline".
    at ki.removeLayer (http://localhost:3000/_next/static/chunks/node_modules_maplibre-gl_dist_maplibre-gl_1w0u9x2.js:29738:55)
    at ds.removeLayer (http://localhost:3000/_next/static/chunks/node_modules_maplibre-gl_dist_maplibre-gl_1w0u9x2.js:35984:35)
    at EntityRenderer.destroy (http://localhost:3000/_next/static/chunks/packages_109lp4s._.js:15141:26)
    at EntityRendererBridge.useEffect (http://localhost:3000/_next/static/chunks/src_1x3tb97._.js:7224:30)
    at Object.react_stack_bottom_frame (http://localhost:3000/_next/static/chunks/node_modules_next_dist_compiled_react-dom_096_9a-._.js:15093:17)
    at runWithFiberInDEV (http://localhost:3000/_next/static/chunks/node_modules_next_dist_compiled_react-dom_096_9a-._.js:965:74)
    at commitHookEffectListUnmount (http://localhost:3000/_next/static/chunks/node_modules_next_dist_compiled_react-dom_096_9a-._.js:7280:166)
    at commitHookPassiveUnmountEffects (http://localhost:3000/_next/static/chunks/node_modules_next_dist_compiled_react-dom_096_9a-._.js:7293:60)
    at disconnectPassiveEffect (http://localhost:3000/_next/static/chunks/node_modules_next_dist_compiled_react-dom_096_9a-._.js:8934:17)
    at doubleInvokeEffectsOnFiber (http://localhost:3000/_next/static/chunks/node_modules_next_dist_compiled_react-dom_096_9a-._.js:10117:44)
    at runWithFiberInDEV (http://localhost:3000/_next/static/chunks/node_modules_next_dist_compiled_react-dom_096_9a-._.js:965:74)
    at recursivelyTraverseAndDoubleInvokeEffectsInDEV (http://localhost:3000/_next/static/chunks/node_modules_next_dist_compiled_react-dom_096_9a-._.js:10110:79)
    at recursivelyTraverseAndDoubleInvokeEffectsInDEV (http://localhost:3000/_next/static/chunks/node_modules_next_dist_compiled_react-dom_096_9a-._.js:10110:147)
    at recursivelyTraverseAndDoubleInvokeEffectsInDEV (http://localhost:3000/_next/static/chunks/node_modules_next_dist_compiled_react-dom_096_9a-._.js:10110:147)
    at recursivelyTraverseAndDoubleInvokeEffectsInDEV (http://localhost:3000/_next/static/chunks/node_modules_next_dist_compiled_react-dom_096_9a-._.js:10110:147)
    at recursivelyTraverseAndDoubleInvokeEffectsInDEV (http://localhost:3000/_next/static/chunks/node_modules_next_dist_compiled_react-dom_096_9a-._.js:10110:147)
    at recursivelyTraverseAndDoubleInvokeEffectsInDEV (http://localhost:3000/_next/static/chunks/node_modules_next_dist_compiled_react-dom_096_9a-._.js:10110:147)
    at recursivelyTraverseAndDoubleInvokeEffectsInDEV (http://localhost:3000/_next/static/chunks/node_modules_next_dist_compiled_react-dom_096_9a-._.js:10110:147)
    at recursivelyTraverseAndDoubleInvokeEffectsInDEV (http://localhost:3000/_next/static/chunks/node_modules_next_dist_compiled_react-dom_096_9a-._.js:10110:147)
    at recursivelyTraverseAndDoubleInvokeEffectsInDEV (http://localhost:3000/_next/static/chunks/node_modules_next_dist_compiled_react-dom_096_9a-._.js:10110:147)
    at recursivelyTraverseAndDoubleInvokeEffectsInDEV (http://localhost:3000/_next/static/chunks/node_modules_next_dist_compiled_react-dom_096_9a-._.js:10110:147)
    at recursivelyTraverseAndDoubleInvokeEffectsInDEV (http://localhost:3000/_next/static/chunks/node_modules_next_dist_compiled_react-dom_096_9a-._.js:10110:147)
    at recursivelyTraverseAndDoubleInvokeEffectsInDEV (http://localhost:3000/_next/static/chunks/node_modules_next_dist_compiled_react-dom_096_9a-._.js:10110:147)
    at recursivelyTraverseAndDoubleInvokeEffectsInDEV (http://localhost:3000/_next/static/chunks/node_modules_next_dist_compiled_react-dom_096_9a-._.js:10110:147)
    at recursivelyTraverseAndDoubleInvokeEffectsInDEV (http://localhost:3000/_next/static/chunks/node_modules_next_dist_compiled_react-dom_096_9a-._.js:10110:147)
    at recursivelyTraverseAndDoubleInvokeEffectsInDEV (http://localhost:3000/_next/static/chunks/node_modules_next_dist_compiled_react-dom_096_9a-._.js:10110:147)
    at recursivelyTraverseAndDoubleInvokeEffectsInDEV (http://localhost:3000/_next/static/chunks/node_modules_next_dist_compiled_react-dom_096_9a-._.js:10110:147)
    at recursivelyTraverseAndDoubleInvokeEffectsInDEV (http://localhost:3000/_next/static/chunks/node_modules_next_dist_compiled_react-dom_096_9a-._.js:10110:147)
    at recursivelyTraverseAndDoubleInvokeEffectsInDEV (http://localhost:3000/_next/static/chunks/node_modules_next_dist_compiled_react-dom_096_9a-._.js:10110:147)
    at recursivelyTraverseAndDoubleInvokeEffectsInDEV (http://localhost:3000/_next/static/chunks/node_modules_next_dist_compiled_react-dom_096_9a-._.js:10110:147)
    at recursivelyTraverseAndDoubleInvokeEffectsInDEV (http://localhost:3000/_next/static/chunks/node_modules_next_dist_compiled_react-dom_096_9a-._.js:10110:147)
    at recursivelyTraverseAndDoubleInvokeEffectsInDEV (http://localhost:3000/_next/static/chunks/node_modules_next_dist_compiled_react-dom_096_9a-._.js:10110:147)
    at recursivelyTraverseAndDoubleInvokeEffectsInDEV (http://localhost:3000/_next/static/chunks/node_modules_next_dist_compiled_react-dom_096_9a-._.js:10110:147)
    at recursivelyTraverseAndDoubleInvokeEffectsInDEV (http://localhost:3000/_next/static/chunks/node_modules_next_dist_compiled_react-dom_096_9a-._.js:10110:147)
    at recursivelyTraverseAndDoubleInvokeEffectsInDEV (http://localhost:3000/_next/static/chunks/node_modules_next_dist_compiled_react-dom_096_9a-._.js:10110:147)
    at recursivelyTraverseAndDoubleInvokeEffectsInDEV (http://localhost:3000/_next/static/chunks/node_modules_next_dist_compiled_react-dom_096_9a-._.js:10110:147)
    at recursivelyTraverseAndDoubleInvokeEffectsInDEV (http://localhost:3000/_next/static/chunks/node_modules_next_dist_compiled_react-dom_096_9a-._.js:10110:147)
    at recursivelyTraverseAndDoubleInvokeEffectsInDEV (http://localhost:3000/_next/static/chunks/node_modules_next_dist_compiled_react-dom_096_9a-._.js:10110:147)
    at recursivelyTraverseAndDoubleInvokeEffectsInDEV (http://localhost:3000/_next/static/chunks/node_modules_next_dist_compiled_react-dom_096_9a-._.js:10110:147)
    at recursivelyTraverseAndDoubleInvokeEffectsInDEV (http://localhost:3000/_next/static/chunks/node_modules_next_dist_compiled_react-dom_096_9a-._.js:10110:147)
    at recursivelyTraverseAndDoubleInvokeEffectsInDEV (http://localhost:3000/_next/static/chunks/node_modules_next_dist_compiled_react-dom_096_9a-._.js:10110:147)
    at recursivelyTraverseAndDoubleInvokeEffectsInDEV (http://localhost:3000/_next/static/chunks/node_modules_next_dist_compiled_react-dom_096_9a-._.js:10110:147)
    at recursivelyTraverseAndDoubleInvokeEffectsInDEV (http://localhost:3000/_next/static/chunks/node_modules_next_dist_compiled_react-dom_096_9a-._.js:10110:147)
    at recursivelyTraverseAndDoubleInvokeEffectsInDEV (http://localhost:3000/_next/static/chunks/node_modules_next_dist_compiled_react-dom_096_9a-._.js:10110:147)
    at recursivelyTraverseAndDoubleInvokeEffectsInDEV (http://localhost:3000/_next/static/chunks/node_modules_next_dist_compiled_react-dom_096_9a-._.js:10110:147)
    at recursivelyTraverseAndDoubleInvokeEffectsInDEV (http://localhost:3000/_next/static/chunks/node_modules_next_dist_compiled_react-dom_096_9a-._.js:10110:147)
    at recursivelyTraverseAndDoubleInvokeEffectsInDEV (http://localhost:3000/_next/static/chunks/node_modules_next_dist_compiled_react-dom_096_9a-._.js:10110:147)
    at recursivelyTraverseAndDoubleInvokeEffectsInDEV (http://localhost:3000/_next/static/chunks/node_modules_next_dist_compiled_react-dom_096_9a-._.js:10110:147)
    at recursivelyTraverseAndDoubleInvokeEffectsInDEV (http://localhost:3000/_next/static/chunks/node_modules_next_dist_compiled_react-dom_096_9a-._.js:10110:147)
    at recursivelyTraverseAndDoubleInvokeEffectsInDEV (http://localhost:3000/_next/static/chunks/node_modules_next_dist_compiled_react-dom_096_9a-._.js:10110:147) @ http://localhost:3000/_next/static/chunks/node_modules_next_dist_1ybzpk2._.js:3318
[    3571ms] [ERROR] Error: Cannot remove non-existing layer "navi-hallway-line".
    at ki.removeLayer (http://localhost:3000/_next/static/chunks/node_modules_maplibre-gl_dist_maplibre-gl_1w0u9x2.js:29738:55)
    at ds.removeLayer (http://localhost:3000/_next/static/chunks/node_modules_maplibre-gl_dist_maplibre-gl_1w0u9x2.js:35984:35)
    at EntityRenderer.destroy (http://localhost:3000/_next/static/chunks/packages_109lp4s._.js:15141:26)
    at EntityRendererBridge.useEffect (http://localhost:3000/_next/static/chunks/src_1x3tb97._.js:7224:30)
    at Object.react_stack_bottom_frame (http://localhost:3000/_next/static/chunks/node_modules_next_dist_compiled_react-dom_096_9a-._.js:15093:17)
    at runWithFiberInDEV (http://localhost:3000/_next/static/chunks/node_modules_next_dist_compiled_react-dom_096_9a-._.js:965:74)
    at commitHookEffectListUnmount (http://localhost:3000/_next/static/chunks/node_modules_next_dist_compiled_react-dom_096_9a-._.js:7280:166)
    at commitHookPassiveUnmountEffects (http://localhost:3000/_next/static/chunks/node_modules_next_dist_compiled_react-dom_096_9a-._.js:7293:60)
    at disconnectPassiveEffect (http://localhost:3000/_next/static/chunks/node_modules_next_dist_compiled_react-dom_096_9a-._.js:8934:17)
    at doubleInvokeEffectsOnFiber (http://localhost:3000/_next/static/chunks/node_modules_next_dist_compiled_react-dom_096_9a-._.js:10117:44)
    at runWithFiberInDEV (http://localhost:3000/_next/static/chunks/node_modules_next_dist_compiled_react-dom_096_9a-._.js:965:74)
    at recursivelyTraverseAndDoubleInvokeEffectsInDEV (http://localhost:3000/_next/static/chunks/node_modules_next_dist_compiled_react-dom_096_9a-._.js:10110:79)
    at recursivelyTraverseAndDoubleInvokeEffectsInDEV (http://localhost:3000/_next/static/chunks/node_modules_next_dist_compiled_react-dom_096_9a-._.js:10110:147)
    at recursivelyTraverseAndDoubleInvokeEffectsInDEV (http://localhost:3000/_next/static/chunks/node_modules_next_dist_compiled_react-dom_096_9a-._.js:10110:147)
    at recursivelyTraverseAndDoubleInvokeEffectsInDEV (http://localhost:3000/_next/static/chunks/node_modules_next_dist_compiled_react-dom_096_9a-._.js:10110:147)
    at recursivelyTraverseAndDoubleInvokeEffectsInDEV (http://localhost:3000/_next/static/chunks/node_modules_next_dist_compiled_react-dom_096_9a-._.js:10110:147)
    at recursivelyTraverseAndDoubleInvokeEffectsInDEV (http://localhost:3000/_next/static/chunks/node_modules_next_dist_compiled_react-dom_096_9a-._.js:10110:147)
    at recursivelyTraverseAndDoubleInvokeEffectsInDEV (http://localhost:3000/_next/static/chunks/node_modules_next_dist_compiled_react-dom_096_9a-._.js:10110:147)
    at recursivelyTraverseAndDoubleInvokeEffectsInDEV (http://localhost:3000/_next/static/chunks/node_modules_next_dist_compiled_react-dom_096_9a-._.js:10110:147)
    at recursivelyTraverseAndDoubleInvokeEffectsInDEV (http://localhost:3000/_next/static/chunks/node_modules_next_dist_compiled_react-dom_096_9a-._.js:10110:147)
    at recursivelyTraverseAndDoubleInvokeEffectsInDEV (http://localhost:3000/_next/static/chunks/node_modules_next_dist_compiled_react-dom_096_9a-._.js:10110:147)
    at recursivelyTraverseAndDoubleInvokeEffectsInDEV (http://localhost:3000/_next/static/chunks/node_modules_next_dist_compiled_react-dom_096_9a-._.js:10110:147)
    at recursivelyTraverseAndDoubleInvokeEffectsInDEV (http://localhost:3000/_next/static/chunks/node_modules_next_dist_compiled_react-dom_096_9a-._.js:10110:147)
    at recursivelyTraverseAndDoubleInvokeEffectsInDEV (http://localhost:3000/_next/static/chunks/node_modules_next_dist_compiled_react-dom_096_9a-._.js:10110:147)
    at recursivelyTraverseAndDoubleInvokeEffectsInDEV (http://localhost:3000/_next/static/chunks/node_modules_next_dist_compiled_react-dom_096_9a-._.js:10110:147)
    at recursivelyTraverseAndDoubleInvokeEffectsInDEV (http://localhost:3000/_next/static/chunks/node_modules_next_dist_compiled_react-dom_096_9a-._.js:10110:147)
    at recursivelyTraverseAndDoubleInvokeEffectsInDEV (http://localhost:3000/_next/static/chunks/node_modules_next_dist_compiled_react-dom_096_9a-._.js:10110:147)
    at recursivelyTraverseAndDoubleInvokeEffectsInDEV (http://localhost:3000/_next/static/chunks/node_modules_next_dist_compiled_react-dom_096_9a-._.js:10110:147)
    at recursivelyTraverseAndDoubleInvokeEffectsInDEV (http://localhost:3000/_next/static/chunks/node_modules_next_dist_compiled_react-dom_096_9a-._.js:10110:147)
    at recursivelyTraverseAndDoubleInvokeEffectsInDEV (http://localhost:3000/_next/static/chunks/node_modules_next_dist_compiled_react-dom_096_9a-._.js:10110:147)
    at recursivelyTraverseAndDoubleInvokeEffectsInDEV (http://localhost:3000/_next/static/chunks/node_modules_next_dist_compiled_react-dom_096_9a-._.js:10110:147)
    at recursivelyTraverseAndDoubleInvokeEffectsInDEV (http://localhost:3000/_next/static/chunks/node_modules_next_dist_compiled_react-dom_096_9a-._.js:10110:147)
    at recursivelyTraverseAndDoubleInvokeEffectsInDEV (http://localhost:3000/_next/static/chunks/node_modules_next_dist_compiled_react-dom_096_9a-._.js:10110:147)
    at recursivelyTraverseAndDoubleInvokeEffectsInDEV (http://localhost:3000/_next/static/chunks/node_modules_next_dist_compiled_react-dom_096_9a-._.js:10110:147)
    at recursivelyTraverseAndDoubleInvokeEffectsInDEV (http://localhost:3000/_next/static/chunks/node_modules_next_dist_compiled_react-dom_096_9a-._.js:10110:147)
    at recursivelyTraverseAndDoubleInvokeEffectsInDEV (http://localhost:3000/_next/static/chunks/node_modules_next_dist_compiled_react-dom_096_9a-._.js:10110:147)
    at recursivelyTraverseAndDoubleInvokeEffectsInDEV (http://localhost:3000/_next/static/chunks/node_modules_next_dist_compiled_react-dom_096_9a-._.js:10110:147)
    at recursivelyTraverseAndDoubleInvokeEffectsInDEV (http://localhost:3000/_next/static/chunks/node_modules_next_dist_compiled_react-dom_096_9a-._.js:10110:147)
    at recursivelyTraverseAndDoubleInvokeEffectsInDEV (http://localhost:3000/_next/static/chunks/node_modules_next_dist_compiled_react-dom_096_9a-._.js:10110:147)
    at recursivelyTraverseAndDoubleInvokeEffectsInDEV (http://localhost:3000/_next/static/chunks/node_modules_next_dist_compiled_react-dom_096_9a-._.js:10110:147)
    at recursivelyTraverseAndDoubleInvokeEffectsInDEV (http://localhost:3000/_next/static/chunks/node_modules_next_dist_compiled_react-dom_096_9a-._.js:10110:147)
    at recursivelyTraverseAndDoubleInvokeEffectsInDEV (http://localhost:3000/_next/static/chunks/node_modules_next_dist_compiled_react-dom_096_9a-._.js:10110:147)
    at recursivelyTraverseAndDoubleInvokeEffectsInDEV (http://localhost:3000/_next/static/chunks/node_modules_next_dist_compiled_react-dom_096_9a-._.js:10110:147)
    at recursivelyTraverseAndDoubleInvokeEffectsInDEV (http://localhost:3000/_next/static/chunks/node_modules_next_dist_compiled_react-dom_096_9a-._.js:10110:147)
    at recursivelyTraverseAndDoubleInvokeEffectsInDEV (http://localhost:3000/_next/static/chunks/node_modules_next_dist_compiled_react-dom_096_9a-._.js:10110:147)
    at recursivelyTraverseAndDoubleInvokeEffectsInDEV (http://localhost:3000/_next/static/chunks/node_modules_next_dist_compiled_react-dom_096_9a-._.js:10110:147)
    at recursivelyTraverseAndDoubleInvokeEffectsInDEV (http://localhost:3000/_next/static/chunks/node_modules_next_dist_compiled_react-dom_096_9a-._.js:10110:147)
    at recursivelyTraverseAndDoubleInvokeEffectsInDEV (http://localhost:3000/_next/static/chunks/node_modules_next_dist_compiled_react-dom_096_9a-._.js:10110:147)
    at recursivelyTraverseAndDoubleInvokeEffectsInDEV (http://localhost:3000/_next/static/chunks/node_modules_next_dist_compiled_react-dom_096_9a-._.js:10110:147)
    at recursivelyTraverseAndDoubleInvokeEffectsInDEV (http://localhost:3000/_next/static/chunks/node_modules_next_dist_compiled_react-dom_096_9a-._.js:10110:147) @ http://localhost:3000/_next/static/chunks/node_modules_next_dist_1ybzpk2._.js:3318
[    3572ms] [ERROR] Error: Cannot remove non-existing layer "navi-road-line".
    at ki.removeLayer (http://localhost:3000/_next/static/chunks/node_modules_maplibre-gl_dist_maplibre-gl_1w0u9x2.js:29738:55)
    at ds.removeLayer (http://localhost:3000/_next/static/chunks/node_modules_maplibre-gl_dist_maplibre-gl_1w0u9x2.js:35984:35)
    at EntityRenderer.destroy (http://localhost:3000/_next/static/chunks/packages_109lp4s._.js:15141:26)
    at EntityRendererBridge.useEffect (http://localhost:3000/_next/static/chunks/src_1x3tb97._.js:7224:30)
    at Object.react_stack_bottom_frame (http://localhost:3000/_next/static/chunks/node_modules_next_dist_compiled_react-dom_096_9a-._.js:15093:17)
    at runWithFiberInDEV (http://localhost:3000/_next/static/chunks/node_modules_next_dist_compiled_react-dom_096_9a-._.js:965:74)
    at commitHookEffectListUnmount (http://localhost:3000/_next/static/chunks/node_modules_next_dist_compiled_react-dom_096_9a-._.js:7280:166)
    at commitHookPassiveUnmountEffects (http://localhost:3000/_next/static/chunks/node_modules_next_dist_compiled_react-dom_096_9a-._.js:7293:60)
    at disconnectPassiveEffect (http://localhost:3000/_next/static/chunks/node_modules_next_dist_compiled_react-dom_096_9a-._.js:8934:17)
    at doubleInvokeEffectsOnFiber (http://localhost:3000/_next/static/chunks/node_modules_next_dist_compiled_react-dom_096_9a-._.js:10117:44)
    at runWithFiberInDEV (http://localhost:3000/_next/static/chunks/node_modules_next_dist_compiled_react-dom_096_9a-._.js:965:74)
    at recursivelyTraverseAndDoubleInvokeEffectsInDEV (http://localhost:3000/_next/static/chunks/node_modules_next_dist_compiled_react-dom_096_9a-._.js:10110:79)
    at recursivelyTraverseAndDoubleInvokeEffectsInDEV (http://localhost:3000/_next/static/chunks/node_modules_next_dist_compiled_react-dom_096_9a-._.js:10110:147)
    at recursivelyTraverseAndDoubleInvokeEffectsInDEV (http://localhost:3000/_next/static/chunks/node_modules_next_dist_compiled_react-dom_096_9a-._.js:10110:147)
    at recursivelyTraverseAndDoubleInvokeEffectsInDEV (http://localhost:3000/_next/static/chunks/node_modules_next_dist_compiled_react-dom_096_9a-._.js:10110:147)
    at recursivelyTraverseAndDoubleInvokeEffectsInDEV (http://localhost:3000/_next/static/chunks/node_modules_next_dist_compiled_react-dom_096_9a-._.js:10110:147)
    at recursivelyTraverseAndDoubleInvokeEffectsInDEV (http://localhost:3000/_next/static/chunks/node_modules_next_dist_compiled_react-dom_096_9a-._.js:10110:147)
    at recursivelyTraverseAndDoubleInvokeEffectsInDEV (http://localhost:3000/_next/static/chunks/node_modules_next_dist_compiled_react-dom_096_9a-._.js:10110:147)
    at recursivelyTraverseAndDoubleInvokeEffectsInDEV (http://localhost:3000/_next/static/chunks/node_modules_next_dist_compiled_react-dom_096_9a-._.js:10110:147)
    at recursivelyTraverseAndDoubleInvokeEffectsInDEV (http://localhost:3000/_next/static/chunks/node_modules_next_dist_compiled_react-dom_096_9a-._.js:10110:147)
    at recursivelyTraverseAndDoubleInvokeEffectsInDEV (http://localhost:3000/_next/static/chunks/node_modules_next_dist_compiled_react-dom_096_9a-._.js:10110:147)
    at recursivelyTraverseAndDoubleInvokeEffectsInDEV (http://localhost:3000/_next/static/chunks/node_modules_next_dist_compiled_react-dom_096_9a-._.js:10110:147)
    at recursivelyTraverseAndDoubleInvokeEffectsInDEV (http://localhost:3000/_next/static/chunks/node_modules_next_dist_compiled_react-dom_096_9a-._.js:10110:147)
    at recursivelyTraverseAndDoubleInvokeEffectsInDEV (http://localhost:3000/_next/static/chunks/node_modules_next_dist_compiled_react-dom_096_9a-._.js:10110:147)
    at recursivelyTraverseAndDoubleInvokeEffectsInDEV (http://localhost:3000/_next/static/chunks/node_modules_next_dist_compiled_react-dom_096_9a-._.js:10110:147)
    at recursivelyTraverseAndDoubleInvokeEffectsInDEV (http://localhost:3000/_next/static/chunks/node_modules_next_dist_compiled_react-dom_096_9a-._.js:10110:147)
    at recursivelyTraverseAndDoubleInvokeEffectsInDEV (http://localhost:3000/_next/static/chunks/node_modules_next_dist_compiled_react-dom_096_9a-._.js:10110:147)
    at recursivelyTraverseAndDoubleInvokeEffectsInDEV (http://localhost:3000/_next/static/chunks/node_modules_next_dist_compiled_react-dom_096_9a-._.js:10110:147)
    at recursivelyTraverseAndDoubleInvokeEffectsInDEV (http://localhost:3000/_next/static/chunks/node_modules_next_dist_compiled_react-dom_096_9a-._.js:10110:147)
    at recursivelyTraverseAndDoubleInvokeEffectsInDEV (http://localhost:3000/_next/static/chunks/node_modules_next_dist_compiled_react-dom_096_9a-._.js:10110:147)
    at recursivelyTraverseAndDoubleInvokeEffectsInDEV (http://localhost:3000/_next/static/chunks/node_modules_next_dist_compiled_react-dom_096_9a-._.js:10110:147)
    at recursivelyTraverseAndDoubleInvokeEffectsInDEV (http://localhost:3000/_next/static/chunks/node_modules_next_dist_compiled_react-dom_096_9a-._.js:10110:147)
    at recursivelyTraverseAndDoubleInvokeEffectsInDEV (http://localhost:3000/_next/static/chunks/node_modules_next_dist_compiled_react-dom_096_9a-._.js:10110:147)
    at recursivelyTraverseAndDoubleInvokeEffectsInDEV (http://localhost:3000/_next/static/chunks/node_modules_next_dist_compiled_react-dom_096_9a-._.js:10110:147)
    at recursivelyTraverseAndDoubleInvokeEffectsInDEV (http://localhost:3000/_next/static/chunks/node_modules_next_dist_compiled_react-dom_096_9a-._.js:10110:147)
    at recursivelyTraverseAndDoubleInvokeEffectsInDEV (http://localhost:3000/_next/static/chunks/node_modules_next_dist_compiled_react-dom_096_9a-._.js:10110:147)
    at recursivelyTraverseAndDoubleInvokeEffectsInDEV (http://localhost:3000/_next/static/chunks/node_modules_next_dist_compiled_react-dom_096_9a-._.js:10110:147)
    at recursivelyTraverseAndDoubleInvokeEffectsInDEV (http://localhost:3000/_next/static/chunks/node_modules_next_dist_compiled_react-dom_096_9a-._.js:10110:147)
    at recursivelyTraverseAndDoubleInvokeEffectsInDEV (http://localhost:3000/_next/static/chunks/node_modules_next_dist_compiled_react-dom_096_9a-._.js:10110:147)
    at recursivelyTraverseAndDoubleInvokeEffectsInDEV (http://localhost:3000/_next/static/chunks/node_modules_next_dist_compiled_react-dom_096_9a-._.js:10110:147)
    at recursivelyTraverseAndDoubleInvokeEffectsInDEV (http://localhost:3000/_next/static/chunks/node_modules_next_dist_compiled_react-dom_096_9a-._.js:10110:147)
    at recursivelyTraverseAndDoubleInvokeEffectsInDEV (http://localhost:3000/_next/static/chunks/node_modules_next_dist_compiled_react-dom_096_9a-._.js:10110:147)
    at recursivelyTraverseAndDoubleInvokeEffectsInDEV (http://localhost:3000/_next/static/chunks/node_modules_next_dist_compiled_react-dom_096_9a-._.js:10110:147)
    at recursivelyTraverseAndDoubleInvokeEffectsInDEV (http://localhost:3000/_next/static/chunks/node_modules_next_dist_compiled_react-dom_096_9a-._.js:10110:147)
    at recursivelyTraverseAndDoubleInvokeEffectsInDEV (http://localhost:3000/_next/static/chunks/node_modules_next_dist_compiled_react-dom_096_9a-._.js:10110:147)
    at recursivelyTraverseAndDoubleInvokeEffectsInDEV (http://localhost:3000/_next/static/chunks/node_modules_next_dist_compiled_react-dom_096_9a-._.js:10110:147)
    at recursivelyTraverseAndDoubleInvokeEffectsInDEV (http://localhost:3000/_next/static/chunks/node_modules_next_dist_compiled_react-dom_096_9a-._.js:10110:147)
    at recursivelyTraverseAndDoubleInvokeEffectsInDEV (http://localhost:3000/_next/static/chunks/node_modules_next_dist_compiled_react-dom_096_9a-._.js:10110:147)
    at recursivelyTraverseAndDoubleInvokeEffectsInDEV (http://localhost:3000/_next/static/chunks/node_modules_next_dist_compiled_react-dom_096_9a-._.js:10110:147)
    at recursivelyTraverseAndDoubleInvokeEffectsInDEV (http://localhost:3000/_next/static/chunks/node_modules_next_dist_compiled_react-dom_096_9a-._.js:10110:147) @ http://localhost:3000/_next/static/chunks/node_modules_next_dist_1ybzpk2._.js:3318
[    3572ms] [ERROR] Error: Cannot remove non-existing layer "navi-entrance-icon".
    at ki.removeLayer (http://localhost:3000/_next/static/chunks/node_modules_maplibre-gl_dist_maplibre-gl_1w0u9x2.js:29738:55)
    at ds.removeLayer (http://localhost:3000/_next/static/chunks/node_modules_maplibre-gl_dist_maplibre-gl_1w0u9x2.js:35984:35)
    at EntityRenderer.destroy (http://localhost:3000/_next/static/chunks/packages_109lp4s._.js:15141:26)
    at EntityRendererBridge.useEffect (http://localhost:3000/_next/static/chunks/src_1x3tb97._.js:7224:30)
    at Object.react_stack_bottom_frame (http://localhost:3000/_next/static/chunks/node_modules_next_dist_compiled_react-dom_096_9a-._.js:15093:17)
    at runWithFiberInDEV (http://localhost:3000/_next/static/chunks/node_modules_next_dist_compiled_react-dom_096_9a-._.js:965:74)
    at commitHookEffectListUnmount (http://localhost:3000/_next/static/chunks/node_modules_next_dist_compiled_react-dom_096_9a-._.js:7280:166)
    at commitHookPassiveUnmountEffects (http://localhost:3000/_next/static/chunks/node_modules_next_dist_compiled_react-dom_096_9a-._.js:7293:60)
    at disconnectPassiveEffect (http://localhost:3000/_next/static/chunks/node_modules_next_dist_compiled_react-dom_096_9a-._.js:8934:17)
    at doubleInvokeEffectsOnFiber (http://localhost:3000/_next/static/chunks/node_modules_next_dist_compiled_react-dom_096_9a-._.js:10117:44)
    at runWithFiberInDEV (http://localhost:3000/_next/static/chunks/node_modules_next_dist_compiled_react-dom_096_9a-._.js:965:74)
    at recursivelyTraverseAndDoubleInvokeEffectsInDEV (http://localhost:3000/_next/static/chunks/node_modules_next_dist_compiled_react-dom_096_9a-._.js:10110:79)
    at recursivelyTraverseAndDoubleInvokeEffectsInDEV (http://localhost:3000/_next/static/chunks/node_modules_next_dist_compiled_react-dom_096_9a-._.js:10110:147)
    at recursivelyTraverseAndDoubleInvokeEffectsInDEV (http://localhost:3000/_next/static/chunks/node_modules_next_dist_compiled_react-dom_096_9a-._.js:10110:147)
    at recursivelyTraverseAndDoubleInvokeEffectsInDEV (http://localhost:3000/_next/static/chunks/node_modules_next_dist_compiled_react-dom_096_9a-._.js:10110:147)
    at recursivelyTraverseAndDoubleInvokeEffectsInDEV (http://localhost:3000/_next/static/chunks/node_modules_next_dist_compiled_react-dom_096_9a-._.js:10110:147)
    at recursivelyTraverseAndDoubleInvokeEffectsInDEV (http://localhost:3000/_next/static/chunks/node_modules_next_dist_compiled_react-dom_096_9a-._.js:10110:147)
    at recursivelyTraverseAndDoubleInvokeEffectsInDEV (http://localhost:3000/_next/static/chunks/node_modules_next_dist_compiled_react-dom_096_9a-._.js:10110:147)
    at recursivelyTraverseAndDoubleInvokeEffectsInDEV (http://localhost:3000/_next/static/chunks/node_modules_next_dist_compiled_react-dom_096_9a-._.js:10110:147)
    at recursivelyTraverseAndDoubleInvokeEffectsInDEV (http://localhost:3000/_next/static/chunks/node_modules_next_dist_compiled_react-dom_096_9a-._.js:10110:147)
    at recursivelyTraverseAndDoubleInvokeEffectsInDEV (http://localhost:3000/_next/static/chunks/node_modules_next_dist_compiled_react-dom_096_9a-._.js:10110:147)
    at recursivelyTraverseAndDoubleInvokeEffectsInDEV (http://localhost:3000/_next/static/chunks/node_modules_next_dist_compiled_react-dom_096_9a-._.js:10110:147)
    at recursivelyTraverseAndDoubleInvokeEffectsInDEV (http://localhost:3000/_next/static/chunks/node_modules_next_dist_compiled_react-dom_096_9a-._.js:10110:147)
    at recursivelyTraverseAndDoubleInvokeEffectsInDEV (http://localhost:3000/_next/static/chunks/node_modules_next_dist_compiled_react-dom_096_9a-._.js:10110:147)
    at recursivelyTraverseAndDoubleInvokeEffectsInDEV (http://localhost:3000/_next/static/chunks/node_modules_next_dist_compiled_react-dom_096_9a-._.js:10110:147)
    at recursivelyTraverseAndDoubleInvokeEffectsInDEV (http://localhost:3000/_next/static/chunks/node_modules_next_dist_compiled_react-dom_096_9a-._.js:10110:147)
    at recursivelyTraverseAndDoubleInvokeEffectsInDEV (http://localhost:3000/_next/static/chunks/node_modules_next_dist_compiled_react-dom_096_9a-._.js:10110:147)
    at recursivelyTraverseAndDoubleInvokeEffectsInDEV (http://localhost:3000/_next/static/chunks/node_modules_next_dist_compiled_react-dom_096_9a-._.js:10110:147)
    at recursivelyTraverseAndDoubleInvokeEffectsInDEV (http://localhost:3000/_next/static/chunks/node_modules_next_dist_compiled_react-dom_096_9a-._.js:10110:147)
    at recursivelyTraverseAndDoubleInvokeEffectsInDEV (http://localhost:3000/_next/static/chunks/node_modules_next_dist_compiled_react-dom_096_9a-._.js:10110:147)
    at recursivelyTraverseAndDoubleInvokeEffectsInDEV (http://localhost:3000/_next/static/chunks/node_modules_next_dist_compiled_react-dom_096_9a-._.js:10110:147)
    at recursivelyTraverseAndDoubleInvokeEffectsInDEV (http://localhost:3000/_next/static/chunks/node_modules_next_dist_compiled_react-dom_096_9a-._.js:10110:147)
    at recursivelyTraverseAndDoubleInvokeEffectsInDEV (http://localhost:3000/_next/static/chunks/node_modules_next_dist_compiled_react-dom_096_9a-._.js:10110:147)
    at recursivelyTraverseAndDoubleInvokeEffectsInDEV (http://localhost:3000/_next/static/chunks/node_modules_next_dist_compiled_react-dom_096_9a-._.js:10110:147)
    at recursivelyTraverseAndDoubleInvokeEffectsInDEV (http://localhost:3000/_next/static/chunks/node_modules_next_dist_compiled_react-dom_096_9a-._.js:10110:147)
    at recursivelyTraverseAndDoubleInvokeEffectsInDEV (http://localhost:3000/_next/static/chunks/node_modules_next_dist_compiled_react-dom_096_9a-._.js:10110:147)
    at recursivelyTraverseAndDoubleInvokeEffectsInDEV (http://localhost:3000/_next/static/chunks/node_modules_next_dist_compiled_react-dom_096_9a-._.js:10110:147)
    at recursivelyTraverseAndDoubleInvokeEffectsInDEV (http://localhost:3000/_next/static/chunks/node_modules_next_dist_compiled_react-dom_096_9a-._.js:10110:147)
    at recursivelyTraverseAndDoubleInvokeEffectsInDEV (http://localhost:3000/_next/static/chunks/node_modules_next_dist_compiled_react-dom_096_9a-._.js:10110:147)
    at recursivelyTraverseAndDoubleInvokeEffectsInDEV (http://localhost:3000/_next/static/chunks/node_modules_next_dist_compiled_react-dom_096_9a-._.js:10110:147)
    at recursivelyTraverseAndDoubleInvokeEffectsInDEV (http://localhost:3000/_next/static/chunks/node_modules_next_dist_compiled_react-dom_096_9a-._.js:10110:147)
    at recursivelyTraverseAndDoubleInvokeEffectsInDEV (http://localhost:3000/_next/static/chunks/node_modules_next_dist_compiled_react-dom_096_9a-._.js:10110:147)
    at recursivelyTraverseAndDoubleInvokeEffectsInDEV (http://localhost:3000/_next/static/chunks/node_modules_next_dist_compiled_react-dom_096_9a-._.js:10110:147)
    at recursivelyTraverseAndDoubleInvokeEffectsInDEV (http://localhost:3000/_next/static/chunks/node_modules_next_dist_compiled_react-dom_096_9a-._.js:10110:147)
    at recursivelyTraverseAndDoubleInvokeEffectsInDEV (http://localhost:3000/_next/static/chunks/node_modules_next_dist_compiled_react-dom_096_9a-._.js:10110:147)
    at recursivelyTraverseAndDoubleInvokeEffectsInDEV (http://localhost:3000/_next/static/chunks/node_modules_next_dist_compiled_react-dom_096_9a-._.js:10110:147)
    at recursivelyTraverseAndDoubleInvokeEffectsInDEV (http://localhost:3000/_next/static/chunks/node_modules_next_dist_compiled_react-dom_096_9a-._.js:10110:147)
    at recursivelyTraverseAndDoubleInvokeEffectsInDEV (http://localhost:3000/_next/static/chunks/node_modules_next_dist_compiled_react-dom_096_9a-._.js:10110:147)
    at recursivelyTraverseAndDoubleInvokeEffectsInDEV (http://localhost:3000/_next/static/chunks/node_modules_next_dist_compiled_react-dom_096_9a-._.js:10110:147)
    at recursivelyTraverseAndDoubleInvokeEffectsInDEV (http://localhost:3000/_next/static/chunks/node_modules_next_dist_compiled_react-dom_096_9a-._.js:10110:147) @ http://localhost:3000/_next/static/chunks/node_modules_next_dist_1ybzpk2._.js:3318
[    3573ms] [ERROR] Error: Cannot remove non-existing layer "navi-staircase-icon".
    at ki.removeLayer (http://localhost:3000/_next/static/chunks/node_modules_maplibre-gl_dist_maplibre-gl_1w0u9x2.js:29738:55)
    at ds.removeLayer (http://localhost:3000/_next/static/chunks/node_modules_maplibre-gl_dist_maplibre-gl_1w0u9x2.js:35984:35)
    at EntityRenderer.destroy (http://localhost:3000/_next/static/chunks/packages_109lp4s._.js:15141:26)
    at EntityRendererBridge.useEffect (http://localhost:3000/_next/static/chunks/src_1x3tb97._.js:7224:30)
    at Object.react_stack_bottom_frame (http://localhost:3000/_next/static/chunks/node_modules_next_dist_compiled_react-dom_096_9a-._.js:15093:17)
    at runWithFiberInDEV (http://localhost:3000/_next/static/chunks/node_modules_next_dist_compiled_react-dom_096_9a-._.js:965:74)
    at commitHookEffectListUnmount (http://localhost:3000/_next/static/chunks/node_modules_next_dist_compiled_react-dom_096_9a-._.js:7280:166)
    at commitHookPassiveUnmountEffects (http://localhost:3000/_next/static/chunks/node_modules_next_dist_compiled_react-dom_096_9a-._.js:7293:60)
    at disconnectPassiveEffect (http://localhost:3000/_next/static/chunks/node_modules_next_dist_compiled_react-dom_096_9a-._.js:8934:17)
    at doubleInvokeEffectsOnFiber (http://localhost:3000/_next/static/chunks/node_modules_next_dist_compiled_react-dom_096_9a-._.js:10117:44)
    at runWithFiberInDEV (http://localhost:3000/_next/static/chunks/node_modules_next_dist_compiled_react-dom_096_9a-._.js:965:74)
    at recursivelyTraverseAndDoubleInvokeEffectsInDEV (http://localhost:3000/_next/static/chunks/node_modules_next_dist_compiled_react-dom_096_9a-._.js:10110:79)
    at recursivelyTraverseAndDoubleInvokeEffectsInDEV (http://localhost:3000/_next/static/chunks/node_modules_next_dist_compiled_react-dom_096_9a-._.js:10110:147)
    at recursivelyTraverseAndDoubleInvokeEffectsInDEV (http://localhost:3000/_next/static/chunks/node_modules_next_dist_compiled_react-dom_096_9a-._.js:10110:147)
    at recursivelyTraverseAndDoubleInvokeEffectsInDEV (http://localhost:3000/_next/static/chunks/node_modules_next_dist_compiled_react-dom_096_9a-._.js:10110:147)
    at recursivelyTraverseAndDoubleInvokeEffectsInDEV (http://localhost:3000/_next/static/chunks/node_modules_next_dist_compiled_react-dom_096_9a-._.js:10110:147)
    at recursivelyTraverseAndDoubleInvokeEffectsInDEV (http://localhost:3000/_next/static/chunks/node_modules_next_dist_compiled_react-dom_096_9a-._.js:10110:147)
    at recursivelyTraverseAndDoubleInvokeEffectsInDEV (http://localhost:3000/_next/static/chunks/node_modules_next_dist_compiled_react-dom_096_9a-._.js:10110:147)
    at recursivelyTraverseAndDoubleInvokeEffectsInDEV (http://localhost:3000/_next/static/chunks/node_modules_next_dist_compiled_react-dom_096_9a-._.js:10110:147)
    at recursivelyTraverseAndDoubleInvokeEffectsInDEV (http://localhost:3000/_next/static/chunks/node_modules_next_dist_compiled_react-dom_096_9a-._.js:10110:147)
    at recursivelyTraverseAndDoubleInvokeEffectsInDEV (http://localhost:3000/_next/static/chunks/node_modules_next_dist_compiled_react-dom_096_9a-._.js:10110:147)
    at recursivelyTraverseAndDoubleInvokeEffectsInDEV (http://localhost:3000/_next/static/chunks/node_modules_next_dist_compiled_react-dom_096_9a-._.js:10110:147)
    at recursivelyTraverseAndDoubleInvokeEffectsInDEV (http://localhost:3000/_next/static/chunks/node_modules_next_dist_compiled_react-dom_096_9a-._.js:10110:147)
    at recursivelyTraverseAndDoubleInvokeEffectsInDEV (http://localhost:3000/_next/static/chunks/node_modules_next_dist_compiled_react-dom_096_9a-._.js:10110:147)
    at recursivelyTraverseAndDoubleInvokeEffectsInDEV (http://localhost:3000/_next/static/chunks/node_modules_next_dist_compiled_react-dom_096_9a-._.js:10110:147)
    at recursivelyTraverseAndDoubleInvokeEffectsInDEV (http://localhost:3000/_next/static/chunks/node_modules_next_dist_compiled_react-dom_096_9a-._.js:10110:147)
    at recursivelyTraverseAndDoubleInvokeEffectsInDEV (http://localhost:3000/_next/static/chunks/node_modules_next_dist_compiled_react-dom_096_9a-._.js:10110:147)
    at recursivelyTraverseAndDoubleInvokeEffectsInDEV (http://localhost:3000/_next/static/chunks/node_modules_next_dist_compiled_react-dom_096_9a-._.js:10110:147)
    at recursivelyTraverseAndDoubleInvokeEffectsInDEV (http://localhost:3000/_next/static/chunks/node_modules_next_dist_compiled_react-dom_096_9a-._.js:10110:147)
    at recursivelyTraverseAndDoubleInvokeEffectsInDEV (http://localhost:3000/_next/static/chunks/node_modules_next_dist_compiled_react-dom_096_9a-._.js:10110:147)
    at recursivelyTraverseAndDoubleInvokeEffectsInDEV (http://localhost:3000/_next/static/chunks/node_modules_next_dist_compiled_react-dom_096_9a-._.js:10110:147)
    at recursivelyTraverseAndDoubleInvokeEffectsInDEV (http://localhost:3000/_next/static/chunks/node_modules_next_dist_compiled_react-dom_096_9a-._.js:10110:147)
    at recursivelyTraverseAndDoubleInvokeEffectsInDEV (http://localhost:3000/_next/static/chunks/node_modules_next_dist_compiled_react-dom_096_9a-._.js:10110:147)
    at recursivelyTraverseAndDoubleInvokeEffectsInDEV (http://localhost:3000/_next/static/chunks/node_modules_next_dist_compiled_react-dom_096_9a-._.js:10110:147)
    at recursivelyTraverseAndDoubleInvokeEffectsInDEV (http://localhost:3000/_next/static/chunks/node_modules_next_dist_compiled_react-dom_096_9a-._.js:10110:147)
    at recursivelyTraverseAndDoubleInvokeEffectsInDEV (http://localhost:3000/_next/static/chunks/node_modules_next_dist_compiled_react-dom_096_9a-._.js:10110:147)
    at recursivelyTraverseAndDoubleInvokeEffectsInDEV (http://localhost:3000/_next/static/chunks/node_modules_next_dist_compiled_react-dom_096_9a-._.js:10110:147)
    at recursivelyTraverseAndDoubleInvokeEffectsInDEV (http://localhost:3000/_next/static/chunks/node_modules_next_dist_compiled_react-dom_096_9a-._.js:10110:147)
    at recursivelyTraverseAndDoubleInvokeEffectsInDEV (http://localhost:3000/_next/static/chunks/node_modules_next_dist_compiled_react-dom_096_9a-._.js:10110:147)
    at recursivelyTraverseAndDoubleInvokeEffectsInDEV (http://localhost:3000/_next/static/chunks/node_modules_next_dist_compiled_react-dom_096_9a-._.js:10110:147)
    at recursivelyTraverseAndDoubleInvokeEffectsInDEV (http://localhost:3000/_next/static/chunks/node_modules_next_dist_compiled_react-dom_096_9a-._.js:10110:147)
    at recursivelyTraverseAndDoubleInvokeEffectsInDEV (http://localhost:3000/_next/static/chunks/node_modules_next_dist_compiled_react-dom_096_9a-._.js:10110:147)
    at recursivelyTraverseAndDoubleInvokeEffectsInDEV (http://localhost:3000/_next/static/chunks/node_modules_next_dist_compiled_react-dom_096_9a-._.js:10110:147)
    at recursivelyTraverseAndDoubleInvokeEffectsInDEV (http://localhost:3000/_next/static/chunks/node_modules_next_dist_compiled_react-dom_096_9a-._.js:10110:147)
    at recursivelyTraverseAndDoubleInvokeEffectsInDEV (http://localhost:3000/_next/static/chunks/node_modules_next_dist_compiled_react-dom_096_9a-._.js:10110:147)
    at recursivelyTraverseAndDoubleInvokeEffectsInDEV (http://localhost:3000/_next/static/chunks/node_modules_next_dist_compiled_react-dom_096_9a-._.js:10110:147)
    at recursivelyTraverseAndDoubleInvokeEffectsInDEV (http://localhost:3000/_next/static/chunks/node_modules_next_dist_compiled_react-dom_096_9a-._.js:10110:147)
    at recursivelyTraverseAndDoubleInvokeEffectsInDEV (http://localhost:3000/_next/static/chunks/node_modules_next_dist_compiled_react-dom_096_9a-._.js:10110:147)
    at recursivelyTraverseAndDoubleInvokeEffectsInDEV (http://localhost:3000/_next/static/chunks/node_modules_next_dist_compiled_react-dom_096_9a-._.js:10110:147)
    at recursivelyTraverseAndDoubleInvokeEffectsInDEV (http://localhost:3000/_next/static/chunks/node_modules_next_dist_compiled_react-dom_096_9a-._.js:10110:147) @ http://localhost:3000/_next/static/chunks/node_modules_next_dist_1ybzpk2._.js:3318
[    3573ms] [ERROR] Error: Cannot remove non-existing layer "navi-elevator-icon".
    at ki.removeLayer (http://localhost:3000/_next/static/chunks/node_modules_maplibre-gl_dist_maplibre-gl_1w0u9x2.js:29738:55)
    at ds.removeLayer (http://localhost:3000/_next/static/chunks/node_modules_maplibre-gl_dist_maplibre-gl_1w0u9x2.js:35984:35)
    at EntityRenderer.destroy (http://localhost:3000/_next/static/chunks/packages_109lp4s._.js:15141:26)
    at EntityRendererBridge.useEffect (http://localhost:3000/_next/static/chunks/src_1x3tb97._.js:7224:30)
    at Object.react_stack_bottom_frame (http://localhost:3000/_next/static/chunks/node_modules_next_dist_compiled_react-dom_096_9a-._.js:15093:17)
    at runWithFiberInDEV (http://localhost:3000/_next/static/chunks/node_modules_next_dist_compiled_react-dom_096_9a-._.js:965:74)
    at commitHookEffectListUnmount (http://localhost:3000/_next/static/chunks/node_modules_next_dist_compiled_react-dom_096_9a-._.js:7280:166)
    at commitHookPassiveUnmountEffects (http://localhost:3000/_next/static/chunks/node_modules_next_dist_compiled_react-dom_096_9a-._.js:7293:60)
    at disconnectPassiveEffect (http://localhost:3000/_next/static/chunks/node_modules_next_dist_compiled_react-dom_096_9a-._.js:8934:17)
    at doubleInvokeEffectsOnFiber (http://localhost:3000/_next/static/chunks/node_modules_next_dist_compiled_react-dom_096_9a-._.js:10117:44)
    at runWithFiberInDEV (http://localhost:3000/_next/static/chunks/node_modules_next_dist_compiled_react-dom_096_9a-._.js:965:74)
    at recursivelyTraverseAndDoubleInvokeEffectsInDEV (http://localhost:3000/_next/static/chunks/node_modules_next_dist_compiled_react-dom_096_9a-._.js:10110:79)
    at recursivelyTraverseAndDoubleInvokeEffectsInDEV (http://localhost:3000/_next/static/chunks/node_modules_next_dist_compiled_react-dom_096_9a-._.js:10110:147)
    at recursivelyTraverseAndDoubleInvokeEffectsInDEV (http://localhost:3000/_next/static/chunks/node_modules_next_dist_compiled_react-dom_096_9a-._.js:10110:147)
    at recursivelyTraverseAndDoubleInvokeEffectsInDEV (http://localhost:3000/_next/static/chunks/node_modules_next_dist_compiled_react-dom_096_9a-._.js:10110:147)
    at recursivelyTraverseAndDoubleInvokeEffectsInDEV (http://localhost:3000/_next/static/chunks/node_modules_next_dist_compiled_react-dom_096_9a-._.js:10110:147)
    at recursivelyTraverseAndDoubleInvokeEffectsInDEV (http://localhost:3000/_next/static/chunks/node_modules_next_dist_compiled_react-dom_096_9a-._.js:10110:147)
    at recursivelyTraverseAndDoubleInvokeEffectsInDEV (http://localhost:3000/_next/static/chunks/node_modules_next_dist_compiled_react-dom_096_9a-._.js:10110:147)
    at recursivelyTraverseAndDoubleInvokeEffectsInDEV (http://localhost:3000/_next/static/chunks/node_modules_next_dist_compiled_react-dom_096_9a-._.js:10110:147)
    at recursivelyTraverseAndDoubleInvokeEffectsInDEV (http://localhost:3000/_next/static/chunks/node_modules_next_dist_compiled_react-dom_096_9a-._.js:10110:147)
    at recursivelyTraverseAndDoubleInvokeEffectsInDEV (http://localhost:3000/_next/static/chunks/node_modules_next_dist_compiled_react-dom_096_9a-._.js:10110:147)
    at recursivelyTraverseAndDoubleInvokeEffectsInDEV (http://localhost:3000/_next/static/chunks/node_modules_next_dist_compiled_react-dom_096_9a-._.js:10110:147)
    at recursivelyTraverseAndDoubleInvokeEffectsInDEV (http://localhost:3000/_next/static/chunks/node_modules_next_dist_compiled_react-dom_096_9a-._.js:10110:147)
    at recursivelyTraverseAndDoubleInvokeEffectsInDEV (http://localhost:3000/_next/static/chunks/node_modules_next_dist_compiled_react-dom_096_9a-._.js:10110:147)
    at recursivelyTraverseAndDoubleInvokeEffectsInDEV (http://localhost:3000/_next/static/chunks/node_modules_next_dist_compiled_react-dom_096_9a-._.js:10110:147)
    at recursivelyTraverseAndDoubleInvokeEffectsInDEV (http://localhost:3000/_next/static/chunks/node_modules_next_dist_compiled_react-dom_096_9a-._.js:10110:147)
    at recursivelyTraverseAndDoubleInvokeEffectsInDEV (http://localhost:3000/_next/static/chunks/node_modules_next_dist_compiled_react-dom_096_9a-._.js:10110:147)
    at recursivelyTraverseAndDoubleInvokeEffectsInDEV (http://localhost:3000/_next/static/chunks/node_modules_next_dist_compiled_react-dom_096_9a-._.js:10110:147)
    at recursivelyTraverseAndDoubleInvokeEffectsInDEV (http://localhost:3000/_next/static/chunks/node_modules_next_dist_compiled_react-dom_096_9a-._.js:10110:147)
    at recursivelyTraverseAndDoubleInvokeEffectsInDEV (http://localhost:3000/_next/static/chunks/node_modules_next_dist_compiled_react-dom_096_9a-._.js:10110:147)
    at recursivelyTraverseAndDoubleInvokeEffectsInDEV (http://localhost:3000/_next/static/chunks/node_modules_next_dist_compiled_react-dom_096_9a-._.js:10110:147)
    at recursivelyTraverseAndDoubleInvokeEffectsInDEV (http://localhost:3000/_next/static/chunks/node_modules_next_dist_compiled_react-dom_096_9a-._.js:10110:147)
    at recursivelyTraverseAndDoubleInvokeEffectsInDEV (http://localhost:3000/_next/static/chunks/node_modules_next_dist_compiled_react-dom_096_9a-._.js:10110:147)
    at recursivelyTraverseAndDoubleInvokeEffectsInDEV (http://localhost:3000/_next/static/chunks/node_modules_next_dist_compiled_react-dom_096_9a-._.js:10110:147)
    at recursivelyTraverseAndDoubleInvokeEffectsInDEV (http://localhost:3000/_next/static/chunks/node_modules_next_dist_compiled_react-dom_096_9a-._.js:10110:147)
    at recursivelyTraverseAndDoubleInvokeEffectsInDEV (http://localhost:3000/_next/static/chunks/node_modules_next_dist_compiled_react-dom_096_9a-._.js:10110:147)
    at recursivelyTraverseAndDoubleInvokeEffectsInDEV (http://localhost:3000/_next/static/chunks/node_modules_next_dist_compiled_react-dom_096_9a-._.js:10110:147)
    at recursivelyTraverseAndDoubleInvokeEffectsInDEV (http://localhost:3000/_next/static/chunks/node_modules_next_dist_compiled_react-dom_096_9a-._.js:10110:147)
    at recursivelyTraverseAndDoubleInvokeEffectsInDEV (http://localhost:3000/_next/static/chunks/node_modules_next_dist_compiled_react-dom_096_9a-._.js:10110:147)
    at recursivelyTraverseAndDoubleInvokeEffectsInDEV (http://localhost:3000/_next/static/chunks/node_modules_next_dist_compiled_react-dom_096_9a-._.js:10110:147)
    at recursivelyTraverseAndDoubleInvokeEffectsInDEV (http://localhost:3000/_next/static/chunks/node_modules_next_dist_compiled_react-dom_096_9a-._.js:10110:147)
    at recursivelyTraverseAndDoubleInvokeEffectsInDEV (http://localhost:3000/_next/static/chunks/node_modules_next_dist_compiled_react-dom_096_9a-._.js:10110:147)
    at recursivelyTraverseAndDoubleInvokeEffectsInDEV (http://localhost:3000/_next/static/chunks/node_modules_next_dist_compiled_react-dom_096_9a-._.js:10110:147)
    at recursivelyTraverseAndDoubleInvokeEffectsInDEV (http://localhost:3000/_next/static/chunks/node_modules_next_dist_compiled_react-dom_096_9a-._.js:10110:147)
    at recursivelyTraverseAndDoubleInvokeEffectsInDEV (http://localhost:3000/_next/static/chunks/node_modules_next_dist_compiled_react-dom_096_9a-._.js:10110:147)
    at recursivelyTraverseAndDoubleInvokeEffectsInDEV (http://localhost:3000/_next/static/chunks/node_modules_next_dist_compiled_react-dom_096_9a-._.js:10110:147)
    at recursivelyTraverseAndDoubleInvokeEffectsInDEV (http://localhost:3000/_next/static/chunks/node_modules_next_dist_compiled_react-dom_096_9a-._.js:10110:147)
    at recursivelyTraverseAndDoubleInvokeEffectsInDEV (http://localhost:3000/_next/static/chunks/node_modules_next_dist_compiled_react-dom_096_9a-._.js:10110:147)
    at recursivelyTraverseAndDoubleInvokeEffectsInDEV (http://localhost:3000/_next/static/chunks/node_modules_next_dist_compiled_react-dom_096_9a-._.js:10110:147)
    at recursivelyTraverseAndDoubleInvokeEffectsInDEV (http://localhost:3000/_next/static/chunks/node_modules_next_dist_compiled_react-dom_096_9a-._.js:10110:147) @ http://localhost:3000/_next/static/chunks/node_modules_next_dist_1ybzpk2._.js:3318
[    3574ms] [ERROR] Error: Cannot remove non-existing layer "navi-panorama-icon".
    at ki.removeLayer (http://localhost:3000/_next/static/chunks/node_modules_maplibre-gl_dist_maplibre-gl_1w0u9x2.js:29738:55)
    at ds.removeLayer (http://localhost:3000/_next/static/chunks/node_modules_maplibre-gl_dist_maplibre-gl_1w0u9x2.js:35984:35)
    at EntityRenderer.destroy (http://localhost:3000/_next/static/chunks/packages_109lp4s._.js:15141:26)
    at EntityRendererBridge.useEffect (http://localhost:3000/_next/static/chunks/src_1x3tb97._.js:7224:30)
    at Object.react_stack_bottom_frame (http://localhost:3000/_next/static/chunks/node_modules_next_dist_compiled_react-dom_096_9a-._.js:15093:17)
    at runWithFiberInDEV (http://localhost:3000/_next/static/chunks/node_modules_next_dist_compiled_react-dom_096_9a-._.js:965:74)
    at commitHookEffectListUnmount (http://localhost:3000/_next/static/chunks/node_modules_next_dist_compiled_react-dom_096_9a-._.js:7280:166)
    at commitHookPassiveUnmountEffects (http://localhost:3000/_next/static/chunks/node_modules_next_dist_compiled_react-dom_096_9a-._.js:7293:60)
    at disconnectPassiveEffect (http://localhost:3000/_next/static/chunks/node_modules_next_dist_compiled_react-dom_096_9a-._.js:8934:17)
    at doubleInvokeEffectsOnFiber (http://localhost:3000/_next/static/chunks/node_modules_next_dist_compiled_react-dom_096_9a-._.js:10117:44)
    at runWithFiberInDEV (http://localhost:3000/_next/static/chunks/node_modules_next_dist_compiled_react-dom_096_9a-._.js:965:74)
    at recursivelyTraverseAndDoubleInvokeEffectsInDEV (http://localhost:3000/_next/static/chunks/node_modules_next_dist_compiled_react-dom_096_9a-._.js:10110:79)
    at recursivelyTraverseAndDoubleInvokeEffectsInDEV (http://localhost:3000/_next/static/chunks/node_modules_next_dist_compiled_react-dom_096_9a-._.js:10110:147)
    at recursivelyTraverseAndDoubleInvokeEffectsInDEV (http://localhost:3000/_next/static/chunks/node_modules_next_dist_compiled_react-dom_096_9a-._.js:10110:147)
    at recursivelyTraverseAndDoubleInvokeEffectsInDEV (http://localhost:3000/_next/static/chunks/node_modules_next_dist_compiled_react-dom_096_9a-._.js:10110:147)
    at recursivelyTraverseAndDoubleInvokeEffectsInDEV (http://localhost:3000/_next/static/chunks/node_modules_next_dist_compiled_react-dom_096_9a-._.js:10110:147)
    at recursivelyTraverseAndDoubleInvokeEffectsInDEV (http://localhost:3000/_next/static/chunks/node_modules_next_dist_compiled_react-dom_096_9a-._.js:10110:147)
    at recursivelyTraverseAndDoubleInvokeEffectsInDEV (http://localhost:3000/_next/static/chunks/node_modules_next_dist_compiled_react-dom_096_9a-._.js:10110:147)
    at recursivelyTraverseAndDoubleInvokeEffectsInDEV (http://localhost:3000/_next/static/chunks/node_modules_next_dist_compiled_react-dom_096_9a-._.js:10110:147)
    at recursivelyTraverseAndDoubleInvokeEffectsInDEV (http://localhost:3000/_next/static/chunks/node_modules_next_dist_compiled_react-dom_096_9a-._.js:10110:147)
    at recursivelyTraverseAndDoubleInvokeEffectsInDEV (http://localhost:3000/_next/static/chunks/node_modules_next_dist_compiled_react-dom_096_9a-._.js:10110:147)
    at recursivelyTraverseAndDoubleInvokeEffectsInDEV (http://localhost:3000/_next/static/chunks/node_modules_next_dist_compiled_react-dom_096_9a-._.js:10110:147)
    at recursivelyTraverseAndDoubleInvokeEffectsInDEV (http://localhost:3000/_next/static/chunks/node_modules_next_dist_compiled_react-dom_096_9a-._.js:10110:147)
    at recursivelyTraverseAndDoubleInvokeEffectsInDEV (http://localhost:3000/_next/static/chunks/node_modules_next_dist_compiled_react-dom_096_9a-._.js:10110:147)
    at recursivelyTraverseAndDoubleInvokeEffectsInDEV (http://localhost:3000/_next/static/chunks/node_modules_next_dist_compiled_react-dom_096_9a-._.js:10110:147)
    at recursivelyTraverseAndDoubleInvokeEffectsInDEV (http://localhost:3000/_next/static/chunks/node_modules_next_dist_compiled_react-dom_096_9a-._.js:10110:147)
    at recursivelyTraverseAndDoubleInvokeEffectsInDEV (http://localhost:3000/_next/static/chunks/node_modules_next_dist_compiled_react-dom_096_9a-._.js:10110:147)
    at recursivelyTraverseAndDoubleInvokeEffectsInDEV (http://localhost:3000/_next/static/chunks/node_modules_next_dist_compiled_react-dom_096_9a-._.js:10110:147)
    at recursivelyTraverseAndDoubleInvokeEffectsInDEV (http://localhost:3000/_next/static/chunks/node_modules_next_dist_compiled_react-dom_096_9a-._.js:10110:147)
    at recursivelyTraverseAndDoubleInvokeEffectsInDEV (http://localhost:3000/_next/static/chunks/node_modules_next_dist_compiled_react-dom_096_9a-._.js:10110:147)
    at recursivelyTraverseAndDoubleInvokeEffectsInDEV (http://localhost:3000/_next/static/chunks/node_modules_next_dist_compiled_react-dom_096_9a-._.js:10110:147)
    at recursivelyTraverseAndDoubleInvokeEffectsInDEV (http://localhost:3000/_next/static/chunks/node_modules_next_dist_compiled_react-dom_096_9a-._.js:10110:147)
    at recursivelyTraverseAndDoubleInvokeEffectsInDEV (http://localhost:3000/_next/static/chunks/node_modules_next_dist_compiled_react-dom_096_9a-._.js:10110:147)
    at recursivelyTraverseAndDoubleInvokeEffectsInDEV (http://localhost:3000/_next/static/chunks/node_modules_next_dist_compiled_react-dom_096_9a-._.js:10110:147)
    at recursivelyTraverseAndDoubleInvokeEffectsInDEV (http://localhost:3000/_next/static/chunks/node_modules_next_dist_compiled_react-dom_096_9a-._.js:10110:147)
    at recursivelyTraverseAndDoubleInvokeEffectsInDEV (http://localhost:3000/_next/static/chunks/node_modules_next_dist_compiled_react-dom_096_9a-._.js:10110:147)
    at recursivelyTraverseAndDoubleInvokeEffectsInDEV (http://localhost:3000/_next/static/chunks/node_modules_next_dist_compiled_react-dom_096_9a-._.js:10110:147)
    at recursivelyTraverseAndDoubleInvokeEffectsInDEV (http://localhost:3000/_next/static/chunks/node_modules_next_dist_compiled_react-dom_096_9a-._.js:10110:147)
    at recursivelyTraverseAndDoubleInvokeEffectsInDEV (http://localhost:3000/_next/static/chunks/node_modules_next_dist_compiled_react-dom_096_9a-._.js:10110:147)
    at recursivelyTraverseAndDoubleInvokeEffectsInDEV (http://localhost:3000/_next/static/chunks/node_modules_next_dist_compiled_react-dom_096_9a-._.js:10110:147)
    at recursivelyTraverseAndDoubleInvokeEffectsInDEV (http://localhost:3000/_next/static/chunks/node_modules_next_dist_compiled_react-dom_096_9a-._.js:10110:147)
    at recursivelyTraverseAndDoubleInvokeEffectsInDEV (http://localhost:3000/_next/static/chunks/node_modules_next_dist_compiled_react-dom_096_9a-._.js:10110:147)
    at recursivelyTraverseAndDoubleInvokeEffectsInDEV (http://localhost:3000/_next/static/chunks/node_modules_next_dist_compiled_react-dom_096_9a-._.js:10110:147)
    at recursivelyTraverseAndDoubleInvokeEffectsInDEV (http://localhost:3000/_next/static/chunks/node_modules_next_dist_compiled_react-dom_096_9a-._.js:10110:147)
    at recursivelyTraverseAndDoubleInvokeEffectsInDEV (http://localhost:3000/_next/static/chunks/node_modules_next_dist_compiled_react-dom_096_9a-._.js:10110:147)
    at recursivelyTraverseAndDoubleInvokeEffectsInDEV (http://localhost:3000/_next/static/chunks/node_modules_next_dist_compiled_react-dom_096_9a-._.js:10110:147)
    at recursivelyTraverseAndDoubleInvokeEffectsInDEV (http://localhost:3000/_next/static/chunks/node_modules_next_dist_compiled_react-dom_096_9a-._.js:10110:147)
    at recursivelyTraverseAndDoubleInvokeEffectsInDEV (http://localhost:3000/_next/static/chunks/node_modules_next_dist_compiled_react-dom_096_9a-._.js:10110:147)
    at recursivelyTraverseAndDoubleInvokeEffectsInDEV (http://localhost:3000/_next/static/chunks/node_modules_next_dist_compiled_react-dom_096_9a-._.js:10110:147)
    at recursivelyTraverseAndDoubleInvokeEffectsInDEV (http://localhost:3000/_next/static/chunks/node_modules_next_dist_compiled_react-dom_096_9a-._.js:10110:147) @ http://localhost:3000/_next/static/chunks/node_modules_next_dist_1ybzpk2._.js:3318
[    3575ms] [ERROR] Error: Cannot remove non-existing layer "navi-qr-icon".
    at ki.removeLayer (http://localhost:3000/_next/static/chunks/node_modules_maplibre-gl_dist_maplibre-gl_1w0u9x2.js:29738:55)
    at ds.removeLayer (http://localhost:3000/_next/static/chunks/node_modules_maplibre-gl_dist_maplibre-gl_1w0u9x2.js:35984:35)
    at EntityRenderer.destroy (http://localhost:3000/_next/static/chunks/packages_109lp4s._.js:15141:26)
    at EntityRendererBridge.useEffect (http://localhost:3000/_next/static/chunks/src_1x3tb97._.js:7224:30)
    at Object.react_stack_bottom_frame (http://localhost:3000/_next/static/chunks/node_modules_next_dist_compiled_react-dom_096_9a-._.js:15093:17)
    at runWithFiberInDEV (http://localhost:3000/_next/static/chunks/node_modules_next_dist_compiled_react-dom_096_9a-._.js:965:74)
    at commitHookEffectListUnmount (http://localhost:3000/_next/static/chunks/node_modules_next_dist_compiled_react-dom_096_9a-._.js:7280:166)
    at commitHookPassiveUnmountEffects (http://localhost:3000/_next/static/chunks/node_modules_next_dist_compiled_react-dom_096_9a-._.js:7293:60)
    at disconnectPassiveEffect (http://localhost:3000/_next/static/chunks/node_modules_next_dist_compiled_react-dom_096_9a-._.js:8934:17)
    at doubleInvokeEffectsOnFiber (http://localhost:3000/_next/static/chunks/node_modules_next_dist_compiled_react-dom_096_9a-._.js:10117:44)
    at runWithFiberInDEV (http://localhost:3000/_next/static/chunks/node_modules_next_dist_compiled_react-dom_096_9a-._.js:965:74)
    at recursivelyTraverseAndDoubleInvokeEffectsInDEV (http://localhost:3000/_next/static/chunks/node_modules_next_dist_compiled_react-dom_096_9a-._.js:10110:79)
    at recursivelyTraverseAndDoubleInvokeEffectsInDEV (http://localhost:3000/_next/static/chunks/node_modules_next_dist_compiled_react-dom_096_9a-._.js:10110:147)
    at recursivelyTraverseAndDoubleInvokeEffectsInDEV (http://localhost:3000/_next/static/chunks/node_modules_next_dist_compiled_react-dom_096_9a-._.js:10110:147)
    at recursivelyTraverseAndDoubleInvokeEffectsInDEV (http://localhost:3000/_next/static/chunks/node_modules_next_dist_compiled_react-dom_096_9a-._.js:10110:147)
    at recursivelyTraverseAndDoubleInvokeEffectsInDEV (http://localhost:3000/_next/static/chunks/node_modules_next_dist_compiled_react-dom_096_9a-._.js:10110:147)
    at recursivelyTraverseAndDoubleInvokeEffectsInDEV (http://localhost:3000/_next/static/chunks/node_modules_next_dist_compiled_react-dom_096_9a-._.js:10110:147)
    at recursivelyTraverseAndDoubleInvokeEffectsInDEV (http://localhost:3000/_next/static/chunks/node_modules_next_dist_compiled_react-dom_096_9a-._.js:10110:147)
    at recursivelyTraverseAndDoubleInvokeEffectsInDEV (http://localhost:3000/_next/static/chunks/node_modules_next_dist_compiled_react-dom_096_9a-._.js:10110:147)
    at recursivelyTraverseAndDoubleInvokeEffectsInDEV (http://localhost:3000/_next/static/chunks/node_modules_next_dist_compiled_react-dom_096_9a-._.js:10110:147)
    at recursivelyTraverseAndDoubleInvokeEffectsInDEV (http://localhost:3000/_next/static/chunks/node_modules_next_dist_compiled_react-dom_096_9a-._.js:10110:147)
    at recursivelyTraverseAndDoubleInvokeEffectsInDEV (http://localhost:3000/_next/static/chunks/node_modules_next_dist_compiled_react-dom_096_9a-._.js:10110:147)
    at recursivelyTraverseAndDoubleInvokeEffectsInDEV (http://localhost:3000/_next/static/chunks/node_modules_next_dist_compiled_react-dom_096_9a-._.js:10110:147)
    at recursivelyTraverseAndDoubleInvokeEffectsInDEV (http://localhost:3000/_next/static/chunks/node_modules_next_dist_compiled_react-dom_096_9a-._.js:10110:147)
    at recursivelyTraverseAndDoubleInvokeEffectsInDEV (http://localhost:3000/_next/static/chunks/node_modules_next_dist_compiled_react-dom_096_9a-._.js:10110:147)
    at recursivelyTraverseAndDoubleInvokeEffectsInDEV (http://localhost:3000/_next/static/chunks/node_modules_next_dist_compiled_react-dom_096_9a-._.js:10110:147)
    at recursivelyTraverseAndDoubleInvokeEffectsInDEV (http://localhost:3000/_next/static/chunks/node_modules_next_dist_compiled_react-dom_096_9a-._.js:10110:147)
    at recursivelyTraverseAndDoubleInvokeEffectsInDEV (http://localhost:3000/_next/static/chunks/node_modules_next_dist_compiled_react-dom_096_9a-._.js:10110:147)
    at recursivelyTraverseAndDoubleInvokeEffectsInDEV (http://localhost:3000/_next/static/chunks/node_modules_next_dist_compiled_react-dom_096_9a-._.js:10110:147)
    at recursivelyTraverseAndDoubleInvokeEffectsInDEV (http://localhost:3000/_next/static/chunks/node_modules_next_dist_compiled_react-dom_096_9a-._.js:10110:147)
    at recursivelyTraverseAndDoubleInvokeEffectsInDEV (http://localhost:3000/_next/static/chunks/node_modules_next_dist_compiled_react-dom_096_9a-._.js:10110:147)
    at recursivelyTraverseAndDoubleInvokeEffectsInDEV (http://localhost:3000/_next/static/chunks/node_modules_next_dist_compiled_react-dom_096_9a-._.js:10110:147)
    at recursivelyTraverseAndDoubleInvokeEffectsInDEV (http://localhost:3000/_next/static/chunks/node_modules_next_dist_compiled_react-dom_096_9a-._.js:10110:147)
    at recursivelyTraverseAndDoubleInvokeEffectsInDEV (http://localhost:3000/_next/static/chunks/node_modules_next_dist_compiled_react-dom_096_9a-._.js:10110:147)
    at recursivelyTraverseAndDoubleInvokeEffectsInDEV (http://localhost:3000/_next/static/chunks/node_modules_next_dist_compiled_react-dom_096_9a-._.js:10110:147)
    at recursivelyTraverseAndDoubleInvokeEffectsInDEV (http://localhost:3000/_next/static/chunks/node_modules_next_dist_compiled_react-dom_096_9a-._.js:10110:147)
    at recursivelyTraverseAndDoubleInvokeEffectsInDEV (http://localhost:3000/_next/static/chunks/node_modules_next_dist_compiled_react-dom_096_9a-._.js:10110:147)
    at recursivelyTraverseAndDoubleInvokeEffectsInDEV (http://localhost:3000/_next/static/chunks/node_modules_next_dist_compiled_react-dom_096_9a-._.js:10110:147)
    at recursivelyTraverseAndDoubleInvokeEffectsInDEV (http://localhost:3000/_next/static/chunks/node_modules_next_dist_compiled_react-dom_096_9a-._.js:10110:147)
    at recursivelyTraverseAndDoubleInvokeEffectsInDEV (http://localhost:3000/_next/static/chunks/node_modules_next_dist_compiled_react-dom_096_9a-._.js:10110:147)
    at recursivelyTraverseAndDoubleInvokeEffectsInDEV (http://localhost:3000/_next/static/chunks/node_modules_next_dist_compiled_react-dom_096_9a-._.js:10110:147)
    at recursivelyTraverseAndDoubleInvokeEffectsInDEV (http://localhost:3000/_next/static/chunks/node_modules_next_dist_compiled_react-dom_096_9a-._.js:10110:147)
    at recursivelyTraverseAndDoubleInvokeEffectsInDEV (http://localhost:3000/_next/static/chunks/node_modules_next_dist_compiled_react-dom_096_9a-._.js:10110:147)
    at recursivelyTraverseAndDoubleInvokeEffectsInDEV (http://localhost:3000/_next/static/chunks/node_modules_next_dist_compiled_react-dom_096_9a-._.js:10110:147)
    at recursivelyTraverseAndDoubleInvokeEffectsInDEV (http://localhost:3000/_next/static/chunks/node_modules_next_dist_compiled_react-dom_096_9a-._.js:10110:147)
    at recursivelyTraverseAndDoubleInvokeEffectsInDEV (http://localhost:3000/_next/static/chunks/node_modules_next_dist_compiled_react-dom_096_9a-._.js:10110:147)
    at recursivelyTraverseAndDoubleInvokeEffectsInDEV (http://localhost:3000/_next/static/chunks/node_modules_next_dist_compiled_react-dom_096_9a-._.js:10110:147)
    at recursivelyTraverseAndDoubleInvokeEffectsInDEV (http://localhost:3000/_next/static/chunks/node_modules_next_dist_compiled_react-dom_096_9a-._.js:10110:147)
    at recursivelyTraverseAndDoubleInvokeEffectsInDEV (http://localhost:3000/_next/static/chunks/node_modules_next_dist_compiled_react-dom_096_9a-._.js:10110:147)
    at recursivelyTraverseAndDoubleInvokeEffectsInDEV (http://localhost:3000/_next/static/chunks/node_modules_next_dist_compiled_react-dom_096_9a-._.js:10110:147) @ http://localhost:3000/_next/static/chunks/node_modules_next_dist_1ybzpk2._.js:3318
[    3575ms] [ERROR] Error: Cannot remove non-existing layer "navi-selection-overlay".
    at ki.removeLayer (http://localhost:3000/_next/static/chunks/node_modules_maplibre-gl_dist_maplibre-gl_1w0u9x2.js:29738:55)
    at ds.removeLayer (http://localhost:3000/_next/static/chunks/node_modules_maplibre-gl_dist_maplibre-gl_1w0u9x2.js:35984:35)
    at EntityRenderer.destroy (http://localhost:3000/_next/static/chunks/packages_109lp4s._.js:15141:26)
    at EntityRendererBridge.useEffect (http://localhost:3000/_next/static/chunks/src_1x3tb97._.js:7224:30)
    at Object.react_stack_bottom_frame (http://localhost:3000/_next/static/chunks/node_modules_next_dist_compiled_react-dom_096_9a-._.js:15093:17)
    at runWithFiberInDEV (http://localhost:3000/_next/static/chunks/node_modules_next_dist_compiled_react-dom_096_9a-._.js:965:74)
    at commitHookEffectListUnmount (http://localhost:3000/_next/static/chunks/node_modules_next_dist_compiled_react-dom_096_9a-._.js:7280:166)
    at commitHookPassiveUnmountEffects (http://localhost:3000/_next/static/chunks/node_modules_next_dist_compiled_react-dom_096_9a-._.js:7293:60)
    at disconnectPassiveEffect (http://localhost:3000/_next/static/chunks/node_modules_next_dist_compiled_react-dom_096_9a-._.js:8934:17)
    at doubleInvokeEffectsOnFiber (http://localhost:3000/_next/static/chunks/node_modules_next_dist_compiled_react-dom_096_9a-._.js:10117:44)
    at runWithFiberInDEV (http://localhost:3000/_next/static/chunks/node_modules_next_dist_compiled_react-dom_096_9a-._.js:965:74)
    at recursivelyTraverseAndDoubleInvokeEffectsInDEV (http://localhost:3000/_next/static/chunks/node_modules_next_dist_compiled_react-dom_096_9a-._.js:10110:79)
    at recursivelyTraverseAndDoubleInvokeEffectsInDEV (http://localhost:3000/_next/static/chunks/node_modules_next_dist_compiled_react-dom_096_9a-._.js:10110:147)
    at recursivelyTraverseAndDoubleInvokeEffectsInDEV (http://localhost:3000/_next/static/chunks/node_modules_next_dist_compiled_react-dom_096_9a-._.js:10110:147)
    at recursivelyTraverseAndDoubleInvokeEffectsInDEV (http://localhost:3000/_next/static/chunks/node_modules_next_dist_compiled_react-dom_096_9a-._.js:10110:147)
    at recursivelyTraverseAndDoubleInvokeEffectsInDEV (http://localhost:3000/_next/static/chunks/node_modules_next_dist_compiled_react-dom_096_9a-._.js:10110:147)
    at recursivelyTraverseAndDoubleInvokeEffectsInDEV (http://localhost:3000/_next/static/chunks/node_modules_next_dist_compiled_react-dom_096_9a-._.js:10110:147)
    at recursivelyTraverseAndDoubleInvokeEffectsInDEV (http://localhost:3000/_next/static/chunks/node_modules_next_dist_compiled_react-dom_096_9a-._.js:10110:147)
    at recursivelyTraverseAndDoubleInvokeEffectsInDEV (http://localhost:3000/_next/static/chunks/node_modules_next_dist_compiled_react-dom_096_9a-._.js:10110:147)
    at recursivelyTraverseAndDoubleInvokeEffectsInDEV (http://localhost:3000/_next/static/chunks/node_modules_next_dist_compiled_react-dom_096_9a-._.js:10110:147)
    at recursivelyTraverseAndDoubleInvokeEffectsInDEV (http://localhost:3000/_next/static/chunks/node_modules_next_dist_compiled_react-dom_096_9a-._.js:10110:147)
    at recursivelyTraverseAndDoubleInvokeEffectsInDEV (http://localhost:3000/_next/static/chunks/node_modules_next_dist_compiled_react-dom_096_9a-._.js:10110:147)
    at recursivelyTraverseAndDoubleInvokeEffectsInDEV (http://localhost:3000/_next/static/chunks/node_modules_next_dist_compiled_react-dom_096_9a-._.js:10110:147)
    at recursivelyTraverseAndDoubleInvokeEffectsInDEV (http://localhost:3000/_next/static/chunks/node_modules_next_dist_compiled_react-dom_096_9a-._.js:10110:147)
    at recursivelyTraverseAndDoubleInvokeEffectsInDEV (http://localhost:3000/_next/static/chunks/node_modules_next_dist_compiled_react-dom_096_9a-._.js:10110:147)
    at recursivelyTraverseAndDoubleInvokeEffectsInDEV (http://localhost:3000/_next/static/chunks/node_modules_next_dist_compiled_react-dom_096_9a-._.js:10110:147)
    at recursivelyTraverseAndDoubleInvokeEffectsInDEV (http://localhost:3000/_next/static/chunks/node_modules_next_dist_compiled_react-dom_096_9a-._.js:10110:147)
    at recursivelyTraverseAndDoubleInvokeEffectsInDEV (http://localhost:3000/_next/static/chunks/node_modules_next_dist_compiled_react-dom_096_9a-._.js:10110:147)
    at recursivelyTraverseAndDoubleInvokeEffectsInDEV (http://localhost:3000/_next/static/chunks/node_modules_next_dist_compiled_react-dom_096_9a-._.js:10110:147)
    at recursivelyTraverseAndDoubleInvokeEffectsInDEV (http://localhost:3000/_next/static/chunks/node_modules_next_dist_compiled_react-dom_096_9a-._.js:10110:147)
    at recursivelyTraverseAndDoubleInvokeEffectsInDEV (http://localhost:3000/_next/static/chunks/node_modules_next_dist_compiled_react-dom_096_9a-._.js:10110:147)
    at recursivelyTraverseAndDoubleInvokeEffectsInDEV (http://localhost:3000/_next/static/chunks/node_modules_next_dist_compiled_react-dom_096_9a-._.js:10110:147)
    at recursivelyTraverseAndDoubleInvokeEffectsInDEV (http://localhost:3000/_next/static/chunks/node_modules_next_dist_compiled_react-dom_096_9a-._.js:10110:147)
    at recursivelyTraverseAndDoubleInvokeEffectsInDEV (http://localhost:3000/_next/static/chunks/node_modules_next_dist_compiled_react-dom_096_9a-._.js:10110:147)
    at recursivelyTraverseAndDoubleInvokeEffectsInDEV (http://localhost:3000/_next/static/chunks/node_modules_next_dist_compiled_react-dom_096_9a-._.js:10110:147)
    at recursivelyTraverseAndDoubleInvokeEffectsInDEV (http://localhost:3000/_next/static/chunks/node_modules_next_dist_compiled_react-dom_096_9a-._.js:10110:147)
    at recursivelyTraverseAndDoubleInvokeEffectsInDEV (http://localhost:3000/_next/static/chunks/node_modules_next_dist_compiled_react-dom_096_9a-._.js:10110:147)
    at recursivelyTraverseAndDoubleInvokeEffectsInDEV (http://localhost:3000/_next/static/chunks/node_modules_next_dist_compiled_react-dom_096_9a-._.js:10110:147)
    at recursivelyTraverseAndDoubleInvokeEffectsInDEV (http://localhost:3000/_next/static/chunks/node_modules_next_dist_compiled_react-dom_096_9a-._.js:10110:147)
    at recursivelyTraverseAndDoubleInvokeEffectsInDEV (http://localhost:3000/_next/static/chunks/node_modules_next_dist_compiled_react-dom_096_9a-._.js:10110:147)
    at recursivelyTraverseAndDoubleInvokeEffectsInDEV (http://localhost:3000/_next/static/chunks/node_modules_next_dist_compiled_react-dom_096_9a-._.js:10110:147)
    at recursivelyTraverseAndDoubleInvokeEffectsInDEV (http://localhost:3000/_next/static/chunks/node_modules_next_dist_compiled_react-dom_096_9a-._.js:10110:147)
    at recursivelyTraverseAndDoubleInvokeEffectsInDEV (http://localhost:3000/_next/static/chunks/node_modules_next_dist_compiled_react-dom_096_9a-._.js:10110:147)
    at recursivelyTraverseAndDoubleInvokeEffectsInDEV (http://localhost:3000/_next/static/chunks/node_modules_next_dist_compiled_react-dom_096_9a-._.js:10110:147)
    at recursivelyTraverseAndDoubleInvokeEffectsInDEV (http://localhost:3000/_next/static/chunks/node_modules_next_dist_compiled_react-dom_096_9a-._.js:10110:147)
    at recursivelyTraverseAndDoubleInvokeEffectsInDEV (http://localhost:3000/_next/static/chunks/node_modules_next_dist_compiled_react-dom_096_9a-._.js:10110:147)
    at recursivelyTraverseAndDoubleInvokeEffectsInDEV (http://localhost:3000/_next/static/chunks/node_modules_next_dist_compiled_react-dom_096_9a-._.js:10110:147)
    at recursivelyTraverseAndDoubleInvokeEffectsInDEV (http://localhost:3000/_next/static/chunks/node_modules_next_dist_compiled_react-dom_096_9a-._.js:10110:147)
    at recursivelyTraverseAndDoubleInvokeEffectsInDEV (http://localhost:3000/_next/static/chunks/node_modules_next_dist_compiled_react-dom_096_9a-._.js:10110:147)
    at recursivelyTraverseAndDoubleInvokeEffectsInDEV (http://localhost:3000/_next/static/chunks/node_modules_next_dist_compiled_react-dom_096_9a-._.js:10110:147) @ http://localhost:3000/_next/static/chunks/node_modules_next_dist_1ybzpk2._.js:3318
[    3576ms] [ERROR] Error: Cannot remove non-existing layer "navi-hover-highlight".
    at ki.removeLayer (http://localhost:3000/_next/static/chunks/node_modules_maplibre-gl_dist_maplibre-gl_1w0u9x2.js:29738:55)
    at ds.removeLayer (http://localhost:3000/_next/static/chunks/node_modules_maplibre-gl_dist_maplibre-gl_1w0u9x2.js:35984:35)
    at EntityRenderer.destroy (http://localhost:3000/_next/static/chunks/packages_109lp4s._.js:15141:26)
    at EntityRendererBridge.useEffect (http://localhost:3000/_next/static/chunks/src_1x3tb97._.js:7224:30)
    at Object.react_stack_bottom_frame (http://localhost:3000/_next/static/chunks/node_modules_next_dist_compiled_react-dom_096_9a-._.js:15093:17)
    at runWithFiberInDEV (http://localhost:3000/_next/static/chunks/node_modules_next_dist_compiled_react-dom_096_9a-._.js:965:74)
    at commitHookEffectListUnmount (http://localhost:3000/_next/static/chunks/node_modules_next_dist_compiled_react-dom_096_9a-._.js:7280:166)
    at commitHookPassiveUnmountEffects (http://localhost:3000/_next/static/chunks/node_modules_next_dist_compiled_react-dom_096_9a-._.js:7293:60)
    at disconnectPassiveEffect (http://localhost:3000/_next/static/chunks/node_modules_next_dist_compiled_react-dom_096_9a-._.js:8934:17)
    at doubleInvokeEffectsOnFiber (http://localhost:3000/_next/static/chunks/node_modules_next_dist_compiled_react-dom_096_9a-._.js:10117:44)
    at runWithFiberInDEV (http://localhost:3000/_next/static/chunks/node_modules_next_dist_compiled_react-dom_096_9a-._.js:965:74)
    at recursivelyTraverseAndDoubleInvokeEffectsInDEV (http://localhost:3000/_next/static/chunks/node_modules_next_dist_compiled_react-dom_096_9a-._.js:10110:79)
    at recursivelyTraverseAndDoubleInvokeEffectsInDEV (http://localhost:3000/_next/static/chunks/node_modules_next_dist_compiled_react-dom_096_9a-._.js:10110:147)
    at recursivelyTraverseAndDoubleInvokeEffectsInDEV (http://localhost:3000/_next/static/chunks/node_modules_next_dist_compiled_react-dom_096_9a-._.js:10110:147)
    at recursivelyTraverseAndDoubleInvokeEffectsInDEV (http://localhost:3000/_next/static/chunks/node_modules_next_dist_compiled_react-dom_096_9a-._.js:10110:147)
    at recursivelyTraverseAndDoubleInvokeEffectsInDEV (http://localhost:3000/_next/static/chunks/node_modules_next_dist_compiled_react-dom_096_9a-._.js:10110:147)
    at recursivelyTraverseAndDoubleInvokeEffectsInDEV (http://localhost:3000/_next/static/chunks/node_modules_next_dist_compiled_react-dom_096_9a-._.js:10110:147)
    at recursivelyTraverseAndDoubleInvokeEffectsInDEV (http://localhost:3000/_next/static/chunks/node_modules_next_dist_compiled_react-dom_096_9a-._.js:10110:147)
    at recursivelyTraverseAndDoubleInvokeEffectsInDEV (http://localhost:3000/_next/static/chunks/node_modules_next_dist_compiled_react-dom_096_9a-._.js:10110:147)
    at recursivelyTraverseAndDoubleInvokeEffectsInDEV (http://localhost:3000/_next/static/chunks/node_modules_next_dist_compiled_react-dom_096_9a-._.js:10110:147)
    at recursivelyTraverseAndDoubleInvokeEffectsInDEV (http://localhost:3000/_next/static/chunks/node_modules_next_dist_compiled_react-dom_096_9a-._.js:10110:147)
    at recursivelyTraverseAndDoubleInvokeEffectsInDEV (http://localhost:3000/_next/static/chunks/node_modules_next_dist_compiled_react-dom_096_9a-._.js:10110:147)
    at recursivelyTraverseAndDoubleInvokeEffectsInDEV (http://localhost:3000/_next/static/chunks/node_modules_next_dist_compiled_react-dom_096_9a-._.js:10110:147)
    at recursivelyTraverseAndDoubleInvokeEffectsInDEV (http://localhost:3000/_next/static/chunks/node_modules_next_dist_compiled_react-dom_096_9a-._.js:10110:147)
    at recursivelyTraverseAndDoubleInvokeEffectsInDEV (http://localhost:3000/_next/static/chunks/node_modules_next_dist_compiled_react-dom_096_9a-._.js:10110:147)
    at recursivelyTraverseAndDoubleInvokeEffectsInDEV (http://localhost:3000/_next/static/chunks/node_modules_next_dist_compiled_react-dom_096_9a-._.js:10110:147)
    at recursivelyTraverseAndDoubleInvokeEffectsInDEV (http://localhost:3000/_next/static/chunks/node_modules_next_dist_compiled_react-dom_096_9a-._.js:10110:147)
    at recursivelyTraverseAndDoubleInvokeEffectsInDEV (http://localhost:3000/_next/static/chunks/node_modules_next_dist_compiled_react-dom_096_9a-._.js:10110:147)
    at recursivelyTraverseAndDoubleInvokeEffectsInDEV (http://localhost:3000/_next/static/chunks/node_modules_next_dist_compiled_react-dom_096_9a-._.js:10110:147)
    at recursivelyTraverseAndDoubleInvokeEffectsInDEV (http://localhost:3000/_next/static/chunks/node_modules_next_dist_compiled_react-dom_096_9a-._.js:10110:147)
    at recursivelyTraverseAndDoubleInvokeEffectsInDEV (http://localhost:3000/_next/static/chunks/node_modules_next_dist_compiled_react-dom_096_9a-._.js:10110:147)
    at recursivelyTraverseAndDoubleInvokeEffectsInDEV (http://localhost:3000/_next/static/chunks/node_modules_next_dist_compiled_react-dom_096_9a-._.js:10110:147)
    at recursivelyTraverseAndDoubleInvokeEffectsInDEV (http://localhost:3000/_next/static/chunks/node_modules_next_dist_compiled_react-dom_096_9a-._.js:10110:147)
    at recursivelyTraverseAndDoubleInvokeEffectsInDEV (http://localhost:3000/_next/static/chunks/node_modules_next_dist_compiled_react-dom_096_9a-._.js:10110:147)
    at recursivelyTraverseAndDoubleInvokeEffectsInDEV (http://localhost:3000/_next/static/chunks/node_modules_next_dist_compiled_react-dom_096_9a-._.js:10110:147)
    at recursivelyTraverseAndDoubleInvokeEffectsInDEV (http://localhost:3000/_next/static/chunks/node_modules_next_dist_compiled_react-dom_096_9a-._.js:10110:147)
    at recursivelyTraverseAndDoubleInvokeEffectsInDEV (http://localhost:3000/_next/static/chunks/node_modules_next_dist_compiled_react-dom_096_9a-._.js:10110:147)
    at recursivelyTraverseAndDoubleInvokeEffectsInDEV (http://localhost:3000/_next/static/chunks/node_modules_next_dist_compiled_react-dom_096_9a-._.js:10110:147)
    at recursivelyTraverseAndDoubleInvokeEffectsInDEV (http://localhost:3000/_next/static/chunks/node_modules_next_dist_compiled_react-dom_096_9a-._.js:10110:147)
    at recursivelyTraverseAndDoubleInvokeEffectsInDEV (http://localhost:3000/_next/static/chunks/node_modules_next_dist_compiled_react-dom_096_9a-._.js:10110:147)
    at recursivelyTraverseAndDoubleInvokeEffectsInDEV (http://localhost:3000/_next/static/chunks/node_modules_next_dist_compiled_react-dom_096_9a-._.js:10110:147)
    at recursivelyTraverseAndDoubleInvokeEffectsInDEV (http://localhost:3000/_next/static/chunks/node_modules_next_dist_compiled_react-dom_096_9a-._.js:10110:147)
    at recursivelyTraverseAndDoubleInvokeEffectsInDEV (http://localhost:3000/_next/static/chunks/node_modules_next_dist_compiled_react-dom_096_9a-._.js:10110:147)
    at recursivelyTraverseAndDoubleInvokeEffectsInDEV (http://localhost:3000/_next/static/chunks/node_modules_next_dist_compiled_react-dom_096_9a-._.js:10110:147)
    at recursivelyTraverseAndDoubleInvokeEffectsInDEV (http://localhost:3000/_next/static/chunks/node_modules_next_dist_compiled_react-dom_096_9a-._.js:10110:147)
    at recursivelyTraverseAndDoubleInvokeEffectsInDEV (http://localhost:3000/_next/static/chunks/node_modules_next_dist_compiled_react-dom_096_9a-._.js:10110:147)
    at recursivelyTraverseAndDoubleInvokeEffectsInDEV (http://localhost:3000/_next/static/chunks/node_modules_next_dist_compiled_react-dom_096_9a-._.js:10110:147)
    at recursivelyTraverseAndDoubleInvokeEffectsInDEV (http://localhost:3000/_next/static/chunks/node_modules_next_dist_compiled_react-dom_096_9a-._.js:10110:147)
    at recursivelyTraverseAndDoubleInvokeEffectsInDEV (http://localhost:3000/_next/static/chunks/node_modules_next_dist_compiled_react-dom_096_9a-._.js:10110:147)
    at recursivelyTraverseAndDoubleInvokeEffectsInDEV (http://localhost:3000/_next/static/chunks/node_modules_next_dist_compiled_react-dom_096_9a-._.js:10110:147) @ http://localhost:3000/_next/static/chunks/node_modules_next_dist_1ybzpk2._.js:3318
[    3576ms] [ERROR] Error: Cannot remove non-existing layer "navi-preview-layer".
    at ki.removeLayer (http://localhost:3000/_next/static/chunks/node_modules_maplibre-gl_dist_maplibre-gl_1w0u9x2.js:29738:55)
    at ds.removeLayer (http://localhost:3000/_next/static/chunks/node_modules_maplibre-gl_dist_maplibre-gl_1w0u9x2.js:35984:35)
    at EntityRenderer.destroy (http://localhost:3000/_next/static/chunks/packages_109lp4s._.js:15141:26)
    at EntityRendererBridge.useEffect (http://localhost:3000/_next/static/chunks/src_1x3tb97._.js:7224:30)
    at Object.react_stack_bottom_frame (http://localhost:3000/_next/static/chunks/node_modules_next_dist_compiled_react-dom_096_9a-._.js:15093:17)
    at runWithFiberInDEV (http://localhost:3000/_next/static/chunks/node_modules_next_dist_compiled_react-dom_096_9a-._.js:965:74)
    at commitHookEffectListUnmount (http://localhost:3000/_next/static/chunks/node_modules_next_dist_compiled_react-dom_096_9a-._.js:7280:166)
    at commitHookPassiveUnmountEffects (http://localhost:3000/_next/static/chunks/node_modules_next_dist_compiled_react-dom_096_9a-._.js:7293:60)
    at disconnectPassiveEffect (http://localhost:3000/_next/static/chunks/node_modules_next_dist_compiled_react-dom_096_9a-._.js:8934:17)
    at doubleInvokeEffectsOnFiber (http://localhost:3000/_next/static/chunks/node_modules_next_dist_compiled_react-dom_096_9a-._.js:10117:44)
    at runWithFiberInDEV (http://localhost:3000/_next/static/chunks/node_modules_next_dist_compiled_react-dom_096_9a-._.js:965:74)
    at recursivelyTraverseAndDoubleInvokeEffectsInDEV (http://localhost:3000/_next/static/chunks/node_modules_next_dist_compiled_react-dom_096_9a-._.js:10110:79)
    at recursivelyTraverseAndDoubleInvokeEffectsInDEV (http://localhost:3000/_next/static/chunks/node_modules_next_dist_compiled_react-dom_096_9a-._.js:10110:147)
    at recursivelyTraverseAndDoubleInvokeEffectsInDEV (http://localhost:3000/_next/static/chunks/node_modules_next_dist_compiled_react-dom_096_9a-._.js:10110:147)
    at recursivelyTraverseAndDoubleInvokeEffectsInDEV (http://localhost:3000/_next/static/chunks/node_modules_next_dist_compiled_react-dom_096_9a-._.js:10110:147)
    at recursivelyTraverseAndDoubleInvokeEffectsInDEV (http://localhost:3000/_next/static/chunks/node_modules_next_dist_compiled_react-dom_096_9a-._.js:10110:147)
    at recursivelyTraverseAndDoubleInvokeEffectsInDEV (http://localhost:3000/_next/static/chunks/node_modules_next_dist_compiled_react-dom_096_9a-._.js:10110:147)
    at recursivelyTraverseAndDoubleInvokeEffectsInDEV (http://localhost:3000/_next/static/chunks/node_modules_next_dist_compiled_react-dom_096_9a-._.js:10110:147)
    at recursivelyTraverseAndDoubleInvokeEffectsInDEV (http://localhost:3000/_next/static/chunks/node_modules_next_dist_compiled_react-dom_096_9a-._.js:10110:147)
    at recursivelyTraverseAndDoubleInvokeEffectsInDEV (http://localhost:3000/_next/static/chunks/node_modules_next_dist_compiled_react-dom_096_9a-._.js:10110:147)
    at recursivelyTraverseAndDoubleInvokeEffectsInDEV (http://localhost:3000/_next/static/chunks/node_modules_next_dist_compiled_react-dom_096_9a-._.js:10110:147)
    at recursivelyTraverseAndDoubleInvokeEffectsInDEV (http://localhost:3000/_next/static/chunks/node_modules_next_dist_compiled_react-dom_096_9a-._.js:10110:147)
    at recursivelyTraverseAndDoubleInvokeEffectsInDEV (http://localhost:3000/_next/static/chunks/node_modules_next_dist_compiled_react-dom_096_9a-._.js:10110:147)
    at recursivelyTraverseAndDoubleInvokeEffectsInDEV (http://localhost:3000/_next/static/chunks/node_modules_next_dist_compiled_react-dom_096_9a-._.js:10110:147)
    at recursivelyTraverseAndDoubleInvokeEffectsInDEV (http://localhost:3000/_next/static/chunks/node_modules_next_dist_compiled_react-dom_096_9a-._.js:10110:147)
    at recursivelyTraverseAndDoubleInvokeEffectsInDEV (http://localhost:3000/_next/static/chunks/node_modules_next_dist_compiled_react-dom_096_9a-._.js:10110:147)
    at recursivelyTraverseAndDoubleInvokeEffectsInDEV (http://localhost:3000/_next/static/chunks/node_modules_next_dist_compiled_react-dom_096_9a-._.js:10110:147)
    at recursivelyTraverseAndDoubleInvokeEffectsInDEV (http://localhost:3000/_next/static/chunks/node_modules_next_dist_compiled_react-dom_096_9a-._.js:10110:147)
    at recursivelyTraverseAndDoubleInvokeEffectsInDEV (http://localhost:3000/_next/static/chunks/node_modules_next_dist_compiled_react-dom_096_9a-._.js:10110:147)
    at recursivelyTraverseAndDoubleInvokeEffectsInDEV (http://localhost:3000/_next/static/chunks/node_modules_next_dist_compiled_react-dom_096_9a-._.js:10110:147)
    at recursivelyTraverseAndDoubleInvokeEffectsInDEV (http://localhost:3000/_next/static/chunks/node_modules_next_dist_compiled_react-dom_096_9a-._.js:10110:147)
    at recursivelyTraverseAndDoubleInvokeEffectsInDEV (http://localhost:3000/_next/static/chunks/node_modules_next_dist_compiled_react-dom_096_9a-._.js:10110:147)
    at recursivelyTraverseAndDoubleInvokeEffectsInDEV (http://localhost:3000/_next/static/chunks/node_modules_next_dist_compiled_react-dom_096_9a-._.js:10110:147)
    at recursivelyTraverseAndDoubleInvokeEffectsInDEV (http://localhost:3000/_next/static/chunks/node_modules_next_dist_compiled_react-dom_096_9a-._.js:10110:147)
    at recursivelyTraverseAndDoubleInvokeEffectsInDEV (http://localhost:3000/_next/static/chunks/node_modules_next_dist_compiled_react-dom_096_9a-._.js:10110:147)
    at recursivelyTraverseAndDoubleInvokeEffectsInDEV (http://localhost:3000/_next/static/chunks/node_modules_next_dist_compiled_react-dom_096_9a-._.js:10110:147)
    at recursivelyTraverseAndDoubleInvokeEffectsInDEV (http://localhost:3000/_next/static/chunks/node_modules_next_dist_compiled_react-dom_096_9a-._.js:10110:147)
    at recursivelyTraverseAndDoubleInvokeEffectsInDEV (http://localhost:3000/_next/static/chunks/node_modules_next_dist_compiled_react-dom_096_9a-._.js:10110:147)
    at recursivelyTraverseAndDoubleInvokeEffectsInDEV (http://localhost:3000/_next/static/chunks/node_modules_next_dist_compiled_react-dom_096_9a-._.js:10110:147)
    at recursivelyTraverseAndDoubleInvokeEffectsInDEV (http://localhost:3000/_next/static/chunks/node_modules_next_dist_compiled_react-dom_096_9a-._.js:10110:147)
    at recursivelyTraverseAndDoubleInvokeEffectsInDEV (http://localhost:3000/_next/static/chunks/node_modules_next_dist_compiled_react-dom_096_9a-._.js:10110:147)
    at recursivelyTraverseAndDoubleInvokeEffectsInDEV (http://localhost:3000/_next/static/chunks/node_modules_next_dist_compiled_react-dom_096_9a-._.js:10110:147)
    at recursivelyTraverseAndDoubleInvokeEffectsInDEV (http://localhost:3000/_next/static/chunks/node_modules_next_dist_compiled_react-dom_096_9a-._.js:10110:147)
    at recursivelyTraverseAndDoubleInvokeEffectsInDEV (http://localhost:3000/_next/static/chunks/node_modules_next_dist_compiled_react-dom_096_9a-._.js:10110:147)
    at recursivelyTraverseAndDoubleInvokeEffectsInDEV (http://localhost:3000/_next/static/chunks/node_modules_next_dist_compiled_react-dom_096_9a-._.js:10110:147)
    at recursivelyTraverseAndDoubleInvokeEffectsInDEV (http://localhost:3000/_next/static/chunks/node_modules_next_dist_compiled_react-dom_096_9a-._.js:10110:147)
    at recursivelyTraverseAndDoubleInvokeEffectsInDEV (http://localhost:3000/_next/static/chunks/node_modules_next_dist_compiled_react-dom_096_9a-._.js:10110:147)
    at recursivelyTraverseAndDoubleInvokeEffectsInDEV (http://localhost:3000/_next/static/chunks/node_modules_next_dist_compiled_react-dom_096_9a-._.js:10110:147)
    at recursivelyTraverseAndDoubleInvokeEffectsInDEV (http://localhost:3000/_next/static/chunks/node_modules_next_dist_compiled_react-dom_096_9a-._.js:10110:147)
    at recursivelyTraverseAndDoubleInvokeEffectsInDEV (http://localhost:3000/_next/static/chunks/node_modules_next_dist_compiled_react-dom_096_9a-._.js:10110:147) @ http://localhost:3000/_next/static/chunks/node_modules_next_dist_1ybzpk2._.js:3318
[    3577ms] [ERROR] Error: Cannot remove non-existing layer "navi-validation-overlay".
    at ki.removeLayer (http://localhost:3000/_next/static/chunks/node_modules_maplibre-gl_dist_maplibre-gl_1w0u9x2.js:29738:55)
    at ds.removeLayer (http://localhost:3000/_next/static/chunks/node_modules_maplibre-gl_dist_maplibre-gl_1w0u9x2.js:35984:35)
    at EntityRenderer.destroy (http://localhost:3000/_next/static/chunks/packages_109lp4s._.js:15141:26)
    at EntityRendererBridge.useEffect (http://localhost:3000/_next/static/chunks/src_1x3tb97._.js:7224:30)
    at Object.react_stack_bottom_frame (http://localhost:3000/_next/static/chunks/node_modules_next_dist_compiled_react-dom_096_9a-._.js:15093:17)
    at runWithFiberInDEV (http://localhost:3000/_next/static/chunks/node_modules_next_dist_compiled_react-dom_096_9a-._.js:965:74)
    at commitHookEffectListUnmount (http://localhost:3000/_next/static/chunks/node_modules_next_dist_compiled_react-dom_096_9a-._.js:7280:166)
    at commitHookPassiveUnmountEffects (http://localhost:3000/_next/static/chunks/node_modules_next_dist_compiled_react-dom_096_9a-._.js:7293:60)
    at disconnectPassiveEffect (http://localhost:3000/_next/static/chunks/node_modules_next_dist_compiled_react-dom_096_9a-._.js:8934:17)
    at doubleInvokeEffectsOnFiber (http://localhost:3000/_next/static/chunks/node_modules_next_dist_compiled_react-dom_096_9a-._.js:10117:44)
    at runWithFiberInDEV (http://localhost:3000/_next/static/chunks/node_modules_next_dist_compiled_react-dom_096_9a-._.js:965:74)
    at recursivelyTraverseAndDoubleInvokeEffectsInDEV (http://localhost:3000/_next/static/chunks/node_modules_next_dist_compiled_react-dom_096_9a-._.js:10110:79)
    at recursivelyTraverseAndDoubleInvokeEffectsInDEV (http://localhost:3000/_next/static/chunks/node_modules_next_dist_compiled_react-dom_096_9a-._.js:10110:147)
    at recursivelyTraverseAndDoubleInvokeEffectsInDEV (http://localhost:3000/_next/static/chunks/node_modules_next_dist_compiled_react-dom_096_9a-._.js:10110:147)
    at recursivelyTraverseAndDoubleInvokeEffectsInDEV (http://localhost:3000/_next/static/chunks/node_modules_next_dist_compiled_react-dom_096_9a-._.js:10110:147)
    at recursivelyTraverseAndDoubleInvokeEffectsInDEV (http://localhost:3000/_next/static/chunks/node_modules_next_dist_compiled_react-dom_096_9a-._.js:10110:147)
    at recursivelyTraverseAndDoubleInvokeEffectsInDEV (http://localhost:3000/_next/static/chunks/node_modules_next_dist_compiled_react-dom_096_9a-._.js:10110:147)
    at recursivelyTraverseAndDoubleInvokeEffectsInDEV (http://localhost:3000/_next/static/chunks/node_modules_next_dist_compiled_react-dom_096_9a-._.js:10110:147)
    at recursivelyTraverseAndDoubleInvokeEffectsInDEV (http://localhost:3000/_next/static/chunks/node_modules_next_dist_compiled_react-dom_096_9a-._.js:10110:147)
    at recursivelyTraverseAndDoubleInvokeEffectsInDEV (http://localhost:3000/_next/static/chunks/node_modules_next_dist_compiled_react-dom_096_9a-._.js:10110:147)
    at recursivelyTraverseAndDoubleInvokeEffectsInDEV (http://localhost:3000/_next/static/chunks/node_modules_next_dist_compiled_react-dom_096_9a-._.js:10110:147)
    at recursivelyTraverseAndDoubleInvokeEffectsInDEV (http://localhost:3000/_next/static/chunks/node_modules_next_dist_compiled_react-dom_096_9a-._.js:10110:147)
    at recursivelyTraverseAndDoubleInvokeEffectsInDEV (http://localhost:3000/_next/static/chunks/node_modules_next_dist_compiled_react-dom_096_9a-._.js:10110:147)
    at recursivelyTraverseAndDoubleInvokeEffectsInDEV (http://localhost:3000/_next/static/chunks/node_modules_next_dist_compiled_react-dom_096_9a-._.js:10110:147)
    at recursivelyTraverseAndDoubleInvokeEffectsInDEV (http://localhost:3000/_next/static/chunks/node_modules_next_dist_compiled_react-dom_096_9a-._.js:10110:147)
    at recursivelyTraverseAndDoubleInvokeEffectsInDEV (http://localhost:3000/_next/static/chunks/node_modules_next_dist_compiled_react-dom_096_9a-._.js:10110:147)
    at recursivelyTraverseAndDoubleInvokeEffectsInDEV (http://localhost:3000/_next/static/chunks/node_modules_next_dist_compiled_react-dom_096_9a-._.js:10110:147)
    at recursivelyTraverseAndDoubleInvokeEffectsInDEV (http://localhost:3000/_next/static/chunks/node_modules_next_dist_compiled_react-dom_096_9a-._.js:10110:147)
    at recursivelyTraverseAndDoubleInvokeEffectsInDEV (http://localhost:3000/_next/static/chunks/node_modules_next_dist_compiled_react-dom_096_9a-._.js:10110:147)
    at recursivelyTraverseAndDoubleInvokeEffectsInDEV (http://localhost:3000/_next/static/chunks/node_modules_next_dist_compiled_react-dom_096_9a-._.js:10110:147)
    at recursivelyTraverseAndDoubleInvokeEffectsInDEV (http://localhost:3000/_next/static/chunks/node_modules_next_dist_compiled_react-dom_096_9a-._.js:10110:147)
    at recursivelyTraverseAndDoubleInvokeEffectsInDEV (http://localhost:3000/_next/static/chunks/node_modules_next_dist_compiled_react-dom_096_9a-._.js:10110:147)
    at recursivelyTraverseAndDoubleInvokeEffectsInDEV (http://localhost:3000/_next/static/chunks/node_modules_next_dist_compiled_react-dom_096_9a-._.js:10110:147)
    at recursivelyTraverseAndDoubleInvokeEffectsInDEV (http://localhost:3000/_next/static/chunks/node_modules_next_dist_compiled_react-dom_096_9a-._.js:10110:147)
    at recursivelyTraverseAndDoubleInvokeEffectsInDEV (http://localhost:3000/_next/static/chunks/node_modules_next_dist_compiled_react-dom_096_9a-._.js:10110:147)
    at recursivelyTraverseAndDoubleInvokeEffectsInDEV (http://localhost:3000/_next/static/chunks/node_modules_next_dist_compiled_react-dom_096_9a-._.js:10110:147)
    at recursivelyTraverseAndDoubleInvokeEffectsInDEV (http://localhost:3000/_next/static/chunks/node_modules_next_dist_compiled_react-dom_096_9a-._.js:10110:147)
    at recursivelyTraverseAndDoubleInvokeEffectsInDEV (http://localhost:3000/_next/static/chunks/node_modules_next_dist_compiled_react-dom_096_9a-._.js:10110:147)
    at recursivelyTraverseAndDoubleInvokeEffectsInDEV (http://localhost:3000/_next/static/chunks/node_modules_next_dist_compiled_react-dom_096_9a-._.js:10110:147)
    at recursivelyTraverseAndDoubleInvokeEffectsInDEV (http://localhost:3000/_next/static/chunks/node_modules_next_dist_compiled_react-dom_096_9a-._.js:10110:147)
    at recursivelyTraverseAndDoubleInvokeEffectsInDEV (http://localhost:3000/_next/static/chunks/node_modules_next_dist_compiled_react-dom_096_9a-._.js:10110:147)
    at recursivelyTraverseAndDoubleInvokeEffectsInDEV (http://localhost:3000/_next/static/chunks/node_modules_next_dist_compiled_react-dom_096_9a-._.js:10110:147)
    at recursivelyTraverseAndDoubleInvokeEffectsInDEV (http://localhost:3000/_next/static/chunks/node_modules_next_dist_compiled_react-dom_096_9a-._.js:10110:147)
    at recursivelyTraverseAndDoubleInvokeEffectsInDEV (http://localhost:3000/_next/static/chunks/node_modules_next_dist_compiled_react-dom_096_9a-._.js:10110:147)
    at recursivelyTraverseAndDoubleInvokeEffectsInDEV (http://localhost:3000/_next/static/chunks/node_modules_next_dist_compiled_react-dom_096_9a-._.js:10110:147)
    at recursivelyTraverseAndDoubleInvokeEffectsInDEV (http://localhost:3000/_next/static/chunks/node_modules_next_dist_compiled_react-dom_096_9a-._.js:10110:147)
    at recursivelyTraverseAndDoubleInvokeEffectsInDEV (http://localhost:3000/_next/static/chunks/node_modules_next_dist_compiled_react-dom_096_9a-._.js:10110:147)
    at recursivelyTraverseAndDoubleInvokeEffectsInDEV (http://localhost:3000/_next/static/chunks/node_modules_next_dist_compiled_react-dom_096_9a-._.js:10110:147)
    at recursivelyTraverseAndDoubleInvokeEffectsInDEV (http://localhost:3000/_next/static/chunks/node_modules_next_dist_compiled_react-dom_096_9a-._.js:10110:147)
    at recursivelyTraverseAndDoubleInvokeEffectsInDEV (http://localhost:3000/_next/static/chunks/node_modules_next_dist_compiled_react-dom_096_9a-._.js:10110:147) @ http://localhost:3000/_next/static/chunks/node_modules_next_dist_1ybzpk2._.js:3318
[    3704ms] [LOG] [Fast Refresh] rebuilding @ http://localhost:3000/_next/static/chunks/node_modules_next_dist_1ybzpk2._.js:2477
[    3856ms] [LOG] [Fast Refresh] done in 253ms @ http://localhost:3000/_next/static/chunks/node_modules_next_dist_1ybzpk2._.js:2477
[    4683ms] [LOG] [Fast Refresh] rebuilding @ http://localhost:3000/_next/static/chunks/node_modules_next_dist_1ybzpk2._.js:2477
[    4699ms] [LOG] [Fast Refresh] done in 133ms @ http://localhost:3000/_next/static/chunks/node_modules_next_dist_1ybzpk2._.js:2477
[    6725ms] [INFO] %cDownload the React DevTools for a better development experience: https://react.dev/link/react-devtools font-weight:bold @ http://localhost:3000/_next/static/chunks/node_modules_next_dist_1ybzpk2._.js:2477
[    6788ms] [LOG] [HMR] connected @ http://localhost:3000/_next/static/chunks/node_modules_next_dist_1ybzpk2._.js:2477
[    9831ms] [ERROR] Error: Cannot remove non-existing layer "navi-building-fill".
    at ki.removeLayer (http://localhost:3000/_next/static/chunks/node_modules_maplibre-gl_dist_maplibre-gl_1w0u9x2.js:29738:55)
    at ds.removeLayer (http://localhost:3000/_next/static/chunks/node_modules_maplibre-gl_dist_maplibre-gl_1w0u9x2.js:35984:35)
    at EntityRenderer.destroy (http://localhost:3000/_next/static/chunks/packages_109lp4s._.js:15141:26)
    at EntityRendererBridge.useEffect (http://localhost:3000/_next/static/chunks/src_1x3tb97._.js:7224:30)
    at Object.react_stack_bottom_frame (http://localhost:3000/_next/static/chunks/node_modules_next_dist_compiled_react-dom_096_9a-._.js:15093:17)
    at runWithFiberInDEV (http://localhost:3000/_next/static/chunks/node_modules_next_dist_compiled_react-dom_096_9a-._.js:965:74)
    at commitHookEffectListUnmount (http://localhost:3000/_next/static/chunks/node_modules_next_dist_compiled_react-dom_096_9a-._.js:7280:166)
    at commitHookPassiveUnmountEffects (http://localhost:3000/_next/static/chunks/node_modules_next_dist_compiled_react-dom_096_9a-._.js:7293:60)
    at disconnectPassiveEffect (http://localhost:3000/_next/static/chunks/node_modules_next_dist_compiled_react-dom_096_9a-._.js:8934:17)
    at doubleInvokeEffectsOnFiber (http://localhost:3000/_next/static/chunks/node_modules_next_dist_compiled_react-dom_096_9a-._.js:10117:44)
    at runWithFiberInDEV (http://localhost:3000/_next/static/chunks/node_modules_next_dist_compiled_react-dom_096_9a-._.js:965:74)
    at recursivelyTraverseAndDoubleInvokeEffectsInDEV (http://localhost:3000/_next/static/chunks/node_modules_next_dist_compiled_react-dom_096_9a-._.js:10110:79)
    at recursivelyTraverseAndDoubleInvokeEffectsInDEV (http://localhost:3000/_next/static/chunks/node_modules_next_dist_compiled_react-dom_096_9a-._.js:10110:147)
    at recursivelyTraverseAndDoubleInvokeEffectsInDEV (http://localhost:3000/_next/static/chunks/node_modules_next_dist_compiled_react-dom_096_9a-._.js:10110:147)
    at recursivelyTraverseAndDoubleInvokeEffectsInDEV (http://localhost:3000/_next/static/chunks/node_modules_next_dist_compiled_react-dom_096_9a-._.js:10110:147)
    at recursivelyTraverseAndDoubleInvokeEffectsInDEV (http://localhost:3000/_next/static/chunks/node_modules_next_dist_compiled_react-dom_096_9a-._.js:10110:147)
    at recursivelyTraverseAndDoubleInvokeEffectsInDEV (http://localhost:3000/_next/static/chunks/node_modules_next_dist_compiled_react-dom_096_9a-._.js:10110:147)
    at recursivelyTraverseAndDoubleInvokeEffectsInDEV (http://localhost:3000/_next/static/chunks/node_modules_next_dist_compiled_react-dom_096_9a-._.js:10110:147)
    at recursivelyTraverseAndDoubleInvokeEffectsInDEV (http://localhost:3000/_next/static/chunks/node_modules_next_dist_compiled_react-dom_096_9a-._.js:10110:147)
    at recursivelyTraverseAndDoubleInvokeEffectsInDEV (http://localhost:3000/_next/static/chunks/node_modules_next_dist_compiled_react-dom_096_9a-._.js:10110:147)
    at recursivelyTraverseAndDoubleInvokeEffectsInDEV (http://localhost:3000/_next/static/chunks/node_modules_next_dist_compiled_react-dom_096_9a-._.js:10110:147)
    at recursivelyTraverseAndDoubleInvokeEffectsInDEV (http://localhost:3000/_next/static/chunks/node_modules_next_dist_compiled_react-dom_096_9a-._.js:10110:147)
    at recursivelyTraverseAndDoubleInvokeEffectsInDEV (http://localhost:3000/_next/static/chunks/node_modules_next_dist_compiled_react-dom_096_9a-._.js:10110:147)
    at recursivelyTraverseAndDoubleInvokeEffectsInDEV (http://localhost:3000/_next/static/chunks/node_modules_next_dist_compiled_react-dom_096_9a-._.js:10110:147)
    at recursivelyTraverseAndDoubleInvokeEffectsInDEV (http://localhost:3000/_next/static/chunks/node_modules_next_dist_compiled_react-dom_096_9a-._.js:10110:147)
    at recursivelyTraverseAndDoubleInvokeEffectsInDEV (http://localhost:3000/_next/static/chunks/node_modules_next_dist_compiled_react-dom_096_9a-._.js:10110:147)
    at recursivelyTraverseAndDoubleInvokeEffectsInDEV (http://localhost:3000/_next/static/chunks/node_modules_next_dist_compiled_react-dom_096_9a-._.js:10110:147)
    at recursivelyTraverseAndDoubleInvokeEffectsInDEV (http://localhost:3000/_next/static/chunks/node_modules_next_dist_compiled_react-dom_096_9a-._.js:10110:147)
    at recursivelyTraverseAndDoubleInvokeEffectsInDEV (http://localhost:3000/_next/static/chunks/node_modules_next_dist_compiled_react-dom_096_9a-._.js:10110:147)
    at recursivelyTraverseAndDoubleInvokeEffectsInDEV (http://localhost:3000/_next/static/chunks/node_modules_next_dist_compiled_react-dom_096_9a-._.js:10110:147)
    at recursivelyTraverseAndDoubleInvokeEffectsInDEV (http://localhost:3000/_next/static/chunks/node_modules_next_dist_compiled_react-dom_096_9a-._.js:10110:147)
    at recursivelyTraverseAndDoubleInvokeEffectsInDEV (http://localhost:3000/_next/static/chunks/node_modules_next_dist_compiled_react-dom_096_9a-._.js:10110:147)
    at recursivelyTraverseAndDoubleInvokeEffectsInDEV (http://localhost:3000/_next/static/chunks/node_modules_next_dist_compiled_react-dom_096_9a-._.js:10110:147)
    at recursivelyTraverseAndDoubleInvokeEffectsInDEV (http://localhost:3000/_next/static/chunks/node_modules_next_dist_compiled_react-dom_096_9a-._.js:10110:147)
    at recursivelyTraverseAndDoubleInvokeEffectsInDEV (http://localhost:3000/_next/static/chunks/node_modules_next_dist_compiled_react-dom_096_9a-._.js:10110:147)
    at recursivelyTraverseAndDoubleInvokeEffectsInDEV (http://localhost:3000/_next/static/chunks/node_modules_next_dist_compiled_react-dom_096_9a-._.js:10110:147)
    at recursivelyTraverseAndDoubleInvokeEffectsInDEV (http://localhost:3000/_next/static/chunks/node_modules_next_dist_compiled_react-dom_096_9a-._.js:10110:147)
    at recursivelyTraverseAndDoubleInvokeEffectsInDEV (http://localhost:3000/_next/static/chunks/node_modules_next_dist_compiled_react-dom_096_9a-._.js:10110:147)
    at recursivelyTraverseAndDoubleInvokeEffectsInDEV (http://localhost:3000/_next/static/chunks/node_modules_next_dist_compiled_react-dom_096_9a-._.js:10110:147)
    at recursivelyTraverseAndDoubleInvokeEffectsInDEV (http://localhost:3000/_next/static/chunks/node_modules_next_dist_compiled_react-dom_096_9a-._.js:10110:147)
    at recursivelyTraverseAndDoubleInvokeEffectsInDEV (http://localhost:3000/_next/static/chunks/node_modules_next_dist_compiled_react-dom_096_9a-._.js:10110:147)
    at recursivelyTraverseAndDoubleInvokeEffectsInDEV (http://localhost:3000/_next/static/chunks/node_modules_next_dist_compiled_react-dom_096_9a-._.js:10110:147)
    at recursivelyTraverseAndDoubleInvokeEffectsInDEV (http://localhost:3000/_next/static/chunks/node_modules_next_dist_compiled_react-dom_096_9a-._.js:10110:147)
    at recursivelyTraverseAndDoubleInvokeEffectsInDEV (http://localhost:3000/_next/static/chunks/node_modules_next_dist_compiled_react-dom_096_9a-._.js:10110:147)
    at recursivelyTraverseAndDoubleInvokeEffectsInDEV (http://localhost:3000/_next/static/chunks/node_modules_next_dist_compiled_react-dom_096_9a-._.js:10110:147)
    at recursivelyTraverseAndDoubleInvokeEffectsInDEV (http://localhost:3000/_next/static/chunks/node_modules_next_dist_compiled_react-dom_096_9a-._.js:10110:147)
    at recursivelyTraverseAndDoubleInvokeEffectsInDEV (http://localhost:3000/_next/static/chunks/node_modules_next_dist_compiled_react-dom_096_9a-._.js:10110:147)
    at recursivelyTraverseAndDoubleInvokeEffectsInDEV (http://localhost:3000/_next/static/chunks/node_modules_next_dist_compiled_react-dom_096_9a-._.js:10110:147)
    at recursivelyTraverseAndDoubleInvokeEffectsInDEV (http://localhost:3000/_next/static/chunks/node_modules_next_dist_compiled_react-dom_096_9a-._.js:10110:147)
    at recursivelyTraverseAndDoubleInvokeEffectsInDEV (http://localhost:3000/_next/static/chunks/node_modules_next_dist_compiled_react-dom_096_9a-._.js:10110:147) @ http://localhost:3000/_next/static/chunks/node_modules_next_dist_1ybzpk2._.js:3318
[    9832ms] [ERROR] Error: Cannot remove non-existing layer "navi-building-outline".
    at ki.removeLayer (http://localhost:3000/_next/static/chunks/node_modules_maplibre-gl_dist_maplibre-gl_1w0u9x2.js:29738:55)
    at ds.removeLayer (http://localhost:3000/_next/static/chunks/node_modules_maplibre-gl_dist_maplibre-gl_1w0u9x2.js:35984:35)
    at EntityRenderer.destroy (http://localhost:3000/_next/static/chunks/packages_109lp4s._.js:15141:26)
    at EntityRendererBridge.useEffect (http://localhost:3000/_next/static/chunks/src_1x3tb97._.js:7224:30)
    at Object.react_stack_bottom_frame (http://localhost:3000/_next/static/chunks/node_modules_next_dist_compiled_react-dom_096_9a-._.js:15093:17)
    at runWithFiberInDEV (http://localhost:3000/_next/static/chunks/node_modules_next_dist_compiled_react-dom_096_9a-._.js:965:74)
    at commitHookEffectListUnmount (http://localhost:3000/_next/static/chunks/node_modules_next_dist_compiled_react-dom_096_9a-._.js:7280:166)
    at commitHookPassiveUnmountEffects (http://localhost:3000/_next/static/chunks/node_modules_next_dist_compiled_react-dom_096_9a-._.js:7293:60)
    at disconnectPassiveEffect (http://localhost:3000/_next/static/chunks/node_modules_next_dist_compiled_react-dom_096_9a-._.js:8934:17)
    at doubleInvokeEffectsOnFiber (http://localhost:3000/_next/static/chunks/node_modules_next_dist_compiled_react-dom_096_9a-._.js:10117:44)
    at runWithFiberInDEV (http://localhost:3000/_next/static/chunks/node_modules_next_dist_compiled_react-dom_096_9a-._.js:965:74)
    at recursivelyTraverseAndDoubleInvokeEffectsInDEV (http://localhost:3000/_next/static/chunks/node_modules_next_dist_compiled_react-dom_096_9a-._.js:10110:79)
    at recursivelyTraverseAndDoubleInvokeEffectsInDEV (http://localhost:3000/_next/static/chunks/node_modules_next_dist_compiled_react-dom_096_9a-._.js:10110:147)
    at recursivelyTraverseAndDoubleInvokeEffectsInDEV (http://localhost:3000/_next/static/chunks/node_modules_next_dist_compiled_react-dom_096_9a-._.js:10110:147)
    at recursivelyTraverseAndDoubleInvokeEffectsInDEV (http://localhost:3000/_next/static/chunks/node_modules_next_dist_compiled_react-dom_096_9a-._.js:10110:147)
    at recursivelyTraverseAndDoubleInvokeEffectsInDEV (http://localhost:3000/_next/static/chunks/node_modules_next_dist_compiled_react-dom_096_9a-._.js:10110:147)
    at recursivelyTraverseAndDoubleInvokeEffectsInDEV (http://localhost:3000/_next/static/chunks/node_modules_next_dist_compiled_react-dom_096_9a-._.js:10110:147)
    at recursivelyTraverseAndDoubleInvokeEffectsInDEV (http://localhost:3000/_next/static/chunks/node_modules_next_dist_compiled_react-dom_096_9a-._.js:10110:147)
    at recursivelyTraverseAndDoubleInvokeEffectsInDEV (http://localhost:3000/_next/static/chunks/node_modules_next_dist_compiled_react-dom_096_9a-._.js:10110:147)
    at recursivelyTraverseAndDoubleInvokeEffectsInDEV (http://localhost:3000/_next/static/chunks/node_modules_next_dist_compiled_react-dom_096_9a-._.js:10110:147)
    at recursivelyTraverseAndDoubleInvokeEffectsInDEV (http://localhost:3000/_next/static/chunks/node_modules_next_dist_compiled_react-dom_096_9a-._.js:10110:147)
    at recursivelyTraverseAndDoubleInvokeEffectsInDEV (http://localhost:3000/_next/static/chunks/node_modules_next_dist_compiled_react-dom_096_9a-._.js:10110:147)
    at recursivelyTraverseAndDoubleInvokeEffectsInDEV (http://localhost:3000/_next/static/chunks/node_modules_next_dist_compiled_react-dom_096_9a-._.js:10110:147)
    at recursivelyTraverseAndDoubleInvokeEffectsInDEV (http://localhost:3000/_next/static/chunks/node_modules_next_dist_compiled_react-dom_096_9a-._.js:10110:147)
    at recursivelyTraverseAndDoubleInvokeEffectsInDEV (http://localhost:3000/_next/static/chunks/node_modules_next_dist_compiled_react-dom_096_9a-._.js:10110:147)
    at recursivelyTraverseAndDoubleInvokeEffectsInDEV (http://localhost:3000/_next/static/chunks/node_modules_next_dist_compiled_react-dom_096_9a-._.js:10110:147)
    at recursivelyTraverseAndDoubleInvokeEffectsInDEV (http://localhost:3000/_next/static/chunks/node_modules_next_dist_compiled_react-dom_096_9a-._.js:10110:147)
    at recursivelyTraverseAndDoubleInvokeEffectsInDEV (http://localhost:3000/_next/static/chunks/node_modules_next_dist_compiled_react-dom_096_9a-._.js:10110:147)
    at recursivelyTraverseAndDoubleInvokeEffectsInDEV (http://localhost:3000/_next/static/chunks/node_modules_next_dist_compiled_react-dom_096_9a-._.js:10110:147)
    at recursivelyTraverseAndDoubleInvokeEffectsInDEV (http://localhost:3000/_next/static/chunks/node_modules_next_dist_compiled_react-dom_096_9a-._.js:10110:147)
    at recursivelyTraverseAndDoubleInvokeEffectsInDEV (http://localhost:3000/_next/static/chunks/node_modules_next_dist_compiled_react-dom_096_9a-._.js:10110:147)
    at recursivelyTraverseAndDoubleInvokeEffectsInDEV (http://localhost:3000/_next/static/chunks/node_modules_next_dist_compiled_react-dom_096_9a-._.js:10110:147)
    at recursivelyTraverseAndDoubleInvokeEffectsInDEV (http://localhost:3000/_next/static/chunks/node_modules_next_dist_compiled_react-dom_096_9a-._.js:10110:147)
    at recursivelyTraverseAndDoubleInvokeEffectsInDEV (http://localhost:3000/_next/static/chunks/node_modules_next_dist_compiled_react-dom_096_9a-._.js:10110:147)
    at recursivelyTraverseAndDoubleInvokeEffectsInDEV (http://localhost:3000/_next/static/chunks/node_modules_next_dist_compiled_react-dom_096_9a-._.js:10110:147)
    at recursivelyTraverseAndDoubleInvokeEffectsInDEV (http://localhost:3000/_next/static/chunks/node_modules_next_dist_compiled_react-dom_096_9a-._.js:10110:147)
    at recursivelyTraverseAndDoubleInvokeEffectsInDEV (http://localhost:3000/_next/static/chunks/node_modules_next_dist_compiled_react-dom_096_9a-._.js:10110:147)
    at recursivelyTraverseAndDoubleInvokeEffectsInDEV (http://localhost:3000/_next/static/chunks/node_modules_next_dist_compiled_react-dom_096_9a-._.js:10110:147)
    at recursivelyTraverseAndDoubleInvokeEffectsInDEV (http://localhost:3000/_next/static/chunks/node_modules_next_dist_compiled_react-dom_096_9a-._.js:10110:147)
    at recursivelyTraverseAndDoubleInvokeEffectsInDEV (http://localhost:3000/_next/static/chunks/node_modules_next_dist_compiled_react-dom_096_9a-._.js:10110:147)
    at recursivelyTraverseAndDoubleInvokeEffectsInDEV (http://localhost:3000/_next/static/chunks/node_modules_next_dist_compiled_react-dom_096_9a-._.js:10110:147)
    at recursivelyTraverseAndDoubleInvokeEffectsInDEV (http://localhost:3000/_next/static/chunks/node_modules_next_dist_compiled_react-dom_096_9a-._.js:10110:147)
    at recursivelyTraverseAndDoubleInvokeEffectsInDEV (http://localhost:3000/_next/static/chunks/node_modules_next_dist_compiled_react-dom_096_9a-._.js:10110:147)
    at recursivelyTraverseAndDoubleInvokeEffectsInDEV (http://localhost:3000/_next/static/chunks/node_modules_next_dist_compiled_react-dom_096_9a-._.js:10110:147)
    at recursivelyTraverseAndDoubleInvokeEffectsInDEV (http://localhost:3000/_next/static/chunks/node_modules_next_dist_compiled_react-dom_096_9a-._.js:10110:147)
    at recursivelyTraverseAndDoubleInvokeEffectsInDEV (http://localhost:3000/_next/static/chunks/node_modules_next_dist_compiled_react-dom_096_9a-._.js:10110:147)
    at recursivelyTraverseAndDoubleInvokeEffectsInDEV (http://localhost:3000/_next/static/chunks/node_modules_next_dist_compiled_react-dom_096_9a-._.js:10110:147)
    at recursivelyTraverseAndDoubleInvokeEffectsInDEV (http://localhost:3000/_next/static/chunks/node_modules_next_dist_compiled_react-dom_096_9a-._.js:10110:147)
    at recursivelyTraverseAndDoubleInvokeEffectsInDEV (http://localhost:3000/_next/static/chunks/node_modules_next_dist_compiled_react-dom_096_9a-._.js:10110:147)
    at recursivelyTraverseAndDoubleInvokeEffectsInDEV (http://localhost:3000/_next/static/chunks/node_modules_next_dist_compiled_react-dom_096_9a-._.js:10110:147) @ http://localhost:3000/_next/static/chunks/node_modules_next_dist_1ybzpk2._.js:3318
[    9832ms] [ERROR] Error: Cannot remove non-existing layer "navi-room-fill".
    at ki.removeLayer (http://localhost:3000/_next/static/chunks/node_modules_maplibre-gl_dist_maplibre-gl_1w0u9x2.js:29738:55)
    at ds.removeLayer (http://localhost:3000/_next/static/chunks/node_modules_maplibre-gl_dist_maplibre-gl_1w0u9x2.js:35984:35)
    at EntityRenderer.destroy (http://localhost:3000/_next/static/chunks/packages_109lp4s._.js:15141:26)
    at EntityRendererBridge.useEffect (http://localhost:3000/_next/static/chunks/src_1x3tb97._.js:7224:30)
    at Object.react_stack_bottom_frame (http://localhost:3000/_next/static/chunks/node_modules_next_dist_compiled_react-dom_096_9a-._.js:15093:17)
    at runWithFiberInDEV (http://localhost:3000/_next/static/chunks/node_modules_next_dist_compiled_react-dom_096_9a-._.js:965:74)
    at commitHookEffectListUnmount (http://localhost:3000/_next/static/chunks/node_modules_next_dist_compiled_react-dom_096_9a-._.js:7280:166)
    at commitHookPassiveUnmountEffects (http://localhost:3000/_next/static/chunks/node_modules_next_dist_compiled_react-dom_096_9a-._.js:7293:60)
    at disconnectPassiveEffect (http://localhost:3000/_next/static/chunks/node_modules_next_dist_compiled_react-dom_096_9a-._.js:8934:17)
    at doubleInvokeEffectsOnFiber (http://localhost:3000/_next/static/chunks/node_modules_next_dist_compiled_react-dom_096_9a-._.js:10117:44)
    at runWithFiberInDEV (http://localhost:3000/_next/static/chunks/node_modules_next_dist_compiled_react-dom_096_9a-._.js:965:74)
    at recursivelyTraverseAndDoubleInvokeEffectsInDEV (http://localhost:3000/_next/static/chunks/node_modules_next_dist_compiled_react-dom_096_9a-._.js:10110:79)
    at recursivelyTraverseAndDoubleInvokeEffectsInDEV (http://localhost:3000/_next/static/chunks/node_modules_next_dist_compiled_react-dom_096_9a-._.js:10110:147)
    at recursivelyTraverseAndDoubleInvokeEffectsInDEV (http://localhost:3000/_next/static/chunks/node_modules_next_dist_compiled_react-dom_096_9a-._.js:10110:147)
    at recursivelyTraverseAndDoubleInvokeEffectsInDEV (http://localhost:3000/_next/static/chunks/node_modules_next_dist_compiled_react-dom_096_9a-._.js:10110:147)
    at recursivelyTraverseAndDoubleInvokeEffectsInDEV (http://localhost:3000/_next/static/chunks/node_modules_next_dist_compiled_react-dom_096_9a-._.js:10110:147)
    at recursivelyTraverseAndDoubleInvokeEffectsInDEV (http://localhost:3000/_next/static/chunks/node_modules_next_dist_compiled_react-dom_096_9a-._.js:10110:147)
    at recursivelyTraverseAndDoubleInvokeEffectsInDEV (http://localhost:3000/_next/static/chunks/node_modules_next_dist_compiled_react-dom_096_9a-._.js:10110:147)
    at recursivelyTraverseAndDoubleInvokeEffectsInDEV (http://localhost:3000/_next/static/chunks/node_modules_next_dist_compiled_react-dom_096_9a-._.js:10110:147)
    at recursivelyTraverseAndDoubleInvokeEffectsInDEV (http://localhost:3000/_next/static/chunks/node_modules_next_dist_compiled_react-dom_096_9a-._.js:10110:147)
    at recursivelyTraverseAndDoubleInvokeEffectsInDEV (http://localhost:3000/_next/static/chunks/node_modules_next_dist_compiled_react-dom_096_9a-._.js:10110:147)
    at recursivelyTraverseAndDoubleInvokeEffectsInDEV (http://localhost:3000/_next/static/chunks/node_modules_next_dist_compiled_react-dom_096_9a-._.js:10110:147)
    at recursivelyTraverseAndDoubleInvokeEffectsInDEV (http://localhost:3000/_next/static/chunks/node_modules_next_dist_compiled_react-dom_096_9a-._.js:10110:147)
    at recursivelyTraverseAndDoubleInvokeEffectsInDEV (http://localhost:3000/_next/static/chunks/node_modules_next_dist_compiled_react-dom_096_9a-._.js:10110:147)
    at recursivelyTraverseAndDoubleInvokeEffectsInDEV (http://localhost:3000/_next/static/chunks/node_modules_next_dist_compiled_react-dom_096_9a-._.js:10110:147)
    at recursivelyTraverseAndDoubleInvokeEffectsInDEV (http://localhost:3000/_next/static/chunks/node_modules_next_dist_compiled_react-dom_096_9a-._.js:10110:147)
    at recursivelyTraverseAndDoubleInvokeEffectsInDEV (http://localhost:3000/_next/static/chunks/node_modules_next_dist_compiled_react-dom_096_9a-._.js:10110:147)
    at recursivelyTraverseAndDoubleInvokeEffectsInDEV (http://localhost:3000/_next/static/chunks/node_modules_next_dist_compiled_react-dom_096_9a-._.js:10110:147)
    at recursivelyTraverseAndDoubleInvokeEffectsInDEV (http://localhost:3000/_next/static/chunks/node_modules_next_dist_compiled_react-dom_096_9a-._.js:10110:147)
    at recursivelyTraverseAndDoubleInvokeEffectsInDEV (http://localhost:3000/_next/static/chunks/node_modules_next_dist_compiled_react-dom_096_9a-._.js:10110:147)
    at recursivelyTraverseAndDoubleInvokeEffectsInDEV (http://localhost:3000/_next/static/chunks/node_modules_next_dist_compiled_react-dom_096_9a-._.js:10110:147)
    at recursivelyTraverseAndDoubleInvokeEffectsInDEV (http://localhost:3000/_next/static/chunks/node_modules_next_dist_compiled_react-dom_096_9a-._.js:10110:147)
    at recursivelyTraverseAndDoubleInvokeEffectsInDEV (http://localhost:3000/_next/static/chunks/node_modules_next_dist_compiled_react-dom_096_9a-._.js:10110:147)
    at recursivelyTraverseAndDoubleInvokeEffectsInDEV (http://localhost:3000/_next/static/chunks/node_modules_next_dist_compiled_react-dom_096_9a-._.js:10110:147)
    at recursivelyTraverseAndDoubleInvokeEffectsInDEV (http://localhost:3000/_next/static/chunks/node_modules_next_dist_compiled_react-dom_096_9a-._.js:10110:147)
    at recursivelyTraverseAndDoubleInvokeEffectsInDEV (http://localhost:3000/_next/static/chunks/node_modules_next_dist_compiled_react-dom_096_9a-._.js:10110:147)
    at recursivelyTraverseAndDoubleInvokeEffectsInDEV (http://localhost:3000/_next/static/chunks/node_modules_next_dist_compiled_react-dom_096_9a-._.js:10110:147)
    at recursivelyTraverseAndDoubleInvokeEffectsInDEV (http://localhost:3000/_next/static/chunks/node_modules_next_dist_compiled_react-dom_096_9a-._.js:10110:147)
    at recursivelyTraverseAndDoubleInvokeEffectsInDEV (http://localhost:3000/_next/static/chunks/node_modules_next_dist_compiled_react-dom_096_9a-._.js:10110:147)
    at recursivelyTraverseAndDoubleInvokeEffectsInDEV (http://localhost:3000/_next/static/chunks/node_modules_next_dist_compiled_react-dom_096_9a-._.js:10110:147)
    at recursivelyTraverseAndDoubleInvokeEffectsInDEV (http://localhost:3000/_next/static/chunks/node_modules_next_dist_compiled_react-dom_096_9a-._.js:10110:147)
    at recursivelyTraverseAndDoubleInvokeEffectsInDEV (http://localhost:3000/_next/static/chunks/node_modules_next_dist_compiled_react-dom_096_9a-._.js:10110:147)
    at recursivelyTraverseAndDoubleInvokeEffectsInDEV (http://localhost:3000/_next/static/chunks/node_modules_next_dist_compiled_react-dom_096_9a-._.js:10110:147)
    at recursivelyTraverseAndDoubleInvokeEffectsInDEV (http://localhost:3000/_next/static/chunks/node_modules_next_dist_compiled_react-dom_096_9a-._.js:10110:147)
    at recursivelyTraverseAndDoubleInvokeEffectsInDEV (http://localhost:3000/_next/static/chunks/node_modules_next_dist_compiled_react-dom_096_9a-._.js:10110:147)
    at recursivelyTraverseAndDoubleInvokeEffectsInDEV (http://localhost:3000/_next/static/chunks/node_modules_next_dist_compiled_react-dom_096_9a-._.js:10110:147)
    at recursivelyTraverseAndDoubleInvokeEffectsInDEV (http://localhost:3000/_next/static/chunks/node_modules_next_dist_compiled_react-dom_096_9a-._.js:10110:147)
    at recursivelyTraverseAndDoubleInvokeEffectsInDEV (http://localhost:3000/_next/static/chunks/node_modules_next_dist_compiled_react-dom_096_9a-._.js:10110:147)
    at recursivelyTraverseAndDoubleInvokeEffectsInDEV (http://localhost:3000/_next/static/chunks/node_modules_next_dist_compiled_react-dom_096_9a-._.js:10110:147)
    at recursivelyTraverseAndDoubleInvokeEffectsInDEV (http://localhost:3000/_next/static/chunks/node_modules_next_dist_compiled_react-dom_096_9a-._.js:10110:147) @ http://localhost:3000/_next/static/chunks/node_modules_next_dist_1ybzpk2._.js:3318
[    9833ms] [ERROR] Error: Cannot remove non-existing layer "navi-room-outline".
    at ki.removeLayer (http://localhost:3000/_next/static/chunks/node_modules_maplibre-gl_dist_maplibre-gl_1w0u9x2.js:29738:55)
    at ds.removeLayer (http://localhost:3000/_next/static/chunks/node_modules_maplibre-gl_dist_maplibre-gl_1w0u9x2.js:35984:35)
    at EntityRenderer.destroy (http://localhost:3000/_next/static/chunks/packages_109lp4s._.js:15141:26)
    at EntityRendererBridge.useEffect (http://localhost:3000/_next/static/chunks/src_1x3tb97._.js:7224:30)
    at Object.react_stack_bottom_frame (http://localhost:3000/_next/static/chunks/node_modules_next_dist_compiled_react-dom_096_9a-._.js:15093:17)
    at runWithFiberInDEV (http://localhost:3000/_next/static/chunks/node_modules_next_dist_compiled_react-dom_096_9a-._.js:965:74)
    at commitHookEffectListUnmount (http://localhost:3000/_next/static/chunks/node_modules_next_dist_compiled_react-dom_096_9a-._.js:7280:166)
    at commitHookPassiveUnmountEffects (http://localhost:3000/_next/static/chunks/node_modules_next_dist_compiled_react-dom_096_9a-._.js:7293:60)
    at disconnectPassiveEffect (http://localhost:3000/_next/static/chunks/node_modules_next_dist_compiled_react-dom_096_9a-._.js:8934:17)
    at doubleInvokeEffectsOnFiber (http://localhost:3000/_next/static/chunks/node_modules_next_dist_compiled_react-dom_096_9a-._.js:10117:44)
    at runWithFiberInDEV (http://localhost:3000/_next/static/chunks/node_modules_next_dist_compiled_react-dom_096_9a-._.js:965:74)
    at recursivelyTraverseAndDoubleInvokeEffectsInDEV (http://localhost:3000/_next/static/chunks/node_modules_next_dist_compiled_react-dom_096_9a-._.js:10110:79)
    at recursivelyTraverseAndDoubleInvokeEffectsInDEV (http://localhost:3000/_next/static/chunks/node_modules_next_dist_compiled_react-dom_096_9a-._.js:10110:147)
    at recursivelyTraverseAndDoubleInvokeEffectsInDEV (http://localhost:3000/_next/static/chunks/node_modules_next_dist_compiled_react-dom_096_9a-._.js:10110:147)
    at recursivelyTraverseAndDoubleInvokeEffectsInDEV (http://localhost:3000/_next/static/chunks/node_modules_next_dist_compiled_react-dom_096_9a-._.js:10110:147)
    at recursivelyTraverseAndDoubleInvokeEffectsInDEV (http://localhost:3000/_next/static/chunks/node_modules_next_dist_compiled_react-dom_096_9a-._.js:10110:147)
    at recursivelyTraverseAndDoubleInvokeEffectsInDEV (http://localhost:3000/_next/static/chunks/node_modules_next_dist_compiled_react-dom_096_9a-._.js:10110:147)
    at recursivelyTraverseAndDoubleInvokeEffectsInDEV (http://localhost:3000/_next/static/chunks/node_modules_next_dist_compiled_react-dom_096_9a-._.js:10110:147)
    at recursivelyTraverseAndDoubleInvokeEffectsInDEV (http://localhost:3000/_next/static/chunks/node_modules_next_dist_compiled_react-dom_096_9a-._.js:10110:147)
    at recursivelyTraverseAndDoubleInvokeEffectsInDEV (http://localhost:3000/_next/static/chunks/node_modules_next_dist_compiled_react-dom_096_9a-._.js:10110:147)
    at recursivelyTraverseAndDoubleInvokeEffectsInDEV (http://localhost:3000/_next/static/chunks/node_modules_next_dist_compiled_react-dom_096_9a-._.js:10110:147)
    at recursivelyTraverseAndDoubleInvokeEffectsInDEV (http://localhost:3000/_next/static/chunks/node_modules_next_dist_compiled_react-dom_096_9a-._.js:10110:147)
    at recursivelyTraverseAndDoubleInvokeEffectsInDEV (http://localhost:3000/_next/static/chunks/node_modules_next_dist_compiled_react-dom_096_9a-._.js:10110:147)
    at recursivelyTraverseAndDoubleInvokeEffectsInDEV (http://localhost:3000/_next/static/chunks/node_modules_next_dist_compiled_react-dom_096_9a-._.js:10110:147)
    at recursivelyTraverseAndDoubleInvokeEffectsInDEV (http://localhost:3000/_next/static/chunks/node_modules_next_dist_compiled_react-dom_096_9a-._.js:10110:147)
    at recursivelyTraverseAndDoubleInvokeEffectsInDEV (http://localhost:3000/_next/static/chunks/node_modules_next_dist_compiled_react-dom_096_9a-._.js:10110:147)
    at recursivelyTraverseAndDoubleInvokeEffectsInDEV (http://localhost:3000/_next/static/chunks/node_modules_next_dist_compiled_react-dom_096_9a-._.js:10110:147)
    at recursivelyTraverseAndDoubleInvokeEffectsInDEV (http://localhost:3000/_next/static/chunks/node_modules_next_dist_compiled_react-dom_096_9a-._.js:10110:147)
    at recursivelyTraverseAndDoubleInvokeEffectsInDEV (http://localhost:3000/_next/static/chunks/node_modules_next_dist_compiled_react-dom_096_9a-._.js:10110:147)
    at recursivelyTraverseAndDoubleInvokeEffectsInDEV (http://localhost:3000/_next/static/chunks/node_modules_next_dist_compiled_react-dom_096_9a-._.js:10110:147)
    at recursivelyTraverseAndDoubleInvokeEffectsInDEV (http://localhost:3000/_next/static/chunks/node_modules_next_dist_compiled_react-dom_096_9a-._.js:10110:147)
    at recursivelyTraverseAndDoubleInvokeEffectsInDEV (http://localhost:3000/_next/static/chunks/node_modules_next_dist_compiled_react-dom_096_9a-._.js:10110:147)
    at recursivelyTraverseAndDoubleInvokeEffectsInDEV (http://localhost:3000/_next/static/chunks/node_modules_next_dist_compiled_react-dom_096_9a-._.js:10110:147)
    at recursivelyTraverseAndDoubleInvokeEffectsInDEV (http://localhost:3000/_next/static/chunks/node_modules_next_dist_compiled_react-dom_096_9a-._.js:10110:147)
    at recursivelyTraverseAndDoubleInvokeEffectsInDEV (http://localhost:3000/_next/static/chunks/node_modules_next_dist_compiled_react-dom_096_9a-._.js:10110:147)
    at recursivelyTraverseAndDoubleInvokeEffectsInDEV (http://localhost:3000/_next/static/chunks/node_modules_next_dist_compiled_react-dom_096_9a-._.js:10110:147)
    at recursivelyTraverseAndDoubleInvokeEffectsInDEV (http://localhost:3000/_next/static/chunks/node_modules_next_dist_compiled_react-dom_096_9a-._.js:10110:147)
    at recursivelyTraverseAndDoubleInvokeEffectsInDEV (http://localhost:3000/_next/static/chunks/node_modules_next_dist_compiled_react-dom_096_9a-._.js:10110:147)
    at recursivelyTraverseAndDoubleInvokeEffectsInDEV (http://localhost:3000/_next/static/chunks/node_modules_next_dist_compiled_react-dom_096_9a-._.js:10110:147)
    at recursivelyTraverseAndDoubleInvokeEffectsInDEV (http://localhost:3000/_next/static/chunks/node_modules_next_dist_compiled_react-dom_096_9a-._.js:10110:147)
    at recursivelyTraverseAndDoubleInvokeEffectsInDEV (http://localhost:3000/_next/static/chunks/node_modules_next_dist_compiled_react-dom_096_9a-._.js:10110:147)
    at recursivelyTraverseAndDoubleInvokeEffectsInDEV (http://localhost:3000/_next/static/chunks/node_modules_next_dist_compiled_react-dom_096_9a-._.js:10110:147)
    at recursivelyTraverseAndDoubleInvokeEffectsInDEV (http://localhost:3000/_next/static/chunks/node_modules_next_dist_compiled_react-dom_096_9a-._.js:10110:147)
    at recursivelyTraverseAndDoubleInvokeEffectsInDEV (http://localhost:3000/_next/static/chunks/node_modules_next_dist_compiled_react-dom_096_9a-._.js:10110:147)
    at recursivelyTraverseAndDoubleInvokeEffectsInDEV (http://localhost:3000/_next/static/chunks/node_modules_next_dist_compiled_react-dom_096_9a-._.js:10110:147)
    at recursivelyTraverseAndDoubleInvokeEffectsInDEV (http://localhost:3000/_next/static/chunks/node_modules_next_dist_compiled_react-dom_096_9a-._.js:10110:147)
    at recursivelyTraverseAndDoubleInvokeEffectsInDEV (http://localhost:3000/_next/static/chunks/node_modules_next_dist_compiled_react-dom_096_9a-._.js:10110:147)
    at recursivelyTraverseAndDoubleInvokeEffectsInDEV (http://localhost:3000/_next/static/chunks/node_modules_next_dist_compiled_react-dom_096_9a-._.js:10110:147)
    at recursivelyTraverseAndDoubleInvokeEffectsInDEV (http://localhost:3000/_next/static/chunks/node_modules_next_dist_compiled_react-dom_096_9a-._.js:10110:147)
    at recursivelyTraverseAndDoubleInvokeEffectsInDEV (http://localhost:3000/_next/static/chunks/node_modules_next_dist_compiled_react-dom_096_9a-._.js:10110:147) @ http://localhost:3000/_next/static/chunks/node_modules_next_dist_1ybzpk2._.js:3318
[    9834ms] [ERROR] Error: Cannot remove non-existing layer "navi-hallway-line".
    at ki.removeLayer (http://localhost:3000/_next/static/chunks/node_modules_maplibre-gl_dist_maplibre-gl_1w0u9x2.js:29738:55)
    at ds.removeLayer (http://localhost:3000/_next/static/chunks/node_modules_maplibre-gl_dist_maplibre-gl_1w0u9x2.js:35984:35)
    at EntityRenderer.destroy (http://localhost:3000/_next/static/chunks/packages_109lp4s._.js:15141:26)
    at EntityRendererBridge.useEffect (http://localhost:3000/_next/static/chunks/src_1x3tb97._.js:7224:30)
    at Object.react_stack_bottom_frame (http://localhost:3000/_next/static/chunks/node_modules_next_dist_compiled_react-dom_096_9a-._.js:15093:17)
    at runWithFiberInDEV (http://localhost:3000/_next/static/chunks/node_modules_next_dist_compiled_react-dom_096_9a-._.js:965:74)
    at commitHookEffectListUnmount (http://localhost:3000/_next/static/chunks/node_modules_next_dist_compiled_react-dom_096_9a-._.js:7280:166)
    at commitHookPassiveUnmountEffects (http://localhost:3000/_next/static/chunks/node_modules_next_dist_compiled_react-dom_096_9a-._.js:7293:60)
    at disconnectPassiveEffect (http://localhost:3000/_next/static/chunks/node_modules_next_dist_compiled_react-dom_096_9a-._.js:8934:17)
    at doubleInvokeEffectsOnFiber (http://localhost:3000/_next/static/chunks/node_modules_next_dist_compiled_react-dom_096_9a-._.js:10117:44)
    at runWithFiberInDEV (http://localhost:3000/_next/static/chunks/node_modules_next_dist_compiled_react-dom_096_9a-._.js:965:74)
    at recursivelyTraverseAndDoubleInvokeEffectsInDEV (http://localhost:3000/_next/static/chunks/node_modules_next_dist_compiled_react-dom_096_9a-._.js:10110:79)
    at recursivelyTraverseAndDoubleInvokeEffectsInDEV (http://localhost:3000/_next/static/chunks/node_modules_next_dist_compiled_react-dom_096_9a-._.js:10110:147)
    at recursivelyTraverseAndDoubleInvokeEffectsInDEV (http://localhost:3000/_next/static/chunks/node_modules_next_dist_compiled_react-dom_096_9a-._.js:10110:147)
    at recursivelyTraverseAndDoubleInvokeEffectsInDEV (http://localhost:3000/_next/static/chunks/node_modules_next_dist_compiled_react-dom_096_9a-._.js:10110:147)
    at recursivelyTraverseAndDoubleInvokeEffectsInDEV (http://localhost:3000/_next/static/chunks/node_modules_next_dist_compiled_react-dom_096_9a-._.js:10110:147)
    at recursivelyTraverseAndDoubleInvokeEffectsInDEV (http://localhost:3000/_next/static/chunks/node_modules_next_dist_compiled_react-dom_096_9a-._.js:10110:147)
    at recursivelyTraverseAndDoubleInvokeEffectsInDEV (http://localhost:3000/_next/static/chunks/node_modules_next_dist_compiled_react-dom_096_9a-._.js:10110:147)
    at recursivelyTraverseAndDoubleInvokeEffectsInDEV (http://localhost:3000/_next/static/chunks/node_modules_next_dist_compiled_react-dom_096_9a-._.js:10110:147)
    at recursivelyTraverseAndDoubleInvokeEffectsInDEV (http://localhost:3000/_next/static/chunks/node_modules_next_dist_compiled_react-dom_096_9a-._.js:10110:147)
    at recursivelyTraverseAndDoubleInvokeEffectsInDEV (http://localhost:3000/_next/static/chunks/node_modules_next_dist_compiled_react-dom_096_9a-._.js:10110:147)
    at recursivelyTraverseAndDoubleInvokeEffectsInDEV (http://localhost:3000/_next/static/chunks/node_modules_next_dist_compiled_react-dom_096_9a-._.js:10110:147)
    at recursivelyTraverseAndDoubleInvokeEffectsInDEV (http://localhost:3000/_next/static/chunks/node_modules_next_dist_compiled_react-dom_096_9a-._.js:10110:147)
    at recursivelyTraverseAndDoubleInvokeEffectsInDEV (http://localhost:3000/_next/static/chunks/node_modules_next_dist_compiled_react-dom_096_9a-._.js:10110:147)
    at recursivelyTraverseAndDoubleInvokeEffectsInDEV (http://localhost:3000/_next/static/chunks/node_modules_next_dist_compiled_react-dom_096_9a-._.js:10110:147)
    at recursivelyTraverseAndDoubleInvokeEffectsInDEV (http://localhost:3000/_next/static/chunks/node_modules_next_dist_compiled_react-dom_096_9a-._.js:10110:147)
    at recursivelyTraverseAndDoubleInvokeEffectsInDEV (http://localhost:3000/_next/static/chunks/node_modules_next_dist_compiled_react-dom_096_9a-._.js:10110:147)
    at recursivelyTraverseAndDoubleInvokeEffectsInDEV (http://localhost:3000/_next/static/chunks/node_modules_next_dist_compiled_react-dom_096_9a-._.js:10110:147)
    at recursivelyTraverseAndDoubleInvokeEffectsInDEV (http://localhost:3000/_next/static/chunks/node_modules_next_dist_compiled_react-dom_096_9a-._.js:10110:147)
    at recursivelyTraverseAndDoubleInvokeEffectsInDEV (http://localhost:3000/_next/static/chunks/node_modules_next_dist_compiled_react-dom_096_9a-._.js:10110:147)
    at recursivelyTraverseAndDoubleInvokeEffectsInDEV (http://localhost:3000/_next/static/chunks/node_modules_next_dist_compiled_react-dom_096_9a-._.js:10110:147)
    at recursivelyTraverseAndDoubleInvokeEffectsInDEV (http://localhost:3000/_next/static/chunks/node_modules_next_dist_compiled_react-dom_096_9a-._.js:10110:147)
    at recursivelyTraverseAndDoubleInvokeEffectsInDEV (http://localhost:3000/_next/static/chunks/node_modules_next_dist_compiled_react-dom_096_9a-._.js:10110:147)
    at recursivelyTraverseAndDoubleInvokeEffectsInDEV (http://localhost:3000/_next/static/chunks/node_modules_next_dist_compiled_react-dom_096_9a-._.js:10110:147)
    at recursivelyTraverseAndDoubleInvokeEffectsInDEV (http://localhost:3000/_next/static/chunks/node_modules_next_dist_compiled_react-dom_096_9a-._.js:10110:147)
    at recursivelyTraverseAndDoubleInvokeEffectsInDEV (http://localhost:3000/_next/static/chunks/node_modules_next_dist_compiled_react-dom_096_9a-._.js:10110:147)
    at recursivelyTraverseAndDoubleInvokeEffectsInDEV (http://localhost:3000/_next/static/chunks/node_modules_next_dist_compiled_react-dom_096_9a-._.js:10110:147)
    at recursivelyTraverseAndDoubleInvokeEffectsInDEV (http://localhost:3000/_next/static/chunks/node_modules_next_dist_compiled_react-dom_096_9a-._.js:10110:147)
    at recursivelyTraverseAndDoubleInvokeEffectsInDEV (http://localhost:3000/_next/static/chunks/node_modules_next_dist_compiled_react-dom_096_9a-._.js:10110:147)
    at recursivelyTraverseAndDoubleInvokeEffectsInDEV (http://localhost:3000/_next/static/chunks/node_modules_next_dist_compiled_react-dom_096_9a-._.js:10110:147)
    at recursivelyTraverseAndDoubleInvokeEffectsInDEV (http://localhost:3000/_next/static/chunks/node_modules_next_dist_compiled_react-dom_096_9a-._.js:10110:147)
    at recursivelyTraverseAndDoubleInvokeEffectsInDEV (http://localhost:3000/_next/static/chunks/node_modules_next_dist_compiled_react-dom_096_9a-._.js:10110:147)
    at recursivelyTraverseAndDoubleInvokeEffectsInDEV (http://localhost:3000/_next/static/chunks/node_modules_next_dist_compiled_react-dom_096_9a-._.js:10110:147)
    at recursivelyTraverseAndDoubleInvokeEffectsInDEV (http://localhost:3000/_next/static/chunks/node_modules_next_dist_compiled_react-dom_096_9a-._.js:10110:147)
    at recursivelyTraverseAndDoubleInvokeEffectsInDEV (http://localhost:3000/_next/static/chunks/node_modules_next_dist_compiled_react-dom_096_9a-._.js:10110:147)
    at recursivelyTraverseAndDoubleInvokeEffectsInDEV (http://localhost:3000/_next/static/chunks/node_modules_next_dist_compiled_react-dom_096_9a-._.js:10110:147)
    at recursivelyTraverseAndDoubleInvokeEffectsInDEV (http://localhost:3000/_next/static/chunks/node_modules_next_dist_compiled_react-dom_096_9a-._.js:10110:147)
    at recursivelyTraverseAndDoubleInvokeEffectsInDEV (http://localhost:3000/_next/static/chunks/node_modules_next_dist_compiled_react-dom_096_9a-._.js:10110:147)
    at recursivelyTraverseAndDoubleInvokeEffectsInDEV (http://localhost:3000/_next/static/chunks/node_modules_next_dist_compiled_react-dom_096_9a-._.js:10110:147)
    at recursivelyTraverseAndDoubleInvokeEffectsInDEV (http://localhost:3000/_next/static/chunks/node_modules_next_dist_compiled_react-dom_096_9a-._.js:10110:147) @ http://localhost:3000/_next/static/chunks/node_modules_next_dist_1ybzpk2._.js:3318
[    9834ms] [ERROR] Error: Cannot remove non-existing layer "navi-road-line".
    at ki.removeLayer (http://localhost:3000/_next/static/chunks/node_modules_maplibre-gl_dist_maplibre-gl_1w0u9x2.js:29738:55)
    at ds.removeLayer (http://localhost:3000/_next/static/chunks/node_modules_maplibre-gl_dist_maplibre-gl_1w0u9x2.js:35984:35)
    at EntityRenderer.destroy (http://localhost:3000/_next/static/chunks/packages_109lp4s._.js:15141:26)
    at EntityRendererBridge.useEffect (http://localhost:3000/_next/static/chunks/src_1x3tb97._.js:7224:30)
    at Object.react_stack_bottom_frame (http://localhost:3000/_next/static/chunks/node_modules_next_dist_compiled_react-dom_096_9a-._.js:15093:17)
    at runWithFiberInDEV (http://localhost:3000/_next/static/chunks/node_modules_next_dist_compiled_react-dom_096_9a-._.js:965:74)
    at commitHookEffectListUnmount (http://localhost:3000/_next/static/chunks/node_modules_next_dist_compiled_react-dom_096_9a-._.js:7280:166)
    at commitHookPassiveUnmountEffects (http://localhost:3000/_next/static/chunks/node_modules_next_dist_compiled_react-dom_096_9a-._.js:7293:60)
    at disconnectPassiveEffect (http://localhost:3000/_next/static/chunks/node_modules_next_dist_compiled_react-dom_096_9a-._.js:8934:17)
    at doubleInvokeEffectsOnFiber (http://localhost:3000/_next/static/chunks/node_modules_next_dist_compiled_react-dom_096_9a-._.js:10117:44)
    at runWithFiberInDEV (http://localhost:3000/_next/static/chunks/node_modules_next_dist_compiled_react-dom_096_9a-._.js:965:74)
    at recursivelyTraverseAndDoubleInvokeEffectsInDEV (http://localhost:3000/_next/static/chunks/node_modules_next_dist_compiled_react-dom_096_9a-._.js:10110:79)
    at recursivelyTraverseAndDoubleInvokeEffectsInDEV (http://localhost:3000/_next/static/chunks/node_modules_next_dist_compiled_react-dom_096_9a-._.js:10110:147)
    at recursivelyTraverseAndDoubleInvokeEffectsInDEV (http://localhost:3000/_next/static/chunks/node_modules_next_dist_compiled_react-dom_096_9a-._.js:10110:147)
    at recursivelyTraverseAndDoubleInvokeEffectsInDEV (http://localhost:3000/_next/static/chunks/node_modules_next_dist_compiled_react-dom_096_9a-._.js:10110:147)
    at recursivelyTraverseAndDoubleInvokeEffectsInDEV (http://localhost:3000/_next/static/chunks/node_modules_next_dist_compiled_react-dom_096_9a-._.js:10110:147)
    at recursivelyTraverseAndDoubleInvokeEffectsInDEV (http://localhost:3000/_next/static/chunks/node_modules_next_dist_compiled_react-dom_096_9a-._.js:10110:147)
    at recursivelyTraverseAndDoubleInvokeEffectsInDEV (http://localhost:3000/_next/static/chunks/node_modules_next_dist_compiled_react-dom_096_9a-._.js:10110:147)
    at recursivelyTraverseAndDoubleInvokeEffectsInDEV (http://localhost:3000/_next/static/chunks/node_modules_next_dist_compiled_react-dom_096_9a-._.js:10110:147)
    at recursivelyTraverseAndDoubleInvokeEffectsInDEV (http://localhost:3000/_next/static/chunks/node_modules_next_dist_compiled_react-dom_096_9a-._.js:10110:147)
    at recursivelyTraverseAndDoubleInvokeEffectsInDEV (http://localhost:3000/_next/static/chunks/node_modules_next_dist_compiled_react-dom_096_9a-._.js:10110:147)
    at recursivelyTraverseAndDoubleInvokeEffectsInDEV (http://localhost:3000/_next/static/chunks/node_modules_next_dist_compiled_react-dom_096_9a-._.js:10110:147)
    at recursivelyTraverseAndDoubleInvokeEffectsInDEV (http://localhost:3000/_next/static/chunks/node_modules_next_dist_compiled_react-dom_096_9a-._.js:10110:147)
    at recursivelyTraverseAndDoubleInvokeEffectsInDEV (http://localhost:3000/_next/static/chunks/node_modules_next_dist_compiled_react-dom_096_9a-._.js:10110:147)
    at recursivelyTraverseAndDoubleInvokeEffectsInDEV (http://localhost:3000/_next/static/chunks/node_modules_next_dist_compiled_react-dom_096_9a-._.js:10110:147)
    at recursivelyTraverseAndDoubleInvokeEffectsInDEV (http://localhost:3000/_next/static/chunks/node_modules_next_dist_compiled_react-dom_096_9a-._.js:10110:147)
    at recursivelyTraverseAndDoubleInvokeEffectsInDEV (http://localhost:3000/_next/static/chunks/node_modules_next_dist_compiled_react-dom_096_9a-._.js:10110:147)
    at recursivelyTraverseAndDoubleInvokeEffectsInDEV (http://localhost:3000/_next/static/chunks/node_modules_next_dist_compiled_react-dom_096_9a-._.js:10110:147)
    at recursivelyTraverseAndDoubleInvokeEffectsInDEV (http://localhost:3000/_next/static/chunks/node_modules_next_dist_compiled_react-dom_096_9a-._.js:10110:147)
    at recursivelyTraverseAndDoubleInvokeEffectsInDEV (http://localhost:3000/_next/static/chunks/node_modules_next_dist_compiled_react-dom_096_9a-._.js:10110:147)
    at recursivelyTraverseAndDoubleInvokeEffectsInDEV (http://localhost:3000/_next/static/chunks/node_modules_next_dist_compiled_react-dom_096_9a-._.js:10110:147)
    at recursivelyTraverseAndDoubleInvokeEffectsInDEV (http://localhost:3000/_next/static/chunks/node_modules_next_dist_compiled_react-dom_096_9a-._.js:10110:147)
    at recursivelyTraverseAndDoubleInvokeEffectsInDEV (http://localhost:3000/_next/static/chunks/node_modules_next_dist_compiled_react-dom_096_9a-._.js:10110:147)
    at recursivelyTraverseAndDoubleInvokeEffectsInDEV (http://localhost:3000/_next/static/chunks/node_modules_next_dist_compiled_react-dom_096_9a-._.js:10110:147)
    at recursivelyTraverseAndDoubleInvokeEffectsInDEV (http://localhost:3000/_next/static/chunks/node_modules_next_dist_compiled_react-dom_096_9a-._.js:10110:147)
    at recursivelyTraverseAndDoubleInvokeEffectsInDEV (http://localhost:3000/_next/static/chunks/node_modules_next_dist_compiled_react-dom_096_9a-._.js:10110:147)
    at recursivelyTraverseAndDoubleInvokeEffectsInDEV (http://localhost:3000/_next/static/chunks/node_modules_next_dist_compiled_react-dom_096_9a-._.js:10110:147)
    at recursivelyTraverseAndDoubleInvokeEffectsInDEV (http://localhost:3000/_next/static/chunks/node_modules_next_dist_compiled_react-dom_096_9a-._.js:10110:147)
    at recursivelyTraverseAndDoubleInvokeEffectsInDEV (http://localhost:3000/_next/static/chunks/node_modules_next_dist_compiled_react-dom_096_9a-._.js:10110:147)
    at recursivelyTraverseAndDoubleInvokeEffectsInDEV (http://localhost:3000/_next/static/chunks/node_modules_next_dist_compiled_react-dom_096_9a-._.js:10110:147)
    at recursivelyTraverseAndDoubleInvokeEffectsInDEV (http://localhost:3000/_next/static/chunks/node_modules_next_dist_compiled_react-dom_096_9a-._.js:10110:147)
    at recursivelyTraverseAndDoubleInvokeEffectsInDEV (http://localhost:3000/_next/static/chunks/node_modules_next_dist_compiled_react-dom_096_9a-._.js:10110:147)
    at recursivelyTraverseAndDoubleInvokeEffectsInDEV (http://localhost:3000/_next/static/chunks/node_modules_next_dist_compiled_react-dom_096_9a-._.js:10110:147)
    at recursivelyTraverseAndDoubleInvokeEffectsInDEV (http://localhost:3000/_next/static/chunks/node_modules_next_dist_compiled_react-dom_096_9a-._.js:10110:147)
    at recursivelyTraverseAndDoubleInvokeEffectsInDEV (http://localhost:3000/_next/static/chunks/node_modules_next_dist_compiled_react-dom_096_9a-._.js:10110:147)
    at recursivelyTraverseAndDoubleInvokeEffectsInDEV (http://localhost:3000/_next/static/chunks/node_modules_next_dist_compiled_react-dom_096_9a-._.js:10110:147)
    at recursivelyTraverseAndDoubleInvokeEffectsInDEV (http://localhost:3000/_next/static/chunks/node_modules_next_dist_compiled_react-dom_096_9a-._.js:10110:147)
    at recursivelyTraverseAndDoubleInvokeEffectsInDEV (http://localhost:3000/_next/static/chunks/node_modules_next_dist_compiled_react-dom_096_9a-._.js:10110:147)
    at recursivelyTraverseAndDoubleInvokeEffectsInDEV (http://localhost:3000/_next/static/chunks/node_modules_next_dist_compiled_react-dom_096_9a-._.js:10110:147)
    at recursivelyTraverseAndDoubleInvokeEffectsInDEV (http://localhost:3000/_next/static/chunks/node_modules_next_dist_compiled_react-dom_096_9a-._.js:10110:147) @ http://localhost:3000/_next/static/chunks/node_modules_next_dist_1ybzpk2._.js:3318
[    9835ms] [ERROR] Error: Cannot remove non-existing layer "navi-entrance-icon".
    at ki.removeLayer (http://localhost:3000/_next/static/chunks/node_modules_maplibre-gl_dist_maplibre-gl_1w0u9x2.js:29738:55)
    at ds.removeLayer (http://localhost:3000/_next/static/chunks/node_modules_maplibre-gl_dist_maplibre-gl_1w0u9x2.js:35984:35)
    at EntityRenderer.destroy (http://localhost:3000/_next/static/chunks/packages_109lp4s._.js:15141:26)
    at EntityRendererBridge.useEffect (http://localhost:3000/_next/static/chunks/src_1x3tb97._.js:7224:30)
    at Object.react_stack_bottom_frame (http://localhost:3000/_next/static/chunks/node_modules_next_dist_compiled_react-dom_096_9a-._.js:15093:17)
    at runWithFiberInDEV (http://localhost:3000/_next/static/chunks/node_modules_next_dist_compiled_react-dom_096_9a-._.js:965:74)
    at commitHookEffectListUnmount (http://localhost:3000/_next/static/chunks/node_modules_next_dist_compiled_react-dom_096_9a-._.js:7280:166)
    at commitHookPassiveUnmountEffects (http://localhost:3000/_next/static/chunks/node_modules_next_dist_compiled_react-dom_096_9a-._.js:7293:60)
    at disconnectPassiveEffect (http://localhost:3000/_next/static/chunks/node_modules_next_dist_compiled_react-dom_096_9a-._.js:8934:17)
    at doubleInvokeEffectsOnFiber (http://localhost:3000/_next/static/chunks/node_modules_next_dist_compiled_react-dom_096_9a-._.js:10117:44)
    at runWithFiberInDEV (http://localhost:3000/_next/static/chunks/node_modules_next_dist_compiled_react-dom_096_9a-._.js:965:74)
    at recursivelyTraverseAndDoubleInvokeEffectsInDEV (http://localhost:3000/_next/static/chunks/node_modules_next_dist_compiled_react-dom_096_9a-._.js:10110:79)
    at recursivelyTraverseAndDoubleInvokeEffectsInDEV (http://localhost:3000/_next/static/chunks/node_modules_next_dist_compiled_react-dom_096_9a-._.js:10110:147)
    at recursivelyTraverseAndDoubleInvokeEffectsInDEV (http://localhost:3000/_next/static/chunks/node_modules_next_dist_compiled_react-dom_096_9a-._.js:10110:147)
    at recursivelyTraverseAndDoubleInvokeEffectsInDEV (http://localhost:3000/_next/static/chunks/node_modules_next_dist_compiled_react-dom_096_9a-._.js:10110:147)
    at recursivelyTraverseAndDoubleInvokeEffectsInDEV (http://localhost:3000/_next/static/chunks/node_modules_next_dist_compiled_react-dom_096_9a-._.js:10110:147)
    at recursivelyTraverseAndDoubleInvokeEffectsInDEV (http://localhost:3000/_next/static/chunks/node_modules_next_dist_compiled_react-dom_096_9a-._.js:10110:147)
    at recursivelyTraverseAndDoubleInvokeEffectsInDEV (http://localhost:3000/_next/static/chunks/node_modules_next_dist_compiled_react-dom_096_9a-._.js:10110:147)
    at recursivelyTraverseAndDoubleInvokeEffectsInDEV (http://localhost:3000/_next/static/chunks/node_modules_next_dist_compiled_react-dom_096_9a-._.js:10110:147)
    at recursivelyTraverseAndDoubleInvokeEffectsInDEV (http://localhost:3000/_next/static/chunks/node_modules_next_dist_compiled_react-dom_096_9a-._.js:10110:147)
    at recursivelyTraverseAndDoubleInvokeEffectsInDEV (http://localhost:3000/_next/static/chunks/node_modules_next_dist_compiled_react-dom_096_9a-._.js:10110:147)
    at recursivelyTraverseAndDoubleInvokeEffectsInDEV (http://localhost:3000/_next/static/chunks/node_modules_next_dist_compiled_react-dom_096_9a-._.js:10110:147)
    at recursivelyTraverseAndDoubleInvokeEffectsInDEV (http://localhost:3000/_next/static/chunks/node_modules_next_dist_compiled_react-dom_096_9a-._.js:10110:147)
    at recursivelyTraverseAndDoubleInvokeEffectsInDEV (http://localhost:3000/_next/static/chunks/node_modules_next_dist_compiled_react-dom_096_9a-._.js:10110:147)
    at recursivelyTraverseAndDoubleInvokeEffectsInDEV (http://localhost:3000/_next/static/chunks/node_modules_next_dist_compiled_react-dom_096_9a-._.js:10110:147)
    at recursivelyTraverseAndDoubleInvokeEffectsInDEV (http://localhost:3000/_next/static/chunks/node_modules_next_dist_compiled_react-dom_096_9a-._.js:10110:147)
    at recursivelyTraverseAndDoubleInvokeEffectsInDEV (http://localhost:3000/_next/static/chunks/node_modules_next_dist_compiled_react-dom_096_9a-._.js:10110:147)
    at recursivelyTraverseAndDoubleInvokeEffectsInDEV (http://localhost:3000/_next/static/chunks/node_modules_next_dist_compiled_react-dom_096_9a-._.js:10110:147)
    at recursivelyTraverseAndDoubleInvokeEffectsInDEV (http://localhost:3000/_next/static/chunks/node_modules_next_dist_compiled_react-dom_096_9a-._.js:10110:147)
    at recursivelyTraverseAndDoubleInvokeEffectsInDEV (http://localhost:3000/_next/static/chunks/node_modules_next_dist_compiled_react-dom_096_9a-._.js:10110:147)
    at recursivelyTraverseAndDoubleInvokeEffectsInDEV (http://localhost:3000/_next/static/chunks/node_modules_next_dist_compiled_react-dom_096_9a-._.js:10110:147)
    at recursivelyTraverseAndDoubleInvokeEffectsInDEV (http://localhost:3000/_next/static/chunks/node_modules_next_dist_compiled_react-dom_096_9a-._.js:10110:147)
    at recursivelyTraverseAndDoubleInvokeEffectsInDEV (http://localhost:3000/_next/static/chunks/node_modules_next_dist_compiled_react-dom_096_9a-._.js:10110:147)
    at recursivelyTraverseAndDoubleInvokeEffectsInDEV (http://localhost:3000/_next/static/chunks/node_modules_next_dist_compiled_react-dom_096_9a-._.js:10110:147)
    at recursivelyTraverseAndDoubleInvokeEffectsInDEV (http://localhost:3000/_next/static/chunks/node_modules_next_dist_compiled_react-dom_096_9a-._.js:10110:147)
    at recursivelyTraverseAndDoubleInvokeEffectsInDEV (http://localhost:3000/_next/static/chunks/node_modules_next_dist_compiled_react-dom_096_9a-._.js:10110:147)
    at recursivelyTraverseAndDoubleInvokeEffectsInDEV (http://localhost:3000/_next/static/chunks/node_modules_next_dist_compiled_react-dom_096_9a-._.js:10110:147)
    at recursivelyTraverseAndDoubleInvokeEffectsInDEV (http://localhost:3000/_next/static/chunks/node_modules_next_dist_compiled_react-dom_096_9a-._.js:10110:147)
    at recursivelyTraverseAndDoubleInvokeEffectsInDEV (http://localhost:3000/_next/static/chunks/node_modules_next_dist_compiled_react-dom_096_9a-._.js:10110:147)
    at recursivelyTraverseAndDoubleInvokeEffectsInDEV (http://localhost:3000/_next/static/chunks/node_modules_next_dist_compiled_react-dom_096_9a-._.js:10110:147)
    at recursivelyTraverseAndDoubleInvokeEffectsInDEV (http://localhost:3000/_next/static/chunks/node_modules_next_dist_compiled_react-dom_096_9a-._.js:10110:147)
    at recursivelyTraverseAndDoubleInvokeEffectsInDEV (http://localhost:3000/_next/static/chunks/node_modules_next_dist_compiled_react-dom_096_9a-._.js:10110:147)
    at recursivelyTraverseAndDoubleInvokeEffectsInDEV (http://localhost:3000/_next/static/chunks/node_modules_next_dist_compiled_react-dom_096_9a-._.js:10110:147)
    at recursivelyTraverseAndDoubleInvokeEffectsInDEV (http://localhost:3000/_next/static/chunks/node_modules_next_dist_compiled_react-dom_096_9a-._.js:10110:147)
    at recursivelyTraverseAndDoubleInvokeEffectsInDEV (http://localhost:3000/_next/static/chunks/node_modules_next_dist_compiled_react-dom_096_9a-._.js:10110:147)
    at recursivelyTraverseAndDoubleInvokeEffectsInDEV (http://localhost:3000/_next/static/chunks/node_modules_next_dist_compiled_react-dom_096_9a-._.js:10110:147)
    at recursivelyTraverseAndDoubleInvokeEffectsInDEV (http://localhost:3000/_next/static/chunks/node_modules_next_dist_compiled_react-dom_096_9a-._.js:10110:147)
    at recursivelyTraverseAndDoubleInvokeEffectsInDEV (http://localhost:3000/_next/static/chunks/node_modules_next_dist_compiled_react-dom_096_9a-._.js:10110:147)
    at recursivelyTraverseAndDoubleInvokeEffectsInDEV (http://localhost:3000/_next/static/chunks/node_modules_next_dist_compiled_react-dom_096_9a-._.js:10110:147)
    at recursivelyTraverseAndDoubleInvokeEffectsInDEV (http://localhost:3000/_next/static/chunks/node_modules_next_dist_compiled_react-dom_096_9a-._.js:10110:147) @ http://localhost:3000/_next/static/chunks/node_modules_next_dist_1ybzpk2._.js:3318
[    9836ms] [ERROR] Error: Cannot remove non-existing layer "navi-staircase-icon".
    at ki.removeLayer (http://localhost:3000/_next/static/chunks/node_modules_maplibre-gl_dist_maplibre-gl_1w0u9x2.js:29738:55)
    at ds.removeLayer (http://localhost:3000/_next/static/chunks/node_modules_maplibre-gl_dist_maplibre-gl_1w0u9x2.js:35984:35)
    at EntityRenderer.destroy (http://localhost:3000/_next/static/chunks/packages_109lp4s._.js:15141:26)
    at EntityRendererBridge.useEffect (http://localhost:3000/_next/static/chunks/src_1x3tb97._.js:7224:30)
    at Object.react_stack_bottom_frame (http://localhost:3000/_next/static/chunks/node_modules_next_dist_compiled_react-dom_096_9a-._.js:15093:17)
    at runWithFiberInDEV (http://localhost:3000/_next/static/chunks/node_modules_next_dist_compiled_react-dom_096_9a-._.js:965:74)
    at commitHookEffectListUnmount (http://localhost:3000/_next/static/chunks/node_modules_next_dist_compiled_react-dom_096_9a-._.js:7280:166)
    at commitHookPassiveUnmountEffects (http://localhost:3000/_next/static/chunks/node_modules_next_dist_compiled_react-dom_096_9a-._.js:7293:60)
    at disconnectPassiveEffect (http://localhost:3000/_next/static/chunks/node_modules_next_dist_compiled_react-dom_096_9a-._.js:8934:17)
    at doubleInvokeEffectsOnFiber (http://localhost:3000/_next/static/chunks/node_modules_next_dist_compiled_react-dom_096_9a-._.js:10117:44)
    at runWithFiberInDEV (http://localhost:3000/_next/static/chunks/node_modules_next_dist_compiled_react-dom_096_9a-._.js:965:74)
    at recursivelyTraverseAndDoubleInvokeEffectsInDEV (http://localhost:3000/_next/static/chunks/node_modules_next_dist_compiled_react-dom_096_9a-._.js:10110:79)
    at recursivelyTraverseAndDoubleInvokeEffectsInDEV (http://localhost:3000/_next/static/chunks/node_modules_next_dist_compiled_react-dom_096_9a-._.js:10110:147)
    at recursivelyTraverseAndDoubleInvokeEffectsInDEV (http://localhost:3000/_next/static/chunks/node_modules_next_dist_compiled_react-dom_096_9a-._.js:10110:147)
    at recursivelyTraverseAndDoubleInvokeEffectsInDEV (http://localhost:3000/_next/static/chunks/node_modules_next_dist_compiled_react-dom_096_9a-._.js:10110:147)
    at recursivelyTraverseAndDoubleInvokeEffectsInDEV (http://localhost:3000/_next/static/chunks/node_modules_next_dist_compiled_react-dom_096_9a-._.js:10110:147)
    at recursivelyTraverseAndDoubleInvokeEffectsInDEV (http://localhost:3000/_next/static/chunks/node_modules_next_dist_compiled_react-dom_096_9a-._.js:10110:147)
    at recursivelyTraverseAndDoubleInvokeEffectsInDEV (http://localhost:3000/_next/static/chunks/node_modules_next_dist_compiled_react-dom_096_9a-._.js:10110:147)
    at recursivelyTraverseAndDoubleInvokeEffectsInDEV (http://localhost:3000/_next/static/chunks/node_modules_next_dist_compiled_react-dom_096_9a-._.js:10110:147)
    at recursivelyTraverseAndDoubleInvokeEffectsInDEV (http://localhost:3000/_next/static/chunks/node_modules_next_dist_compiled_react-dom_096_9a-._.js:10110:147)
    at recursivelyTraverseAndDoubleInvokeEffectsInDEV (http://localhost:3000/_next/static/chunks/node_modules_next_dist_compiled_react-dom_096_9a-._.js:10110:147)
    at recursivelyTraverseAndDoubleInvokeEffectsInDEV (http://localhost:3000/_next/static/chunks/node_modules_next_dist_compiled_react-dom_096_9a-._.js:10110:147)
    at recursivelyTraverseAndDoubleInvokeEffectsInDEV (http://localhost:3000/_next/static/chunks/node_modules_next_dist_compiled_react-dom_096_9a-._.js:10110:147)
    at recursivelyTraverseAndDoubleInvokeEffectsInDEV (http://localhost:3000/_next/static/chunks/node_modules_next_dist_compiled_react-dom_096_9a-._.js:10110:147)
    at recursivelyTraverseAndDoubleInvokeEffectsInDEV (http://localhost:3000/_next/static/chunks/node_modules_next_dist_compiled_react-dom_096_9a-._.js:10110:147)
    at recursivelyTraverseAndDoubleInvokeEffectsInDEV (http://localhost:3000/_next/static/chunks/node_modules_next_dist_compiled_react-dom_096_9a-._.js:10110:147)
    at recursivelyTraverseAndDoubleInvokeEffectsInDEV (http://localhost:3000/_next/static/chunks/node_modules_next_dist_compiled_react-dom_096_9a-._.js:10110:147)
    at recursivelyTraverseAndDoubleInvokeEffectsInDEV (http://localhost:3000/_next/static/chunks/node_modules_next_dist_compiled_react-dom_096_9a-._.js:10110:147)
    at recursivelyTraverseAndDoubleInvokeEffectsInDEV (http://localhost:3000/_next/static/chunks/node_modules_next_dist_compiled_react-dom_096_9a-._.js:10110:147)
    at recursivelyTraverseAndDoubleInvokeEffectsInDEV (http://localhost:3000/_next/static/chunks/node_modules_next_dist_compiled_react-dom_096_9a-._.js:10110:147)
    at recursivelyTraverseAndDoubleInvokeEffectsInDEV (http://localhost:3000/_next/static/chunks/node_modules_next_dist_compiled_react-dom_096_9a-._.js:10110:147)
    at recursivelyTraverseAndDoubleInvokeEffectsInDEV (http://localhost:3000/_next/static/chunks/node_modules_next_dist_compiled_react-dom_096_9a-._.js:10110:147)
    at recursivelyTraverseAndDoubleInvokeEffectsInDEV (http://localhost:3000/_next/static/chunks/node_modules_next_dist_compiled_react-dom_096_9a-._.js:10110:147)
    at recursivelyTraverseAndDoubleInvokeEffectsInDEV (http://localhost:3000/_next/static/chunks/node_modules_next_dist_compiled_react-dom_096_9a-._.js:10110:147)
    at recursivelyTraverseAndDoubleInvokeEffectsInDEV (http://localhost:3000/_next/static/chunks/node_modules_next_dist_compiled_react-dom_096_9a-._.js:10110:147)
    at recursivelyTraverseAndDoubleInvokeEffectsInDEV (http://localhost:3000/_next/static/chunks/node_modules_next_dist_compiled_react-dom_096_9a-._.js:10110:147)
    at recursivelyTraverseAndDoubleInvokeEffectsInDEV (http://localhost:3000/_next/static/chunks/node_modules_next_dist_compiled_react-dom_096_9a-._.js:10110:147)
    at recursivelyTraverseAndDoubleInvokeEffectsInDEV (http://localhost:3000/_next/static/chunks/node_modules_next_dist_compiled_react-dom_096_9a-._.js:10110:147)
    at recursivelyTraverseAndDoubleInvokeEffectsInDEV (http://localhost:3000/_next/static/chunks/node_modules_next_dist_compiled_react-dom_096_9a-._.js:10110:147)
    at recursivelyTraverseAndDoubleInvokeEffectsInDEV (http://localhost:3000/_next/static/chunks/node_modules_next_dist_compiled_react-dom_096_9a-._.js:10110:147)
    at recursivelyTraverseAndDoubleInvokeEffectsInDEV (http://localhost:3000/_next/static/chunks/node_modules_next_dist_compiled_react-dom_096_9a-._.js:10110:147)
    at recursivelyTraverseAndDoubleInvokeEffectsInDEV (http://localhost:3000/_next/static/chunks/node_modules_next_dist_compiled_react-dom_096_9a-._.js:10110:147)
    at recursivelyTraverseAndDoubleInvokeEffectsInDEV (http://localhost:3000/_next/static/chunks/node_modules_next_dist_compiled_react-dom_096_9a-._.js:10110:147)
    at recursivelyTraverseAndDoubleInvokeEffectsInDEV (http://localhost:3000/_next/static/chunks/node_modules_next_dist_compiled_react-dom_096_9a-._.js:10110:147)
    at recursivelyTraverseAndDoubleInvokeEffectsInDEV (http://localhost:3000/_next/static/chunks/node_modules_next_dist_compiled_react-dom_096_9a-._.js:10110:147)
    at recursivelyTraverseAndDoubleInvokeEffectsInDEV (http://localhost:3000/_next/static/chunks/node_modules_next_dist_compiled_react-dom_096_9a-._.js:10110:147)
    at recursivelyTraverseAndDoubleInvokeEffectsInDEV (http://localhost:3000/_next/static/chunks/node_modules_next_dist_compiled_react-dom_096_9a-._.js:10110:147)
    at recursivelyTraverseAndDoubleInvokeEffectsInDEV (http://localhost:3000/_next/static/chunks/node_modules_next_dist_compiled_react-dom_096_9a-._.js:10110:147)
    at recursivelyTraverseAndDoubleInvokeEffectsInDEV (http://localhost:3000/_next/static/chunks/node_modules_next_dist_compiled_react-dom_096_9a-._.js:10110:147)
    at recursivelyTraverseAndDoubleInvokeEffectsInDEV (http://localhost:3000/_next/static/chunks/node_modules_next_dist_compiled_react-dom_096_9a-._.js:10110:147) @ http://localhost:3000/_next/static/chunks/node_modules_next_dist_1ybzpk2._.js:3318
[    9836ms] [ERROR] Error: Cannot remove non-existing layer "navi-elevator-icon".
    at ki.removeLayer (http://localhost:3000/_next/static/chunks/node_modules_maplibre-gl_dist_maplibre-gl_1w0u9x2.js:29738:55)
    at ds.removeLayer (http://localhost:3000/_next/static/chunks/node_modules_maplibre-gl_dist_maplibre-gl_1w0u9x2.js:35984:35)
    at EntityRenderer.destroy (http://localhost:3000/_next/static/chunks/packages_109lp4s._.js:15141:26)
    at EntityRendererBridge.useEffect (http://localhost:3000/_next/static/chunks/src_1x3tb97._.js:7224:30)
    at Object.react_stack_bottom_frame (http://localhost:3000/_next/static/chunks/node_modules_next_dist_compiled_react-dom_096_9a-._.js:15093:17)
    at runWithFiberInDEV (http://localhost:3000/_next/static/chunks/node_modules_next_dist_compiled_react-dom_096_9a-._.js:965:74)
    at commitHookEffectListUnmount (http://localhost:3000/_next/static/chunks/node_modules_next_dist_compiled_react-dom_096_9a-._.js:7280:166)
    at commitHookPassiveUnmountEffects (http://localhost:3000/_next/static/chunks/node_modules_next_dist_compiled_react-dom_096_9a-._.js:7293:60)
    at disconnectPassiveEffect (http://localhost:3000/_next/static/chunks/node_modules_next_dist_compiled_react-dom_096_9a-._.js:8934:17)
    at doubleInvokeEffectsOnFiber (http://localhost:3000/_next/static/chunks/node_modules_next_dist_compiled_react-dom_096_9a-._.js:10117:44)
    at runWithFiberInDEV (http://localhost:3000/_next/static/chunks/node_modules_next_dist_compiled_react-dom_096_9a-._.js:965:74)
    at recursivelyTraverseAndDoubleInvokeEffectsInDEV (http://localhost:3000/_next/static/chunks/node_modules_next_dist_compiled_react-dom_096_9a-._.js:10110:79)
    at recursivelyTraverseAndDoubleInvokeEffectsInDEV (http://localhost:3000/_next/static/chunks/node_modules_next_dist_compiled_react-dom_096_9a-._.js:10110:147)
    at recursivelyTraverseAndDoubleInvokeEffectsInDEV (http://localhost:3000/_next/static/chunks/node_modules_next_dist_compiled_react-dom_096_9a-._.js:10110:147)
    at recursivelyTraverseAndDoubleInvokeEffectsInDEV (http://localhost:3000/_next/static/chunks/node_modules_next_dist_compiled_react-dom_096_9a-._.js:10110:147)
    at recursivelyTraverseAndDoubleInvokeEffectsInDEV (http://localhost:3000/_next/static/chunks/node_modules_next_dist_compiled_react-dom_096_9a-._.js:10110:147)
    at recursivelyTraverseAndDoubleInvokeEffectsInDEV (http://localhost:3000/_next/static/chunks/node_modules_next_dist_compiled_react-dom_096_9a-._.js:10110:147)
    at recursivelyTraverseAndDoubleInvokeEffectsInDEV (http://localhost:3000/_next/static/chunks/node_modules_next_dist_compiled_react-dom_096_9a-._.js:10110:147)
    at recursivelyTraverseAndDoubleInvokeEffectsInDEV (http://localhost:3000/_next/static/chunks/node_modules_next_dist_compiled_react-dom_096_9a-._.js:10110:147)
    at recursivelyTraverseAndDoubleInvokeEffectsInDEV (http://localhost:3000/_next/static/chunks/node_modules_next_dist_compiled_react-dom_096_9a-._.js:10110:147)
    at recursivelyTraverseAndDoubleInvokeEffectsInDEV (http://localhost:3000/_next/static/chunks/node_modules_next_dist_compiled_react-dom_096_9a-._.js:10110:147)
    at recursivelyTraverseAndDoubleInvokeEffectsInDEV (http://localhost:3000/_next/static/chunks/node_modules_next_dist_compiled_react-dom_096_9a-._.js:10110:147)
    at recursivelyTraverseAndDoubleInvokeEffectsInDEV (http://localhost:3000/_next/static/chunks/node_modules_next_dist_compiled_react-dom_096_9a-._.js:10110:147)
    at recursivelyTraverseAndDoubleInvokeEffectsInDEV (http://localhost:3000/_next/static/chunks/node_modules_next_dist_compiled_react-dom_096_9a-._.js:10110:147)
    at recursivelyTraverseAndDoubleInvokeEffectsInDEV (http://localhost:3000/_next/static/chunks/node_modules_next_dist_compiled_react-dom_096_9a-._.js:10110:147)
    at recursivelyTraverseAndDoubleInvokeEffectsInDEV (http://localhost:3000/_next/static/chunks/node_modules_next_dist_compiled_react-dom_096_9a-._.js:10110:147)
    at recursivelyTraverseAndDoubleInvokeEffectsInDEV (http://localhost:3000/_next/static/chunks/node_modules_next_dist_compiled_react-dom_096_9a-._.js:10110:147)
    at recursivelyTraverseAndDoubleInvokeEffectsInDEV (http://localhost:3000/_next/static/chunks/node_modules_next_dist_compiled_react-dom_096_9a-._.js:10110:147)
    at recursivelyTraverseAndDoubleInvokeEffectsInDEV (http://localhost:3000/_next/static/chunks/node_modules_next_dist_compiled_react-dom_096_9a-._.js:10110:147)
    at recursivelyTraverseAndDoubleInvokeEffectsInDEV (http://localhost:3000/_next/static/chunks/node_modules_next_dist_compiled_react-dom_096_9a-._.js:10110:147)
    at recursivelyTraverseAndDoubleInvokeEffectsInDEV (http://localhost:3000/_next/static/chunks/node_modules_next_dist_compiled_react-dom_096_9a-._.js:10110:147)
    at recursivelyTraverseAndDoubleInvokeEffectsInDEV (http://localhost:3000/_next/static/chunks/node_modules_next_dist_compiled_react-dom_096_9a-._.js:10110:147)
    at recursivelyTraverseAndDoubleInvokeEffectsInDEV (http://localhost:3000/_next/static/chunks/node_modules_next_dist_compiled_react-dom_096_9a-._.js:10110:147)
    at recursivelyTraverseAndDoubleInvokeEffectsInDEV (http://localhost:3000/_next/static/chunks/node_modules_next_dist_compiled_react-dom_096_9a-._.js:10110:147)
    at recursivelyTraverseAndDoubleInvokeEffectsInDEV (http://localhost:3000/_next/static/chunks/node_modules_next_dist_compiled_react-dom_096_9a-._.js:10110:147)
    at recursivelyTraverseAndDoubleInvokeEffectsInDEV (http://localhost:3000/_next/static/chunks/node_modules_next_dist_compiled_react-dom_096_9a-._.js:10110:147)
    at recursivelyTraverseAndDoubleInvokeEffectsInDEV (http://localhost:3000/_next/static/chunks/node_modules_next_dist_compiled_react-dom_096_9a-._.js:10110:147)
    at recursivelyTraverseAndDoubleInvokeEffectsInDEV (http://localhost:3000/_next/static/chunks/node_modules_next_dist_compiled_react-dom_096_9a-._.js:10110:147)
    at recursivelyTraverseAndDoubleInvokeEffectsInDEV (http://localhost:3000/_next/static/chunks/node_modules_next_dist_compiled_react-dom_096_9a-._.js:10110:147)
    at recursivelyTraverseAndDoubleInvokeEffectsInDEV (http://localhost:3000/_next/static/chunks/node_modules_next_dist_compiled_react-dom_096_9a-._.js:10110:147)
    at recursivelyTraverseAndDoubleInvokeEffectsInDEV (http://localhost:3000/_next/static/chunks/node_modules_next_dist_compiled_react-dom_096_9a-._.js:10110:147)
    at recursivelyTraverseAndDoubleInvokeEffectsInDEV (http://localhost:3000/_next/static/chunks/node_modules_next_dist_compiled_react-dom_096_9a-._.js:10110:147)
    at recursivelyTraverseAndDoubleInvokeEffectsInDEV (http://localhost:3000/_next/static/chunks/node_modules_next_dist_compiled_react-dom_096_9a-._.js:10110:147)
    at recursivelyTraverseAndDoubleInvokeEffectsInDEV (http://localhost:3000/_next/static/chunks/node_modules_next_dist_compiled_react-dom_096_9a-._.js:10110:147)
    at recursivelyTraverseAndDoubleInvokeEffectsInDEV (http://localhost:3000/_next/static/chunks/node_modules_next_dist_compiled_react-dom_096_9a-._.js:10110:147)
    at recursivelyTraverseAndDoubleInvokeEffectsInDEV (http://localhost:3000/_next/static/chunks/node_modules_next_dist_compiled_react-dom_096_9a-._.js:10110:147)
    at recursivelyTraverseAndDoubleInvokeEffectsInDEV (http://localhost:3000/_next/static/chunks/node_modules_next_dist_compiled_react-dom_096_9a-._.js:10110:147)
    at recursivelyTraverseAndDoubleInvokeEffectsInDEV (http://localhost:3000/_next/static/chunks/node_modules_next_dist_compiled_react-dom_096_9a-._.js:10110:147)
    at recursivelyTraverseAndDoubleInvokeEffectsInDEV (http://localhost:3000/_next/static/chunks/node_modules_next_dist_compiled_react-dom_096_9a-._.js:10110:147)
    at recursivelyTraverseAndDoubleInvokeEffectsInDEV (http://localhost:3000/_next/static/chunks/node_modules_next_dist_compiled_react-dom_096_9a-._.js:10110:147) @ http://localhost:3000/_next/static/chunks/node_modules_next_dist_1ybzpk2._.js:3318
[    9837ms] [ERROR] Error: Cannot remove non-existing layer "navi-panorama-icon".
    at ki.removeLayer (http://localhost:3000/_next/static/chunks/node_modules_maplibre-gl_dist_maplibre-gl_1w0u9x2.js:29738:55)
    at ds.removeLayer (http://localhost:3000/_next/static/chunks/node_modules_maplibre-gl_dist_maplibre-gl_1w0u9x2.js:35984:35)
    at EntityRenderer.destroy (http://localhost:3000/_next/static/chunks/packages_109lp4s._.js:15141:26)
    at EntityRendererBridge.useEffect (http://localhost:3000/_next/static/chunks/src_1x3tb97._.js:7224:30)
    at Object.react_stack_bottom_frame (http://localhost:3000/_next/static/chunks/node_modules_next_dist_compiled_react-dom_096_9a-._.js:15093:17)
    at runWithFiberInDEV (http://localhost:3000/_next/static/chunks/node_modules_next_dist_compiled_react-dom_096_9a-._.js:965:74)
    at commitHookEffectListUnmount (http://localhost:3000/_next/static/chunks/node_modules_next_dist_compiled_react-dom_096_9a-._.js:7280:166)
    at commitHookPassiveUnmountEffects (http://localhost:3000/_next/static/chunks/node_modules_next_dist_compiled_react-dom_096_9a-._.js:7293:60)
    at disconnectPassiveEffect (http://localhost:3000/_next/static/chunks/node_modules_next_dist_compiled_react-dom_096_9a-._.js:8934:17)
    at doubleInvokeEffectsOnFiber (http://localhost:3000/_next/static/chunks/node_modules_next_dist_compiled_react-dom_096_9a-._.js:10117:44)
    at runWithFiberInDEV (http://localhost:3000/_next/static/chunks/node_modules_next_dist_compiled_react-dom_096_9a-._.js:965:74)
    at recursivelyTraverseAndDoubleInvokeEffectsInDEV (http://localhost:3000/_next/static/chunks/node_modules_next_dist_compiled_react-dom_096_9a-._.js:10110:79)
    at recursivelyTraverseAndDoubleInvokeEffectsInDEV (http://localhost:3000/_next/static/chunks/node_modules_next_dist_compiled_react-dom_096_9a-._.js:10110:147)
    at recursivelyTraverseAndDoubleInvokeEffectsInDEV (http://localhost:3000/_next/static/chunks/node_modules_next_dist_compiled_react-dom_096_9a-._.js:10110:147)
    at recursivelyTraverseAndDoubleInvokeEffectsInDEV (http://localhost:3000/_next/static/chunks/node_modules_next_dist_compiled_react-dom_096_9a-._.js:10110:147)
    at recursivelyTraverseAndDoubleInvokeEffectsInDEV (http://localhost:3000/_next/static/chunks/node_modules_next_dist_compiled_react-dom_096_9a-._.js:10110:147)
    at recursivelyTraverseAndDoubleInvokeEffectsInDEV (http://localhost:3000/_next/static/chunks/node_modules_next_dist_compiled_react-dom_096_9a-._.js:10110:147)
    at recursivelyTraverseAndDoubleInvokeEffectsInDEV (http://localhost:3000/_next/static/chunks/node_modules_next_dist_compiled_react-dom_096_9a-._.js:10110:147)
    at recursivelyTraverseAndDoubleInvokeEffectsInDEV (http://localhost:3000/_next/static/chunks/node_modules_next_dist_compiled_react-dom_096_9a-._.js:10110:147)
    at recursivelyTraverseAndDoubleInvokeEffectsInDEV (http://localhost:3000/_next/static/chunks/node_modules_next_dist_compiled_react-dom_096_9a-._.js:10110:147)
    at recursivelyTraverseAndDoubleInvokeEffectsInDEV (http://localhost:3000/_next/static/chunks/node_modules_next_dist_compiled_react-dom_096_9a-._.js:10110:147)
    at recursivelyTraverseAndDoubleInvokeEffectsInDEV (http://localhost:3000/_next/static/chunks/node_modules_next_dist_compiled_react-dom_096_9a-._.js:10110:147)
    at recursivelyTraverseAndDoubleInvokeEffectsInDEV (http://localhost:3000/_next/static/chunks/node_modules_next_dist_compiled_react-dom_096_9a-._.js:10110:147)
    at recursivelyTraverseAndDoubleInvokeEffectsInDEV (http://localhost:3000/_next/static/chunks/node_modules_next_dist_compiled_react-dom_096_9a-._.js:10110:147)
    at recursivelyTraverseAndDoubleInvokeEffectsInDEV (http://localhost:3000/_next/static/chunks/node_modules_next_dist_compiled_react-dom_096_9a-._.js:10110:147)
    at recursivelyTraverseAndDoubleInvokeEffectsInDEV (http://localhost:3000/_next/static/chunks/node_modules_next_dist_compiled_react-dom_096_9a-._.js:10110:147)
    at recursivelyTraverseAndDoubleInvokeEffectsInDEV (http://localhost:3000/_next/static/chunks/node_modules_next_dist_compiled_react-dom_096_9a-._.js:10110:147)
    at recursivelyTraverseAndDoubleInvokeEffectsInDEV (http://localhost:3000/_next/static/chunks/node_modules_next_dist_compiled_react-dom_096_9a-._.js:10110:147)
    at recursivelyTraverseAndDoubleInvokeEffectsInDEV (http://localhost:3000/_next/static/chunks/node_modules_next_dist_compiled_react-dom_096_9a-._.js:10110:147)
    at recursivelyTraverseAndDoubleInvokeEffectsInDEV (http://localhost:3000/_next/static/chunks/node_modules_next_dist_compiled_react-dom_096_9a-._.js:10110:147)
    at recursivelyTraverseAndDoubleInvokeEffectsInDEV (http://localhost:3000/_next/static/chunks/node_modules_next_dist_compiled_react-dom_096_9a-._.js:10110:147)
    at recursivelyTraverseAndDoubleInvokeEffectsInDEV (http://localhost:3000/_next/static/chunks/node_modules_next_dist_compiled_react-dom_096_9a-._.js:10110:147)
    at recursivelyTraverseAndDoubleInvokeEffectsInDEV (http://localhost:3000/_next/static/chunks/node_modules_next_dist_compiled_react-dom_096_9a-._.js:10110:147)
    at recursivelyTraverseAndDoubleInvokeEffectsInDEV (http://localhost:3000/_next/static/chunks/node_modules_next_dist_compiled_react-dom_096_9a-._.js:10110:147)
    at recursivelyTraverseAndDoubleInvokeEffectsInDEV (http://localhost:3000/_next/static/chunks/node_modules_next_dist_compiled_react-dom_096_9a-._.js:10110:147)
    at recursivelyTraverseAndDoubleInvokeEffectsInDEV (http://localhost:3000/_next/static/chunks/node_modules_next_dist_compiled_react-dom_096_9a-._.js:10110:147)
    at recursivelyTraverseAndDoubleInvokeEffectsInDEV (http://localhost:3000/_next/static/chunks/node_modules_next_dist_compiled_react-dom_096_9a-._.js:10110:147)
    at recursivelyTraverseAndDoubleInvokeEffectsInDEV (http://localhost:3000/_next/static/chunks/node_modules_next_dist_compiled_react-dom_096_9a-._.js:10110:147)
    at recursivelyTraverseAndDoubleInvokeEffectsInDEV (http://localhost:3000/_next/static/chunks/node_modules_next_dist_compiled_react-dom_096_9a-._.js:10110:147)
    at recursivelyTraverseAndDoubleInvokeEffectsInDEV (http://localhost:3000/_next/static/chunks/node_modules_next_dist_compiled_react-dom_096_9a-._.js:10110:147)
    at recursivelyTraverseAndDoubleInvokeEffectsInDEV (http://localhost:3000/_next/static/chunks/node_modules_next_dist_compiled_react-dom_096_9a-._.js:10110:147)
    at recursivelyTraverseAndDoubleInvokeEffectsInDEV (http://localhost:3000/_next/static/chunks/node_modules_next_dist_compiled_react-dom_096_9a-._.js:10110:147)
    at recursivelyTraverseAndDoubleInvokeEffectsInDEV (http://localhost:3000/_next/static/chunks/node_modules_next_dist_compiled_react-dom_096_9a-._.js:10110:147)
    at recursivelyTraverseAndDoubleInvokeEffectsInDEV (http://localhost:3000/_next/static/chunks/node_modules_next_dist_compiled_react-dom_096_9a-._.js:10110:147)
    at recursivelyTraverseAndDoubleInvokeEffectsInDEV (http://localhost:3000/_next/static/chunks/node_modules_next_dist_compiled_react-dom_096_9a-._.js:10110:147)
    at recursivelyTraverseAndDoubleInvokeEffectsInDEV (http://localhost:3000/_next/static/chunks/node_modules_next_dist_compiled_react-dom_096_9a-._.js:10110:147)
    at recursivelyTraverseAndDoubleInvokeEffectsInDEV (http://localhost:3000/_next/static/chunks/node_modules_next_dist_compiled_react-dom_096_9a-._.js:10110:147)
    at recursivelyTraverseAndDoubleInvokeEffectsInDEV (http://localhost:3000/_next/static/chunks/node_modules_next_dist_compiled_react-dom_096_9a-._.js:10110:147)
    at recursivelyTraverseAndDoubleInvokeEffectsInDEV (http://localhost:3000/_next/static/chunks/node_modules_next_dist_compiled_react-dom_096_9a-._.js:10110:147)
    at recursivelyTraverseAndDoubleInvokeEffectsInDEV (http://localhost:3000/_next/static/chunks/node_modules_next_dist_compiled_react-dom_096_9a-._.js:10110:147) @ http://localhost:3000/_next/static/chunks/node_modules_next_dist_1ybzpk2._.js:3318
[    9838ms] [ERROR] Error: Cannot remove non-existing layer "navi-qr-icon".
    at ki.removeLayer (http://localhost:3000/_next/static/chunks/node_modules_maplibre-gl_dist_maplibre-gl_1w0u9x2.js:29738:55)
    at ds.removeLayer (http://localhost:3000/_next/static/chunks/node_modules_maplibre-gl_dist_maplibre-gl_1w0u9x2.js:35984:35)
    at EntityRenderer.destroy (http://localhost:3000/_next/static/chunks/packages_109lp4s._.js:15141:26)
    at EntityRendererBridge.useEffect (http://localhost:3000/_next/static/chunks/src_1x3tb97._.js:7224:30)
    at Object.react_stack_bottom_frame (http://localhost:3000/_next/static/chunks/node_modules_next_dist_compiled_react-dom_096_9a-._.js:15093:17)
    at runWithFiberInDEV (http://localhost:3000/_next/static/chunks/node_modules_next_dist_compiled_react-dom_096_9a-._.js:965:74)
    at commitHookEffectListUnmount (http://localhost:3000/_next/static/chunks/node_modules_next_dist_compiled_react-dom_096_9a-._.js:7280:166)
    at commitHookPassiveUnmountEffects (http://localhost:3000/_next/static/chunks/node_modules_next_dist_compiled_react-dom_096_9a-._.js:7293:60)
    at disconnectPassiveEffect (http://localhost:3000/_next/static/chunks/node_modules_next_dist_compiled_react-dom_096_9a-._.js:8934:17)
    at doubleInvokeEffectsOnFiber (http://localhost:3000/_next/static/chunks/node_modules_next_dist_compiled_react-dom_096_9a-._.js:10117:44)
    at runWithFiberInDEV (http://localhost:3000/_next/static/chunks/node_modules_next_dist_compiled_react-dom_096_9a-._.js:965:74)
    at recursivelyTraverseAndDoubleInvokeEffectsInDEV (http://localhost:3000/_next/static/chunks/node_modules_next_dist_compiled_react-dom_096_9a-._.js:10110:79)
    at recursivelyTraverseAndDoubleInvokeEffectsInDEV (http://localhost:3000/_next/static/chunks/node_modules_next_dist_compiled_react-dom_096_9a-._.js:10110:147)
    at recursivelyTraverseAndDoubleInvokeEffectsInDEV (http://localhost:3000/_next/static/chunks/node_modules_next_dist_compiled_react-dom_096_9a-._.js:10110:147)
    at recursivelyTraverseAndDoubleInvokeEffectsInDEV (http://localhost:3000/_next/static/chunks/node_modules_next_dist_compiled_react-dom_096_9a-._.js:10110:147)
    at recursivelyTraverseAndDoubleInvokeEffectsInDEV (http://localhost:3000/_next/static/chunks/node_modules_next_dist_compiled_react-dom_096_9a-._.js:10110:147)
    at recursivelyTraverseAndDoubleInvokeEffectsInDEV (http://localhost:3000/_next/static/chunks/node_modules_next_dist_compiled_react-dom_096_9a-._.js:10110:147)
    at recursivelyTraverseAndDoubleInvokeEffectsInDEV (http://localhost:3000/_next/static/chunks/node_modules_next_dist_compiled_react-dom_096_9a-._.js:10110:147)
    at recursivelyTraverseAndDoubleInvokeEffectsInDEV (http://localhost:3000/_next/static/chunks/node_modules_next_dist_compiled_react-dom_096_9a-._.js:10110:147)
    at recursivelyTraverseAndDoubleInvokeEffectsInDEV (http://localhost:3000/_next/static/chunks/node_modules_next_dist_compiled_react-dom_096_9a-._.js:10110:147)
    at recursivelyTraverseAndDoubleInvokeEffectsInDEV (http://localhost:3000/_next/static/chunks/node_modules_next_dist_compiled_react-dom_096_9a-._.js:10110:147)
    at recursivelyTraverseAndDoubleInvokeEffectsInDEV (http://localhost:3000/_next/static/chunks/node_modules_next_dist_compiled_react-dom_096_9a-._.js:10110:147)
    at recursivelyTraverseAndDoubleInvokeEffectsInDEV (http://localhost:3000/_next/static/chunks/node_modules_next_dist_compiled_react-dom_096_9a-._.js:10110:147)
    at recursivelyTraverseAndDoubleInvokeEffectsInDEV (http://localhost:3000/_next/static/chunks/node_modules_next_dist_compiled_react-dom_096_9a-._.js:10110:147)
    at recursivelyTraverseAndDoubleInvokeEffectsInDEV (http://localhost:3000/_next/static/chunks/node_modules_next_dist_compiled_react-dom_096_9a-._.js:10110:147)
    at recursivelyTraverseAndDoubleInvokeEffectsInDEV (http://localhost:3000/_next/static/chunks/node_modules_next_dist_compiled_react-dom_096_9a-._.js:10110:147)
    at recursivelyTraverseAndDoubleInvokeEffectsInDEV (http://localhost:3000/_next/static/chunks/node_modules_next_dist_compiled_react-dom_096_9a-._.js:10110:147)
    at recursivelyTraverseAndDoubleInvokeEffectsInDEV (http://localhost:3000/_next/static/chunks/node_modules_next_dist_compiled_react-dom_096_9a-._.js:10110:147)
    at recursivelyTraverseAndDoubleInvokeEffectsInDEV (http://localhost:3000/_next/static/chunks/node_modules_next_dist_compiled_react-dom_096_9a-._.js:10110:147)
    at recursivelyTraverseAndDoubleInvokeEffectsInDEV (http://localhost:3000/_next/static/chunks/node_modules_next_dist_compiled_react-dom_096_9a-._.js:10110:147)
    at recursivelyTraverseAndDoubleInvokeEffectsInDEV (http://localhost:3000/_next/static/chunks/node_modules_next_dist_compiled_react-dom_096_9a-._.js:10110:147)
    at recursivelyTraverseAndDoubleInvokeEffectsInDEV (http://localhost:3000/_next/static/chunks/node_modules_next_dist_compiled_react-dom_096_9a-._.js:10110:147)
    at recursivelyTraverseAndDoubleInvokeEffectsInDEV (http://localhost:3000/_next/static/chunks/node_modules_next_dist_compiled_react-dom_096_9a-._.js:10110:147)
    at recursivelyTraverseAndDoubleInvokeEffectsInDEV (http://localhost:3000/_next/static/chunks/node_modules_next_dist_compiled_react-dom_096_9a-._.js:10110:147)
    at recursivelyTraverseAndDoubleInvokeEffectsInDEV (http://localhost:3000/_next/static/chunks/node_modules_next_dist_compiled_react-dom_096_9a-._.js:10110:147)
    at recursivelyTraverseAndDoubleInvokeEffectsInDEV (http://localhost:3000/_next/static/chunks/node_modules_next_dist_compiled_react-dom_096_9a-._.js:10110:147)
    at recursivelyTraverseAndDoubleInvokeEffectsInDEV (http://localhost:3000/_next/static/chunks/node_modules_next_dist_compiled_react-dom_096_9a-._.js:10110:147)
    at recursivelyTraverseAndDoubleInvokeEffectsInDEV (http://localhost:3000/_next/static/chunks/node_modules_next_dist_compiled_react-dom_096_9a-._.js:10110:147)
    at recursivelyTraverseAndDoubleInvokeEffectsInDEV (http://localhost:3000/_next/static/chunks/node_modules_next_dist_compiled_react-dom_096_9a-._.js:10110:147)
    at recursivelyTraverseAndDoubleInvokeEffectsInDEV (http://localhost:3000/_next/static/chunks/node_modules_next_dist_compiled_react-dom_096_9a-._.js:10110:147)
    at recursivelyTraverseAndDoubleInvokeEffectsInDEV (http://localhost:3000/_next/static/chunks/node_modules_next_dist_compiled_react-dom_096_9a-._.js:10110:147)
    at recursivelyTraverseAndDoubleInvokeEffectsInDEV (http://localhost:3000/_next/static/chunks/node_modules_next_dist_compiled_react-dom_096_9a-._.js:10110:147)
    at recursivelyTraverseAndDoubleInvokeEffectsInDEV (http://localhost:3000/_next/static/chunks/node_modules_next_dist_compiled_react-dom_096_9a-._.js:10110:147)
    at recursivelyTraverseAndDoubleInvokeEffectsInDEV (http://localhost:3000/_next/static/chunks/node_modules_next_dist_compiled_react-dom_096_9a-._.js:10110:147)
    at recursivelyTraverseAndDoubleInvokeEffectsInDEV (http://localhost:3000/_next/static/chunks/node_modules_next_dist_compiled_react-dom_096_9a-._.js:10110:147)
    at recursivelyTraverseAndDoubleInvokeEffectsInDEV (http://localhost:3000/_next/static/chunks/node_modules_next_dist_compiled_react-dom_096_9a-._.js:10110:147)
    at recursivelyTraverseAndDoubleInvokeEffectsInDEV (http://localhost:3000/_next/static/chunks/node_modules_next_dist_compiled_react-dom_096_9a-._.js:10110:147)
    at recursivelyTraverseAndDoubleInvokeEffectsInDEV (http://localhost:3000/_next/static/chunks/node_modules_next_dist_compiled_react-dom_096_9a-._.js:10110:147)
    at recursivelyTraverseAndDoubleInvokeEffectsInDEV (http://localhost:3000/_next/static/chunks/node_modules_next_dist_compiled_react-dom_096_9a-._.js:10110:147)
    at recursivelyTraverseAndDoubleInvokeEffectsInDEV (http://localhost:3000/_next/static/chunks/node_modules_next_dist_compiled_react-dom_096_9a-._.js:10110:147) @ http://localhost:3000/_next/static/chunks/node_modules_next_dist_1ybzpk2._.js:3318
[    9838ms] [ERROR] Error: Cannot remove non-existing layer "navi-selection-overlay".
    at ki.removeLayer (http://localhost:3000/_next/static/chunks/node_modules_maplibre-gl_dist_maplibre-gl_1w0u9x2.js:29738:55)
    at ds.removeLayer (http://localhost:3000/_next/static/chunks/node_modules_maplibre-gl_dist_maplibre-gl_1w0u9x2.js:35984:35)
    at EntityRenderer.destroy (http://localhost:3000/_next/static/chunks/packages_109lp4s._.js:15141:26)
    at EntityRendererBridge.useEffect (http://localhost:3000/_next/static/chunks/src_1x3tb97._.js:7224:30)
    at Object.react_stack_bottom_frame (http://localhost:3000/_next/static/chunks/node_modules_next_dist_compiled_react-dom_096_9a-._.js:15093:17)
    at runWithFiberInDEV (http://localhost:3000/_next/static/chunks/node_modules_next_dist_compiled_react-dom_096_9a-._.js:965:74)
    at commitHookEffectListUnmount (http://localhost:3000/_next/static/chunks/node_modules_next_dist_compiled_react-dom_096_9a-._.js:7280:166)
    at commitHookPassiveUnmountEffects (http://localhost:3000/_next/static/chunks/node_modules_next_dist_compiled_react-dom_096_9a-._.js:7293:60)
    at disconnectPassiveEffect (http://localhost:3000/_next/static/chunks/node_modules_next_dist_compiled_react-dom_096_9a-._.js:8934:17)
    at doubleInvokeEffectsOnFiber (http://localhost:3000/_next/static/chunks/node_modules_next_dist_compiled_react-dom_096_9a-._.js:10117:44)
    at runWithFiberInDEV (http://localhost:3000/_next/static/chunks/node_modules_next_dist_compiled_react-dom_096_9a-._.js:965:74)
    at recursivelyTraverseAndDoubleInvokeEffectsInDEV (http://localhost:3000/_next/static/chunks/node_modules_next_dist_compiled_react-dom_096_9a-._.js:10110:79)
    at recursivelyTraverseAndDoubleInvokeEffectsInDEV (http://localhost:3000/_next/static/chunks/node_modules_next_dist_compiled_react-dom_096_9a-._.js:10110:147)
    at recursivelyTraverseAndDoubleInvokeEffectsInDEV (http://localhost:3000/_next/static/chunks/node_modules_next_dist_compiled_react-dom_096_9a-._.js:10110:147)
    at recursivelyTraverseAndDoubleInvokeEffectsInDEV (http://localhost:3000/_next/static/chunks/node_modules_next_dist_compiled_react-dom_096_9a-._.js:10110:147)
    at recursivelyTraverseAndDoubleInvokeEffectsInDEV (http://localhost:3000/_next/static/chunks/node_modules_next_dist_compiled_react-dom_096_9a-._.js:10110:147)
    at recursivelyTraverseAndDoubleInvokeEffectsInDEV (http://localhost:3000/_next/static/chunks/node_modules_next_dist_compiled_react-dom_096_9a-._.js:10110:147)
    at recursivelyTraverseAndDoubleInvokeEffectsInDEV (http://localhost:3000/_next/static/chunks/node_modules_next_dist_compiled_react-dom_096_9a-._.js:10110:147)
    at recursivelyTraverseAndDoubleInvokeEffectsInDEV (http://localhost:3000/_next/static/chunks/node_modules_next_dist_compiled_react-dom_096_9a-._.js:10110:147)
    at recursivelyTraverseAndDoubleInvokeEffectsInDEV (http://localhost:3000/_next/static/chunks/node_modules_next_dist_compiled_react-dom_096_9a-._.js:10110:147)
    at recursivelyTraverseAndDoubleInvokeEffectsInDEV (http://localhost:3000/_next/static/chunks/node_modules_next_dist_compiled_react-dom_096_9a-._.js:10110:147)
    at recursivelyTraverseAndDoubleInvokeEffectsInDEV (http://localhost:3000/_next/static/chunks/node_modules_next_dist_compiled_react-dom_096_9a-._.js:10110:147)
    at recursivelyTraverseAndDoubleInvokeEffectsInDEV (http://localhost:3000/_next/static/chunks/node_modules_next_dist_compiled_react-dom_096_9a-._.js:10110:147)
    at recursivelyTraverseAndDoubleInvokeEffectsInDEV (http://localhost:3000/_next/static/chunks/node_modules_next_dist_compiled_react-dom_096_9a-._.js:10110:147)
    at recursivelyTraverseAndDoubleInvokeEffectsInDEV (http://localhost:3000/_next/static/chunks/node_modules_next_dist_compiled_react-dom_096_9a-._.js:10110:147)
    at recursivelyTraverseAndDoubleInvokeEffectsInDEV (http://localhost:3000/_next/static/chunks/node_modules_next_dist_compiled_react-dom_096_9a-._.js:10110:147)
    at recursivelyTraverseAndDoubleInvokeEffectsInDEV (http://localhost:3000/_next/static/chunks/node_modules_next_dist_compiled_react-dom_096_9a-._.js:10110:147)
    at recursivelyTraverseAndDoubleInvokeEffectsInDEV (http://localhost:3000/_next/static/chunks/node_modules_next_dist_compiled_react-dom_096_9a-._.js:10110:147)
    at recursivelyTraverseAndDoubleInvokeEffectsInDEV (http://localhost:3000/_next/static/chunks/node_modules_next_dist_compiled_react-dom_096_9a-._.js:10110:147)
    at recursivelyTraverseAndDoubleInvokeEffectsInDEV (http://localhost:3000/_next/static/chunks/node_modules_next_dist_compiled_react-dom_096_9a-._.js:10110:147)
    at recursivelyTraverseAndDoubleInvokeEffectsInDEV (http://localhost:3000/_next/static/chunks/node_modules_next_dist_compiled_react-dom_096_9a-._.js:10110:147)
    at recursivelyTraverseAndDoubleInvokeEffectsInDEV (http://localhost:3000/_next/static/chunks/node_modules_next_dist_compiled_react-dom_096_9a-._.js:10110:147)
    at recursivelyTraverseAndDoubleInvokeEffectsInDEV (http://localhost:3000/_next/static/chunks/node_modules_next_dist_compiled_react-dom_096_9a-._.js:10110:147)
    at recursivelyTraverseAndDoubleInvokeEffectsInDEV (http://localhost:3000/_next/static/chunks/node_modules_next_dist_compiled_react-dom_096_9a-._.js:10110:147)
    at recursivelyTraverseAndDoubleInvokeEffectsInDEV (http://localhost:3000/_next/static/chunks/node_modules_next_dist_compiled_react-dom_096_9a-._.js:10110:147)
    at recursivelyTraverseAndDoubleInvokeEffectsInDEV (http://localhost:3000/_next/static/chunks/node_modules_next_dist_compiled_react-dom_096_9a-._.js:10110:147)
    at recursivelyTraverseAndDoubleInvokeEffectsInDEV (http://localhost:3000/_next/static/chunks/node_modules_next_dist_compiled_react-dom_096_9a-._.js:10110:147)
    at recursivelyTraverseAndDoubleInvokeEffectsInDEV (http://localhost:3000/_next/static/chunks/node_modules_next_dist_compiled_react-dom_096_9a-._.js:10110:147)
    at recursivelyTraverseAndDoubleInvokeEffectsInDEV (http://localhost:3000/_next/static/chunks/node_modules_next_dist_compiled_react-dom_096_9a-._.js:10110:147)
    at recursivelyTraverseAndDoubleInvokeEffectsInDEV (http://localhost:3000/_next/static/chunks/node_modules_next_dist_compiled_react-dom_096_9a-._.js:10110:147)
    at recursivelyTraverseAndDoubleInvokeEffectsInDEV (http://localhost:3000/_next/static/chunks/node_modules_next_dist_compiled_react-dom_096_9a-._.js:10110:147)
    at recursivelyTraverseAndDoubleInvokeEffectsInDEV (http://localhost:3000/_next/static/chunks/node_modules_next_dist_compiled_react-dom_096_9a-._.js:10110:147)
    at recursivelyTraverseAndDoubleInvokeEffectsInDEV (http://localhost:3000/_next/static/chunks/node_modules_next_dist_compiled_react-dom_096_9a-._.js:10110:147)
    at recursivelyTraverseAndDoubleInvokeEffectsInDEV (http://localhost:3000/_next/static/chunks/node_modules_next_dist_compiled_react-dom_096_9a-._.js:10110:147)
    at recursivelyTraverseAndDoubleInvokeEffectsInDEV (http://localhost:3000/_next/static/chunks/node_modules_next_dist_compiled_react-dom_096_9a-._.js:10110:147)
    at recursivelyTraverseAndDoubleInvokeEffectsInDEV (http://localhost:3000/_next/static/chunks/node_modules_next_dist_compiled_react-dom_096_9a-._.js:10110:147)
    at recursivelyTraverseAndDoubleInvokeEffectsInDEV (http://localhost:3000/_next/static/chunks/node_modules_next_dist_compiled_react-dom_096_9a-._.js:10110:147)
    at recursivelyTraverseAndDoubleInvokeEffectsInDEV (http://localhost:3000/_next/static/chunks/node_modules_next_dist_compiled_react-dom_096_9a-._.js:10110:147)
    at recursivelyTraverseAndDoubleInvokeEffectsInDEV (http://localhost:3000/_next/static/chunks/node_modules_next_dist_compiled_react-dom_096_9a-._.js:10110:147)
    at recursivelyTraverseAndDoubleInvokeEffectsInDEV (http://localhost:3000/_next/static/chunks/node_modules_next_dist_compiled_react-dom_096_9a-._.js:10110:147) @ http://localhost:3000/_next/static/chunks/node_modules_next_dist_1ybzpk2._.js:3318
[    9839ms] [ERROR] Error: Cannot remove non-existing layer "navi-hover-highlight".
    at ki.removeLayer (http://localhost:3000/_next/static/chunks/node_modules_maplibre-gl_dist_maplibre-gl_1w0u9x2.js:29738:55)
    at ds.removeLayer (http://localhost:3000/_next/static/chunks/node_modules_maplibre-gl_dist_maplibre-gl_1w0u9x2.js:35984:35)
    at EntityRenderer.destroy (http://localhost:3000/_next/static/chunks/packages_109lp4s._.js:15141:26)
    at EntityRendererBridge.useEffect (http://localhost:3000/_next/static/chunks/src_1x3tb97._.js:7224:30)
    at Object.react_stack_bottom_frame (http://localhost:3000/_next/static/chunks/node_modules_next_dist_compiled_react-dom_096_9a-._.js:15093:17)
    at runWithFiberInDEV (http://localhost:3000/_next/static/chunks/node_modules_next_dist_compiled_react-dom_096_9a-._.js:965:74)
    at commitHookEffectListUnmount (http://localhost:3000/_next/static/chunks/node_modules_next_dist_compiled_react-dom_096_9a-._.js:7280:166)
    at commitHookPassiveUnmountEffects (http://localhost:3000/_next/static/chunks/node_modules_next_dist_compiled_react-dom_096_9a-._.js:7293:60)
    at disconnectPassiveEffect (http://localhost:3000/_next/static/chunks/node_modules_next_dist_compiled_react-dom_096_9a-._.js:8934:17)
    at doubleInvokeEffectsOnFiber (http://localhost:3000/_next/static/chunks/node_modules_next_dist_compiled_react-dom_096_9a-._.js:10117:44)
    at runWithFiberInDEV (http://localhost:3000/_next/static/chunks/node_modules_next_dist_compiled_react-dom_096_9a-._.js:965:74)
    at recursivelyTraverseAndDoubleInvokeEffectsInDEV (http://localhost:3000/_next/static/chunks/node_modules_next_dist_compiled_react-dom_096_9a-._.js:10110:79)
    at recursivelyTraverseAndDoubleInvokeEffectsInDEV (http://localhost:3000/_next/static/chunks/node_modules_next_dist_compiled_react-dom_096_9a-._.js:10110:147)
    at recursivelyTraverseAndDoubleInvokeEffectsInDEV (http://localhost:3000/_next/static/chunks/node_modules_next_dist_compiled_react-dom_096_9a-._.js:10110:147)
    at recursivelyTraverseAndDoubleInvokeEffectsInDEV (http://localhost:3000/_next/static/chunks/node_modules_next_dist_compiled_react-dom_096_9a-._.js:10110:147)
    at recursivelyTraverseAndDoubleInvokeEffectsInDEV (http://localhost:3000/_next/static/chunks/node_modules_next_dist_compiled_react-dom_096_9a-._.js:10110:147)
    at recursivelyTraverseAndDoubleInvokeEffectsInDEV (http://localhost:3000/_next/static/chunks/node_modules_next_dist_compiled_react-dom_096_9a-._.js:10110:147)
    at recursivelyTraverseAndDoubleInvokeEffectsInDEV (http://localhost:3000/_next/static/chunks/node_modules_next_dist_compiled_react-dom_096_9a-._.js:10110:147)
    at recursivelyTraverseAndDoubleInvokeEffectsInDEV (http://localhost:3000/_next/static/chunks/node_modules_next_dist_compiled_react-dom_096_9a-._.js:10110:147)
    at recursivelyTraverseAndDoubleInvokeEffectsInDEV (http://localhost:3000/_next/static/chunks/node_modules_next_dist_compiled_react-dom_096_9a-._.js:10110:147)
    at recursivelyTraverseAndDoubleInvokeEffectsInDEV (http://localhost:3000/_next/static/chunks/node_modules_next_dist_compiled_react-dom_096_9a-._.js:10110:147)
    at recursivelyTraverseAndDoubleInvokeEffectsInDEV (http://localhost:3000/_next/static/chunks/node_modules_next_dist_compiled_react-dom_096_9a-._.js:10110:147)
    at recursivelyTraverseAndDoubleInvokeEffectsInDEV (http://localhost:3000/_next/static/chunks/node_modules_next_dist_compiled_react-dom_096_9a-._.js:10110:147)
    at recursivelyTraverseAndDoubleInvokeEffectsInDEV (http://localhost:3000/_next/static/chunks/node_modules_next_dist_compiled_react-dom_096_9a-._.js:10110:147)
    at recursivelyTraverseAndDoubleInvokeEffectsInDEV (http://localhost:3000/_next/static/chunks/node_modules_next_dist_compiled_react-dom_096_9a-._.js:10110:147)
    at recursivelyTraverseAndDoubleInvokeEffectsInDEV (http://localhost:3000/_next/static/chunks/node_modules_next_dist_compiled_react-dom_096_9a-._.js:10110:147)
    at recursivelyTraverseAndDoubleInvokeEffectsInDEV (http://localhost:3000/_next/static/chunks/node_modules_next_dist_compiled_react-dom_096_9a-._.js:10110:147)
    at recursivelyTraverseAndDoubleInvokeEffectsInDEV (http://localhost:3000/_next/static/chunks/node_modules_next_dist_compiled_react-dom_096_9a-._.js:10110:147)
    at recursivelyTraverseAndDoubleInvokeEffectsInDEV (http://localhost:3000/_next/static/chunks/node_modules_next_dist_compiled_react-dom_096_9a-._.js:10110:147)
    at recursivelyTraverseAndDoubleInvokeEffectsInDEV (http://localhost:3000/_next/static/chunks/node_modules_next_dist_compiled_react-dom_096_9a-._.js:10110:147)
    at recursivelyTraverseAndDoubleInvokeEffectsInDEV (http://localhost:3000/_next/static/chunks/node_modules_next_dist_compiled_react-dom_096_9a-._.js:10110:147)
    at recursivelyTraverseAndDoubleInvokeEffectsInDEV (http://localhost:3000/_next/static/chunks/node_modules_next_dist_compiled_react-dom_096_9a-._.js:10110:147)
    at recursivelyTraverseAndDoubleInvokeEffectsInDEV (http://localhost:3000/_next/static/chunks/node_modules_next_dist_compiled_react-dom_096_9a-._.js:10110:147)
    at recursivelyTraverseAndDoubleInvokeEffectsInDEV (http://localhost:3000/_next/static/chunks/node_modules_next_dist_compiled_react-dom_096_9a-._.js:10110:147)
    at recursivelyTraverseAndDoubleInvokeEffectsInDEV (http://localhost:3000/_next/static/chunks/node_modules_next_dist_compiled_react-dom_096_9a-._.js:10110:147)
    at recursivelyTraverseAndDoubleInvokeEffectsInDEV (http://localhost:3000/_next/static/chunks/node_modules_next_dist_compiled_react-dom_096_9a-._.js:10110:147)
    at recursivelyTraverseAndDoubleInvokeEffectsInDEV (http://localhost:3000/_next/static/chunks/node_modules_next_dist_compiled_react-dom_096_9a-._.js:10110:147)
    at recursivelyTraverseAndDoubleInvokeEffectsInDEV (http://localhost:3000/_next/static/chunks/node_modules_next_dist_compiled_react-dom_096_9a-._.js:10110:147)
    at recursivelyTraverseAndDoubleInvokeEffectsInDEV (http://localhost:3000/_next/static/chunks/node_modules_next_dist_compiled_react-dom_096_9a-._.js:10110:147)
    at recursivelyTraverseAndDoubleInvokeEffectsInDEV (http://localhost:3000/_next/static/chunks/node_modules_next_dist_compiled_react-dom_096_9a-._.js:10110:147)
    at recursivelyTraverseAndDoubleInvokeEffectsInDEV (http://localhost:3000/_next/static/chunks/node_modules_next_dist_compiled_react-dom_096_9a-._.js:10110:147)
    at recursivelyTraverseAndDoubleInvokeEffectsInDEV (http://localhost:3000/_next/static/chunks/node_modules_next_dist_compiled_react-dom_096_9a-._.js:10110:147)
    at recursivelyTraverseAndDoubleInvokeEffectsInDEV (http://localhost:3000/_next/static/chunks/node_modules_next_dist_compiled_react-dom_096_9a-._.js:10110:147)
    at recursivelyTraverseAndDoubleInvokeEffectsInDEV (http://localhost:3000/_next/static/chunks/node_modules_next_dist_compiled_react-dom_096_9a-._.js:10110:147)
    at recursivelyTraverseAndDoubleInvokeEffectsInDEV (http://localhost:3000/_next/static/chunks/node_modules_next_dist_compiled_react-dom_096_9a-._.js:10110:147)
    at recursivelyTraverseAndDoubleInvokeEffectsInDEV (http://localhost:3000/_next/static/chunks/node_modules_next_dist_compiled_react-dom_096_9a-._.js:10110:147)
    at recursivelyTraverseAndDoubleInvokeEffectsInDEV (http://localhost:3000/_next/static/chunks/node_modules_next_dist_compiled_react-dom_096_9a-._.js:10110:147)
    at recursivelyTraverseAndDoubleInvokeEffectsInDEV (http://localhost:3000/_next/static/chunks/node_modules_next_dist_compiled_react-dom_096_9a-._.js:10110:147)
    at recursivelyTraverseAndDoubleInvokeEffectsInDEV (http://localhost:3000/_next/static/chunks/node_modules_next_dist_compiled_react-dom_096_9a-._.js:10110:147)
    at recursivelyTraverseAndDoubleInvokeEffectsInDEV (http://localhost:3000/_next/static/chunks/node_modules_next_dist_compiled_react-dom_096_9a-._.js:10110:147) @ http://localhost:3000/_next/static/chunks/node_modules_next_dist_1ybzpk2._.js:3318
[    9839ms] [ERROR] Error: Cannot remove non-existing layer "navi-preview-layer".
    at ki.removeLayer (http://localhost:3000/_next/static/chunks/node_modules_maplibre-gl_dist_maplibre-gl_1w0u9x2.js:29738:55)
    at ds.removeLayer (http://localhost:3000/_next/static/chunks/node_modules_maplibre-gl_dist_maplibre-gl_1w0u9x2.js:35984:35)
    at EntityRenderer.destroy (http://localhost:3000/_next/static/chunks/packages_109lp4s._.js:15141:26)
    at EntityRendererBridge.useEffect (http://localhost:3000/_next/static/chunks/src_1x3tb97._.js:7224:30)
    at Object.react_stack_bottom_frame (http://localhost:3000/_next/static/chunks/node_modules_next_dist_compiled_react-dom_096_9a-._.js:15093:17)
    at runWithFiberInDEV (http://localhost:3000/_next/static/chunks/node_modules_next_dist_compiled_react-dom_096_9a-._.js:965:74)
    at commitHookEffectListUnmount (http://localhost:3000/_next/static/chunks/node_modules_next_dist_compiled_react-dom_096_9a-._.js:7280:166)
    at commitHookPassiveUnmountEffects (http://localhost:3000/_next/static/chunks/node_modules_next_dist_compiled_react-dom_096_9a-._.js:7293:60)
    at disconnectPassiveEffect (http://localhost:3000/_next/static/chunks/node_modules_next_dist_compiled_react-dom_096_9a-._.js:8934:17)
    at doubleInvokeEffectsOnFiber (http://localhost:3000/_next/static/chunks/node_modules_next_dist_compiled_react-dom_096_9a-._.js:10117:44)
    at runWithFiberInDEV (http://localhost:3000/_next/static/chunks/node_modules_next_dist_compiled_react-dom_096_9a-._.js:965:74)
    at recursivelyTraverseAndDoubleInvokeEffectsInDEV (http://localhost:3000/_next/static/chunks/node_modules_next_dist_compiled_react-dom_096_9a-._.js:10110:79)
    at recursivelyTraverseAndDoubleInvokeEffectsInDEV (http://localhost:3000/_next/static/chunks/node_modules_next_dist_compiled_react-dom_096_9a-._.js:10110:147)
    at recursivelyTraverseAndDoubleInvokeEffectsInDEV (http://localhost:3000/_next/static/chunks/node_modules_next_dist_compiled_react-dom_096_9a-._.js:10110:147)
    at recursivelyTraverseAndDoubleInvokeEffectsInDEV (http://localhost:3000/_next/static/chunks/node_modules_next_dist_compiled_react-dom_096_9a-._.js:10110:147)
    at recursivelyTraverseAndDoubleInvokeEffectsInDEV (http://localhost:3000/_next/static/chunks/node_modules_next_dist_compiled_react-dom_096_9a-._.js:10110:147)
    at recursivelyTraverseAndDoubleInvokeEffectsInDEV (http://localhost:3000/_next/static/chunks/node_modules_next_dist_compiled_react-dom_096_9a-._.js:10110:147)
    at recursivelyTraverseAndDoubleInvokeEffectsInDEV (http://localhost:3000/_next/static/chunks/node_modules_next_dist_compiled_react-dom_096_9a-._.js:10110:147)
    at recursivelyTraverseAndDoubleInvokeEffectsInDEV (http://localhost:3000/_next/static/chunks/node_modules_next_dist_compiled_react-dom_096_9a-._.js:10110:147)
    at recursivelyTraverseAndDoubleInvokeEffectsInDEV (http://localhost:3000/_next/static/chunks/node_modules_next_dist_compiled_react-dom_096_9a-._.js:10110:147)
    at recursivelyTraverseAndDoubleInvokeEffectsInDEV (http://localhost:3000/_next/static/chunks/node_modules_next_dist_compiled_react-dom_096_9a-._.js:10110:147)
    at recursivelyTraverseAndDoubleInvokeEffectsInDEV (http://localhost:3000/_next/static/chunks/node_modules_next_dist_compiled_react-dom_096_9a-._.js:10110:147)
    at recursivelyTraverseAndDoubleInvokeEffectsInDEV (http://localhost:3000/_next/static/chunks/node_modules_next_dist_compiled_react-dom_096_9a-._.js:10110:147)
    at recursivelyTraverseAndDoubleInvokeEffectsInDEV (http://localhost:3000/_next/static/chunks/node_modules_next_dist_compiled_react-dom_096_9a-._.js:10110:147)
    at recursivelyTraverseAndDoubleInvokeEffectsInDEV (http://localhost:3000/_next/static/chunks/node_modules_next_dist_compiled_react-dom_096_9a-._.js:10110:147)
    at recursivelyTraverseAndDoubleInvokeEffectsInDEV (http://localhost:3000/_next/static/chunks/node_modules_next_dist_compiled_react-dom_096_9a-._.js:10110:147)
    at recursivelyTraverseAndDoubleInvokeEffectsInDEV (http://localhost:3000/_next/static/chunks/node_modules_next_dist_compiled_react-dom_096_9a-._.js:10110:147)
    at recursivelyTraverseAndDoubleInvokeEffectsInDEV (http://localhost:3000/_next/static/chunks/node_modules_next_dist_compiled_react-dom_096_9a-._.js:10110:147)
    at recursivelyTraverseAndDoubleInvokeEffectsInDEV (http://localhost:3000/_next/static/chunks/node_modules_next_dist_compiled_react-dom_096_9a-._.js:10110:147)
    at recursivelyTraverseAndDoubleInvokeEffectsInDEV (http://localhost:3000/_next/static/chunks/node_modules_next_dist_compiled_react-dom_096_9a-._.js:10110:147)
    at recursivelyTraverseAndDoubleInvokeEffectsInDEV (http://localhost:3000/_next/static/chunks/node_modules_next_dist_compiled_react-dom_096_9a-._.js:10110:147)
    at recursivelyTraverseAndDoubleInvokeEffectsInDEV (http://localhost:3000/_next/static/chunks/node_modules_next_dist_compiled_react-dom_096_9a-._.js:10110:147)
    at recursivelyTraverseAndDoubleInvokeEffectsInDEV (http://localhost:3000/_next/static/chunks/node_modules_next_dist_compiled_react-dom_096_9a-._.js:10110:147)
    at recursivelyTraverseAndDoubleInvokeEffectsInDEV (http://localhost:3000/_next/static/chunks/node_modules_next_dist_compiled_react-dom_096_9a-._.js:10110:147)
    at recursivelyTraverseAndDoubleInvokeEffectsInDEV (http://localhost:3000/_next/static/chunks/node_modules_next_dist_compiled_react-dom_096_9a-._.js:10110:147)
    at recursivelyTraverseAndDoubleInvokeEffectsInDEV (http://localhost:3000/_next/static/chunks/node_modules_next_dist_compiled_react-dom_096_9a-._.js:10110:147)
    at recursivelyTraverseAndDoubleInvokeEffectsInDEV (http://localhost:3000/_next/static/chunks/node_modules_next_dist_compiled_react-dom_096_9a-._.js:10110:147)
    at recursivelyTraverseAndDoubleInvokeEffectsInDEV (http://localhost:3000/_next/static/chunks/node_modules_next_dist_compiled_react-dom_096_9a-._.js:10110:147)
    at recursivelyTraverseAndDoubleInvokeEffectsInDEV (http://localhost:3000/_next/static/chunks/node_modules_next_dist_compiled_react-dom_096_9a-._.js:10110:147)
    at recursivelyTraverseAndDoubleInvokeEffectsInDEV (http://localhost:3000/_next/static/chunks/node_modules_next_dist_compiled_react-dom_096_9a-._.js:10110:147)
    at recursivelyTraverseAndDoubleInvokeEffectsInDEV (http://localhost:3000/_next/static/chunks/node_modules_next_dist_compiled_react-dom_096_9a-._.js:10110:147)
    at recursivelyTraverseAndDoubleInvokeEffectsInDEV (http://localhost:3000/_next/static/chunks/node_modules_next_dist_compiled_react-dom_096_9a-._.js:10110:147)
    at recursivelyTraverseAndDoubleInvokeEffectsInDEV (http://localhost:3000/_next/static/chunks/node_modules_next_dist_compiled_react-dom_096_9a-._.js:10110:147)
    at recursivelyTraverseAndDoubleInvokeEffectsInDEV (http://localhost:3000/_next/static/chunks/node_modules_next_dist_compiled_react-dom_096_9a-._.js:10110:147)
    at recursivelyTraverseAndDoubleInvokeEffectsInDEV (http://localhost:3000/_next/static/chunks/node_modules_next_dist_compiled_react-dom_096_9a-._.js:10110:147)
    at recursivelyTraverseAndDoubleInvokeEffectsInDEV (http://localhost:3000/_next/static/chunks/node_modules_next_dist_compiled_react-dom_096_9a-._.js:10110:147)
    at recursivelyTraverseAndDoubleInvokeEffectsInDEV (http://localhost:3000/_next/static/chunks/node_modules_next_dist_compiled_react-dom_096_9a-._.js:10110:147)
    at recursivelyTraverseAndDoubleInvokeEffectsInDEV (http://localhost:3000/_next/static/chunks/node_modules_next_dist_compiled_react-dom_096_9a-._.js:10110:147)
    at recursivelyTraverseAndDoubleInvokeEffectsInDEV (http://localhost:3000/_next/static/chunks/node_modules_next_dist_compiled_react-dom_096_9a-._.js:10110:147)
    at recursivelyTraverseAndDoubleInvokeEffectsInDEV (http://localhost:3000/_next/static/chunks/node_modules_next_dist_compiled_react-dom_096_9a-._.js:10110:147) @ http://localhost:3000/_next/static/chunks/node_modules_next_dist_1ybzpk2._.js:3318
[    9840ms] [ERROR] Error: Cannot remove non-existing layer "navi-validation-overlay".
    at ki.removeLayer (http://localhost:3000/_next/static/chunks/node_modules_maplibre-gl_dist_maplibre-gl_1w0u9x2.js:29738:55)
    at ds.removeLayer (http://localhost:3000/_next/static/chunks/node_modules_maplibre-gl_dist_maplibre-gl_1w0u9x2.js:35984:35)
    at EntityRenderer.destroy (http://localhost:3000/_next/static/chunks/packages_109lp4s._.js:15141:26)
    at EntityRendererBridge.useEffect (http://localhost:3000/_next/static/chunks/src_1x3tb97._.js:7224:30)
    at Object.react_stack_bottom_frame (http://localhost:3000/_next/static/chunks/node_modules_next_dist_compiled_react-dom_096_9a-._.js:15093:17)
    at runWithFiberInDEV (http://localhost:3000/_next/static/chunks/node_modules_next_dist_compiled_react-dom_096_9a-._.js:965:74)
    at commitHookEffectListUnmount (http://localhost:3000/_next/static/chunks/node_modules_next_dist_compiled_react-dom_096_9a-._.js:7280:166)
    at commitHookPassiveUnmountEffects (http://localhost:3000/_next/static/chunks/node_modules_next_dist_compiled_react-dom_096_9a-._.js:7293:60)
    at disconnectPassiveEffect (http://localhost:3000/_next/static/chunks/node_modules_next_dist_compiled_react-dom_096_9a-._.js:8934:17)
    at doubleInvokeEffectsOnFiber (http://localhost:3000/_next/static/chunks/node_modules_next_dist_compiled_react-dom_096_9a-._.js:10117:44)
    at runWithFiberInDEV (http://localhost:3000/_next/static/chunks/node_modules_next_dist_compiled_react-dom_096_9a-._.js:965:74)
    at recursivelyTraverseAndDoubleInvokeEffectsInDEV (http://localhost:3000/_next/static/chunks/node_modules_next_dist_compiled_react-dom_096_9a-._.js:10110:79)
    at recursivelyTraverseAndDoubleInvokeEffectsInDEV (http://localhost:3000/_next/static/chunks/node_modules_next_dist_compiled_react-dom_096_9a-._.js:10110:147)
    at recursivelyTraverseAndDoubleInvokeEffectsInDEV (http://localhost:3000/_next/static/chunks/node_modules_next_dist_compiled_react-dom_096_9a-._.js:10110:147)
    at recursivelyTraverseAndDoubleInvokeEffectsInDEV (http://localhost:3000/_next/static/chunks/node_modules_next_dist_compiled_react-dom_096_9a-._.js:10110:147)
    at recursivelyTraverseAndDoubleInvokeEffectsInDEV (http://localhost:3000/_next/static/chunks/node_modules_next_dist_compiled_react-dom_096_9a-._.js:10110:147)
    at recursivelyTraverseAndDoubleInvokeEffectsInDEV (http://localhost:3000/_next/static/chunks/node_modules_next_dist_compiled_react-dom_096_9a-._.js:10110:147)
    at recursivelyTraverseAndDoubleInvokeEffectsInDEV (http://localhost:3000/_next/static/chunks/node_modules_next_dist_compiled_react-dom_096_9a-._.js:10110:147)
    at recursivelyTraverseAndDoubleInvokeEffectsInDEV (http://localhost:3000/_next/static/chunks/node_modules_next_dist_compiled_react-dom_096_9a-._.js:10110:147)
    at recursivelyTraverseAndDoubleInvokeEffectsInDEV (http://localhost:3000/_next/static/chunks/node_modules_next_dist_compiled_react-dom_096_9a-._.js:10110:147)
    at recursivelyTraverseAndDoubleInvokeEffectsInDEV (http://localhost:3000/_next/static/chunks/node_modules_next_dist_compiled_react-dom_096_9a-._.js:10110:147)
    at recursivelyTraverseAndDoubleInvokeEffectsInDEV (http://localhost:3000/_next/static/chunks/node_modules_next_dist_compiled_react-dom_096_9a-._.js:10110:147)
    at recursivelyTraverseAndDoubleInvokeEffectsInDEV (http://localhost:3000/_next/static/chunks/node_modules_next_dist_compiled_react-dom_096_9a-._.js:10110:147)
    at recursivelyTraverseAndDoubleInvokeEffectsInDEV (http://localhost:3000/_next/static/chunks/node_modules_next_dist_compiled_react-dom_096_9a-._.js:10110:147)
    at recursivelyTraverseAndDoubleInvokeEffectsInDEV (http://localhost:3000/_next/static/chunks/node_modules_next_dist_compiled_react-dom_096_9a-._.js:10110:147)
    at recursivelyTraverseAndDoubleInvokeEffectsInDEV (http://localhost:3000/_next/static/chunks/node_modules_next_dist_compiled_react-dom_096_9a-._.js:10110:147)
    at recursivelyTraverseAndDoubleInvokeEffectsInDEV (http://localhost:3000/_next/static/chunks/node_modules_next_dist_compiled_react-dom_096_9a-._.js:10110:147)
    at recursivelyTraverseAndDoubleInvokeEffectsInDEV (http://localhost:3000/_next/static/chunks/node_modules_next_dist_compiled_react-dom_096_9a-._.js:10110:147)
    at recursivelyTraverseAndDoubleInvokeEffectsInDEV (http://localhost:3000/_next/static/chunks/node_modules_next_dist_compiled_react-dom_096_9a-._.js:10110:147)
    at recursivelyTraverseAndDoubleInvokeEffectsInDEV (http://localhost:3000/_next/static/chunks/node_modules_next_dist_compiled_react-dom_096_9a-._.js:10110:147)
    at recursivelyTraverseAndDoubleInvokeEffectsInDEV (http://localhost:3000/_next/static/chunks/node_modules_next_dist_compiled_react-dom_096_9a-._.js:10110:147)
    at recursivelyTraverseAndDoubleInvokeEffectsInDEV (http://localhost:3000/_next/static/chunks/node_modules_next_dist_compiled_react-dom_096_9a-._.js:10110:147)
    at recursivelyTraverseAndDoubleInvokeEffectsInDEV (http://localhost:3000/_next/static/chunks/node_modules_next_dist_compiled_react-dom_096_9a-._.js:10110:147)
    at recursivelyTraverseAndDoubleInvokeEffectsInDEV (http://localhost:3000/_next/static/chunks/node_modules_next_dist_compiled_react-dom_096_9a-._.js:10110:147)
    at recursivelyTraverseAndDoubleInvokeEffectsInDEV (http://localhost:3000/_next/static/chunks/node_modules_next_dist_compiled_react-dom_096_9a-._.js:10110:147)
    at recursivelyTraverseAndDoubleInvokeEffectsInDEV (http://localhost:3000/_next/static/chunks/node_modules_next_dist_compiled_react-dom_096_9a-._.js:10110:147)
    at recursivelyTraverseAndDoubleInvokeEffectsInDEV (http://localhost:3000/_next/static/chunks/node_modules_next_dist_compiled_react-dom_096_9a-._.js:10110:147)
    at recursivelyTraverseAndDoubleInvokeEffectsInDEV (http://localhost:3000/_next/static/chunks/node_modules_next_dist_compiled_react-dom_096_9a-._.js:10110:147)
    at recursivelyTraverseAndDoubleInvokeEffectsInDEV (http://localhost:3000/_next/static/chunks/node_modules_next_dist_compiled_react-dom_096_9a-._.js:10110:147)
    at recursivelyTraverseAndDoubleInvokeEffectsInDEV (http://localhost:3000/_next/static/chunks/node_modules_next_dist_compiled_react-dom_096_9a-._.js:10110:147)
    at recursivelyTraverseAndDoubleInvokeEffectsInDEV (http://localhost:3000/_next/static/chunks/node_modules_next_dist_compiled_react-dom_096_9a-._.js:10110:147)
    at recursivelyTraverseAndDoubleInvokeEffectsInDEV (http://localhost:3000/_next/static/chunks/node_modules_next_dist_compiled_react-dom_096_9a-._.js:10110:147)
    at recursivelyTraverseAndDoubleInvokeEffectsInDEV (http://localhost:3000/_next/static/chunks/node_modules_next_dist_compiled_react-dom_096_9a-._.js:10110:147)
    at recursivelyTraverseAndDoubleInvokeEffectsInDEV (http://localhost:3000/_next/static/chunks/node_modules_next_dist_compiled_react-dom_096_9a-._.js:10110:147)
    at recursivelyTraverseAndDoubleInvokeEffectsInDEV (http://localhost:3000/_next/static/chunks/node_modules_next_dist_compiled_react-dom_096_9a-._.js:10110:147)
    at recursivelyTraverseAndDoubleInvokeEffectsInDEV (http://localhost:3000/_next/static/chunks/node_modules_next_dist_compiled_react-dom_096_9a-._.js:10110:147)
    at recursivelyTraverseAndDoubleInvokeEffectsInDEV (http://localhost:3000/_next/static/chunks/node_modules_next_dist_compiled_react-dom_096_9a-._.js:10110:147)
    at recursivelyTraverseAndDoubleInvokeEffectsInDEV (http://localhost:3000/_next/static/chunks/node_modules_next_dist_compiled_react-dom_096_9a-._.js:10110:147)
    at recursivelyTraverseAndDoubleInvokeEffectsInDEV (http://localhost:3000/_next/static/chunks/node_modules_next_dist_compiled_react-dom_096_9a-._.js:10110:147)
    at recursivelyTraverseAndDoubleInvokeEffectsInDEV (http://localhost:3000/_next/static/chunks/node_modules_next_dist_compiled_react-dom_096_9a-._.js:10110:147) @ http://localhost:3000/_next/static/chunks/node_modules_next_dist_1ybzpk2._.js:3318
[  110016ms] [LOG] [Fast Refresh] rebuilding @ http://localhost:3000/_next/static/chunks/node_modules_next_dist_1ybzpk2._.js:2477
[  110053ms] [LOG] [Fast Refresh] done in 75ms @ http://localhost:3000/_next/static/chunks/node_modules_next_dist_1ybzpk2._.js:2477
[  110161ms] [LOG] [Fast Refresh] rebuilding @ http://localhost:3000/_next/static/chunks/node_modules_next_dist_1ybzpk2._.js:2477
[  110221ms] [LOG] [Fast Refresh] done in 162ms @ http://localhost:3000/_next/static/chunks/node_modules_next_dist_1ybzpk2._.js:2477
