[     149ms] [INFO] %cDownload the React DevTools for a better development experience: https://react.dev/link/react-devtools font-weight:bold @ http://localhost:3000/_next/static/chunks/node_modules_next_dist_1ybzpk2._.js:2477
[     179ms] [LOG] [HMR] connected @ http://localhost:3000/_next/static/chunks/node_modules_next_dist_1ybzpk2._.js:2477
[ 1052906ms] [LOG] [Fast Refresh] rebuilding @ http://localhost:3000/_next/static/chunks/node_modules_next_dist_1ybzpk2._.js:2477
[ 1052952ms] [ERROR] ./src/components/studio/rendering/MapRenderer.tsx:13:1
Export addSourcesAndLayers doesn't exist in target module
  11 | import type { CampusDocument } from '@navi/core'
  12 | import { SRC, HIDDEN_NODE_TYPES, LYR } from './constants'
> 13 | import { addSourcesAndLayers } from './layers'
     | ^^^^^^^^^^^^^^^^^^^^^^^^^^^^^^^^^^^^^^^^^^^^^^
  14 | import {
  15 |   buildNodeGeo,
  16 |   buildConnectionNodeGeo,

The export addSourcesAndLayers was not found in module [project]/src/components/studio/rendering/layers.ts [app-client] (ecmascript).
Did you mean to import addGraphSourcesAndLayers?
All exports of the module are statically known (It doesn't have dynamic exports). So it's known statically that the requested export doesn't exist.

Import traces:
  Client Component Browser:
    ./src/components/studio/rendering/MapRenderer.tsx [Client Component Browser]
    ./src/components/studio/StudioCanvas.tsx [Client Component Browser]
    ./src/components/studio/StudioWorkspace.tsx [Client Component Browser]
    ./src/app/(admin)/studio/[id]/edit/page.tsx [Client Component Browser]
    ./src/app/(admin)/studio/[id]/edit/page.tsx [Server Component]

  Client Component SSR:
    ./src/components/studio/rendering/MapRenderer.tsx [Client Component SSR]
    ./src/components/studio/StudioCanvas.tsx [Client Component SSR]
    ./src/components/studio/StudioWorkspace.tsx [Client Component SSR]
    ./src/app/(admin)/studio/[id]/edit/page.tsx [Client Component SSR]
    ./src/app/(admin)/studio/[id]/edit/page.tsx [Server Component] @ http://localhost:3000/_next/static/chunks/node_modules_next_dist_1ybzpk2._.js:3318
[ 1052952ms] [ERROR] ./src/components/studio/rendering/MapRenderer.tsx:13:1
Export addSourcesAndLayers doesn't exist in target module
  11 | import type { CampusDocument } from '@navi/core'
  12 | import { SRC, HIDDEN_NODE_TYPES, LYR } from './constants'
> 13 | import { addSourcesAndLayers } from './layers'
     | ^^^^^^^^^^^^^^^^^^^^^^^^^^^^^^^^^^^^^^^^^^^^^^
  14 | import {
  15 |   buildNodeGeo,
  16 |   buildConnectionNodeGeo,

The export addSourcesAndLayers was not found in module [project]/src/components/studio/rendering/layers.ts [app-ssr] (ecmascript).
Did you mean to import addGraphSourcesAndLayers?
All exports of the module are statically known (It doesn't have dynamic exports). So it's known statically that the requested export doesn't exist.

Import traces:
  Client Component Browser:
    ./src/components/studio/rendering/MapRenderer.tsx [Client Component Browser]
    ./src/components/studio/StudioCanvas.tsx [Client Component Browser]
    ./src/components/studio/StudioWorkspace.tsx [Client Component Browser]
    ./src/app/(admin)/studio/[id]/edit/page.tsx [Client Component Browser]
    ./src/app/(admin)/studio/[id]/edit/page.tsx [Server Component]

  Client Component SSR:
    ./src/components/studio/rendering/MapRenderer.tsx [Client Component SSR]
    ./src/components/studio/StudioCanvas.tsx [Client Component SSR]
    ./src/components/studio/StudioWorkspace.tsx [Client Component SSR]
    ./src/app/(admin)/studio/[id]/edit/page.tsx [Client Component SSR]
    ./src/app/(admin)/studio/[id]/edit/page.tsx [Server Component] @ http://localhost:3000/_next/static/chunks/node_modules_next_dist_1ybzpk2._.js:3318
[ 1053013ms] [ERROR] Failed to load resource: the server responded with a status of 500 (Internal Server Error) @ http://localhost:3000/studio/verify-campus/edit?_rsc=xtae1HkRNmSuAXvi:0
[ 1053023ms] [ERROR] ./src/components/studio/rendering/MapRenderer.tsx:13:1
Export addSourcesAndLayers doesn't exist in target module
  11 | import type { CampusDocument } from '@navi/core'
  12 | import { SRC, HIDDEN_NODE_TYPES, LYR } from './constants'
> 13 | import { addSourcesAndLayers } from './layers'
     | ^^^^^^^^^^^^^^^^^^^^^^^^^^^^^^^^^^^^^^^^^^^^^^
  14 | import {
  15 |   buildNodeGeo,
  16 |   buildConnectionNodeGeo,

The export addSourcesAndLayers was not found in module [project]/src/components/studio/rendering/layers.ts [app-client] (ecmascript).
Did you mean to import addGraphSourcesAndLayers?
All exports of the module are statically known (It doesn't have dynamic exports). So it's known statically that the requested export doesn't exist.

Import traces:
  Client Component Browser:
    ./src/components/studio/rendering/MapRenderer.tsx [Client Component Browser]
    ./src/components/studio/StudioCanvas.tsx [Client Component Browser]
    ./src/components/studio/StudioWorkspace.tsx [Client Component Browser]
    ./src/app/(admin)/studio/[id]/edit/page.tsx [Client Component Browser]
    ./src/app/(admin)/studio/[id]/edit/page.tsx [Server Component]

  Client Component SSR:
    ./src/components/studio/rendering/MapRenderer.tsx [Client Component SSR]
    ./src/components/studio/StudioCanvas.tsx [Client Component SSR]
    ./src/components/studio/StudioWorkspace.tsx [Client Component SSR]
    ./src/app/(admin)/studio/[id]/edit/page.tsx [Client Component SSR]
    ./src/app/(admin)/studio/[id]/edit/page.tsx [Server Component] @ http://localhost:3000/_next/static/chunks/node_modules_next_dist_1ybzpk2._.js:3318
[ 1053023ms] [ERROR] ./src/components/studio/rendering/MapRenderer.tsx:13:1
Export addSourcesAndLayers doesn't exist in target module
  11 | import type { CampusDocument } from '@navi/core'
  12 | import { SRC, HIDDEN_NODE_TYPES, LYR } from './constants'
> 13 | import { addSourcesAndLayers } from './layers'
     | ^^^^^^^^^^^^^^^^^^^^^^^^^^^^^^^^^^^^^^^^^^^^^^
  14 | import {
  15 |   buildNodeGeo,
  16 |   buildConnectionNodeGeo,

The export addSourcesAndLayers was not found in module [project]/src/components/studio/rendering/layers.ts [app-ssr] (ecmascript).
Did you mean to import addGraphSourcesAndLayers?
All exports of the module are statically known (It doesn't have dynamic exports). So it's known statically that the requested export doesn't exist.

Import traces:
  Client Component Browser:
    ./src/components/studio/rendering/MapRenderer.tsx [Client Component Browser]
    ./src/components/studio/StudioCanvas.tsx [Client Component Browser]
    ./src/components/studio/StudioWorkspace.tsx [Client Component Browser]
    ./src/app/(admin)/studio/[id]/edit/page.tsx [Client Component Browser]
    ./src/app/(admin)/studio/[id]/edit/page.tsx [Server Component]

  Client Component SSR:
    ./src/components/studio/rendering/MapRenderer.tsx [Client Component SSR]
    ./src/components/studio/StudioCanvas.tsx [Client Component SSR]
    ./src/components/studio/StudioWorkspace.tsx [Client Component SSR]
    ./src/app/(admin)/studio/[id]/edit/page.tsx [Client Component SSR]
    ./src/app/(admin)/studio/[id]/edit/page.tsx [Server Component] @ http://localhost:3000/_next/static/chunks/node_modules_next_dist_1ybzpk2._.js:3318
[ 1053084ms] [ERROR] Failed to load resource: the server responded with a status of 500 (Internal Server Error) @ http://localhost:3000/studio/verify-campus/edit:0
[ 1053198ms] [INFO] %cDownload the React DevTools for a better development experience: https://react.dev/link/react-devtools font-weight:bold @ http://localhost:3000/_next/static/chunks/node_modules_react-dom_0kla17-._.js:15305
[ 1053257ms] Error: ./src/components/studio/rendering/MapRenderer.tsx:13:1
Export addSourcesAndLayers doesn't exist in target module
  11 | import type { CampusDocument } from '@navi/core'
  12 | import { SRC, HIDDEN_NODE_TYPES, LYR } from './constants'
> 13 | import { addSourcesAndLayers } from './layers'
     | ^^^^^^^^^^^^^^^^^^^^^^^^^^^^^^^^^^^^^^^^^^^^^^
  14 | import {
  15 |   buildNodeGeo,
  16 |   buildConnectionNodeGeo,

The export addSourcesAndLayers was not found in module [project]/src/components/studio/rendering/layers.ts [app-client] (ecmascript).
Did you mean to import addGraphSourcesAndLayers?
All exports of the module are statically known (It doesn't have dynamic exports). So it's known statically that the requested export doesn't exist.

Import traces:
  Client Component Browser:
    ./src/components/studio/rendering/MapRenderer.tsx [Client Component Browser]
    ./src/components/studio/StudioCanvas.tsx [Client Component Browser]
    ./src/components/studio/StudioWorkspace.tsx [Client Component Browser]
    ./src/app/(admin)/studio/[id]/edit/page.tsx [Client Component Browser]
    ./src/app/(admin)/studio/[id]/edit/page.tsx [Server Component]

  Client Component SSR:
    ./src/components/studio/rendering/MapRenderer.tsx [Client Component SSR]
    ./src/components/studio/StudioCanvas.tsx [Client Component SSR]
    ./src/components/studio/StudioWorkspace.tsx [Client Component SSR]
    ./src/app/(admin)/studio/[id]/edit/page.tsx [Client Component SSR]
    ./src/app/(admin)/studio/[id]/edit/page.tsx [Server Component]


    at <unknown> (Error: ./src/components/studio/rendering/MapRenderer.tsx:13:1)
    at Object.getCompilationErrors (file://C:\Users\Administrator\Desktop\CODEme\Navi\navi-next\node_modules\next\dist\server\dev\hot-reloader-turbopack.js:1186:59)
    at DevBundlerService.getCompilationError (file://C:\Users\Administrator\Desktop\CODEme\Navi\navi-next\node_modules\next\dist\server\lib\dev-bundler-service.js:44:55)
    at DevServer.getCompilationError (file://C:\Users\Administrator\Desktop\CODEme\Navi\navi-next\node_modules\next\dist\server\dev\next-dev-server.js:720:42)
    at DevServer.findPageComponents (file://C:\Users\Administrator\Desktop\CODEme\Navi\navi-next\node_modules\next\dist\server\dev\next-dev-server.js:690:43)
    at async DevServer.renderErrorToResponseImpl (file://C:\Users\Administrator\Desktop\CODEme\Navi\navi-next\node_modules\next\dist\server\base-server.js:1753:26)
[ 1053260ms] [LOG] [HMR] connected @ http://localhost:3000/_next/static/chunks/node_modules_next_dist_1gdrd03._.js:1226
[ 1053264ms] [ERROR] ./src/components/studio/rendering/MapRenderer.tsx:13:1
Export addSourcesAndLayers doesn't exist in target module
  11 | import type { CampusDocument } from '@navi/core'
  12 | import { SRC, HIDDEN_NODE_TYPES, LYR } from './constants'
> 13 | import { addSourcesAndLayers } from './layers'
     | ^^^^^^^^^^^^^^^^^^^^^^^^^^^^^^^^^^^^^^^^^^^^^^
  14 | import {
  15 |   buildNodeGeo,
  16 |   buildConnectionNodeGeo,

The export addSourcesAndLayers was not found in module [project]/src/components/studio/rendering/layers.ts [app-client] (ecmascript).
Did you mean to import addGraphSourcesAndLayers?
All exports of the module are statically known (It doesn't have dynamic exports). So it's known statically that the requested export doesn't exist.

Import traces:
  Client Component Browser:
    ./src/components/studio/rendering/MapRenderer.tsx [Client Component Browser]
    ./src/components/studio/StudioCanvas.tsx [Client Component Browser]
    ./src/components/studio/StudioWorkspace.tsx [Client Component Browser]
    ./src/app/(admin)/studio/[id]/edit/page.tsx [Client Component Browser]
    ./src/app/(admin)/studio/[id]/edit/page.tsx [Server Component]

  Client Component SSR:
    ./src/components/studio/rendering/MapRenderer.tsx [Client Component SSR]
    ./src/components/studio/StudioCanvas.tsx [Client Component SSR]
    ./src/components/studio/StudioWorkspace.tsx [Client Component SSR]
    ./src/app/(admin)/studio/[id]/edit/page.tsx [Client Component SSR]
    ./src/app/(admin)/studio/[id]/edit/page.tsx [Server Component] @ http://localhost:3000/_next/static/chunks/node_modules_next_dist_1gdrd03._.js:1945
[ 1053264ms] [ERROR] ./src/components/studio/rendering/MapRenderer.tsx:13:1
Export addSourcesAndLayers doesn't exist in target module
  11 | import type { CampusDocument } from '@navi/core'
  12 | import { SRC, HIDDEN_NODE_TYPES, LYR } from './constants'
> 13 | import { addSourcesAndLayers } from './layers'
     | ^^^^^^^^^^^^^^^^^^^^^^^^^^^^^^^^^^^^^^^^^^^^^^
  14 | import {
  15 |   buildNodeGeo,
  16 |   buildConnectionNodeGeo,

The export addSourcesAndLayers was not found in module [project]/src/components/studio/rendering/layers.ts [app-ssr] (ecmascript).
Did you mean to import addGraphSourcesAndLayers?
All exports of the module are statically known (It doesn't have dynamic exports). So it's known statically that the requested export doesn't exist.

Import traces:
  Client Component Browser:
    ./src/components/studio/rendering/MapRenderer.tsx [Client Component Browser]
    ./src/components/studio/StudioCanvas.tsx [Client Component Browser]
    ./src/components/studio/StudioWorkspace.tsx [Client Component Browser]
    ./src/app/(admin)/studio/[id]/edit/page.tsx [Client Component Browser]
    ./src/app/(admin)/studio/[id]/edit/page.tsx [Server Component]

  Client Component SSR:
    ./src/components/studio/rendering/MapRenderer.tsx [Client Component SSR]
    ./src/components/studio/StudioCanvas.tsx [Client Component SSR]
    ./src/components/studio/StudioWorkspace.tsx [Client Component SSR]
    ./src/app/(admin)/studio/[id]/edit/page.tsx [Client Component SSR]
    ./src/app/(admin)/studio/[id]/edit/page.tsx [Server Component] @ http://localhost:3000/_next/static/chunks/node_modules_next_dist_1gdrd03._.js:1945
[ 1053342ms] [ERROR] ./src/components/studio/rendering/MapRenderer.tsx:13:1
Export addSourcesAndLayers doesn't exist in target module
  11 | import type { CampusDocument } from '@navi/core'
  12 | import { SRC, HIDDEN_NODE_TYPES, LYR } from './constants'
> 13 | import { addSourcesAndLayers } from './layers'
     | ^^^^^^^^^^^^^^^^^^^^^^^^^^^^^^^^^^^^^^^^^^^^^^
  14 | import {
  15 |   buildNodeGeo,
  16 |   buildConnectionNodeGeo,

The export addSourcesAndLayers was not found in module [project]/src/components/studio/rendering/layers.ts [app-client] (ecmascript).
Did you mean to import addGraphSourcesAndLayers?
All exports of the module are statically known (It doesn't have dynamic exports). So it's known statically that the requested export doesn't exist.

Import traces:
  Client Component Browser:
    ./src/components/studio/rendering/MapRenderer.tsx [Client Component Browser]
    ./src/components/studio/StudioCanvas.tsx [Client Component Browser]
    ./src/components/studio/StudioWorkspace.tsx [Client Component Browser]
    ./src/app/(admin)/studio/[id]/edit/page.tsx [Client Component Browser]
    ./src/app/(admin)/studio/[id]/edit/page.tsx [Server Component]

  Client Component SSR:
    ./src/components/studio/rendering/MapRenderer.tsx [Client Component SSR]
    ./src/components/studio/StudioCanvas.tsx [Client Component SSR]
    ./src/components/studio/StudioWorkspace.tsx [Client Component SSR]
    ./src/app/(admin)/studio/[id]/edit/page.tsx [Client Component SSR]
    ./src/app/(admin)/studio/[id]/edit/page.tsx [Server Component] @ http://localhost:3000/_next/static/chunks/node_modules_next_dist_1gdrd03._.js:1945
[ 1053342ms] [ERROR] ./src/components/studio/rendering/MapRenderer.tsx:13:1
Export addSourcesAndLayers doesn't exist in target module
  11 | import type { CampusDocument } from '@navi/core'
  12 | import { SRC, HIDDEN_NODE_TYPES, LYR } from './constants'
> 13 | import { addSourcesAndLayers } from './layers'
     | ^^^^^^^^^^^^^^^^^^^^^^^^^^^^^^^^^^^^^^^^^^^^^^
  14 | import {
  15 |   buildNodeGeo,
  16 |   buildConnectionNodeGeo,

The export addSourcesAndLayers was not found in module [project]/src/components/studio/rendering/layers.ts [app-ssr] (ecmascript).
Did you mean to import addGraphSourcesAndLayers?
All exports of the module are statically known (It doesn't have dynamic exports). So it's known statically that the requested export doesn't exist.

Import traces:
  Client Component Browser:
    ./src/components/studio/rendering/MapRenderer.tsx [Client Component Browser]
    ./src/components/studio/StudioCanvas.tsx [Client Component Browser]
    ./src/components/studio/StudioWorkspace.tsx [Client Component Browser]
    ./src/app/(admin)/studio/[id]/edit/page.tsx [Client Component Browser]
    ./src/app/(admin)/studio/[id]/edit/page.tsx [Server Component]

  Client Component SSR:
    ./src/components/studio/rendering/MapRenderer.tsx [Client Component SSR]
    ./src/components/studio/StudioCanvas.tsx [Client Component SSR]
    ./src/components/studio/StudioWorkspace.tsx [Client Component SSR]
    ./src/app/(admin)/studio/[id]/edit/page.tsx [Client Component SSR]
    ./src/app/(admin)/studio/[id]/edit/page.tsx [Server Component] @ http://localhost:3000/_next/static/chunks/node_modules_next_dist_1gdrd03._.js:1945
[ 1053475ms] [ERROR] ./src/components/studio/rendering/MapRenderer.tsx:13:1
Export addSourcesAndLayers doesn't exist in target module
  11 | import type { CampusDocument } from '@navi/core'
  12 | import { SRC, HIDDEN_NODE_TYPES, LYR } from './constants'
> 13 | import { addSourcesAndLayers } from './layers'
     | ^^^^^^^^^^^^^^^^^^^^^^^^^^^^^^^^^^^^^^^^^^^^^^
  14 | import {
  15 |   buildNodeGeo,
  16 |   buildConnectionNodeGeo,

The export addSourcesAndLayers was not found in module [project]/src/components/studio/rendering/layers.ts [app-client] (ecmascript).
Did you mean to import addGraphSourcesAndLayers?
All exports of the module are statically known (It doesn't have dynamic exports). So it's known statically that the requested export doesn't exist.

Import traces:
  Client Component Browser:
    ./src/components/studio/rendering/MapRenderer.tsx [Client Component Browser]
    ./src/components/studio/StudioCanvas.tsx [Client Component Browser]
    ./src/components/studio/StudioWorkspace.tsx [Client Component Browser]
    ./src/app/(admin)/studio/[id]/edit/page.tsx [Client Component Browser]
    ./src/app/(admin)/studio/[id]/edit/page.tsx [Server Component]

  Client Component SSR:
    ./src/components/studio/rendering/MapRenderer.tsx [Client Component SSR]
    ./src/components/studio/StudioCanvas.tsx [Client Component SSR]
    ./src/components/studio/StudioWorkspace.tsx [Client Component SSR]
    ./src/app/(admin)/studio/[id]/edit/page.tsx [Client Component SSR]
    ./src/app/(admin)/studio/[id]/edit/page.tsx [Server Component] @ http://localhost:3000/_next/static/chunks/node_modules_next_dist_1gdrd03._.js:1945
[ 1053475ms] [ERROR] ./src/components/studio/rendering/MapRenderer.tsx:13:1
Export addSourcesAndLayers doesn't exist in target module
  11 | import type { CampusDocument } from '@navi/core'
  12 | import { SRC, HIDDEN_NODE_TYPES, LYR } from './constants'
> 13 | import { addSourcesAndLayers } from './layers'
     | ^^^^^^^^^^^^^^^^^^^^^^^^^^^^^^^^^^^^^^^^^^^^^^
  14 | import {
  15 |   buildNodeGeo,
  16 |   buildConnectionNodeGeo,

The export addSourcesAndLayers was not found in module [project]/src/components/studio/rendering/layers.ts [app-ssr] (ecmascript).
Did you mean to import addGraphSourcesAndLayers?
All exports of the module are statically known (It doesn't have dynamic exports). So it's known statically that the requested export doesn't exist.

Import traces:
  Client Component Browser:
    ./src/components/studio/rendering/MapRenderer.tsx [Client Component Browser]
    ./src/components/studio/StudioCanvas.tsx [Client Component Browser]
    ./src/components/studio/StudioWorkspace.tsx [Client Component Browser]
    ./src/app/(admin)/studio/[id]/edit/page.tsx [Client Component Browser]
    ./src/app/(admin)/studio/[id]/edit/page.tsx [Server Component]

  Client Component SSR:
    ./src/components/studio/rendering/MapRenderer.tsx [Client Component SSR]
    ./src/components/studio/StudioCanvas.tsx [Client Component SSR]
    ./src/components/studio/StudioWorkspace.tsx [Client Component SSR]
    ./src/app/(admin)/studio/[id]/edit/page.tsx [Client Component SSR]
    ./src/app/(admin)/studio/[id]/edit/page.tsx [Server Component] @ http://localhost:3000/_next/static/chunks/node_modules_next_dist_1gdrd03._.js:1945
[ 1053476ms] [ERROR] ./src/components/studio/rendering/MapRenderer.tsx:13:1
Export addSourcesAndLayers doesn't exist in target module
  11 | import type { CampusDocument } from '@navi/core'
  12 | import { SRC, HIDDEN_NODE_TYPES, LYR } from './constants'
> 13 | import { addSourcesAndLayers } from './layers'
     | ^^^^^^^^^^^^^^^^^^^^^^^^^^^^^^^^^^^^^^^^^^^^^^
  14 | import {
  15 |   buildNodeGeo,
  16 |   buildConnectionNodeGeo,

The export addSourcesAndLayers was not found in module [project]/src/components/studio/rendering/layers.ts [app-client] (ecmascript).
Did you mean to import addGraphSourcesAndLayers?
All exports of the module are statically known (It doesn't have dynamic exports). So it's known statically that the requested export doesn't exist.

Import traces:
  Client Component Browser:
    ./src/components/studio/rendering/MapRenderer.tsx [Client Component Browser]
    ./src/components/studio/StudioCanvas.tsx [Client Component Browser]
    ./src/components/studio/StudioWorkspace.tsx [Client Component Browser]
    ./src/app/(admin)/studio/[id]/edit/page.tsx [Client Component Browser]
    ./src/app/(admin)/studio/[id]/edit/page.tsx [Server Component]

  Client Component SSR:
    ./src/components/studio/rendering/MapRenderer.tsx [Client Component SSR]
    ./src/components/studio/StudioCanvas.tsx [Client Component SSR]
    ./src/components/studio/StudioWorkspace.tsx [Client Component SSR]
    ./src/app/(admin)/studio/[id]/edit/page.tsx [Client Component SSR]
    ./src/app/(admin)/studio/[id]/edit/page.tsx [Server Component] @ http://localhost:3000/_next/static/chunks/node_modules_next_dist_1gdrd03._.js:1945
[ 1053476ms] [ERROR] ./src/components/studio/rendering/MapRenderer.tsx:13:1
Export addSourcesAndLayers doesn't exist in target module
  11 | import type { CampusDocument } from '@navi/core'
  12 | import { SRC, HIDDEN_NODE_TYPES, LYR } from './constants'
> 13 | import { addSourcesAndLayers } from './layers'
     | ^^^^^^^^^^^^^^^^^^^^^^^^^^^^^^^^^^^^^^^^^^^^^^
  14 | import {
  15 |   buildNodeGeo,
  16 |   buildConnectionNodeGeo,

The export addSourcesAndLayers was not found in module [project]/src/components/studio/rendering/layers.ts [app-ssr] (ecmascript).
Did you mean to import addGraphSourcesAndLayers?
All exports of the module are statically known (It doesn't have dynamic exports). So it's known statically that the requested export doesn't exist.

Import traces:
  Client Component Browser:
    ./src/components/studio/rendering/MapRenderer.tsx [Client Component Browser]
    ./src/components/studio/StudioCanvas.tsx [Client Component Browser]
    ./src/components/studio/StudioWorkspace.tsx [Client Component Browser]
    ./src/app/(admin)/studio/[id]/edit/page.tsx [Client Component Browser]
    ./src/app/(admin)/studio/[id]/edit/page.tsx [Server Component]

  Client Component SSR:
    ./src/components/studio/rendering/MapRenderer.tsx [Client Component SSR]
    ./src/components/studio/StudioCanvas.tsx [Client Component SSR]
    ./src/components/studio/StudioWorkspace.tsx [Client Component SSR]
    ./src/app/(admin)/studio/[id]/edit/page.tsx [Client Component SSR]
    ./src/app/(admin)/studio/[id]/edit/page.tsx [Server Component] @ http://localhost:3000/_next/static/chunks/node_modules_next_dist_1gdrd03._.js:1945
[ 1053582ms] [LOG] [Fast Refresh] rebuilding @ http://localhost:3000/_next/static/chunks/node_modules_next_dist_1gdrd03._.js:1226
[ 1053693ms] [ERROR] ./src/components/studio/rendering/MapRenderer.tsx:13:1
Export addSourcesAndLayers doesn't exist in target module
  11 | import type { CampusDocument } from '@navi/core'
  12 | import { SRC, HIDDEN_NODE_TYPES, LYR } from './constants'
> 13 | import { addSourcesAndLayers } from './layers'
     | ^^^^^^^^^^^^^^^^^^^^^^^^^^^^^^^^^^^^^^^^^^^^^^
  14 | import {
  15 |   buildNodeGeo,
  16 |   buildConnectionNodeGeo,

The export addSourcesAndLayers was not found in module [project]/src/components/studio/rendering/layers.ts [app-client] (ecmascript).
Did you mean to import addGraphSourcesAndLayers?
All exports of the module are statically known (It doesn't have dynamic exports). So it's known statically that the requested export doesn't exist.

Import traces:
  Client Component Browser:
    ./src/components/studio/rendering/MapRenderer.tsx [Client Component Browser]
    ./src/components/studio/StudioCanvas.tsx [Client Component Browser]
    ./src/components/studio/StudioWorkspace.tsx [Client Component Browser]
    ./src/app/(admin)/studio/[id]/edit/page.tsx [Client Component Browser]
    ./src/app/(admin)/studio/[id]/edit/page.tsx [Server Component]

  Client Component SSR:
    ./src/components/studio/rendering/MapRenderer.tsx [Client Component SSR]
    ./src/components/studio/StudioCanvas.tsx [Client Component SSR]
    ./src/components/studio/StudioWorkspace.tsx [Client Component SSR]
    ./src/app/(admin)/studio/[id]/edit/page.tsx [Client Component SSR]
    ./src/app/(admin)/studio/[id]/edit/page.tsx [Server Component] @ http://localhost:3000/_next/static/chunks/node_modules_next_dist_1gdrd03._.js:1945
[ 1053693ms] [ERROR] ./src/components/studio/rendering/MapRenderer.tsx:13:1
Export addSourcesAndLayers doesn't exist in target module
  11 | import type { CampusDocument } from '@navi/core'
  12 | import { SRC, HIDDEN_NODE_TYPES, LYR } from './constants'
> 13 | import { addSourcesAndLayers } from './layers'
     | ^^^^^^^^^^^^^^^^^^^^^^^^^^^^^^^^^^^^^^^^^^^^^^
  14 | import {
  15 |   buildNodeGeo,
  16 |   buildConnectionNodeGeo,

The export addSourcesAndLayers was not found in module [project]/src/components/studio/rendering/layers.ts [app-ssr] (ecmascript).
Did you mean to import addGraphSourcesAndLayers?
All exports of the module are statically known (It doesn't have dynamic exports). So it's known statically that the requested export doesn't exist.

Import traces:
  Client Component Browser:
    ./src/components/studio/rendering/MapRenderer.tsx [Client Component Browser]
    ./src/components/studio/StudioCanvas.tsx [Client Component Browser]
    ./src/components/studio/StudioWorkspace.tsx [Client Component Browser]
    ./src/app/(admin)/studio/[id]/edit/page.tsx [Client Component Browser]
    ./src/app/(admin)/studio/[id]/edit/page.tsx [Server Component]

  Client Component SSR:
    ./src/components/studio/rendering/MapRenderer.tsx [Client Component SSR]
    ./src/components/studio/StudioCanvas.tsx [Client Component SSR]
    ./src/components/studio/StudioWorkspace.tsx [Client Component SSR]
    ./src/app/(admin)/studio/[id]/edit/page.tsx [Client Component SSR]
    ./src/app/(admin)/studio/[id]/edit/page.tsx [Server Component] @ http://localhost:3000/_next/static/chunks/node_modules_next_dist_1gdrd03._.js:1945
[ 1053732ms] [LOG] [Fast Refresh] rebuilding @ http://localhost:3000/_next/static/chunks/node_modules_next_dist_1gdrd03._.js:1226
[ 1053858ms] [ERROR] ./src/components/studio/rendering/MapRenderer.tsx:13:1
Export addSourcesAndLayers doesn't exist in target module
  11 | import type { CampusDocument } from '@navi/core'
  12 | import { SRC, HIDDEN_NODE_TYPES, LYR } from './constants'
> 13 | import { addSourcesAndLayers } from './layers'
     | ^^^^^^^^^^^^^^^^^^^^^^^^^^^^^^^^^^^^^^^^^^^^^^
  14 | import {
  15 |   buildNodeGeo,
  16 |   buildConnectionNodeGeo,

The export addSourcesAndLayers was not found in module [project]/src/components/studio/rendering/layers.ts [app-client] (ecmascript).
Did you mean to import addGraphSourcesAndLayers?
All exports of the module are statically known (It doesn't have dynamic exports). So it's known statically that the requested export doesn't exist.

Import traces:
  Client Component Browser:
    ./src/components/studio/rendering/MapRenderer.tsx [Client Component Browser]
    ./src/components/studio/StudioCanvas.tsx [Client Component Browser]
    ./src/components/studio/StudioWorkspace.tsx [Client Component Browser]
    ./src/app/(admin)/studio/[id]/edit/page.tsx [Client Component Browser]
    ./src/app/(admin)/studio/[id]/edit/page.tsx [Server Component]

  Client Component SSR:
    ./src/components/studio/rendering/MapRenderer.tsx [Client Component SSR]
    ./src/components/studio/StudioCanvas.tsx [Client Component SSR]
    ./src/components/studio/StudioWorkspace.tsx [Client Component SSR]
    ./src/app/(admin)/studio/[id]/edit/page.tsx [Client Component SSR]
    ./src/app/(admin)/studio/[id]/edit/page.tsx [Server Component] @ http://localhost:3000/_next/static/chunks/node_modules_next_dist_1gdrd03._.js:1945
[ 1053858ms] [ERROR] ./src/components/studio/rendering/MapRenderer.tsx:13:1
Export addSourcesAndLayers doesn't exist in target module
  11 | import type { CampusDocument } from '@navi/core'
  12 | import { SRC, HIDDEN_NODE_TYPES, LYR } from './constants'
> 13 | import { addSourcesAndLayers } from './layers'
     | ^^^^^^^^^^^^^^^^^^^^^^^^^^^^^^^^^^^^^^^^^^^^^^
  14 | import {
  15 |   buildNodeGeo,
  16 |   buildConnectionNodeGeo,

The export addSourcesAndLayers was not found in module [project]/src/components/studio/rendering/layers.ts [app-ssr] (ecmascript).
Did you mean to import addGraphSourcesAndLayers?
All exports of the module are statically known (It doesn't have dynamic exports). So it's known statically that the requested export doesn't exist.

Import traces:
  Client Component Browser:
    ./src/components/studio/rendering/MapRenderer.tsx [Client Component Browser]
    ./src/components/studio/StudioCanvas.tsx [Client Component Browser]
    ./src/components/studio/StudioWorkspace.tsx [Client Component Browser]
    ./src/app/(admin)/studio/[id]/edit/page.tsx [Client Component Browser]
    ./src/app/(admin)/studio/[id]/edit/page.tsx [Server Component]

  Client Component SSR:
    ./src/components/studio/rendering/MapRenderer.tsx [Client Component SSR]
    ./src/components/studio/StudioCanvas.tsx [Client Component SSR]
    ./src/components/studio/StudioWorkspace.tsx [Client Component SSR]
    ./src/app/(admin)/studio/[id]/edit/page.tsx [Client Component SSR]
    ./src/app/(admin)/studio/[id]/edit/page.tsx [Server Component] @ http://localhost:3000/_next/static/chunks/node_modules_next_dist_1gdrd03._.js:1945
[ 1053908ms] [LOG] [Fast Refresh] rebuilding @ http://localhost:3000/_next/static/chunks/node_modules_next_dist_1gdrd03._.js:1226
[ 1054249ms] [ERROR] ./src/components/studio/rendering/MapRenderer.tsx:13:1
Export addSourcesAndLayers doesn't exist in target module
  11 | import type { CampusDocument } from '@navi/core'
  12 | import { SRC, HIDDEN_NODE_TYPES, LYR } from './constants'
> 13 | import { addSourcesAndLayers } from './layers'
     | ^^^^^^^^^^^^^^^^^^^^^^^^^^^^^^^^^^^^^^^^^^^^^^
  14 | import {
  15 |   buildNodeGeo,
  16 |   buildConnectionNodeGeo,

The export addSourcesAndLayers was not found in module [project]/src/components/studio/rendering/layers.ts [app-client] (ecmascript).
Did you mean to import addGraphSourcesAndLayers?
All exports of the module are statically known (It doesn't have dynamic exports). So it's known statically that the requested export doesn't exist.

Import traces:
  Client Component Browser:
    ./src/components/studio/rendering/MapRenderer.tsx [Client Component Browser]
    ./src/components/studio/StudioCanvas.tsx [Client Component Browser]
    ./src/components/studio/StudioWorkspace.tsx [Client Component Browser]
    ./src/app/(admin)/studio/[id]/edit/page.tsx [Client Component Browser]
    ./src/app/(admin)/studio/[id]/edit/page.tsx [Server Component]

  Client Component SSR:
    ./src/components/studio/rendering/MapRenderer.tsx [Client Component SSR]
    ./src/components/studio/StudioCanvas.tsx [Client Component SSR]
    ./src/components/studio/StudioWorkspace.tsx [Client Component SSR]
    ./src/app/(admin)/studio/[id]/edit/page.tsx [Client Component SSR]
    ./src/app/(admin)/studio/[id]/edit/page.tsx [Server Component] @ http://localhost:3000/_next/static/chunks/node_modules_next_dist_1gdrd03._.js:1945
[ 1054249ms] [ERROR] ./src/components/studio/rendering/MapRenderer.tsx:13:1
Export addSourcesAndLayers doesn't exist in target module
  11 | import type { CampusDocument } from '@navi/core'
  12 | import { SRC, HIDDEN_NODE_TYPES, LYR } from './constants'
> 13 | import { addSourcesAndLayers } from './layers'
     | ^^^^^^^^^^^^^^^^^^^^^^^^^^^^^^^^^^^^^^^^^^^^^^
  14 | import {
  15 |   buildNodeGeo,
  16 |   buildConnectionNodeGeo,

The export addSourcesAndLayers was not found in module [project]/src/components/studio/rendering/layers.ts [app-ssr] (ecmascript).
Did you mean to import addGraphSourcesAndLayers?
All exports of the module are statically known (It doesn't have dynamic exports). So it's known statically that the requested export doesn't exist.

Import traces:
  Client Component Browser:
    ./src/components/studio/rendering/MapRenderer.tsx [Client Component Browser]
    ./src/components/studio/StudioCanvas.tsx [Client Component Browser]
    ./src/components/studio/StudioWorkspace.tsx [Client Component Browser]
    ./src/app/(admin)/studio/[id]/edit/page.tsx [Client Component Browser]
    ./src/app/(admin)/studio/[id]/edit/page.tsx [Server Component]

  Client Component SSR:
    ./src/components/studio/rendering/MapRenderer.tsx [Client Component SSR]
    ./src/components/studio/StudioCanvas.tsx [Client Component SSR]
    ./src/components/studio/StudioWorkspace.tsx [Client Component SSR]
    ./src/app/(admin)/studio/[id]/edit/page.tsx [Client Component SSR]
    ./src/app/(admin)/studio/[id]/edit/page.tsx [Server Component] @ http://localhost:3000/_next/static/chunks/node_modules_next_dist_1gdrd03._.js:1945
[ 1054289ms] [LOG] [Fast Refresh] rebuilding @ http://localhost:3000/_next/static/chunks/node_modules_next_dist_1gdrd03._.js:1226
[ 1054424ms] [ERROR] ./src/components/studio/rendering/MapRenderer.tsx:13:1
Export addSourcesAndLayers doesn't exist in target module
  11 | import type { CampusDocument } from '@navi/core'
  12 | import { SRC, HIDDEN_NODE_TYPES, LYR } from './constants'
> 13 | import { addSourcesAndLayers } from './layers'
     | ^^^^^^^^^^^^^^^^^^^^^^^^^^^^^^^^^^^^^^^^^^^^^^
  14 | import {
  15 |   buildNodeGeo,
  16 |   buildConnectionNodeGeo,

The export addSourcesAndLayers was not found in module [project]/src/components/studio/rendering/layers.ts [app-client] (ecmascript).
Did you mean to import addGraphSourcesAndLayers?
All exports of the module are statically known (It doesn't have dynamic exports). So it's known statically that the requested export doesn't exist.

Import traces:
  Client Component Browser:
    ./src/components/studio/rendering/MapRenderer.tsx [Client Component Browser]
    ./src/components/studio/StudioCanvas.tsx [Client Component Browser]
    ./src/components/studio/StudioWorkspace.tsx [Client Component Browser]
    ./src/app/(admin)/studio/[id]/edit/page.tsx [Client Component Browser]
    ./src/app/(admin)/studio/[id]/edit/page.tsx [Server Component]

  Client Component SSR:
    ./src/components/studio/rendering/MapRenderer.tsx [Client Component SSR]
    ./src/components/studio/StudioCanvas.tsx [Client Component SSR]
    ./src/components/studio/StudioWorkspace.tsx [Client Component SSR]
    ./src/app/(admin)/studio/[id]/edit/page.tsx [Client Component SSR]
    ./src/app/(admin)/studio/[id]/edit/page.tsx [Server Component] @ http://localhost:3000/_next/static/chunks/node_modules_next_dist_1gdrd03._.js:1945
[ 1054424ms] [ERROR] ./src/components/studio/rendering/MapRenderer.tsx:13:1
Export addSourcesAndLayers doesn't exist in target module
  11 | import type { CampusDocument } from '@navi/core'
  12 | import { SRC, HIDDEN_NODE_TYPES, LYR } from './constants'
> 13 | import { addSourcesAndLayers } from './layers'
     | ^^^^^^^^^^^^^^^^^^^^^^^^^^^^^^^^^^^^^^^^^^^^^^
  14 | import {
  15 |   buildNodeGeo,
  16 |   buildConnectionNodeGeo,

The export addSourcesAndLayers was not found in module [project]/src/components/studio/rendering/layers.ts [app-ssr] (ecmascript).
Did you mean to import addGraphSourcesAndLayers?
All exports of the module are statically known (It doesn't have dynamic exports). So it's known statically that the requested export doesn't exist.

Import traces:
  Client Component Browser:
    ./src/components/studio/rendering/MapRenderer.tsx [Client Component Browser]
    ./src/components/studio/StudioCanvas.tsx [Client Component Browser]
    ./src/components/studio/StudioWorkspace.tsx [Client Component Browser]
    ./src/app/(admin)/studio/[id]/edit/page.tsx [Client Component Browser]
    ./src/app/(admin)/studio/[id]/edit/page.tsx [Server Component]

  Client Component SSR:
    ./src/components/studio/rendering/MapRenderer.tsx [Client Component SSR]
    ./src/components/studio/StudioCanvas.tsx [Client Component SSR]
    ./src/components/studio/StudioWorkspace.tsx [Client Component SSR]
    ./src/app/(admin)/studio/[id]/edit/page.tsx [Client Component SSR]
    ./src/app/(admin)/studio/[id]/edit/page.tsx [Server Component] @ http://localhost:3000/_next/static/chunks/node_modules_next_dist_1gdrd03._.js:1945
[ 1054456ms] [LOG] [Fast Refresh] rebuilding @ http://localhost:3000/_next/static/chunks/node_modules_next_dist_1gdrd03._.js:1226
[ 1073774ms] [ERROR] ./src/components/studio/rendering/MapRenderer.tsx:13:1
Export addSourcesAndLayers doesn't exist in target module
  11 | import type { CampusDocument } from '@navi/core'
  12 | import { SRC, HIDDEN_NODE_TYPES, LYR } from './constants'
> 13 | import { addSourcesAndLayers } from './layers'
     | ^^^^^^^^^^^^^^^^^^^^^^^^^^^^^^^^^^^^^^^^^^^^^^
  14 | import {
  15 |   buildNodeGeo,
  16 |   buildConnectionNodeGeo,

The export addSourcesAndLayers was not found in module [project]/src/components/studio/rendering/layers.ts [app-client] (ecmascript).
Did you mean to import addGraphSourcesAndLayers?
All exports of the module are statically known (It doesn't have dynamic exports). So it's known statically that the requested export doesn't exist.

Import traces:
  Client Component Browser:
    ./src/components/studio/rendering/MapRenderer.tsx [Client Component Browser]
    ./src/components/studio/StudioCanvas.tsx [Client Component Browser]
    ./src/components/studio/StudioWorkspace.tsx [Client Component Browser]
    ./src/app/(admin)/studio/[id]/edit/page.tsx [Client Component Browser]
    ./src/app/(admin)/studio/[id]/edit/page.tsx [Server Component]

  Client Component SSR:
    ./src/components/studio/rendering/MapRenderer.tsx [Client Component SSR]
    ./src/components/studio/StudioCanvas.tsx [Client Component SSR]
    ./src/components/studio/StudioWorkspace.tsx [Client Component SSR]
    ./src/app/(admin)/studio/[id]/edit/page.tsx [Client Component SSR]
    ./src/app/(admin)/studio/[id]/edit/page.tsx [Server Component] @ http://localhost:3000/_next/static/chunks/node_modules_next_dist_1gdrd03._.js:1945
[ 1073774ms] [ERROR] ./src/components/studio/rendering/MapRenderer.tsx:13:1
Export addSourcesAndLayers doesn't exist in target module
  11 | import type { CampusDocument } from '@navi/core'
  12 | import { SRC, HIDDEN_NODE_TYPES, LYR } from './constants'
> 13 | import { addSourcesAndLayers } from './layers'
     | ^^^^^^^^^^^^^^^^^^^^^^^^^^^^^^^^^^^^^^^^^^^^^^
  14 | import {
  15 |   buildNodeGeo,
  16 |   buildConnectionNodeGeo,

The export addSourcesAndLayers was not found in module [project]/src/components/studio/rendering/layers.ts [app-ssr] (ecmascript).
Did you mean to import addGraphSourcesAndLayers?
All exports of the module are statically known (It doesn't have dynamic exports). So it's known statically that the requested export doesn't exist.

Import traces:
  Client Component Browser:
    ./src/components/studio/rendering/MapRenderer.tsx [Client Component Browser]
    ./src/components/studio/StudioCanvas.tsx [Client Component Browser]
    ./src/components/studio/StudioWorkspace.tsx [Client Component Browser]
    ./src/app/(admin)/studio/[id]/edit/page.tsx [Client Component Browser]
    ./src/app/(admin)/studio/[id]/edit/page.tsx [Server Component]

  Client Component SSR:
    ./src/components/studio/rendering/MapRenderer.tsx [Client Component SSR]
    ./src/components/studio/StudioCanvas.tsx [Client Component SSR]
    ./src/components/studio/StudioWorkspace.tsx [Client Component SSR]
    ./src/app/(admin)/studio/[id]/edit/page.tsx [Client Component SSR]
    ./src/app/(admin)/studio/[id]/edit/page.tsx [Server Component] @ http://localhost:3000/_next/static/chunks/node_modules_next_dist_1gdrd03._.js:1945
[ 1073799ms] [LOG] [Fast Refresh] rebuilding @ http://localhost:3000/_next/static/chunks/node_modules_next_dist_1gdrd03._.js:1226
[ 1074017ms] [ERROR] ./src/components/studio/rendering/MapRenderer.tsx:13:1
Export addSourcesAndLayers doesn't exist in target module
  11 | import type { CampusDocument } from '@navi/core'
  12 | import { SRC, HIDDEN_NODE_TYPES, LYR } from './constants'
> 13 | import { addSourcesAndLayers } from './layers'
     | ^^^^^^^^^^^^^^^^^^^^^^^^^^^^^^^^^^^^^^^^^^^^^^
  14 | import {
  15 |   buildNodeGeo,
  16 |   buildConnectionNodeGeo,

The export addSourcesAndLayers was not found in module [project]/src/components/studio/rendering/layers.ts [app-client] (ecmascript).
Did you mean to import addGraphSourcesAndLayers?
All exports of the module are statically known (It doesn't have dynamic exports). So it's known statically that the requested export doesn't exist.

Import traces:
  Client Component Browser:
    ./src/components/studio/rendering/MapRenderer.tsx [Client Component Browser]
    ./src/components/studio/StudioCanvas.tsx [Client Component Browser]
    ./src/components/studio/StudioWorkspace.tsx [Client Component Browser]
    ./src/app/(admin)/studio/[id]/edit/page.tsx [Client Component Browser]
    ./src/app/(admin)/studio/[id]/edit/page.tsx [Server Component]

  Client Component SSR:
    ./src/components/studio/rendering/MapRenderer.tsx [Client Component SSR]
    ./src/components/studio/StudioCanvas.tsx [Client Component SSR]
    ./src/components/studio/StudioWorkspace.tsx [Client Component SSR]
    ./src/app/(admin)/studio/[id]/edit/page.tsx [Client Component SSR]
    ./src/app/(admin)/studio/[id]/edit/page.tsx [Server Component] @ http://localhost:3000/_next/static/chunks/node_modules_next_dist_1gdrd03._.js:1945
[ 1074017ms] [ERROR] ./src/components/studio/rendering/MapRenderer.tsx:13:1
Export addSourcesAndLayers doesn't exist in target module
  11 | import type { CampusDocument } from '@navi/core'
  12 | import { SRC, HIDDEN_NODE_TYPES, LYR } from './constants'
> 13 | import { addSourcesAndLayers } from './layers'
     | ^^^^^^^^^^^^^^^^^^^^^^^^^^^^^^^^^^^^^^^^^^^^^^
  14 | import {
  15 |   buildNodeGeo,
  16 |   buildConnectionNodeGeo,

The export addSourcesAndLayers was not found in module [project]/src/components/studio/rendering/layers.ts [app-ssr] (ecmascript).
Did you mean to import addGraphSourcesAndLayers?
All exports of the module are statically known (It doesn't have dynamic exports). So it's known statically that the requested export doesn't exist.

Import traces:
  Client Component Browser:
    ./src/components/studio/rendering/MapRenderer.tsx [Client Component Browser]
    ./src/components/studio/StudioCanvas.tsx [Client Component Browser]
    ./src/components/studio/StudioWorkspace.tsx [Client Component Browser]
    ./src/app/(admin)/studio/[id]/edit/page.tsx [Client Component Browser]
    ./src/app/(admin)/studio/[id]/edit/page.tsx [Server Component]

  Client Component SSR:
    ./src/components/studio/rendering/MapRenderer.tsx [Client Component SSR]
    ./src/components/studio/StudioCanvas.tsx [Client Component SSR]
    ./src/components/studio/StudioWorkspace.tsx [Client Component SSR]
    ./src/app/(admin)/studio/[id]/edit/page.tsx [Client Component SSR]
    ./src/app/(admin)/studio/[id]/edit/page.tsx [Server Component] @ http://localhost:3000/_next/static/chunks/node_modules_next_dist_1gdrd03._.js:1945
[ 1074073ms] [LOG] [Fast Refresh] rebuilding @ http://localhost:3000/_next/static/chunks/node_modules_next_dist_1gdrd03._.js:1226
[ 1074175ms] [ERROR] ./src/components/studio/rendering/MapRenderer.tsx:13:1
Export addSourcesAndLayers doesn't exist in target module
  11 | import type { CampusDocument } from '@navi/core'
  12 | import { SRC, HIDDEN_NODE_TYPES, LYR } from './constants'
> 13 | import { addSourcesAndLayers } from './layers'
     | ^^^^^^^^^^^^^^^^^^^^^^^^^^^^^^^^^^^^^^^^^^^^^^
  14 | import {
  15 |   buildNodeGeo,
  16 |   buildConnectionNodeGeo,

The export addSourcesAndLayers was not found in module [project]/src/components/studio/rendering/layers.ts [app-client] (ecmascript).
Did you mean to import addGraphSourcesAndLayers?
All exports of the module are statically known (It doesn't have dynamic exports). So it's known statically that the requested export doesn't exist.

Import traces:
  Client Component Browser:
    ./src/components/studio/rendering/MapRenderer.tsx [Client Component Browser]
    ./src/components/studio/StudioCanvas.tsx [Client Component Browser]
    ./src/components/studio/StudioWorkspace.tsx [Client Component Browser]
    ./src/app/(admin)/studio/[id]/edit/page.tsx [Client Component Browser]
    ./src/app/(admin)/studio/[id]/edit/page.tsx [Server Component]

  Client Component SSR:
    ./src/components/studio/rendering/MapRenderer.tsx [Client Component SSR]
    ./src/components/studio/StudioCanvas.tsx [Client Component SSR]
    ./src/components/studio/StudioWorkspace.tsx [Client Component SSR]
    ./src/app/(admin)/studio/[id]/edit/page.tsx [Client Component SSR]
    ./src/app/(admin)/studio/[id]/edit/page.tsx [Server Component] @ http://localhost:3000/_next/static/chunks/node_modules_next_dist_1gdrd03._.js:1945
[ 1074175ms] [ERROR] ./src/components/studio/rendering/MapRenderer.tsx:13:1
Export addSourcesAndLayers doesn't exist in target module
  11 | import type { CampusDocument } from '@navi/core'
  12 | import { SRC, HIDDEN_NODE_TYPES, LYR } from './constants'
> 13 | import { addSourcesAndLayers } from './layers'
     | ^^^^^^^^^^^^^^^^^^^^^^^^^^^^^^^^^^^^^^^^^^^^^^
  14 | import {
  15 |   buildNodeGeo,
  16 |   buildConnectionNodeGeo,

The export addSourcesAndLayers was not found in module [project]/src/components/studio/rendering/layers.ts [app-ssr] (ecmascript).
Did you mean to import addGraphSourcesAndLayers?
All exports of the module are statically known (It doesn't have dynamic exports). So it's known statically that the requested export doesn't exist.

Import traces:
  Client Component Browser:
    ./src/components/studio/rendering/MapRenderer.tsx [Client Component Browser]
    ./src/components/studio/StudioCanvas.tsx [Client Component Browser]
    ./src/components/studio/StudioWorkspace.tsx [Client Component Browser]
    ./src/app/(admin)/studio/[id]/edit/page.tsx [Client Component Browser]
    ./src/app/(admin)/studio/[id]/edit/page.tsx [Server Component]

  Client Component SSR:
    ./src/components/studio/rendering/MapRenderer.tsx [Client Component SSR]
    ./src/components/studio/StudioCanvas.tsx [Client Component SSR]
    ./src/components/studio/StudioWorkspace.tsx [Client Component SSR]
    ./src/app/(admin)/studio/[id]/edit/page.tsx [Client Component SSR]
    ./src/app/(admin)/studio/[id]/edit/page.tsx [Server Component] @ http://localhost:3000/_next/static/chunks/node_modules_next_dist_1gdrd03._.js:1945
[ 1074208ms] [LOG] [Fast Refresh] rebuilding @ http://localhost:3000/_next/static/chunks/node_modules_next_dist_1gdrd03._.js:1226
[ 1074351ms] [ERROR] ./src/components/studio/rendering/MapRenderer.tsx:13:1
Export addSourcesAndLayers doesn't exist in target module
  11 | import type { CampusDocument } from '@navi/core'
  12 | import { SRC, HIDDEN_NODE_TYPES, LYR } from './constants'
> 13 | import { addSourcesAndLayers } from './layers'
     | ^^^^^^^^^^^^^^^^^^^^^^^^^^^^^^^^^^^^^^^^^^^^^^
  14 | import {
  15 |   buildNodeGeo,
  16 |   buildConnectionNodeGeo,

The export addSourcesAndLayers was not found in module [project]/src/components/studio/rendering/layers.ts [app-client] (ecmascript).
Did you mean to import addGraphSourcesAndLayers?
All exports of the module are statically known (It doesn't have dynamic exports). So it's known statically that the requested export doesn't exist.

Import traces:
  Client Component Browser:
    ./src/components/studio/rendering/MapRenderer.tsx [Client Component Browser]
    ./src/components/studio/StudioCanvas.tsx [Client Component Browser]
    ./src/components/studio/StudioWorkspace.tsx [Client Component Browser]
    ./src/app/(admin)/studio/[id]/edit/page.tsx [Client Component Browser]
    ./src/app/(admin)/studio/[id]/edit/page.tsx [Server Component]

  Client Component SSR:
    ./src/components/studio/rendering/MapRenderer.tsx [Client Component SSR]
    ./src/components/studio/StudioCanvas.tsx [Client Component SSR]
    ./src/components/studio/StudioWorkspace.tsx [Client Component SSR]
    ./src/app/(admin)/studio/[id]/edit/page.tsx [Client Component SSR]
    ./src/app/(admin)/studio/[id]/edit/page.tsx [Server Component] @ http://localhost:3000/_next/static/chunks/node_modules_next_dist_1gdrd03._.js:1945
[ 1074351ms] [ERROR] ./src/components/studio/rendering/MapRenderer.tsx:13:1
Export addSourcesAndLayers doesn't exist in target module
  11 | import type { CampusDocument } from '@navi/core'
  12 | import { SRC, HIDDEN_NODE_TYPES, LYR } from './constants'
> 13 | import { addSourcesAndLayers } from './layers'
     | ^^^^^^^^^^^^^^^^^^^^^^^^^^^^^^^^^^^^^^^^^^^^^^
  14 | import {
  15 |   buildNodeGeo,
  16 |   buildConnectionNodeGeo,

The export addSourcesAndLayers was not found in module [project]/src/components/studio/rendering/layers.ts [app-ssr] (ecmascript).
Did you mean to import addGraphSourcesAndLayers?
All exports of the module are statically known (It doesn't have dynamic exports). So it's known statically that the requested export doesn't exist.

Import traces:
  Client Component Browser:
    ./src/components/studio/rendering/MapRenderer.tsx [Client Component Browser]
    ./src/components/studio/StudioCanvas.tsx [Client Component Browser]
    ./src/components/studio/StudioWorkspace.tsx [Client Component Browser]
    ./src/app/(admin)/studio/[id]/edit/page.tsx [Client Component Browser]
    ./src/app/(admin)/studio/[id]/edit/page.tsx [Server Component]

  Client Component SSR:
    ./src/components/studio/rendering/MapRenderer.tsx [Client Component SSR]
    ./src/components/studio/StudioCanvas.tsx [Client Component SSR]
    ./src/components/studio/StudioWorkspace.tsx [Client Component SSR]
    ./src/app/(admin)/studio/[id]/edit/page.tsx [Client Component SSR]
    ./src/app/(admin)/studio/[id]/edit/page.tsx [Server Component] @ http://localhost:3000/_next/static/chunks/node_modules_next_dist_1gdrd03._.js:1945
[ 1074385ms] [ERROR] ./src/components/studio/rendering/MapRenderer.tsx:13:1
Export addSourcesAndLayers doesn't exist in target module
  11 | import type { CampusDocument } from '@navi/core'
  12 | import { SRC, HIDDEN_NODE_TYPES, LYR } from './constants'
> 13 | import { addSourcesAndLayers } from './layers'
     | ^^^^^^^^^^^^^^^^^^^^^^^^^^^^^^^^^^^^^^^^^^^^^^
  14 | import {
  15 |   buildNodeGeo,
  16 |   buildConnectionNodeGeo,

The export addSourcesAndLayers was not found in module [project]/src/components/studio/rendering/layers.ts [app-client] (ecmascript).
Did you mean to import addGraphSourcesAndLayers?
All exports of the module are statically known (It doesn't have dynamic exports). So it's known statically that the requested export doesn't exist.

Import traces:
  Client Component Browser:
    ./src/components/studio/rendering/MapRenderer.tsx [Client Component Browser]
    ./src/components/studio/StudioCanvas.tsx [Client Component Browser]
    ./src/components/studio/StudioWorkspace.tsx [Client Component Browser]
    ./src/app/(admin)/studio/[id]/edit/page.tsx [Client Component Browser]
    ./src/app/(admin)/studio/[id]/edit/page.tsx [Server Component]

  Client Component SSR:
    ./src/components/studio/rendering/MapRenderer.tsx [Client Component SSR]
    ./src/components/studio/StudioCanvas.tsx [Client Component SSR]
    ./src/components/studio/StudioWorkspace.tsx [Client Component SSR]
    ./src/app/(admin)/studio/[id]/edit/page.tsx [Client Component SSR]
    ./src/app/(admin)/studio/[id]/edit/page.tsx [Server Component] @ http://localhost:3000/_next/static/chunks/node_modules_next_dist_1gdrd03._.js:1945
[ 1074385ms] [ERROR] ./src/components/studio/rendering/MapRenderer.tsx:13:1
Export addSourcesAndLayers doesn't exist in target module
  11 | import type { CampusDocument } from '@navi/core'
  12 | import { SRC, HIDDEN_NODE_TYPES, LYR } from './constants'
> 13 | import { addSourcesAndLayers } from './layers'
     | ^^^^^^^^^^^^^^^^^^^^^^^^^^^^^^^^^^^^^^^^^^^^^^
  14 | import {
  15 |   buildNodeGeo,
  16 |   buildConnectionNodeGeo,

The export addSourcesAndLayers was not found in module [project]/src/components/studio/rendering/layers.ts [app-ssr] (ecmascript).
Did you mean to import addGraphSourcesAndLayers?
All exports of the module are statically known (It doesn't have dynamic exports). So it's known statically that the requested export doesn't exist.

Import traces:
  Client Component Browser:
    ./src/components/studio/rendering/MapRenderer.tsx [Client Component Browser]
    ./src/components/studio/StudioCanvas.tsx [Client Component Browser]
    ./src/components/studio/StudioWorkspace.tsx [Client Component Browser]
    ./src/app/(admin)/studio/[id]/edit/page.tsx [Client Component Browser]
    ./src/app/(admin)/studio/[id]/edit/page.tsx [Server Component]

  Client Component SSR:
    ./src/components/studio/rendering/MapRenderer.tsx [Client Component SSR]
    ./src/components/studio/StudioCanvas.tsx [Client Component SSR]
    ./src/components/studio/StudioWorkspace.tsx [Client Component SSR]
    ./src/app/(admin)/studio/[id]/edit/page.tsx [Client Component SSR]
    ./src/app/(admin)/studio/[id]/edit/page.tsx [Server Component] @ http://localhost:3000/_next/static/chunks/node_modules_next_dist_1gdrd03._.js:1945
[ 1074457ms] [LOG] [Fast Refresh] rebuilding @ http://localhost:3000/_next/static/chunks/node_modules_next_dist_1gdrd03._.js:1226
[ 1074547ms] [ERROR] ./src/components/studio/rendering/MapRenderer.tsx:13:1
Export addSourcesAndLayers doesn't exist in target module
  11 | import type { CampusDocument } from '@navi/core'
  12 | import { SRC, HIDDEN_NODE_TYPES, LYR } from './constants'
> 13 | import { addSourcesAndLayers } from './layers'
     | ^^^^^^^^^^^^^^^^^^^^^^^^^^^^^^^^^^^^^^^^^^^^^^
  14 | import {
  15 |   buildNodeGeo,
  16 |   buildConnectionNodeGeo,

The export addSourcesAndLayers was not found in module [project]/src/components/studio/rendering/layers.ts [app-client] (ecmascript).
Did you mean to import addGraphSourcesAndLayers?
All exports of the module are statically known (It doesn't have dynamic exports). So it's known statically that the requested export doesn't exist.

Import traces:
  Client Component Browser:
    ./src/components/studio/rendering/MapRenderer.tsx [Client Component Browser]
    ./src/components/studio/StudioCanvas.tsx [Client Component Browser]
    ./src/components/studio/StudioWorkspace.tsx [Client Component Browser]
    ./src/app/(admin)/studio/[id]/edit/page.tsx [Client Component Browser]
    ./src/app/(admin)/studio/[id]/edit/page.tsx [Server Component]

  Client Component SSR:
    ./src/components/studio/rendering/MapRenderer.tsx [Client Component SSR]
    ./src/components/studio/StudioCanvas.tsx [Client Component SSR]
    ./src/components/studio/StudioWorkspace.tsx [Client Component SSR]
    ./src/app/(admin)/studio/[id]/edit/page.tsx [Client Component SSR]
    ./src/app/(admin)/studio/[id]/edit/page.tsx [Server Component] @ http://localhost:3000/_next/static/chunks/node_modules_next_dist_1gdrd03._.js:1945
[ 1074547ms] [ERROR] ./src/components/studio/rendering/MapRenderer.tsx:13:1
Export addSourcesAndLayers doesn't exist in target module
  11 | import type { CampusDocument } from '@navi/core'
  12 | import { SRC, HIDDEN_NODE_TYPES, LYR } from './constants'
> 13 | import { addSourcesAndLayers } from './layers'
     | ^^^^^^^^^^^^^^^^^^^^^^^^^^^^^^^^^^^^^^^^^^^^^^
  14 | import {
  15 |   buildNodeGeo,
  16 |   buildConnectionNodeGeo,

The export addSourcesAndLayers was not found in module [project]/src/components/studio/rendering/layers.ts [app-ssr] (ecmascript).
Did you mean to import addGraphSourcesAndLayers?
All exports of the module are statically known (It doesn't have dynamic exports). So it's known statically that the requested export doesn't exist.

Import traces:
  Client Component Browser:
    ./src/components/studio/rendering/MapRenderer.tsx [Client Component Browser]
    ./src/components/studio/StudioCanvas.tsx [Client Component Browser]
    ./src/components/studio/StudioWorkspace.tsx [Client Component Browser]
    ./src/app/(admin)/studio/[id]/edit/page.tsx [Client Component Browser]
    ./src/app/(admin)/studio/[id]/edit/page.tsx [Server Component]

  Client Component SSR:
    ./src/components/studio/rendering/MapRenderer.tsx [Client Component SSR]
    ./src/components/studio/StudioCanvas.tsx [Client Component SSR]
    ./src/components/studio/StudioWorkspace.tsx [Client Component SSR]
    ./src/app/(admin)/studio/[id]/edit/page.tsx [Client Component SSR]
    ./src/app/(admin)/studio/[id]/edit/page.tsx [Server Component] @ http://localhost:3000/_next/static/chunks/node_modules_next_dist_1gdrd03._.js:1945
[ 1074574ms] [LOG] [Fast Refresh] rebuilding @ http://localhost:3000/_next/static/chunks/node_modules_next_dist_1gdrd03._.js:1226
[ 1074914ms] [ERROR] ./src/components/studio/rendering/MapRenderer.tsx:13:1
Export addSourcesAndLayers doesn't exist in target module
  11 | import type { CampusDocument } from '@navi/core'
  12 | import { SRC, HIDDEN_NODE_TYPES, LYR } from './constants'
> 13 | import { addSourcesAndLayers } from './layers'
     | ^^^^^^^^^^^^^^^^^^^^^^^^^^^^^^^^^^^^^^^^^^^^^^
  14 | import {
  15 |   buildNodeGeo,
  16 |   buildConnectionNodeGeo,

The export addSourcesAndLayers was not found in module [project]/src/components/studio/rendering/layers.ts [app-client] (ecmascript).
Did you mean to import addGraphSourcesAndLayers?
All exports of the module are statically known (It doesn't have dynamic exports). So it's known statically that the requested export doesn't exist.

Import traces:
  Client Component Browser:
    ./src/components/studio/rendering/MapRenderer.tsx [Client Component Browser]
    ./src/components/studio/StudioCanvas.tsx [Client Component Browser]
    ./src/components/studio/StudioWorkspace.tsx [Client Component Browser]
    ./src/app/(admin)/studio/[id]/edit/page.tsx [Client Component Browser]
    ./src/app/(admin)/studio/[id]/edit/page.tsx [Server Component]

  Client Component SSR:
    ./src/components/studio/rendering/MapRenderer.tsx [Client Component SSR]
    ./src/components/studio/StudioCanvas.tsx [Client Component SSR]
    ./src/components/studio/StudioWorkspace.tsx [Client Component SSR]
    ./src/app/(admin)/studio/[id]/edit/page.tsx [Client Component SSR]
    ./src/app/(admin)/studio/[id]/edit/page.tsx [Server Component] @ http://localhost:3000/_next/static/chunks/node_modules_next_dist_1gdrd03._.js:1945
[ 1074914ms] [ERROR] ./src/components/studio/rendering/MapRenderer.tsx:13:1
Export addSourcesAndLayers doesn't exist in target module
  11 | import type { CampusDocument } from '@navi/core'
  12 | import { SRC, HIDDEN_NODE_TYPES, LYR } from './constants'
> 13 | import { addSourcesAndLayers } from './layers'
     | ^^^^^^^^^^^^^^^^^^^^^^^^^^^^^^^^^^^^^^^^^^^^^^
  14 | import {
  15 |   buildNodeGeo,
  16 |   buildConnectionNodeGeo,

The export addSourcesAndLayers was not found in module [project]/src/components/studio/rendering/layers.ts [app-ssr] (ecmascript).
Did you mean to import addGraphSourcesAndLayers?
All exports of the module are statically known (It doesn't have dynamic exports). So it's known statically that the requested export doesn't exist.

Import traces:
  Client Component Browser:
    ./src/components/studio/rendering/MapRenderer.tsx [Client Component Browser]
    ./src/components/studio/StudioCanvas.tsx [Client Component Browser]
    ./src/components/studio/StudioWorkspace.tsx [Client Component Browser]
    ./src/app/(admin)/studio/[id]/edit/page.tsx [Client Component Browser]
    ./src/app/(admin)/studio/[id]/edit/page.tsx [Server Component]

  Client Component SSR:
    ./src/components/studio/rendering/MapRenderer.tsx [Client Component SSR]
    ./src/components/studio/StudioCanvas.tsx [Client Component SSR]
    ./src/components/studio/StudioWorkspace.tsx [Client Component SSR]
    ./src/app/(admin)/studio/[id]/edit/page.tsx [Client Component SSR]
    ./src/app/(admin)/studio/[id]/edit/page.tsx [Server Component] @ http://localhost:3000/_next/static/chunks/node_modules_next_dist_1gdrd03._.js:1945
[ 1074945ms] [LOG] [Fast Refresh] rebuilding @ http://localhost:3000/_next/static/chunks/node_modules_next_dist_1gdrd03._.js:1226
[ 1075058ms] [ERROR] ./src/components/studio/rendering/MapRenderer.tsx:13:1
Export addSourcesAndLayers doesn't exist in target module
  11 | import type { CampusDocument } from '@navi/core'
  12 | import { SRC, HIDDEN_NODE_TYPES, LYR } from './constants'
> 13 | import { addSourcesAndLayers } from './layers'
     | ^^^^^^^^^^^^^^^^^^^^^^^^^^^^^^^^^^^^^^^^^^^^^^
  14 | import {
  15 |   buildNodeGeo,
  16 |   buildConnectionNodeGeo,

The export addSourcesAndLayers was not found in module [project]/src/components/studio/rendering/layers.ts [app-client] (ecmascript).
Did you mean to import addGraphSourcesAndLayers?
All exports of the module are statically known (It doesn't have dynamic exports). So it's known statically that the requested export doesn't exist.

Import traces:
  Client Component Browser:
    ./src/components/studio/rendering/MapRenderer.tsx [Client Component Browser]
    ./src/components/studio/StudioCanvas.tsx [Client Component Browser]
    ./src/components/studio/StudioWorkspace.tsx [Client Component Browser]
    ./src/app/(admin)/studio/[id]/edit/page.tsx [Client Component Browser]
    ./src/app/(admin)/studio/[id]/edit/page.tsx [Server Component]

  Client Component SSR:
    ./src/components/studio/rendering/MapRenderer.tsx [Client Component SSR]
    ./src/components/studio/StudioCanvas.tsx [Client Component SSR]
    ./src/components/studio/StudioWorkspace.tsx [Client Component SSR]
    ./src/app/(admin)/studio/[id]/edit/page.tsx [Client Component SSR]
    ./src/app/(admin)/studio/[id]/edit/page.tsx [Server Component] @ http://localhost:3000/_next/static/chunks/node_modules_next_dist_1gdrd03._.js:1945
[ 1075058ms] [ERROR] ./src/components/studio/rendering/MapRenderer.tsx:13:1
Export addSourcesAndLayers doesn't exist in target module
  11 | import type { CampusDocument } from '@navi/core'
  12 | import { SRC, HIDDEN_NODE_TYPES, LYR } from './constants'
> 13 | import { addSourcesAndLayers } from './layers'
     | ^^^^^^^^^^^^^^^^^^^^^^^^^^^^^^^^^^^^^^^^^^^^^^
  14 | import {
  15 |   buildNodeGeo,
  16 |   buildConnectionNodeGeo,

The export addSourcesAndLayers was not found in module [project]/src/components/studio/rendering/layers.ts [app-ssr] (ecmascript).
Did you mean to import addGraphSourcesAndLayers?
All exports of the module are statically known (It doesn't have dynamic exports). So it's known statically that the requested export doesn't exist.

Import traces:
  Client Component Browser:
    ./src/components/studio/rendering/MapRenderer.tsx [Client Component Browser]
    ./src/components/studio/StudioCanvas.tsx [Client Component Browser]
    ./src/components/studio/StudioWorkspace.tsx [Client Component Browser]
    ./src/app/(admin)/studio/[id]/edit/page.tsx [Client Component Browser]
    ./src/app/(admin)/studio/[id]/edit/page.tsx [Server Component]

  Client Component SSR:
    ./src/components/studio/rendering/MapRenderer.tsx [Client Component SSR]
    ./src/components/studio/StudioCanvas.tsx [Client Component SSR]
    ./src/components/studio/StudioWorkspace.tsx [Client Component SSR]
    ./src/app/(admin)/studio/[id]/edit/page.tsx [Client Component SSR]
    ./src/app/(admin)/studio/[id]/edit/page.tsx [Server Component] @ http://localhost:3000/_next/static/chunks/node_modules_next_dist_1gdrd03._.js:1945
[ 1075107ms] [LOG] [Fast Refresh] rebuilding @ http://localhost:3000/_next/static/chunks/node_modules_next_dist_1gdrd03._.js:1226
[ 1086266ms] [LOG] [Fast Refresh] rebuilding @ http://localhost:3000/_next/static/chunks/node_modules_next_dist_1gdrd03._.js:1226
[ 1086376ms] [ERROR] ./src/components/studio/rendering/MapRenderer.tsx:13:1
Export addSourcesAndLayers doesn't exist in target module
  11 | import type { CampusDocument } from '@navi/core'
  12 | import { SRC, HIDDEN_NODE_TYPES, LYR } from './constants'
> 13 | import { addSourcesAndLayers } from './layers'
     | ^^^^^^^^^^^^^^^^^^^^^^^^^^^^^^^^^^^^^^^^^^^^^^
  14 | import {
  15 |   buildNodeGeo,
  16 |   buildConnectionNodeGeo,

The export addSourcesAndLayers was not found in module [project]/src/components/studio/rendering/layers.ts [app-client] (ecmascript).
Did you mean to import addGraphSourcesAndLayers?
All exports of the module are statically known (It doesn't have dynamic exports). So it's known statically that the requested export doesn't exist.

Import traces:
  Client Component Browser:
    ./src/components/studio/rendering/MapRenderer.tsx [Client Component Browser]
    ./src/components/studio/StudioCanvas.tsx [Client Component Browser]
    ./src/components/studio/StudioWorkspace.tsx [Client Component Browser]
    ./src/app/(admin)/studio/[id]/edit/page.tsx [Client Component Browser]
    ./src/app/(admin)/studio/[id]/edit/page.tsx [Server Component]

  Client Component SSR:
    ./src/components/studio/rendering/MapRenderer.tsx [Client Component SSR]
    ./src/components/studio/StudioCanvas.tsx [Client Component SSR]
    ./src/components/studio/StudioWorkspace.tsx [Client Component SSR]
    ./src/app/(admin)/studio/[id]/edit/page.tsx [Client Component SSR]
    ./src/app/(admin)/studio/[id]/edit/page.tsx [Server Component] @ http://localhost:3000/_next/static/chunks/node_modules_next_dist_1gdrd03._.js:1945
[ 1086376ms] [ERROR] ./src/components/studio/rendering/MapRenderer.tsx:13:1
Export addSourcesAndLayers doesn't exist in target module
  11 | import type { CampusDocument } from '@navi/core'
  12 | import { SRC, HIDDEN_NODE_TYPES, LYR } from './constants'
> 13 | import { addSourcesAndLayers } from './layers'
     | ^^^^^^^^^^^^^^^^^^^^^^^^^^^^^^^^^^^^^^^^^^^^^^
  14 | import {
  15 |   buildNodeGeo,
  16 |   buildConnectionNodeGeo,

The export addSourcesAndLayers was not found in module [project]/src/components/studio/rendering/layers.ts [app-ssr] (ecmascript).
Did you mean to import addGraphSourcesAndLayers?
All exports of the module are statically known (It doesn't have dynamic exports). So it's known statically that the requested export doesn't exist.

Import traces:
  Client Component Browser:
    ./src/components/studio/rendering/MapRenderer.tsx [Client Component Browser]
    ./src/components/studio/StudioCanvas.tsx [Client Component Browser]
    ./src/components/studio/StudioWorkspace.tsx [Client Component Browser]
    ./src/app/(admin)/studio/[id]/edit/page.tsx [Client Component Browser]
    ./src/app/(admin)/studio/[id]/edit/page.tsx [Server Component]

  Client Component SSR:
    ./src/components/studio/rendering/MapRenderer.tsx [Client Component SSR]
    ./src/components/studio/StudioCanvas.tsx [Client Component SSR]
    ./src/components/studio/StudioWorkspace.tsx [Client Component SSR]
    ./src/app/(admin)/studio/[id]/edit/page.tsx [Client Component SSR]
    ./src/app/(admin)/studio/[id]/edit/page.tsx [Server Component] @ http://localhost:3000/_next/static/chunks/node_modules_next_dist_1gdrd03._.js:1945
[ 1086447ms] [ERROR] Failed to load resource: the server responded with a status of 500 (Internal Server Error) @ http://localhost:3000/studio/verify-campus/edit:0
[ 1086488ms] [INFO] %cDownload the React DevTools for a better development experience: https://react.dev/link/react-devtools font-weight:bold @ http://localhost:3000/_next/static/chunks/node_modules_react-dom_0kla17-._.js:15305
[ 1086504ms] Error: ./src/components/studio/rendering/MapRenderer.tsx:13:1
Export addSourcesAndLayers doesn't exist in target module
  11 | import type { CampusDocument } from '@navi/core'
  12 | import { SRC, HIDDEN_NODE_TYPES, LYR } from './constants'
> 13 | import { addSourcesAndLayers } from './layers'
     | ^^^^^^^^^^^^^^^^^^^^^^^^^^^^^^^^^^^^^^^^^^^^^^
  14 | import {
  15 |   buildNodeGeo,
  16 |   buildConnectionNodeGeo,

The export addSourcesAndLayers was not found in module [project]/src/components/studio/rendering/layers.ts [app-client] (ecmascript).
Did you mean to import addGraphSourcesAndLayers?
All exports of the module are statically known (It doesn't have dynamic exports). So it's known statically that the requested export doesn't exist.

Import traces:
  Client Component Browser:
    ./src/components/studio/rendering/MapRenderer.tsx [Client Component Browser]
    ./src/components/studio/StudioCanvas.tsx [Client Component Browser]
    ./src/components/studio/StudioWorkspace.tsx [Client Component Browser]
    ./src/app/(admin)/studio/[id]/edit/page.tsx [Client Component Browser]
    ./src/app/(admin)/studio/[id]/edit/page.tsx [Server Component]

  Client Component SSR:
    ./src/components/studio/rendering/MapRenderer.tsx [Client Component SSR]
    ./src/components/studio/StudioCanvas.tsx [Client Component SSR]
    ./src/components/studio/StudioWorkspace.tsx [Client Component SSR]
    ./src/app/(admin)/studio/[id]/edit/page.tsx [Client Component SSR]
    ./src/app/(admin)/studio/[id]/edit/page.tsx [Server Component]


    at <unknown> (Error: ./src/components/studio/rendering/MapRenderer.tsx:13:1)
    at Object.getCompilationErrors (file://C:\Users\Administrator\Desktop\CODEme\Navi\navi-next\node_modules\next\dist\server\dev\hot-reloader-turbopack.js:1186:59)
    at DevBundlerService.getCompilationError (file://C:\Users\Administrator\Desktop\CODEme\Navi\navi-next\node_modules\next\dist\server\lib\dev-bundler-service.js:44:55)
    at DevServer.getCompilationError (file://C:\Users\Administrator\Desktop\CODEme\Navi\navi-next\node_modules\next\dist\server\dev\next-dev-server.js:720:42)
    at DevServer.findPageComponents (file://C:\Users\Administrator\Desktop\CODEme\Navi\navi-next\node_modules\next\dist\server\dev\next-dev-server.js:690:43)
    at async DevServer.renderErrorToResponseImpl (file://C:\Users\Administrator\Desktop\CODEme\Navi\navi-next\node_modules\next\dist\server\base-server.js:1753:26)
[ 1086510ms] [LOG] [HMR] connected @ http://localhost:3000/_next/static/chunks/node_modules_next_dist_1gdrd03._.js:1226
[ 1086515ms] [ERROR] ./src/components/studio/rendering/MapRenderer.tsx:13:1
Export addSourcesAndLayers doesn't exist in target module
  11 | import type { CampusDocument } from '@navi/core'
  12 | import { SRC, HIDDEN_NODE_TYPES, LYR } from './constants'
> 13 | import { addSourcesAndLayers } from './layers'
     | ^^^^^^^^^^^^^^^^^^^^^^^^^^^^^^^^^^^^^^^^^^^^^^
  14 | import {
  15 |   buildNodeGeo,
  16 |   buildConnectionNodeGeo,

The export addSourcesAndLayers was not found in module [project]/src/components/studio/rendering/layers.ts [app-client] (ecmascript).
Did you mean to import addGraphSourcesAndLayers?
All exports of the module are statically known (It doesn't have dynamic exports). So it's known statically that the requested export doesn't exist.

Import traces:
  Client Component Browser:
    ./src/components/studio/rendering/MapRenderer.tsx [Client Component Browser]
    ./src/components/studio/StudioCanvas.tsx [Client Component Browser]
    ./src/components/studio/StudioWorkspace.tsx [Client Component Browser]
    ./src/app/(admin)/studio/[id]/edit/page.tsx [Client Component Browser]
    ./src/app/(admin)/studio/[id]/edit/page.tsx [Server Component]

  Client Component SSR:
    ./src/components/studio/rendering/MapRenderer.tsx [Client Component SSR]
    ./src/components/studio/StudioCanvas.tsx [Client Component SSR]
    ./src/components/studio/StudioWorkspace.tsx [Client Component SSR]
    ./src/app/(admin)/studio/[id]/edit/page.tsx [Client Component SSR]
    ./src/app/(admin)/studio/[id]/edit/page.tsx [Server Component] @ http://localhost:3000/_next/static/chunks/node_modules_next_dist_1gdrd03._.js:1945
[ 1086515ms] [ERROR] ./src/components/studio/rendering/MapRenderer.tsx:13:1
Export addSourcesAndLayers doesn't exist in target module
  11 | import type { CampusDocument } from '@navi/core'
  12 | import { SRC, HIDDEN_NODE_TYPES, LYR } from './constants'
> 13 | import { addSourcesAndLayers } from './layers'
     | ^^^^^^^^^^^^^^^^^^^^^^^^^^^^^^^^^^^^^^^^^^^^^^
  14 | import {
  15 |   buildNodeGeo,
  16 |   buildConnectionNodeGeo,

The export addSourcesAndLayers was not found in module [project]/src/components/studio/rendering/layers.ts [app-ssr] (ecmascript).
Did you mean to import addGraphSourcesAndLayers?
All exports of the module are statically known (It doesn't have dynamic exports). So it's known statically that the requested export doesn't exist.

Import traces:
  Client Component Browser:
    ./src/components/studio/rendering/MapRenderer.tsx [Client Component Browser]
    ./src/components/studio/StudioCanvas.tsx [Client Component Browser]
    ./src/components/studio/StudioWorkspace.tsx [Client Component Browser]
    ./src/app/(admin)/studio/[id]/edit/page.tsx [Client Component Browser]
    ./src/app/(admin)/studio/[id]/edit/page.tsx [Server Component]

  Client Component SSR:
    ./src/components/studio/rendering/MapRenderer.tsx [Client Component SSR]
    ./src/components/studio/StudioCanvas.tsx [Client Component SSR]
    ./src/components/studio/StudioWorkspace.tsx [Client Component SSR]
    ./src/app/(admin)/studio/[id]/edit/page.tsx [Client Component SSR]
    ./src/app/(admin)/studio/[id]/edit/page.tsx [Server Component] @ http://localhost:3000/_next/static/chunks/node_modules_next_dist_1gdrd03._.js:1945
[ 1086559ms] [ERROR] ./src/components/studio/rendering/MapRenderer.tsx:13:1
Export addSourcesAndLayers doesn't exist in target module
  11 | import type { CampusDocument } from '@navi/core'
  12 | import { SRC, HIDDEN_NODE_TYPES, LYR } from './constants'
> 13 | import { addSourcesAndLayers } from './layers'
     | ^^^^^^^^^^^^^^^^^^^^^^^^^^^^^^^^^^^^^^^^^^^^^^
  14 | import {
  15 |   buildNodeGeo,
  16 |   buildConnectionNodeGeo,

The export addSourcesAndLayers was not found in module [project]/src/components/studio/rendering/layers.ts [app-client] (ecmascript).
Did you mean to import addGraphSourcesAndLayers?
All exports of the module are statically known (It doesn't have dynamic exports). So it's known statically that the requested export doesn't exist.

Import traces:
  Client Component Browser:
    ./src/components/studio/rendering/MapRenderer.tsx [Client Component Browser]
    ./src/components/studio/StudioCanvas.tsx [Client Component Browser]
    ./src/components/studio/StudioWorkspace.tsx [Client Component Browser]
    ./src/app/(admin)/studio/[id]/edit/page.tsx [Client Component Browser]
    ./src/app/(admin)/studio/[id]/edit/page.tsx [Server Component]

  Client Component SSR:
    ./src/components/studio/rendering/MapRenderer.tsx [Client Component SSR]
    ./src/components/studio/StudioCanvas.tsx [Client Component SSR]
    ./src/components/studio/StudioWorkspace.tsx [Client Component SSR]
    ./src/app/(admin)/studio/[id]/edit/page.tsx [Client Component SSR]
    ./src/app/(admin)/studio/[id]/edit/page.tsx [Server Component] @ http://localhost:3000/_next/static/chunks/node_modules_next_dist_1gdrd03._.js:1945
[ 1086559ms] [ERROR] ./src/components/studio/rendering/MapRenderer.tsx:13:1
Export addSourcesAndLayers doesn't exist in target module
  11 | import type { CampusDocument } from '@navi/core'
  12 | import { SRC, HIDDEN_NODE_TYPES, LYR } from './constants'
> 13 | import { addSourcesAndLayers } from './layers'
     | ^^^^^^^^^^^^^^^^^^^^^^^^^^^^^^^^^^^^^^^^^^^^^^
  14 | import {
  15 |   buildNodeGeo,
  16 |   buildConnectionNodeGeo,

The export addSourcesAndLayers was not found in module [project]/src/components/studio/rendering/layers.ts [app-ssr] (ecmascript).
Did you mean to import addGraphSourcesAndLayers?
All exports of the module are statically known (It doesn't have dynamic exports). So it's known statically that the requested export doesn't exist.

Import traces:
  Client Component Browser:
    ./src/components/studio/rendering/MapRenderer.tsx [Client Component Browser]
    ./src/components/studio/StudioCanvas.tsx [Client Component Browser]
    ./src/components/studio/StudioWorkspace.tsx [Client Component Browser]
    ./src/app/(admin)/studio/[id]/edit/page.tsx [Client Component Browser]
    ./src/app/(admin)/studio/[id]/edit/page.tsx [Server Component]

  Client Component SSR:
    ./src/components/studio/rendering/MapRenderer.tsx [Client Component SSR]
    ./src/components/studio/StudioCanvas.tsx [Client Component SSR]
    ./src/components/studio/StudioWorkspace.tsx [Client Component SSR]
    ./src/app/(admin)/studio/[id]/edit/page.tsx [Client Component SSR]
    ./src/app/(admin)/studio/[id]/edit/page.tsx [Server Component] @ http://localhost:3000/_next/static/chunks/node_modules_next_dist_1gdrd03._.js:1945
[ 1086726ms] [ERROR] ./src/components/studio/rendering/MapRenderer.tsx:13:1
Export addSourcesAndLayers doesn't exist in target module
  11 | import type { CampusDocument } from '@navi/core'
  12 | import { SRC, HIDDEN_NODE_TYPES, LYR } from './constants'
> 13 | import { addSourcesAndLayers } from './layers'
     | ^^^^^^^^^^^^^^^^^^^^^^^^^^^^^^^^^^^^^^^^^^^^^^
  14 | import {
  15 |   buildNodeGeo,
  16 |   buildConnectionNodeGeo,

The export addSourcesAndLayers was not found in module [project]/src/components/studio/rendering/layers.ts [app-client] (ecmascript).
Did you mean to import addGraphSourcesAndLayers?
All exports of the module are statically known (It doesn't have dynamic exports). So it's known statically that the requested export doesn't exist.

Import traces:
  Client Component Browser:
    ./src/components/studio/rendering/MapRenderer.tsx [Client Component Browser]
    ./src/components/studio/StudioCanvas.tsx [Client Component Browser]
    ./src/components/studio/StudioWorkspace.tsx [Client Component Browser]
    ./src/app/(admin)/studio/[id]/edit/page.tsx [Client Component Browser]
    ./src/app/(admin)/studio/[id]/edit/page.tsx [Server Component]

  Client Component SSR:
    ./src/components/studio/rendering/MapRenderer.tsx [Client Component SSR]
    ./src/components/studio/StudioCanvas.tsx [Client Component SSR]
    ./src/components/studio/StudioWorkspace.tsx [Client Component SSR]
    ./src/app/(admin)/studio/[id]/edit/page.tsx [Client Component SSR]
    ./src/app/(admin)/studio/[id]/edit/page.tsx [Server Component] @ http://localhost:3000/_next/static/chunks/node_modules_next_dist_1gdrd03._.js:1945
[ 1086726ms] [ERROR] ./src/components/studio/rendering/MapRenderer.tsx:13:1
Export addSourcesAndLayers doesn't exist in target module
  11 | import type { CampusDocument } from '@navi/core'
  12 | import { SRC, HIDDEN_NODE_TYPES, LYR } from './constants'
> 13 | import { addSourcesAndLayers } from './layers'
     | ^^^^^^^^^^^^^^^^^^^^^^^^^^^^^^^^^^^^^^^^^^^^^^
  14 | import {
  15 |   buildNodeGeo,
  16 |   buildConnectionNodeGeo,

The export addSourcesAndLayers was not found in module [project]/src/components/studio/rendering/layers.ts [app-ssr] (ecmascript).
Did you mean to import addGraphSourcesAndLayers?
All exports of the module are statically known (It doesn't have dynamic exports). So it's known statically that the requested export doesn't exist.

Import traces:
  Client Component Browser:
    ./src/components/studio/rendering/MapRenderer.tsx [Client Component Browser]
    ./src/components/studio/StudioCanvas.tsx [Client Component Browser]
    ./src/components/studio/StudioWorkspace.tsx [Client Component Browser]
    ./src/app/(admin)/studio/[id]/edit/page.tsx [Client Component Browser]
    ./src/app/(admin)/studio/[id]/edit/page.tsx [Server Component]

  Client Component SSR:
    ./src/components/studio/rendering/MapRenderer.tsx [Client Component SSR]
    ./src/components/studio/StudioCanvas.tsx [Client Component SSR]
    ./src/components/studio/StudioWorkspace.tsx [Client Component SSR]
    ./src/app/(admin)/studio/[id]/edit/page.tsx [Client Component SSR]
    ./src/app/(admin)/studio/[id]/edit/page.tsx [Server Component] @ http://localhost:3000/_next/static/chunks/node_modules_next_dist_1gdrd03._.js:1945
[ 1086768ms] [LOG] [Fast Refresh] rebuilding @ http://localhost:3000/_next/static/chunks/node_modules_next_dist_1gdrd03._.js:1226
[ 1086897ms] [ERROR] ./src/components/studio/rendering/MapRenderer.tsx:13:1
Export addSourcesAndLayers doesn't exist in target module
  11 | import type { CampusDocument } from '@navi/core'
  12 | import { SRC, HIDDEN_NODE_TYPES, LYR } from './constants'
> 13 | import { addSourcesAndLayers } from './layers'
     | ^^^^^^^^^^^^^^^^^^^^^^^^^^^^^^^^^^^^^^^^^^^^^^
  14 | import {
  15 |   buildNodeGeo,
  16 |   buildConnectionNodeGeo,

The export addSourcesAndLayers was not found in module [project]/src/components/studio/rendering/layers.ts [app-client] (ecmascript).
Did you mean to import addGraphSourcesAndLayers?
All exports of the module are statically known (It doesn't have dynamic exports). So it's known statically that the requested export doesn't exist.

Import traces:
  Client Component Browser:
    ./src/components/studio/rendering/MapRenderer.tsx [Client Component Browser]
    ./src/components/studio/StudioCanvas.tsx [Client Component Browser]
    ./src/components/studio/StudioWorkspace.tsx [Client Component Browser]
    ./src/app/(admin)/studio/[id]/edit/page.tsx [Client Component Browser]
    ./src/app/(admin)/studio/[id]/edit/page.tsx [Server Component]

  Client Component SSR:
    ./src/components/studio/rendering/MapRenderer.tsx [Client Component SSR]
    ./src/components/studio/StudioCanvas.tsx [Client Component SSR]
    ./src/components/studio/StudioWorkspace.tsx [Client Component SSR]
    ./src/app/(admin)/studio/[id]/edit/page.tsx [Client Component SSR]
    ./src/app/(admin)/studio/[id]/edit/page.tsx [Server Component] @ http://localhost:3000/_next/static/chunks/node_modules_next_dist_1gdrd03._.js:1945
[ 1086898ms] [ERROR] ./src/components/studio/rendering/MapRenderer.tsx:13:1
Export addSourcesAndLayers doesn't exist in target module
  11 | import type { CampusDocument } from '@navi/core'
  12 | import { SRC, HIDDEN_NODE_TYPES, LYR } from './constants'
> 13 | import { addSourcesAndLayers } from './layers'
     | ^^^^^^^^^^^^^^^^^^^^^^^^^^^^^^^^^^^^^^^^^^^^^^
  14 | import {
  15 |   buildNodeGeo,
  16 |   buildConnectionNodeGeo,

The export addSourcesAndLayers was not found in module [project]/src/components/studio/rendering/layers.ts [app-ssr] (ecmascript).
Did you mean to import addGraphSourcesAndLayers?
All exports of the module are statically known (It doesn't have dynamic exports). So it's known statically that the requested export doesn't exist.

Import traces:
  Client Component Browser:
    ./src/components/studio/rendering/MapRenderer.tsx [Client Component Browser]
    ./src/components/studio/StudioCanvas.tsx [Client Component Browser]
    ./src/components/studio/StudioWorkspace.tsx [Client Component Browser]
    ./src/app/(admin)/studio/[id]/edit/page.tsx [Client Component Browser]
    ./src/app/(admin)/studio/[id]/edit/page.tsx [Server Component]

  Client Component SSR:
    ./src/components/studio/rendering/MapRenderer.tsx [Client Component SSR]
    ./src/components/studio/StudioCanvas.tsx [Client Component SSR]
    ./src/components/studio/StudioWorkspace.tsx [Client Component SSR]
    ./src/app/(admin)/studio/[id]/edit/page.tsx [Client Component SSR]
    ./src/app/(admin)/studio/[id]/edit/page.tsx [Server Component] @ http://localhost:3000/_next/static/chunks/node_modules_next_dist_1gdrd03._.js:1945
[ 1086942ms] [ERROR] ./src/components/studio/rendering/MapRenderer.tsx:13:1
Export addSourcesAndLayers doesn't exist in target module
  11 | import type { CampusDocument } from '@navi/core'
  12 | import { SRC, HIDDEN_NODE_TYPES, LYR } from './constants'
> 13 | import { addSourcesAndLayers } from './layers'
     | ^^^^^^^^^^^^^^^^^^^^^^^^^^^^^^^^^^^^^^^^^^^^^^
  14 | import {
  15 |   buildNodeGeo,
  16 |   buildConnectionNodeGeo,

The export addSourcesAndLayers was not found in module [project]/src/components/studio/rendering/layers.ts [app-client] (ecmascript).
Did you mean to import addGraphSourcesAndLayers?
All exports of the module are statically known (It doesn't have dynamic exports). So it's known statically that the requested export doesn't exist.

Import traces:
  Client Component Browser:
    ./src/components/studio/rendering/MapRenderer.tsx [Client Component Browser]
    ./src/components/studio/StudioCanvas.tsx [Client Component Browser]
    ./src/components/studio/StudioWorkspace.tsx [Client Component Browser]
    ./src/app/(admin)/studio/[id]/edit/page.tsx [Client Component Browser]
    ./src/app/(admin)/studio/[id]/edit/page.tsx [Server Component]

  Client Component SSR:
    ./src/components/studio/rendering/MapRenderer.tsx [Client Component SSR]
    ./src/components/studio/StudioCanvas.tsx [Client Component SSR]
    ./src/components/studio/StudioWorkspace.tsx [Client Component SSR]
    ./src/app/(admin)/studio/[id]/edit/page.tsx [Client Component SSR]
    ./src/app/(admin)/studio/[id]/edit/page.tsx [Server Component] @ http://localhost:3000/_next/static/chunks/node_modules_next_dist_1gdrd03._.js:1945
[ 1086942ms] [ERROR] ./src/components/studio/rendering/MapRenderer.tsx:13:1
Export addSourcesAndLayers doesn't exist in target module
  11 | import type { CampusDocument } from '@navi/core'
  12 | import { SRC, HIDDEN_NODE_TYPES, LYR } from './constants'
> 13 | import { addSourcesAndLayers } from './layers'
     | ^^^^^^^^^^^^^^^^^^^^^^^^^^^^^^^^^^^^^^^^^^^^^^
  14 | import {
  15 |   buildNodeGeo,
  16 |   buildConnectionNodeGeo,

The export addSourcesAndLayers was not found in module [project]/src/components/studio/rendering/layers.ts [app-ssr] (ecmascript).
Did you mean to import addGraphSourcesAndLayers?
All exports of the module are statically known (It doesn't have dynamic exports). So it's known statically that the requested export doesn't exist.

Import traces:
  Client Component Browser:
    ./src/components/studio/rendering/MapRenderer.tsx [Client Component Browser]
    ./src/components/studio/StudioCanvas.tsx [Client Component Browser]
    ./src/components/studio/StudioWorkspace.tsx [Client Component Browser]
    ./src/app/(admin)/studio/[id]/edit/page.tsx [Client Component Browser]
    ./src/app/(admin)/studio/[id]/edit/page.tsx [Server Component]

  Client Component SSR:
    ./src/components/studio/rendering/MapRenderer.tsx [Client Component SSR]
    ./src/components/studio/StudioCanvas.tsx [Client Component SSR]
    ./src/components/studio/StudioWorkspace.tsx [Client Component SSR]
    ./src/app/(admin)/studio/[id]/edit/page.tsx [Client Component SSR]
    ./src/app/(admin)/studio/[id]/edit/page.tsx [Server Component] @ http://localhost:3000/_next/static/chunks/node_modules_next_dist_1gdrd03._.js:1945
[ 1086998ms] [LOG] [Fast Refresh] rebuilding @ http://localhost:3000/_next/static/chunks/node_modules_next_dist_1gdrd03._.js:1226
[ 1087075ms] [ERROR] ./src/components/studio/rendering/MapRenderer.tsx:13:1
Export addSourcesAndLayers doesn't exist in target module
  11 | import type { CampusDocument } from '@navi/core'
  12 | import { SRC, HIDDEN_NODE_TYPES, LYR } from './constants'
> 13 | import { addSourcesAndLayers } from './layers'
     | ^^^^^^^^^^^^^^^^^^^^^^^^^^^^^^^^^^^^^^^^^^^^^^
  14 | import {
  15 |   buildNodeGeo,
  16 |   buildConnectionNodeGeo,

The export addSourcesAndLayers was not found in module [project]/src/components/studio/rendering/layers.ts [app-client] (ecmascript).
Did you mean to import addGraphSourcesAndLayers?
All exports of the module are statically known (It doesn't have dynamic exports). So it's known statically that the requested export doesn't exist.

Import traces:
  Client Component Browser:
    ./src/components/studio/rendering/MapRenderer.tsx [Client Component Browser]
    ./src/components/studio/StudioCanvas.tsx [Client Component Browser]
    ./src/components/studio/StudioWorkspace.tsx [Client Component Browser]
    ./src/app/(admin)/studio/[id]/edit/page.tsx [Client Component Browser]
    ./src/app/(admin)/studio/[id]/edit/page.tsx [Server Component]

  Client Component SSR:
    ./src/components/studio/rendering/MapRenderer.tsx [Client Component SSR]
    ./src/components/studio/StudioCanvas.tsx [Client Component SSR]
    ./src/components/studio/StudioWorkspace.tsx [Client Component SSR]
    ./src/app/(admin)/studio/[id]/edit/page.tsx [Client Component SSR]
    ./src/app/(admin)/studio/[id]/edit/page.tsx [Server Component] @ http://localhost:3000/_next/static/chunks/node_modules_next_dist_1gdrd03._.js:1945
[ 1087075ms] [ERROR] ./src/components/studio/rendering/MapRenderer.tsx:13:1
Export addSourcesAndLayers doesn't exist in target module
  11 | import type { CampusDocument } from '@navi/core'
  12 | import { SRC, HIDDEN_NODE_TYPES, LYR } from './constants'
> 13 | import { addSourcesAndLayers } from './layers'
     | ^^^^^^^^^^^^^^^^^^^^^^^^^^^^^^^^^^^^^^^^^^^^^^
  14 | import {
  15 |   buildNodeGeo,
  16 |   buildConnectionNodeGeo,

The export addSourcesAndLayers was not found in module [project]/src/components/studio/rendering/layers.ts [app-ssr] (ecmascript).
Did you mean to import addGraphSourcesAndLayers?
All exports of the module are statically known (It doesn't have dynamic exports). So it's known statically that the requested export doesn't exist.

Import traces:
  Client Component Browser:
    ./src/components/studio/rendering/MapRenderer.tsx [Client Component Browser]
    ./src/components/studio/StudioCanvas.tsx [Client Component Browser]
    ./src/components/studio/StudioWorkspace.tsx [Client Component Browser]
    ./src/app/(admin)/studio/[id]/edit/page.tsx [Client Component Browser]
    ./src/app/(admin)/studio/[id]/edit/page.tsx [Server Component]

  Client Component SSR:
    ./src/components/studio/rendering/MapRenderer.tsx [Client Component SSR]
    ./src/components/studio/StudioCanvas.tsx [Client Component SSR]
    ./src/components/studio/StudioWorkspace.tsx [Client Component SSR]
    ./src/app/(admin)/studio/[id]/edit/page.tsx [Client Component SSR]
    ./src/app/(admin)/studio/[id]/edit/page.tsx [Server Component] @ http://localhost:3000/_next/static/chunks/node_modules_next_dist_1gdrd03._.js:1945
[ 1087124ms] [LOG] [Fast Refresh] rebuilding @ http://localhost:3000/_next/static/chunks/node_modules_next_dist_1gdrd03._.js:1226
[ 1087345ms] [ERROR] ./src/components/studio/rendering/MapRenderer.tsx:13:1
Export addSourcesAndLayers doesn't exist in target module
  11 | import type { CampusDocument } from '@navi/core'
  12 | import { SRC, HIDDEN_NODE_TYPES, LYR } from './constants'
> 13 | import { addSourcesAndLayers } from './layers'
     | ^^^^^^^^^^^^^^^^^^^^^^^^^^^^^^^^^^^^^^^^^^^^^^
  14 | import {
  15 |   buildNodeGeo,
  16 |   buildConnectionNodeGeo,

The export addSourcesAndLayers was not found in module [project]/src/components/studio/rendering/layers.ts [app-client] (ecmascript).
Did you mean to import addGraphSourcesAndLayers?
All exports of the module are statically known (It doesn't have dynamic exports). So it's known statically that the requested export doesn't exist.

Import traces:
  Client Component Browser:
    ./src/components/studio/rendering/MapRenderer.tsx [Client Component Browser]
    ./src/components/studio/StudioCanvas.tsx [Client Component Browser]
    ./src/components/studio/StudioWorkspace.tsx [Client Component Browser]
    ./src/app/(admin)/studio/[id]/edit/page.tsx [Client Component Browser]
    ./src/app/(admin)/studio/[id]/edit/page.tsx [Server Component]

  Client Component SSR:
    ./src/components/studio/rendering/MapRenderer.tsx [Client Component SSR]
    ./src/components/studio/StudioCanvas.tsx [Client Component SSR]
    ./src/components/studio/StudioWorkspace.tsx [Client Component SSR]
    ./src/app/(admin)/studio/[id]/edit/page.tsx [Client Component SSR]
    ./src/app/(admin)/studio/[id]/edit/page.tsx [Server Component] @ http://localhost:3000/_next/static/chunks/node_modules_next_dist_1gdrd03._.js:1945
[ 1087345ms] [ERROR] ./src/components/studio/rendering/MapRenderer.tsx:13:1
Export addSourcesAndLayers doesn't exist in target module
  11 | import type { CampusDocument } from '@navi/core'
  12 | import { SRC, HIDDEN_NODE_TYPES, LYR } from './constants'
> 13 | import { addSourcesAndLayers } from './layers'
     | ^^^^^^^^^^^^^^^^^^^^^^^^^^^^^^^^^^^^^^^^^^^^^^
  14 | import {
  15 |   buildNodeGeo,
  16 |   buildConnectionNodeGeo,

The export addSourcesAndLayers was not found in module [project]/src/components/studio/rendering/layers.ts [app-ssr] (ecmascript).
Did you mean to import addGraphSourcesAndLayers?
All exports of the module are statically known (It doesn't have dynamic exports). So it's known statically that the requested export doesn't exist.

Import traces:
  Client Component Browser:
    ./src/components/studio/rendering/MapRenderer.tsx [Client Component Browser]
    ./src/components/studio/StudioCanvas.tsx [Client Component Browser]
    ./src/components/studio/StudioWorkspace.tsx [Client Component Browser]
    ./src/app/(admin)/studio/[id]/edit/page.tsx [Client Component Browser]
    ./src/app/(admin)/studio/[id]/edit/page.tsx [Server Component]

  Client Component SSR:
    ./src/components/studio/rendering/MapRenderer.tsx [Client Component SSR]
    ./src/components/studio/StudioCanvas.tsx [Client Component SSR]
    ./src/components/studio/StudioWorkspace.tsx [Client Component SSR]
    ./src/app/(admin)/studio/[id]/edit/page.tsx [Client Component SSR]
    ./src/app/(admin)/studio/[id]/edit/page.tsx [Server Component] @ http://localhost:3000/_next/static/chunks/node_modules_next_dist_1gdrd03._.js:1945
[ 1087383ms] [ERROR] ./src/components/studio/rendering/MapRenderer.tsx:13:1
Export addSourcesAndLayers doesn't exist in target module
  11 | import type { CampusDocument } from '@navi/core'
  12 | import { SRC, HIDDEN_NODE_TYPES, LYR } from './constants'
> 13 | import { addSourcesAndLayers } from './layers'
     | ^^^^^^^^^^^^^^^^^^^^^^^^^^^^^^^^^^^^^^^^^^^^^^
  14 | import {
  15 |   buildNodeGeo,
  16 |   buildConnectionNodeGeo,

The export addSourcesAndLayers was not found in module [project]/src/components/studio/rendering/layers.ts [app-client] (ecmascript).
Did you mean to import addGraphSourcesAndLayers?
All exports of the module are statically known (It doesn't have dynamic exports). So it's known statically that the requested export doesn't exist.

Import traces:
  Client Component Browser:
    ./src/components/studio/rendering/MapRenderer.tsx [Client Component Browser]
    ./src/components/studio/StudioCanvas.tsx [Client Component Browser]
    ./src/components/studio/StudioWorkspace.tsx [Client Component Browser]
    ./src/app/(admin)/studio/[id]/edit/page.tsx [Client Component Browser]
    ./src/app/(admin)/studio/[id]/edit/page.tsx [Server Component]

  Client Component SSR:
    ./src/components/studio/rendering/MapRenderer.tsx [Client Component SSR]
    ./src/components/studio/StudioCanvas.tsx [Client Component SSR]
    ./src/components/studio/StudioWorkspace.tsx [Client Component SSR]
    ./src/app/(admin)/studio/[id]/edit/page.tsx [Client Component SSR]
    ./src/app/(admin)/studio/[id]/edit/page.tsx [Server Component] @ http://localhost:3000/_next/static/chunks/node_modules_next_dist_1gdrd03._.js:1945
[ 1087383ms] [ERROR] ./src/components/studio/rendering/MapRenderer.tsx:13:1
Export addSourcesAndLayers doesn't exist in target module
  11 | import type { CampusDocument } from '@navi/core'
  12 | import { SRC, HIDDEN_NODE_TYPES, LYR } from './constants'
> 13 | import { addSourcesAndLayers } from './layers'
     | ^^^^^^^^^^^^^^^^^^^^^^^^^^^^^^^^^^^^^^^^^^^^^^
  14 | import {
  15 |   buildNodeGeo,
  16 |   buildConnectionNodeGeo,

The export addSourcesAndLayers was not found in module [project]/src/components/studio/rendering/layers.ts [app-ssr] (ecmascript).
Did you mean to import addGraphSourcesAndLayers?
All exports of the module are statically known (It doesn't have dynamic exports). So it's known statically that the requested export doesn't exist.

Import traces:
  Client Component Browser:
    ./src/components/studio/rendering/MapRenderer.tsx [Client Component Browser]
    ./src/components/studio/StudioCanvas.tsx [Client Component Browser]
    ./src/components/studio/StudioWorkspace.tsx [Client Component Browser]
    ./src/app/(admin)/studio/[id]/edit/page.tsx [Client Component Browser]
    ./src/app/(admin)/studio/[id]/edit/page.tsx [Server Component]

  Client Component SSR:
    ./src/components/studio/rendering/MapRenderer.tsx [Client Component SSR]
    ./src/components/studio/StudioCanvas.tsx [Client Component SSR]
    ./src/components/studio/StudioWorkspace.tsx [Client Component SSR]
    ./src/app/(admin)/studio/[id]/edit/page.tsx [Client Component SSR]
    ./src/app/(admin)/studio/[id]/edit/page.tsx [Server Component] @ http://localhost:3000/_next/static/chunks/node_modules_next_dist_1gdrd03._.js:1945
[ 1087446ms] [LOG] [Fast Refresh] rebuilding @ http://localhost:3000/_next/static/chunks/node_modules_next_dist_1gdrd03._.js:1226
[ 1087511ms] [ERROR] ./src/components/studio/rendering/MapRenderer.tsx:13:1
Export addSourcesAndLayers doesn't exist in target module
  11 | import type { CampusDocument } from '@navi/core'
  12 | import { SRC, HIDDEN_NODE_TYPES, LYR } from './constants'
> 13 | import { addSourcesAndLayers } from './layers'
     | ^^^^^^^^^^^^^^^^^^^^^^^^^^^^^^^^^^^^^^^^^^^^^^
  14 | import {
  15 |   buildNodeGeo,
  16 |   buildConnectionNodeGeo,

The export addSourcesAndLayers was not found in module [project]/src/components/studio/rendering/layers.ts [app-client] (ecmascript).
Did you mean to import addGraphSourcesAndLayers?
All exports of the module are statically known (It doesn't have dynamic exports). So it's known statically that the requested export doesn't exist.

Import traces:
  Client Component Browser:
    ./src/components/studio/rendering/MapRenderer.tsx [Client Component Browser]
    ./src/components/studio/StudioCanvas.tsx [Client Component Browser]
    ./src/components/studio/StudioWorkspace.tsx [Client Component Browser]
    ./src/app/(admin)/studio/[id]/edit/page.tsx [Client Component Browser]
    ./src/app/(admin)/studio/[id]/edit/page.tsx [Server Component]

  Client Component SSR:
    ./src/components/studio/rendering/MapRenderer.tsx [Client Component SSR]
    ./src/components/studio/StudioCanvas.tsx [Client Component SSR]
    ./src/components/studio/StudioWorkspace.tsx [Client Component SSR]
    ./src/app/(admin)/studio/[id]/edit/page.tsx [Client Component SSR]
    ./src/app/(admin)/studio/[id]/edit/page.tsx [Server Component] @ http://localhost:3000/_next/static/chunks/node_modules_next_dist_1gdrd03._.js:1945
[ 1087512ms] [ERROR] ./src/components/studio/rendering/MapRenderer.tsx:13:1
Export addSourcesAndLayers doesn't exist in target module
  11 | import type { CampusDocument } from '@navi/core'
  12 | import { SRC, HIDDEN_NODE_TYPES, LYR } from './constants'
> 13 | import { addSourcesAndLayers } from './layers'
     | ^^^^^^^^^^^^^^^^^^^^^^^^^^^^^^^^^^^^^^^^^^^^^^
  14 | import {
  15 |   buildNodeGeo,
  16 |   buildConnectionNodeGeo,

The export addSourcesAndLayers was not found in module [project]/src/components/studio/rendering/layers.ts [app-ssr] (ecmascript).
Did you mean to import addGraphSourcesAndLayers?
All exports of the module are statically known (It doesn't have dynamic exports). So it's known statically that the requested export doesn't exist.

Import traces:
  Client Component Browser:
    ./src/components/studio/rendering/MapRenderer.tsx [Client Component Browser]
    ./src/components/studio/StudioCanvas.tsx [Client Component Browser]
    ./src/components/studio/StudioWorkspace.tsx [Client Component Browser]
    ./src/app/(admin)/studio/[id]/edit/page.tsx [Client Component Browser]
    ./src/app/(admin)/studio/[id]/edit/page.tsx [Server Component]

  Client Component SSR:
    ./src/components/studio/rendering/MapRenderer.tsx [Client Component SSR]
    ./src/components/studio/StudioCanvas.tsx [Client Component SSR]
    ./src/components/studio/StudioWorkspace.tsx [Client Component SSR]
    ./src/app/(admin)/studio/[id]/edit/page.tsx [Client Component SSR]
    ./src/app/(admin)/studio/[id]/edit/page.tsx [Server Component] @ http://localhost:3000/_next/static/chunks/node_modules_next_dist_1gdrd03._.js:1945
[ 1087580ms] [LOG] [Fast Refresh] rebuilding @ http://localhost:3000/_next/static/chunks/node_modules_next_dist_1gdrd03._.js:1226
[ 1092568ms] [ERROR] ./src/components/studio/rendering/MapRenderer.tsx:13:1
Export addSourcesAndLayers doesn't exist in target module
  11 | import type { CampusDocument } from '@navi/core'
  12 | import { SRC, HIDDEN_NODE_TYPES, LYR } from './constants'
> 13 | import { addSourcesAndLayers } from './layers'
     | ^^^^^^^^^^^^^^^^^^^^^^^^^^^^^^^^^^^^^^^^^^^^^^
  14 | import {
  15 |   buildNodeGeo,
  16 |   buildConnectionNodeGeo,

The export addSourcesAndLayers was not found in module [project]/src/components/studio/rendering/layers.ts [app-client] (ecmascript).
Did you mean to import addGraphSourcesAndLayers?
All exports of the module are statically known (It doesn't have dynamic exports). So it's known statically that the requested export doesn't exist.

Import traces:
  Client Component Browser:
    ./src/components/studio/rendering/MapRenderer.tsx [Client Component Browser]
    ./src/components/studio/StudioCanvas.tsx [Client Component Browser]
    ./src/components/studio/StudioWorkspace.tsx [Client Component Browser]
    ./src/app/(admin)/studio/[id]/edit/page.tsx [Client Component Browser]
    ./src/app/(admin)/studio/[id]/edit/page.tsx [Server Component]

  Client Component SSR:
    ./src/components/studio/rendering/MapRenderer.tsx [Client Component SSR]
    ./src/components/studio/StudioCanvas.tsx [Client Component SSR]
    ./src/components/studio/StudioWorkspace.tsx [Client Component SSR]
    ./src/app/(admin)/studio/[id]/edit/page.tsx [Client Component SSR]
    ./src/app/(admin)/studio/[id]/edit/page.tsx [Server Component] @ http://localhost:3000/_next/static/chunks/node_modules_next_dist_1gdrd03._.js:1945
[ 1092568ms] [ERROR] ./src/components/studio/rendering/MapRenderer.tsx:13:1
Export addSourcesAndLayers doesn't exist in target module
  11 | import type { CampusDocument } from '@navi/core'
  12 | import { SRC, HIDDEN_NODE_TYPES, LYR } from './constants'
> 13 | import { addSourcesAndLayers } from './layers'
     | ^^^^^^^^^^^^^^^^^^^^^^^^^^^^^^^^^^^^^^^^^^^^^^
  14 | import {
  15 |   buildNodeGeo,
  16 |   buildConnectionNodeGeo,

The export addSourcesAndLayers was not found in module [project]/src/components/studio/rendering/layers.ts [app-ssr] (ecmascript).
Did you mean to import addGraphSourcesAndLayers?
All exports of the module are statically known (It doesn't have dynamic exports). So it's known statically that the requested export doesn't exist.

Import traces:
  Client Component Browser:
    ./src/components/studio/rendering/MapRenderer.tsx [Client Component Browser]
    ./src/components/studio/StudioCanvas.tsx [Client Component Browser]
    ./src/components/studio/StudioWorkspace.tsx [Client Component Browser]
    ./src/app/(admin)/studio/[id]/edit/page.tsx [Client Component Browser]
    ./src/app/(admin)/studio/[id]/edit/page.tsx [Server Component]

  Client Component SSR:
    ./src/components/studio/rendering/MapRenderer.tsx [Client Component SSR]
    ./src/components/studio/StudioCanvas.tsx [Client Component SSR]
    ./src/components/studio/StudioWorkspace.tsx [Client Component SSR]
    ./src/app/(admin)/studio/[id]/edit/page.tsx [Client Component SSR]
    ./src/app/(admin)/studio/[id]/edit/page.tsx [Server Component] @ http://localhost:3000/_next/static/chunks/node_modules_next_dist_1gdrd03._.js:1945
[ 1092598ms] [LOG] [Fast Refresh] rebuilding @ http://localhost:3000/_next/static/chunks/node_modules_next_dist_1gdrd03._.js:1226
[ 1092718ms] [ERROR] ./src/components/studio/rendering/MapRenderer.tsx:13:1
Export addSourcesAndLayers doesn't exist in target module
  11 | import type { CampusDocument } from '@navi/core'
  12 | import { SRC, HIDDEN_NODE_TYPES, LYR } from './constants'
> 13 | import { addSourcesAndLayers } from './layers'
     | ^^^^^^^^^^^^^^^^^^^^^^^^^^^^^^^^^^^^^^^^^^^^^^
  14 | import {
  15 |   buildNodeGeo,
  16 |   buildConnectionNodeGeo,

The export addSourcesAndLayers was not found in module [project]/src/components/studio/rendering/layers.ts [app-client] (ecmascript).
Did you mean to import addGraphSourcesAndLayers?
All exports of the module are statically known (It doesn't have dynamic exports). So it's known statically that the requested export doesn't exist.

Import traces:
  Client Component Browser:
    ./src/components/studio/rendering/MapRenderer.tsx [Client Component Browser]
    ./src/components/studio/StudioCanvas.tsx [Client Component Browser]
    ./src/components/studio/StudioWorkspace.tsx [Client Component Browser]
    ./src/app/(admin)/studio/[id]/edit/page.tsx [Client Component Browser]
    ./src/app/(admin)/studio/[id]/edit/page.tsx [Server Component]

  Client Component SSR:
    ./src/components/studio/rendering/MapRenderer.tsx [Client Component SSR]
    ./src/components/studio/StudioCanvas.tsx [Client Component SSR]
    ./src/components/studio/StudioWorkspace.tsx [Client Component SSR]
    ./src/app/(admin)/studio/[id]/edit/page.tsx [Client Component SSR]
    ./src/app/(admin)/studio/[id]/edit/page.tsx [Server Component] @ http://localhost:3000/_next/static/chunks/node_modules_next_dist_1gdrd03._.js:1945
[ 1092718ms] [ERROR] ./src/components/studio/rendering/MapRenderer.tsx:13:1
Export addSourcesAndLayers doesn't exist in target module
  11 | import type { CampusDocument } from '@navi/core'
  12 | import { SRC, HIDDEN_NODE_TYPES, LYR } from './constants'
> 13 | import { addSourcesAndLayers } from './layers'
     | ^^^^^^^^^^^^^^^^^^^^^^^^^^^^^^^^^^^^^^^^^^^^^^
  14 | import {
  15 |   buildNodeGeo,
  16 |   buildConnectionNodeGeo,

The export addSourcesAndLayers was not found in module [project]/src/components/studio/rendering/layers.ts [app-ssr] (ecmascript).
Did you mean to import addGraphSourcesAndLayers?
All exports of the module are statically known (It doesn't have dynamic exports). So it's known statically that the requested export doesn't exist.

Import traces:
  Client Component Browser:
    ./src/components/studio/rendering/MapRenderer.tsx [Client Component Browser]
    ./src/components/studio/StudioCanvas.tsx [Client Component Browser]
    ./src/components/studio/StudioWorkspace.tsx [Client Component Browser]
    ./src/app/(admin)/studio/[id]/edit/page.tsx [Client Component Browser]
    ./src/app/(admin)/studio/[id]/edit/page.tsx [Server Component]

  Client Component SSR:
    ./src/components/studio/rendering/MapRenderer.tsx [Client Component SSR]
    ./src/components/studio/StudioCanvas.tsx [Client Component SSR]
    ./src/components/studio/StudioWorkspace.tsx [Client Component SSR]
    ./src/app/(admin)/studio/[id]/edit/page.tsx [Client Component SSR]
    ./src/app/(admin)/studio/[id]/edit/page.tsx [Server Component] @ http://localhost:3000/_next/static/chunks/node_modules_next_dist_1gdrd03._.js:1945
[ 1092749ms] [LOG] [Fast Refresh] rebuilding @ http://localhost:3000/_next/static/chunks/node_modules_next_dist_1gdrd03._.js:1226
[ 1092926ms] [ERROR] ./src/components/studio/rendering/MapRenderer.tsx:13:1
Export addSourcesAndLayers doesn't exist in target module
  11 | import type { CampusDocument } from '@navi/core'
  12 | import { SRC, HIDDEN_NODE_TYPES, LYR } from './constants'
> 13 | import { addSourcesAndLayers } from './layers'
     | ^^^^^^^^^^^^^^^^^^^^^^^^^^^^^^^^^^^^^^^^^^^^^^
  14 | import {
  15 |   buildNodeGeo,
  16 |   buildConnectionNodeGeo,

The export addSourcesAndLayers was not found in module [project]/src/components/studio/rendering/layers.ts [app-client] (ecmascript).
Did you mean to import addGraphSourcesAndLayers?
All exports of the module are statically known (It doesn't have dynamic exports). So it's known statically that the requested export doesn't exist.

Import traces:
  Client Component Browser:
    ./src/components/studio/rendering/MapRenderer.tsx [Client Component Browser]
    ./src/components/studio/StudioCanvas.tsx [Client Component Browser]
    ./src/components/studio/StudioWorkspace.tsx [Client Component Browser]
    ./src/app/(admin)/studio/[id]/edit/page.tsx [Client Component Browser]
    ./src/app/(admin)/studio/[id]/edit/page.tsx [Server Component]

  Client Component SSR:
    ./src/components/studio/rendering/MapRenderer.tsx [Client Component SSR]
    ./src/components/studio/StudioCanvas.tsx [Client Component SSR]
    ./src/components/studio/StudioWorkspace.tsx [Client Component SSR]
    ./src/app/(admin)/studio/[id]/edit/page.tsx [Client Component SSR]
    ./src/app/(admin)/studio/[id]/edit/page.tsx [Server Component] @ http://localhost:3000/_next/static/chunks/node_modules_next_dist_1gdrd03._.js:1945
[ 1092926ms] [ERROR] ./src/components/studio/rendering/MapRenderer.tsx:13:1
Export addSourcesAndLayers doesn't exist in target module
  11 | import type { CampusDocument } from '@navi/core'
  12 | import { SRC, HIDDEN_NODE_TYPES, LYR } from './constants'
> 13 | import { addSourcesAndLayers } from './layers'
     | ^^^^^^^^^^^^^^^^^^^^^^^^^^^^^^^^^^^^^^^^^^^^^^
  14 | import {
  15 |   buildNodeGeo,
  16 |   buildConnectionNodeGeo,

The export addSourcesAndLayers was not found in module [project]/src/components/studio/rendering/layers.ts [app-ssr] (ecmascript).
Did you mean to import addGraphSourcesAndLayers?
All exports of the module are statically known (It doesn't have dynamic exports). So it's known statically that the requested export doesn't exist.

Import traces:
  Client Component Browser:
    ./src/components/studio/rendering/MapRenderer.tsx [Client Component Browser]
    ./src/components/studio/StudioCanvas.tsx [Client Component Browser]
    ./src/components/studio/StudioWorkspace.tsx [Client Component Browser]
    ./src/app/(admin)/studio/[id]/edit/page.tsx [Client Component Browser]
    ./src/app/(admin)/studio/[id]/edit/page.tsx [Server Component]

  Client Component SSR:
    ./src/components/studio/rendering/MapRenderer.tsx [Client Component SSR]
    ./src/components/studio/StudioCanvas.tsx [Client Component SSR]
    ./src/components/studio/StudioWorkspace.tsx [Client Component SSR]
    ./src/app/(admin)/studio/[id]/edit/page.tsx [Client Component SSR]
    ./src/app/(admin)/studio/[id]/edit/page.tsx [Server Component] @ http://localhost:3000/_next/static/chunks/node_modules_next_dist_1gdrd03._.js:1945
[ 1092949ms] [LOG] [Fast Refresh] rebuilding @ http://localhost:3000/_next/static/chunks/node_modules_next_dist_1gdrd03._.js:1226
[ 1093076ms] [ERROR] ./src/components/studio/rendering/MapRenderer.tsx:13:1
Export addSourcesAndLayers doesn't exist in target module
  11 | import type { CampusDocument } from '@navi/core'
  12 | import { SRC, HIDDEN_NODE_TYPES, LYR } from './constants'
> 13 | import { addSourcesAndLayers } from './layers'
     | ^^^^^^^^^^^^^^^^^^^^^^^^^^^^^^^^^^^^^^^^^^^^^^
  14 | import {
  15 |   buildNodeGeo,
  16 |   buildConnectionNodeGeo,

The export addSourcesAndLayers was not found in module [project]/src/components/studio/rendering/layers.ts [app-client] (ecmascript).
Did you mean to import addGraphSourcesAndLayers?
All exports of the module are statically known (It doesn't have dynamic exports). So it's known statically that the requested export doesn't exist.

Import traces:
  Client Component Browser:
    ./src/components/studio/rendering/MapRenderer.tsx [Client Component Browser]
    ./src/components/studio/StudioCanvas.tsx [Client Component Browser]
    ./src/components/studio/StudioWorkspace.tsx [Client Component Browser]
    ./src/app/(admin)/studio/[id]/edit/page.tsx [Client Component Browser]
    ./src/app/(admin)/studio/[id]/edit/page.tsx [Server Component]

  Client Component SSR:
    ./src/components/studio/rendering/MapRenderer.tsx [Client Component SSR]
    ./src/components/studio/StudioCanvas.tsx [Client Component SSR]
    ./src/components/studio/StudioWorkspace.tsx [Client Component SSR]
    ./src/app/(admin)/studio/[id]/edit/page.tsx [Client Component SSR]
    ./src/app/(admin)/studio/[id]/edit/page.tsx [Server Component] @ http://localhost:3000/_next/static/chunks/node_modules_next_dist_1gdrd03._.js:1945
[ 1093076ms] [ERROR] ./src/components/studio/rendering/MapRenderer.tsx:13:1
Export addSourcesAndLayers doesn't exist in target module
  11 | import type { CampusDocument } from '@navi/core'
  12 | import { SRC, HIDDEN_NODE_TYPES, LYR } from './constants'
> 13 | import { addSourcesAndLayers } from './layers'
     | ^^^^^^^^^^^^^^^^^^^^^^^^^^^^^^^^^^^^^^^^^^^^^^
  14 | import {
  15 |   buildNodeGeo,
  16 |   buildConnectionNodeGeo,

The export addSourcesAndLayers was not found in module [project]/src/components/studio/rendering/layers.ts [app-ssr] (ecmascript).
Did you mean to import addGraphSourcesAndLayers?
All exports of the module are statically known (It doesn't have dynamic exports). So it's known statically that the requested export doesn't exist.

Import traces:
  Client Component Browser:
    ./src/components/studio/rendering/MapRenderer.tsx [Client Component Browser]
    ./src/components/studio/StudioCanvas.tsx [Client Component Browser]
    ./src/components/studio/StudioWorkspace.tsx [Client Component Browser]
    ./src/app/(admin)/studio/[id]/edit/page.tsx [Client Component Browser]
    ./src/app/(admin)/studio/[id]/edit/page.tsx [Server Component]

  Client Component SSR:
    ./src/components/studio/rendering/MapRenderer.tsx [Client Component SSR]
    ./src/components/studio/StudioCanvas.tsx [Client Component SSR]
    ./src/components/studio/StudioWorkspace.tsx [Client Component SSR]
    ./src/app/(admin)/studio/[id]/edit/page.tsx [Client Component SSR]
    ./src/app/(admin)/studio/[id]/edit/page.tsx [Server Component] @ http://localhost:3000/_next/static/chunks/node_modules_next_dist_1gdrd03._.js:1945
[ 1093108ms] [LOG] [Fast Refresh] rebuilding @ http://localhost:3000/_next/static/chunks/node_modules_next_dist_1gdrd03._.js:1226
[ 1093476ms] [ERROR] ./src/components/studio/rendering/MapRenderer.tsx:13:1
Export addSourcesAndLayers doesn't exist in target module
  11 | import type { CampusDocument } from '@navi/core'
  12 | import { SRC, HIDDEN_NODE_TYPES, LYR } from './constants'
> 13 | import { addSourcesAndLayers } from './layers'
     | ^^^^^^^^^^^^^^^^^^^^^^^^^^^^^^^^^^^^^^^^^^^^^^
  14 | import {
  15 |   buildNodeGeo,
  16 |   buildConnectionNodeGeo,

The export addSourcesAndLayers was not found in module [project]/src/components/studio/rendering/layers.ts [app-client] (ecmascript).
Did you mean to import addGraphSourcesAndLayers?
All exports of the module are statically known (It doesn't have dynamic exports). So it's known statically that the requested export doesn't exist.

Import traces:
  Client Component Browser:
    ./src/components/studio/rendering/MapRenderer.tsx [Client Component Browser]
    ./src/components/studio/StudioCanvas.tsx [Client Component Browser]
    ./src/components/studio/StudioWorkspace.tsx [Client Component Browser]
    ./src/app/(admin)/studio/[id]/edit/page.tsx [Client Component Browser]
    ./src/app/(admin)/studio/[id]/edit/page.tsx [Server Component]

  Client Component SSR:
    ./src/components/studio/rendering/MapRenderer.tsx [Client Component SSR]
    ./src/components/studio/StudioCanvas.tsx [Client Component SSR]
    ./src/components/studio/StudioWorkspace.tsx [Client Component SSR]
    ./src/app/(admin)/studio/[id]/edit/page.tsx [Client Component SSR]
    ./src/app/(admin)/studio/[id]/edit/page.tsx [Server Component] @ http://localhost:3000/_next/static/chunks/node_modules_next_dist_1gdrd03._.js:1945
[ 1093476ms] [ERROR] ./src/components/studio/rendering/MapRenderer.tsx:13:1
Export addSourcesAndLayers doesn't exist in target module
  11 | import type { CampusDocument } from '@navi/core'
  12 | import { SRC, HIDDEN_NODE_TYPES, LYR } from './constants'
> 13 | import { addSourcesAndLayers } from './layers'
     | ^^^^^^^^^^^^^^^^^^^^^^^^^^^^^^^^^^^^^^^^^^^^^^
  14 | import {
  15 |   buildNodeGeo,
  16 |   buildConnectionNodeGeo,

The export addSourcesAndLayers was not found in module [project]/src/components/studio/rendering/layers.ts [app-ssr] (ecmascript).
Did you mean to import addGraphSourcesAndLayers?
All exports of the module are statically known (It doesn't have dynamic exports). So it's known statically that the requested export doesn't exist.

Import traces:
  Client Component Browser:
    ./src/components/studio/rendering/MapRenderer.tsx [Client Component Browser]
    ./src/components/studio/StudioCanvas.tsx [Client Component Browser]
    ./src/components/studio/StudioWorkspace.tsx [Client Component Browser]
    ./src/app/(admin)/studio/[id]/edit/page.tsx [Client Component Browser]
    ./src/app/(admin)/studio/[id]/edit/page.tsx [Server Component]

  Client Component SSR:
    ./src/components/studio/rendering/MapRenderer.tsx [Client Component SSR]
    ./src/components/studio/StudioCanvas.tsx [Client Component SSR]
    ./src/components/studio/StudioWorkspace.tsx [Client Component SSR]
    ./src/app/(admin)/studio/[id]/edit/page.tsx [Client Component SSR]
    ./src/app/(admin)/studio/[id]/edit/page.tsx [Server Component] @ http://localhost:3000/_next/static/chunks/node_modules_next_dist_1gdrd03._.js:1945
[ 1093523ms] [LOG] [Fast Refresh] rebuilding @ http://localhost:3000/_next/static/chunks/node_modules_next_dist_1gdrd03._.js:1226
[ 1093649ms] [ERROR] ./src/components/studio/rendering/MapRenderer.tsx:13:1
Export addSourcesAndLayers doesn't exist in target module
  11 | import type { CampusDocument } from '@navi/core'
  12 | import { SRC, HIDDEN_NODE_TYPES, LYR } from './constants'
> 13 | import { addSourcesAndLayers } from './layers'
     | ^^^^^^^^^^^^^^^^^^^^^^^^^^^^^^^^^^^^^^^^^^^^^^
  14 | import {
  15 |   buildNodeGeo,
  16 |   buildConnectionNodeGeo,

The export addSourcesAndLayers was not found in module [project]/src/components/studio/rendering/layers.ts [app-client] (ecmascript).
Did you mean to import addGraphSourcesAndLayers?
All exports of the module are statically known (It doesn't have dynamic exports). So it's known statically that the requested export doesn't exist.

Import traces:
  Client Component Browser:
    ./src/components/studio/rendering/MapRenderer.tsx [Client Component Browser]
    ./src/components/studio/StudioCanvas.tsx [Client Component Browser]
    ./src/components/studio/StudioWorkspace.tsx [Client Component Browser]
    ./src/app/(admin)/studio/[id]/edit/page.tsx [Client Component Browser]
    ./src/app/(admin)/studio/[id]/edit/page.tsx [Server Component]

  Client Component SSR:
    ./src/components/studio/rendering/MapRenderer.tsx [Client Component SSR]
    ./src/components/studio/StudioCanvas.tsx [Client Component SSR]
    ./src/components/studio/StudioWorkspace.tsx [Client Component SSR]
    ./src/app/(admin)/studio/[id]/edit/page.tsx [Client Component SSR]
    ./src/app/(admin)/studio/[id]/edit/page.tsx [Server Component] @ http://localhost:3000/_next/static/chunks/node_modules_next_dist_1gdrd03._.js:1945
[ 1093649ms] [ERROR] ./src/components/studio/rendering/MapRenderer.tsx:13:1
Export addSourcesAndLayers doesn't exist in target module
  11 | import type { CampusDocument } from '@navi/core'
  12 | import { SRC, HIDDEN_NODE_TYPES, LYR } from './constants'
> 13 | import { addSourcesAndLayers } from './layers'
     | ^^^^^^^^^^^^^^^^^^^^^^^^^^^^^^^^^^^^^^^^^^^^^^
  14 | import {
  15 |   buildNodeGeo,
  16 |   buildConnectionNodeGeo,

The export addSourcesAndLayers was not found in module [project]/src/components/studio/rendering/layers.ts [app-ssr] (ecmascript).
Did you mean to import addGraphSourcesAndLayers?
All exports of the module are statically known (It doesn't have dynamic exports). So it's known statically that the requested export doesn't exist.

Import traces:
  Client Component Browser:
    ./src/components/studio/rendering/MapRenderer.tsx [Client Component Browser]
    ./src/components/studio/StudioCanvas.tsx [Client Component Browser]
    ./src/components/studio/StudioWorkspace.tsx [Client Component Browser]
    ./src/app/(admin)/studio/[id]/edit/page.tsx [Client Component Browser]
    ./src/app/(admin)/studio/[id]/edit/page.tsx [Server Component]

  Client Component SSR:
    ./src/components/studio/rendering/MapRenderer.tsx [Client Component SSR]
    ./src/components/studio/StudioCanvas.tsx [Client Component SSR]
    ./src/components/studio/StudioWorkspace.tsx [Client Component SSR]
    ./src/app/(admin)/studio/[id]/edit/page.tsx [Client Component SSR]
    ./src/app/(admin)/studio/[id]/edit/page.tsx [Server Component] @ http://localhost:3000/_next/static/chunks/node_modules_next_dist_1gdrd03._.js:1945
[ 1093680ms] [LOG] [Fast Refresh] rebuilding @ http://localhost:3000/_next/static/chunks/node_modules_next_dist_1gdrd03._.js:1226
[ 1105751ms] [LOG] [Fast Refresh] rebuilding @ http://localhost:3000/_next/static/chunks/node_modules_next_dist_1gdrd03._.js:1226
[ 1105781ms] [ERROR] ./src/components/studio/rendering/MapRenderer.tsx:13:1
Export addSourcesAndLayers doesn't exist in target module
  11 | import type { CampusDocument } from '@navi/core'
  12 | import { SRC, HIDDEN_NODE_TYPES, LYR } from './constants'
> 13 | import { addSourcesAndLayers } from './layers'
     | ^^^^^^^^^^^^^^^^^^^^^^^^^^^^^^^^^^^^^^^^^^^^^^
  14 | import {
  15 |   buildNodeGeo,
  16 |   buildConnectionNodeGeo,

The export addSourcesAndLayers was not found in module [project]/src/components/studio/rendering/layers.ts [app-client] (ecmascript).
Did you mean to import addGraphSourcesAndLayers?
All exports of the module are statically known (It doesn't have dynamic exports). So it's known statically that the requested export doesn't exist.

Import traces:
  Client Component Browser:
    ./src/components/studio/rendering/MapRenderer.tsx [Client Component Browser]
    ./src/components/studio/StudioCanvas.tsx [Client Component Browser]
    ./src/components/studio/StudioWorkspace.tsx [Client Component Browser]
    ./src/app/(admin)/studio/[id]/edit/page.tsx [Client Component Browser]
    ./src/app/(admin)/studio/[id]/edit/page.tsx [Server Component]

  Client Component SSR:
    ./src/components/studio/rendering/MapRenderer.tsx [Client Component SSR]
    ./src/components/studio/StudioCanvas.tsx [Client Component SSR]
    ./src/components/studio/StudioWorkspace.tsx [Client Component SSR]
    ./src/app/(admin)/studio/[id]/edit/page.tsx [Client Component SSR]
    ./src/app/(admin)/studio/[id]/edit/page.tsx [Server Component] @ http://localhost:3000/_next/static/chunks/node_modules_next_dist_1gdrd03._.js:1945
[ 1105781ms] [ERROR] ./src/components/studio/rendering/MapRenderer.tsx:13:1
Export addSourcesAndLayers doesn't exist in target module
  11 | import type { CampusDocument } from '@navi/core'
  12 | import { SRC, HIDDEN_NODE_TYPES, LYR } from './constants'
> 13 | import { addSourcesAndLayers } from './layers'
     | ^^^^^^^^^^^^^^^^^^^^^^^^^^^^^^^^^^^^^^^^^^^^^^
  14 | import {
  15 |   buildNodeGeo,
  16 |   buildConnectionNodeGeo,

The export addSourcesAndLayers was not found in module [project]/src/components/studio/rendering/layers.ts [app-ssr] (ecmascript).
Did you mean to import addGraphSourcesAndLayers?
All exports of the module are statically known (It doesn't have dynamic exports). So it's known statically that the requested export doesn't exist.

Import traces:
  Client Component Browser:
    ./src/components/studio/rendering/MapRenderer.tsx [Client Component Browser]
    ./src/components/studio/StudioCanvas.tsx [Client Component Browser]
    ./src/components/studio/StudioWorkspace.tsx [Client Component Browser]
    ./src/app/(admin)/studio/[id]/edit/page.tsx [Client Component Browser]
    ./src/app/(admin)/studio/[id]/edit/page.tsx [Server Component]

  Client Component SSR:
    ./src/components/studio/rendering/MapRenderer.tsx [Client Component SSR]
    ./src/components/studio/StudioCanvas.tsx [Client Component SSR]
    ./src/components/studio/StudioWorkspace.tsx [Client Component SSR]
    ./src/app/(admin)/studio/[id]/edit/page.tsx [Client Component SSR]
    ./src/app/(admin)/studio/[id]/edit/page.tsx [Server Component] @ http://localhost:3000/_next/static/chunks/node_modules_next_dist_1gdrd03._.js:1945
[ 1105840ms] [ERROR] Failed to load resource: the server responded with a status of 500 (Internal Server Error) @ http://localhost:3000/studio/verify-campus/edit:0
[ 1105874ms] [INFO] %cDownload the React DevTools for a better development experience: https://react.dev/link/react-devtools font-weight:bold @ http://localhost:3000/_next/static/chunks/node_modules_react-dom_0kla17-._.js:15305
[ 1105886ms] Error: ./src/components/studio/rendering/MapRenderer.tsx:13:1
Export addSourcesAndLayers doesn't exist in target module
  11 | import type { CampusDocument } from '@navi/core'
  12 | import { SRC, HIDDEN_NODE_TYPES, LYR } from './constants'
> 13 | import { addSourcesAndLayers } from './layers'
     | ^^^^^^^^^^^^^^^^^^^^^^^^^^^^^^^^^^^^^^^^^^^^^^
  14 | import {
  15 |   buildNodeGeo,
  16 |   buildConnectionNodeGeo,

The export addSourcesAndLayers was not found in module [project]/src/components/studio/rendering/layers.ts [app-client] (ecmascript).
Did you mean to import addGraphSourcesAndLayers?
All exports of the module are statically known (It doesn't have dynamic exports). So it's known statically that the requested export doesn't exist.

Import traces:
  Client Component Browser:
    ./src/components/studio/rendering/MapRenderer.tsx [Client Component Browser]
    ./src/components/studio/StudioCanvas.tsx [Client Component Browser]
    ./src/components/studio/StudioWorkspace.tsx [Client Component Browser]
    ./src/app/(admin)/studio/[id]/edit/page.tsx [Client Component Browser]
    ./src/app/(admin)/studio/[id]/edit/page.tsx [Server Component]

  Client Component SSR:
    ./src/components/studio/rendering/MapRenderer.tsx [Client Component SSR]
    ./src/components/studio/StudioCanvas.tsx [Client Component SSR]
    ./src/components/studio/StudioWorkspace.tsx [Client Component SSR]
    ./src/app/(admin)/studio/[id]/edit/page.tsx [Client Component SSR]
    ./src/app/(admin)/studio/[id]/edit/page.tsx [Server Component]


    at <unknown> (Error: ./src/components/studio/rendering/MapRenderer.tsx:13:1)
    at Object.getCompilationErrors (file://C:\Users\Administrator\Desktop\CODEme\Navi\navi-next\node_modules\next\dist\server\dev\hot-reloader-turbopack.js:1186:59)
    at DevBundlerService.getCompilationError (file://C:\Users\Administrator\Desktop\CODEme\Navi\navi-next\node_modules\next\dist\server\lib\dev-bundler-service.js:44:55)
    at DevServer.getCompilationError (file://C:\Users\Administrator\Desktop\CODEme\Navi\navi-next\node_modules\next\dist\server\dev\next-dev-server.js:720:42)
    at DevServer.findPageComponents (file://C:\Users\Administrator\Desktop\CODEme\Navi\navi-next\node_modules\next\dist\server\dev\next-dev-server.js:690:43)
    at async DevServer.renderErrorToResponseImpl (file://C:\Users\Administrator\Desktop\CODEme\Navi\navi-next\node_modules\next\dist\server\base-server.js:1753:26)
[ 1105889ms] [LOG] [HMR] connected @ http://localhost:3000/_next/static/chunks/node_modules_next_dist_1gdrd03._.js:1226
[ 1105910ms] [ERROR] ./src/components/studio/rendering/MapRenderer.tsx:13:1
Export addSourcesAndLayers doesn't exist in target module
  11 | import type { CampusDocument } from '@navi/core'
  12 | import { SRC, HIDDEN_NODE_TYPES, LYR } from './constants'
> 13 | import { addSourcesAndLayers } from './layers'
     | ^^^^^^^^^^^^^^^^^^^^^^^^^^^^^^^^^^^^^^^^^^^^^^
  14 | import {
  15 |   buildNodeGeo,
  16 |   buildConnectionNodeGeo,

The export addSourcesAndLayers was not found in module [project]/src/components/studio/rendering/layers.ts [app-client] (ecmascript).
Did you mean to import addGraphSourcesAndLayers?
All exports of the module are statically known (It doesn't have dynamic exports). So it's known statically that the requested export doesn't exist.

Import traces:
  Client Component Browser:
    ./src/components/studio/rendering/MapRenderer.tsx [Client Component Browser]
    ./src/components/studio/StudioCanvas.tsx [Client Component Browser]
    ./src/components/studio/StudioWorkspace.tsx [Client Component Browser]
    ./src/app/(admin)/studio/[id]/edit/page.tsx [Client Component Browser]
    ./src/app/(admin)/studio/[id]/edit/page.tsx [Server Component]

  Client Component SSR:
    ./src/components/studio/rendering/MapRenderer.tsx [Client Component SSR]
    ./src/components/studio/StudioCanvas.tsx [Client Component SSR]
    ./src/components/studio/StudioWorkspace.tsx [Client Component SSR]
    ./src/app/(admin)/studio/[id]/edit/page.tsx [Client Component SSR]
    ./src/app/(admin)/studio/[id]/edit/page.tsx [Server Component] @ http://localhost:3000/_next/static/chunks/node_modules_next_dist_1gdrd03._.js:1945
[ 1105910ms] [ERROR] ./src/components/studio/rendering/MapRenderer.tsx:13:1
Export addSourcesAndLayers doesn't exist in target module
  11 | import type { CampusDocument } from '@navi/core'
  12 | import { SRC, HIDDEN_NODE_TYPES, LYR } from './constants'
> 13 | import { addSourcesAndLayers } from './layers'
     | ^^^^^^^^^^^^^^^^^^^^^^^^^^^^^^^^^^^^^^^^^^^^^^
  14 | import {
  15 |   buildNodeGeo,
  16 |   buildConnectionNodeGeo,

The export addSourcesAndLayers was not found in module [project]/src/components/studio/rendering/layers.ts [app-ssr] (ecmascript).
Did you mean to import addGraphSourcesAndLayers?
All exports of the module are statically known (It doesn't have dynamic exports). So it's known statically that the requested export doesn't exist.

Import traces:
  Client Component Browser:
    ./src/components/studio/rendering/MapRenderer.tsx [Client Component Browser]
    ./src/components/studio/StudioCanvas.tsx [Client Component Browser]
    ./src/components/studio/StudioWorkspace.tsx [Client Component Browser]
    ./src/app/(admin)/studio/[id]/edit/page.tsx [Client Component Browser]
    ./src/app/(admin)/studio/[id]/edit/page.tsx [Server Component]

  Client Component SSR:
    ./src/components/studio/rendering/MapRenderer.tsx [Client Component SSR]
    ./src/components/studio/StudioCanvas.tsx [Client Component SSR]
    ./src/components/studio/StudioWorkspace.tsx [Client Component SSR]
    ./src/app/(admin)/studio/[id]/edit/page.tsx [Client Component SSR]
    ./src/app/(admin)/studio/[id]/edit/page.tsx [Server Component] @ http://localhost:3000/_next/static/chunks/node_modules_next_dist_1gdrd03._.js:1945
[ 1105942ms] [ERROR] ./src/components/studio/rendering/MapRenderer.tsx:13:1
Export addSourcesAndLayers doesn't exist in target module
  11 | import type { CampusDocument } from '@navi/core'
  12 | import { SRC, HIDDEN_NODE_TYPES, LYR } from './constants'
> 13 | import { addSourcesAndLayers } from './layers'
     | ^^^^^^^^^^^^^^^^^^^^^^^^^^^^^^^^^^^^^^^^^^^^^^
  14 | import {
  15 |   buildNodeGeo,
  16 |   buildConnectionNodeGeo,

The export addSourcesAndLayers was not found in module [project]/src/components/studio/rendering/layers.ts [app-client] (ecmascript).
Did you mean to import addGraphSourcesAndLayers?
All exports of the module are statically known (It doesn't have dynamic exports). So it's known statically that the requested export doesn't exist.

Import traces:
  Client Component Browser:
    ./src/components/studio/rendering/MapRenderer.tsx [Client Component Browser]
    ./src/components/studio/StudioCanvas.tsx [Client Component Browser]
    ./src/components/studio/StudioWorkspace.tsx [Client Component Browser]
    ./src/app/(admin)/studio/[id]/edit/page.tsx [Client Component Browser]
    ./src/app/(admin)/studio/[id]/edit/page.tsx [Server Component]

  Client Component SSR:
    ./src/components/studio/rendering/MapRenderer.tsx [Client Component SSR]
    ./src/components/studio/StudioCanvas.tsx [Client Component SSR]
    ./src/components/studio/StudioWorkspace.tsx [Client Component SSR]
    ./src/app/(admin)/studio/[id]/edit/page.tsx [Client Component SSR]
    ./src/app/(admin)/studio/[id]/edit/page.tsx [Server Component] @ http://localhost:3000/_next/static/chunks/node_modules_next_dist_1gdrd03._.js:1945
[ 1105942ms] [ERROR] ./src/components/studio/rendering/MapRenderer.tsx:13:1
Export addSourcesAndLayers doesn't exist in target module
  11 | import type { CampusDocument } from '@navi/core'
  12 | import { SRC, HIDDEN_NODE_TYPES, LYR } from './constants'
> 13 | import { addSourcesAndLayers } from './layers'
     | ^^^^^^^^^^^^^^^^^^^^^^^^^^^^^^^^^^^^^^^^^^^^^^
  14 | import {
  15 |   buildNodeGeo,
  16 |   buildConnectionNodeGeo,

The export addSourcesAndLayers was not found in module [project]/src/components/studio/rendering/layers.ts [app-ssr] (ecmascript).
Did you mean to import addGraphSourcesAndLayers?
All exports of the module are statically known (It doesn't have dynamic exports). So it's known statically that the requested export doesn't exist.

Import traces:
  Client Component Browser:
    ./src/components/studio/rendering/MapRenderer.tsx [Client Component Browser]
    ./src/components/studio/StudioCanvas.tsx [Client Component Browser]
    ./src/components/studio/StudioWorkspace.tsx [Client Component Browser]
    ./src/app/(admin)/studio/[id]/edit/page.tsx [Client Component Browser]
    ./src/app/(admin)/studio/[id]/edit/page.tsx [Server Component]

  Client Component SSR:
    ./src/components/studio/rendering/MapRenderer.tsx [Client Component SSR]
    ./src/components/studio/StudioCanvas.tsx [Client Component SSR]
    ./src/components/studio/StudioWorkspace.tsx [Client Component SSR]
    ./src/app/(admin)/studio/[id]/edit/page.tsx [Client Component SSR]
    ./src/app/(admin)/studio/[id]/edit/page.tsx [Server Component] @ http://localhost:3000/_next/static/chunks/node_modules_next_dist_1gdrd03._.js:1945
[ 1106018ms] [ERROR] ./src/components/studio/rendering/MapRenderer.tsx:13:1
Export addSourcesAndLayers doesn't exist in target module
  11 | import type { CampusDocument } from '@navi/core'
  12 | import { SRC, HIDDEN_NODE_TYPES, LYR } from './constants'
> 13 | import { addSourcesAndLayers } from './layers'
     | ^^^^^^^^^^^^^^^^^^^^^^^^^^^^^^^^^^^^^^^^^^^^^^
  14 | import {
  15 |   buildNodeGeo,
  16 |   buildConnectionNodeGeo,

The export addSourcesAndLayers was not found in module [project]/src/components/studio/rendering/layers.ts [app-client] (ecmascript).
Did you mean to import addGraphSourcesAndLayers?
All exports of the module are statically known (It doesn't have dynamic exports). So it's known statically that the requested export doesn't exist.

Import traces:
  Client Component Browser:
    ./src/components/studio/rendering/MapRenderer.tsx [Client Component Browser]
    ./src/components/studio/StudioCanvas.tsx [Client Component Browser]
    ./src/components/studio/StudioWorkspace.tsx [Client Component Browser]
    ./src/app/(admin)/studio/[id]/edit/page.tsx [Client Component Browser]
    ./src/app/(admin)/studio/[id]/edit/page.tsx [Server Component]

  Client Component SSR:
    ./src/components/studio/rendering/MapRenderer.tsx [Client Component SSR]
    ./src/components/studio/StudioCanvas.tsx [Client Component SSR]
    ./src/components/studio/StudioWorkspace.tsx [Client Component SSR]
    ./src/app/(admin)/studio/[id]/edit/page.tsx [Client Component SSR]
    ./src/app/(admin)/studio/[id]/edit/page.tsx [Server Component] @ http://localhost:3000/_next/static/chunks/node_modules_next_dist_1gdrd03._.js:1945
[ 1106018ms] [ERROR] ./src/components/studio/rendering/MapRenderer.tsx:13:1
Export addSourcesAndLayers doesn't exist in target module
  11 | import type { CampusDocument } from '@navi/core'
  12 | import { SRC, HIDDEN_NODE_TYPES, LYR } from './constants'
> 13 | import { addSourcesAndLayers } from './layers'
     | ^^^^^^^^^^^^^^^^^^^^^^^^^^^^^^^^^^^^^^^^^^^^^^
  14 | import {
  15 |   buildNodeGeo,
  16 |   buildConnectionNodeGeo,

The export addSourcesAndLayers was not found in module [project]/src/components/studio/rendering/layers.ts [app-ssr] (ecmascript).
Did you mean to import addGraphSourcesAndLayers?
All exports of the module are statically known (It doesn't have dynamic exports). So it's known statically that the requested export doesn't exist.

Import traces:
  Client Component Browser:
    ./src/components/studio/rendering/MapRenderer.tsx [Client Component Browser]
    ./src/components/studio/StudioCanvas.tsx [Client Component Browser]
    ./src/components/studio/StudioWorkspace.tsx [Client Component Browser]
    ./src/app/(admin)/studio/[id]/edit/page.tsx [Client Component Browser]
    ./src/app/(admin)/studio/[id]/edit/page.tsx [Server Component]

  Client Component SSR:
    ./src/components/studio/rendering/MapRenderer.tsx [Client Component SSR]
    ./src/components/studio/StudioCanvas.tsx [Client Component SSR]
    ./src/components/studio/StudioWorkspace.tsx [Client Component SSR]
    ./src/app/(admin)/studio/[id]/edit/page.tsx [Client Component SSR]
    ./src/app/(admin)/studio/[id]/edit/page.tsx [Server Component] @ http://localhost:3000/_next/static/chunks/node_modules_next_dist_1gdrd03._.js:1945
[ 1106058ms] [LOG] [Fast Refresh] rebuilding @ http://localhost:3000/_next/static/chunks/node_modules_next_dist_1gdrd03._.js:1226
[ 1106191ms] [ERROR] ./src/components/studio/rendering/MapRenderer.tsx:13:1
Export addSourcesAndLayers doesn't exist in target module
  11 | import type { CampusDocument } from '@navi/core'
  12 | import { SRC, HIDDEN_NODE_TYPES, LYR } from './constants'
> 13 | import { addSourcesAndLayers } from './layers'
     | ^^^^^^^^^^^^^^^^^^^^^^^^^^^^^^^^^^^^^^^^^^^^^^
  14 | import {
  15 |   buildNodeGeo,
  16 |   buildConnectionNodeGeo,

The export addSourcesAndLayers was not found in module [project]/src/components/studio/rendering/layers.ts [app-client] (ecmascript).
Did you mean to import addGraphSourcesAndLayers?
All exports of the module are statically known (It doesn't have dynamic exports). So it's known statically that the requested export doesn't exist.

Import traces:
  Client Component Browser:
    ./src/components/studio/rendering/MapRenderer.tsx [Client Component Browser]
    ./src/components/studio/StudioCanvas.tsx [Client Component Browser]
    ./src/components/studio/StudioWorkspace.tsx [Client Component Browser]
    ./src/app/(admin)/studio/[id]/edit/page.tsx [Client Component Browser]
    ./src/app/(admin)/studio/[id]/edit/page.tsx [Server Component]

  Client Component SSR:
    ./src/components/studio/rendering/MapRenderer.tsx [Client Component SSR]
    ./src/components/studio/StudioCanvas.tsx [Client Component SSR]
    ./src/components/studio/StudioWorkspace.tsx [Client Component SSR]
    ./src/app/(admin)/studio/[id]/edit/page.tsx [Client Component SSR]
    ./src/app/(admin)/studio/[id]/edit/page.tsx [Server Component] @ http://localhost:3000/_next/static/chunks/node_modules_next_dist_1gdrd03._.js:1945
[ 1106191ms] [ERROR] ./src/components/studio/rendering/MapRenderer.tsx:13:1
Export addSourcesAndLayers doesn't exist in target module
  11 | import type { CampusDocument } from '@navi/core'
  12 | import { SRC, HIDDEN_NODE_TYPES, LYR } from './constants'
> 13 | import { addSourcesAndLayers } from './layers'
     | ^^^^^^^^^^^^^^^^^^^^^^^^^^^^^^^^^^^^^^^^^^^^^^
  14 | import {
  15 |   buildNodeGeo,
  16 |   buildConnectionNodeGeo,

The export addSourcesAndLayers was not found in module [project]/src/components/studio/rendering/layers.ts [app-ssr] (ecmascript).
Did you mean to import addGraphSourcesAndLayers?
All exports of the module are statically known (It doesn't have dynamic exports). So it's known statically that the requested export doesn't exist.

Import traces:
  Client Component Browser:
    ./src/components/studio/rendering/MapRenderer.tsx [Client Component Browser]
    ./src/components/studio/StudioCanvas.tsx [Client Component Browser]
    ./src/components/studio/StudioWorkspace.tsx [Client Component Browser]
    ./src/app/(admin)/studio/[id]/edit/page.tsx [Client Component Browser]
    ./src/app/(admin)/studio/[id]/edit/page.tsx [Server Component]

  Client Component SSR:
    ./src/components/studio/rendering/MapRenderer.tsx [Client Component SSR]
    ./src/components/studio/StudioCanvas.tsx [Client Component SSR]
    ./src/components/studio/StudioWorkspace.tsx [Client Component SSR]
    ./src/app/(admin)/studio/[id]/edit/page.tsx [Client Component SSR]
    ./src/app/(admin)/studio/[id]/edit/page.tsx [Server Component] @ http://localhost:3000/_next/static/chunks/node_modules_next_dist_1gdrd03._.js:1945
[ 1106222ms] [LOG] [Fast Refresh] rebuilding @ http://localhost:3000/_next/static/chunks/node_modules_next_dist_1gdrd03._.js:1226
[ 1106383ms] [ERROR] ./src/components/studio/rendering/MapRenderer.tsx:13:1
Export addSourcesAndLayers doesn't exist in target module
  11 | import type { CampusDocument } from '@navi/core'
  12 | import { SRC, HIDDEN_NODE_TYPES, LYR } from './constants'
> 13 | import { addSourcesAndLayers } from './layers'
     | ^^^^^^^^^^^^^^^^^^^^^^^^^^^^^^^^^^^^^^^^^^^^^^
  14 | import {
  15 |   buildNodeGeo,
  16 |   buildConnectionNodeGeo,

The export addSourcesAndLayers was not found in module [project]/src/components/studio/rendering/layers.ts [app-client] (ecmascript).
Did you mean to import addGraphSourcesAndLayers?
All exports of the module are statically known (It doesn't have dynamic exports). So it's known statically that the requested export doesn't exist.

Import traces:
  Client Component Browser:
    ./src/components/studio/rendering/MapRenderer.tsx [Client Component Browser]
    ./src/components/studio/StudioCanvas.tsx [Client Component Browser]
    ./src/components/studio/StudioWorkspace.tsx [Client Component Browser]
    ./src/app/(admin)/studio/[id]/edit/page.tsx [Client Component Browser]
    ./src/app/(admin)/studio/[id]/edit/page.tsx [Server Component]

  Client Component SSR:
    ./src/components/studio/rendering/MapRenderer.tsx [Client Component SSR]
    ./src/components/studio/StudioCanvas.tsx [Client Component SSR]
    ./src/components/studio/StudioWorkspace.tsx [Client Component SSR]
    ./src/app/(admin)/studio/[id]/edit/page.tsx [Client Component SSR]
    ./src/app/(admin)/studio/[id]/edit/page.tsx [Server Component] @ http://localhost:3000/_next/static/chunks/node_modules_next_dist_1gdrd03._.js:1945
[ 1106383ms] [ERROR] ./src/components/studio/rendering/MapRenderer.tsx:13:1
Export addSourcesAndLayers doesn't exist in target module
  11 | import type { CampusDocument } from '@navi/core'
  12 | import { SRC, HIDDEN_NODE_TYPES, LYR } from './constants'
> 13 | import { addSourcesAndLayers } from './layers'
     | ^^^^^^^^^^^^^^^^^^^^^^^^^^^^^^^^^^^^^^^^^^^^^^
  14 | import {
  15 |   buildNodeGeo,
  16 |   buildConnectionNodeGeo,

The export addSourcesAndLayers was not found in module [project]/src/components/studio/rendering/layers.ts [app-ssr] (ecmascript).
Did you mean to import addGraphSourcesAndLayers?
All exports of the module are statically known (It doesn't have dynamic exports). So it's known statically that the requested export doesn't exist.

Import traces:
  Client Component Browser:
    ./src/components/studio/rendering/MapRenderer.tsx [Client Component Browser]
    ./src/components/studio/StudioCanvas.tsx [Client Component Browser]
    ./src/components/studio/StudioWorkspace.tsx [Client Component Browser]
    ./src/app/(admin)/studio/[id]/edit/page.tsx [Client Component Browser]
    ./src/app/(admin)/studio/[id]/edit/page.tsx [Server Component]

  Client Component SSR:
    ./src/components/studio/rendering/MapRenderer.tsx [Client Component SSR]
    ./src/components/studio/StudioCanvas.tsx [Client Component SSR]
    ./src/components/studio/StudioWorkspace.tsx [Client Component SSR]
    ./src/app/(admin)/studio/[id]/edit/page.tsx [Client Component SSR]
    ./src/app/(admin)/studio/[id]/edit/page.tsx [Server Component] @ http://localhost:3000/_next/static/chunks/node_modules_next_dist_1gdrd03._.js:1945
[ 1106425ms] [LOG] [Fast Refresh] rebuilding @ http://localhost:3000/_next/static/chunks/node_modules_next_dist_1gdrd03._.js:1226
[ 1106534ms] [ERROR] ./src/components/studio/rendering/MapRenderer.tsx:13:1
Export addSourcesAndLayers doesn't exist in target module
  11 | import type { CampusDocument } from '@navi/core'
  12 | import { SRC, HIDDEN_NODE_TYPES, LYR } from './constants'
> 13 | import { addSourcesAndLayers } from './layers'
     | ^^^^^^^^^^^^^^^^^^^^^^^^^^^^^^^^^^^^^^^^^^^^^^
  14 | import {
  15 |   buildNodeGeo,
  16 |   buildConnectionNodeGeo,

The export addSourcesAndLayers was not found in module [project]/src/components/studio/rendering/layers.ts [app-client] (ecmascript).
Did you mean to import addGraphSourcesAndLayers?
All exports of the module are statically known (It doesn't have dynamic exports). So it's known statically that the requested export doesn't exist.

Import traces:
  Client Component Browser:
    ./src/components/studio/rendering/MapRenderer.tsx [Client Component Browser]
    ./src/components/studio/StudioCanvas.tsx [Client Component Browser]
    ./src/components/studio/StudioWorkspace.tsx [Client Component Browser]
    ./src/app/(admin)/studio/[id]/edit/page.tsx [Client Component Browser]
    ./src/app/(admin)/studio/[id]/edit/page.tsx [Server Component]

  Client Component SSR:
    ./src/components/studio/rendering/MapRenderer.tsx [Client Component SSR]
    ./src/components/studio/StudioCanvas.tsx [Client Component SSR]
    ./src/components/studio/StudioWorkspace.tsx [Client Component SSR]
    ./src/app/(admin)/studio/[id]/edit/page.tsx [Client Component SSR]
    ./src/app/(admin)/studio/[id]/edit/page.tsx [Server Component] @ http://localhost:3000/_next/static/chunks/node_modules_next_dist_1gdrd03._.js:1945
[ 1106534ms] [ERROR] ./src/components/studio/rendering/MapRenderer.tsx:13:1
Export addSourcesAndLayers doesn't exist in target module
  11 | import type { CampusDocument } from '@navi/core'
  12 | import { SRC, HIDDEN_NODE_TYPES, LYR } from './constants'
> 13 | import { addSourcesAndLayers } from './layers'
     | ^^^^^^^^^^^^^^^^^^^^^^^^^^^^^^^^^^^^^^^^^^^^^^
  14 | import {
  15 |   buildNodeGeo,
  16 |   buildConnectionNodeGeo,

The export addSourcesAndLayers was not found in module [project]/src/components/studio/rendering/layers.ts [app-ssr] (ecmascript).
Did you mean to import addGraphSourcesAndLayers?
All exports of the module are statically known (It doesn't have dynamic exports). So it's known statically that the requested export doesn't exist.

Import traces:
  Client Component Browser:
    ./src/components/studio/rendering/MapRenderer.tsx [Client Component Browser]
    ./src/components/studio/StudioCanvas.tsx [Client Component Browser]
    ./src/components/studio/StudioWorkspace.tsx [Client Component Browser]
    ./src/app/(admin)/studio/[id]/edit/page.tsx [Client Component Browser]
    ./src/app/(admin)/studio/[id]/edit/page.tsx [Server Component]

  Client Component SSR:
    ./src/components/studio/rendering/MapRenderer.tsx [Client Component SSR]
    ./src/components/studio/StudioCanvas.tsx [Client Component SSR]
    ./src/components/studio/StudioWorkspace.tsx [Client Component SSR]
    ./src/app/(admin)/studio/[id]/edit/page.tsx [Client Component SSR]
    ./src/app/(admin)/studio/[id]/edit/page.tsx [Server Component] @ http://localhost:3000/_next/static/chunks/node_modules_next_dist_1gdrd03._.js:1945
[ 1106567ms] [LOG] [Fast Refresh] rebuilding @ http://localhost:3000/_next/static/chunks/node_modules_next_dist_1gdrd03._.js:1226
[ 1106817ms] [ERROR] ./src/components/studio/rendering/MapRenderer.tsx:13:1
Export addSourcesAndLayers doesn't exist in target module
  11 | import type { CampusDocument } from '@navi/core'
  12 | import { SRC, HIDDEN_NODE_TYPES, LYR } from './constants'
> 13 | import { addSourcesAndLayers } from './layers'
     | ^^^^^^^^^^^^^^^^^^^^^^^^^^^^^^^^^^^^^^^^^^^^^^
  14 | import {
  15 |   buildNodeGeo,
  16 |   buildConnectionNodeGeo,

The export addSourcesAndLayers was not found in module [project]/src/components/studio/rendering/layers.ts [app-client] (ecmascript).
Did you mean to import addGraphSourcesAndLayers?
All exports of the module are statically known (It doesn't have dynamic exports). So it's known statically that the requested export doesn't exist.

Import traces:
  Client Component Browser:
    ./src/components/studio/rendering/MapRenderer.tsx [Client Component Browser]
    ./src/components/studio/StudioCanvas.tsx [Client Component Browser]
    ./src/components/studio/StudioWorkspace.tsx [Client Component Browser]
    ./src/app/(admin)/studio/[id]/edit/page.tsx [Client Component Browser]
    ./src/app/(admin)/studio/[id]/edit/page.tsx [Server Component]

  Client Component SSR:
    ./src/components/studio/rendering/MapRenderer.tsx [Client Component SSR]
    ./src/components/studio/StudioCanvas.tsx [Client Component SSR]
    ./src/components/studio/StudioWorkspace.tsx [Client Component SSR]
    ./src/app/(admin)/studio/[id]/edit/page.tsx [Client Component SSR]
    ./src/app/(admin)/studio/[id]/edit/page.tsx [Server Component] @ http://localhost:3000/_next/static/chunks/node_modules_next_dist_1gdrd03._.js:1945
[ 1106818ms] [ERROR] ./src/components/studio/rendering/MapRenderer.tsx:13:1
Export addSourcesAndLayers doesn't exist in target module
  11 | import type { CampusDocument } from '@navi/core'
  12 | import { SRC, HIDDEN_NODE_TYPES, LYR } from './constants'
> 13 | import { addSourcesAndLayers } from './layers'
     | ^^^^^^^^^^^^^^^^^^^^^^^^^^^^^^^^^^^^^^^^^^^^^^
  14 | import {
  15 |   buildNodeGeo,
  16 |   buildConnectionNodeGeo,

The export addSourcesAndLayers was not found in module [project]/src/components/studio/rendering/layers.ts [app-ssr] (ecmascript).
Did you mean to import addGraphSourcesAndLayers?
All exports of the module are statically known (It doesn't have dynamic exports). So it's known statically that the requested export doesn't exist.

Import traces:
  Client Component Browser:
    ./src/components/studio/rendering/MapRenderer.tsx [Client Component Browser]
    ./src/components/studio/StudioCanvas.tsx [Client Component Browser]
    ./src/components/studio/StudioWorkspace.tsx [Client Component Browser]
    ./src/app/(admin)/studio/[id]/edit/page.tsx [Client Component Browser]
    ./src/app/(admin)/studio/[id]/edit/page.tsx [Server Component]

  Client Component SSR:
    ./src/components/studio/rendering/MapRenderer.tsx [Client Component SSR]
    ./src/components/studio/StudioCanvas.tsx [Client Component SSR]
    ./src/components/studio/StudioWorkspace.tsx [Client Component SSR]
    ./src/app/(admin)/studio/[id]/edit/page.tsx [Client Component SSR]
    ./src/app/(admin)/studio/[id]/edit/page.tsx [Server Component] @ http://localhost:3000/_next/static/chunks/node_modules_next_dist_1gdrd03._.js:1945
[ 1106861ms] [LOG] [Fast Refresh] rebuilding @ http://localhost:3000/_next/static/chunks/node_modules_next_dist_1gdrd03._.js:1226
[ 1106967ms] [ERROR] ./src/components/studio/rendering/MapRenderer.tsx:13:1
Export addSourcesAndLayers doesn't exist in target module
  11 | import type { CampusDocument } from '@navi/core'
  12 | import { SRC, HIDDEN_NODE_TYPES, LYR } from './constants'
> 13 | import { addSourcesAndLayers } from './layers'
     | ^^^^^^^^^^^^^^^^^^^^^^^^^^^^^^^^^^^^^^^^^^^^^^
  14 | import {
  15 |   buildNodeGeo,
  16 |   buildConnectionNodeGeo,

The export addSourcesAndLayers was not found in module [project]/src/components/studio/rendering/layers.ts [app-client] (ecmascript).
Did you mean to import addGraphSourcesAndLayers?
All exports of the module are statically known (It doesn't have dynamic exports). So it's known statically that the requested export doesn't exist.

Import traces:
  Client Component Browser:
    ./src/components/studio/rendering/MapRenderer.tsx [Client Component Browser]
    ./src/components/studio/StudioCanvas.tsx [Client Component Browser]
    ./src/components/studio/StudioWorkspace.tsx [Client Component Browser]
    ./src/app/(admin)/studio/[id]/edit/page.tsx [Client Component Browser]
    ./src/app/(admin)/studio/[id]/edit/page.tsx [Server Component]

  Client Component SSR:
    ./src/components/studio/rendering/MapRenderer.tsx [Client Component SSR]
    ./src/components/studio/StudioCanvas.tsx [Client Component SSR]
    ./src/components/studio/StudioWorkspace.tsx [Client Component SSR]
    ./src/app/(admin)/studio/[id]/edit/page.tsx [Client Component SSR]
    ./src/app/(admin)/studio/[id]/edit/page.tsx [Server Component] @ http://localhost:3000/_next/static/chunks/node_modules_next_dist_1gdrd03._.js:1945
[ 1106968ms] [ERROR] ./src/components/studio/rendering/MapRenderer.tsx:13:1
Export addSourcesAndLayers doesn't exist in target module
  11 | import type { CampusDocument } from '@navi/core'
  12 | import { SRC, HIDDEN_NODE_TYPES, LYR } from './constants'
> 13 | import { addSourcesAndLayers } from './layers'
     | ^^^^^^^^^^^^^^^^^^^^^^^^^^^^^^^^^^^^^^^^^^^^^^
  14 | import {
  15 |   buildNodeGeo,
  16 |   buildConnectionNodeGeo,

The export addSourcesAndLayers was not found in module [project]/src/components/studio/rendering/layers.ts [app-ssr] (ecmascript).
Did you mean to import addGraphSourcesAndLayers?
All exports of the module are statically known (It doesn't have dynamic exports). So it's known statically that the requested export doesn't exist.

Import traces:
  Client Component Browser:
    ./src/components/studio/rendering/MapRenderer.tsx [Client Component Browser]
    ./src/components/studio/StudioCanvas.tsx [Client Component Browser]
    ./src/components/studio/StudioWorkspace.tsx [Client Component Browser]
    ./src/app/(admin)/studio/[id]/edit/page.tsx [Client Component Browser]
    ./src/app/(admin)/studio/[id]/edit/page.tsx [Server Component]

  Client Component SSR:
    ./src/components/studio/rendering/MapRenderer.tsx [Client Component SSR]
    ./src/components/studio/StudioCanvas.tsx [Client Component SSR]
    ./src/components/studio/StudioWorkspace.tsx [Client Component SSR]
    ./src/app/(admin)/studio/[id]/edit/page.tsx [Client Component SSR]
    ./src/app/(admin)/studio/[id]/edit/page.tsx [Server Component] @ http://localhost:3000/_next/static/chunks/node_modules_next_dist_1gdrd03._.js:1945
[ 1107024ms] [LOG] [Fast Refresh] rebuilding @ http://localhost:3000/_next/static/chunks/node_modules_next_dist_1gdrd03._.js:1226
[ 1114726ms] [ERROR] ./src/components/studio/rendering/MapRenderer.tsx:13:1
Export addSourcesAndLayers doesn't exist in target module
  11 | import type { CampusDocument } from '@navi/core'
  12 | import { SRC, HIDDEN_NODE_TYPES, LYR } from './constants'
> 13 | import { addSourcesAndLayers } from './layers'
     | ^^^^^^^^^^^^^^^^^^^^^^^^^^^^^^^^^^^^^^^^^^^^^^
  14 | import {
  15 |   buildNodeGeo,
  16 |   buildConnectionNodeGeo,

The export addSourcesAndLayers was not found in module [project]/src/components/studio/rendering/layers.ts [app-client] (ecmascript).
Did you mean to import addGraphSourcesAndLayers?
All exports of the module are statically known (It doesn't have dynamic exports). So it's known statically that the requested export doesn't exist.

Import traces:
  Client Component Browser:
    ./src/components/studio/rendering/MapRenderer.tsx [Client Component Browser]
    ./src/components/studio/StudioCanvas.tsx [Client Component Browser]
    ./src/components/studio/StudioWorkspace.tsx [Client Component Browser]
    ./src/app/(admin)/studio/[id]/edit/page.tsx [Client Component Browser]
    ./src/app/(admin)/studio/[id]/edit/page.tsx [Server Component]

  Client Component SSR:
    ./src/components/studio/rendering/MapRenderer.tsx [Client Component SSR]
    ./src/components/studio/StudioCanvas.tsx [Client Component SSR]
    ./src/components/studio/StudioWorkspace.tsx [Client Component SSR]
    ./src/app/(admin)/studio/[id]/edit/page.tsx [Client Component SSR]
    ./src/app/(admin)/studio/[id]/edit/page.tsx [Server Component] @ http://localhost:3000/_next/static/chunks/node_modules_next_dist_1gdrd03._.js:1945
[ 1114726ms] [ERROR] ./src/components/studio/rendering/MapRenderer.tsx:13:1
Export addSourcesAndLayers doesn't exist in target module
  11 | import type { CampusDocument } from '@navi/core'
  12 | import { SRC, HIDDEN_NODE_TYPES, LYR } from './constants'
> 13 | import { addSourcesAndLayers } from './layers'
     | ^^^^^^^^^^^^^^^^^^^^^^^^^^^^^^^^^^^^^^^^^^^^^^
  14 | import {
  15 |   buildNodeGeo,
  16 |   buildConnectionNodeGeo,

The export addSourcesAndLayers was not found in module [project]/src/components/studio/rendering/layers.ts [app-ssr] (ecmascript).
Did you mean to import addGraphSourcesAndLayers?
All exports of the module are statically known (It doesn't have dynamic exports). So it's known statically that the requested export doesn't exist.

Import traces:
  Client Component Browser:
    ./src/components/studio/rendering/MapRenderer.tsx [Client Component Browser]
    ./src/components/studio/StudioCanvas.tsx [Client Component Browser]
    ./src/components/studio/StudioWorkspace.tsx [Client Component Browser]
    ./src/app/(admin)/studio/[id]/edit/page.tsx [Client Component Browser]
    ./src/app/(admin)/studio/[id]/edit/page.tsx [Server Component]

  Client Component SSR:
    ./src/components/studio/rendering/MapRenderer.tsx [Client Component SSR]
    ./src/components/studio/StudioCanvas.tsx [Client Component SSR]
    ./src/components/studio/StudioWorkspace.tsx [Client Component SSR]
    ./src/app/(admin)/studio/[id]/edit/page.tsx [Client Component SSR]
    ./src/app/(admin)/studio/[id]/edit/page.tsx [Server Component] @ http://localhost:3000/_next/static/chunks/node_modules_next_dist_1gdrd03._.js:1945
[ 1114759ms] [LOG] [Fast Refresh] rebuilding @ http://localhost:3000/_next/static/chunks/node_modules_next_dist_1gdrd03._.js:1226
[ 1114876ms] [ERROR] ./src/components/studio/rendering/MapRenderer.tsx:13:1
Export addSourcesAndLayers doesn't exist in target module
  11 | import type { CampusDocument } from '@navi/core'
  12 | import { SRC, HIDDEN_NODE_TYPES, LYR } from './constants'
> 13 | import { addSourcesAndLayers } from './layers'
     | ^^^^^^^^^^^^^^^^^^^^^^^^^^^^^^^^^^^^^^^^^^^^^^
  14 | import {
  15 |   buildNodeGeo,
  16 |   buildConnectionNodeGeo,

The export addSourcesAndLayers was not found in module [project]/src/components/studio/rendering/layers.ts [app-client] (ecmascript).
Did you mean to import addGraphSourcesAndLayers?
All exports of the module are statically known (It doesn't have dynamic exports). So it's known statically that the requested export doesn't exist.

Import traces:
  Client Component Browser:
    ./src/components/studio/rendering/MapRenderer.tsx [Client Component Browser]
    ./src/components/studio/StudioCanvas.tsx [Client Component Browser]
    ./src/components/studio/StudioWorkspace.tsx [Client Component Browser]
    ./src/app/(admin)/studio/[id]/edit/page.tsx [Client Component Browser]
    ./src/app/(admin)/studio/[id]/edit/page.tsx [Server Component]

  Client Component SSR:
    ./src/components/studio/rendering/MapRenderer.tsx [Client Component SSR]
    ./src/components/studio/StudioCanvas.tsx [Client Component SSR]
    ./src/components/studio/StudioWorkspace.tsx [Client Component SSR]
    ./src/app/(admin)/studio/[id]/edit/page.tsx [Client Component SSR]
    ./src/app/(admin)/studio/[id]/edit/page.tsx [Server Component] @ http://localhost:3000/_next/static/chunks/node_modules_next_dist_1gdrd03._.js:1945
[ 1114876ms] [ERROR] ./src/components/studio/rendering/MapRenderer.tsx:13:1
Export addSourcesAndLayers doesn't exist in target module
  11 | import type { CampusDocument } from '@navi/core'
  12 | import { SRC, HIDDEN_NODE_TYPES, LYR } from './constants'
> 13 | import { addSourcesAndLayers } from './layers'
     | ^^^^^^^^^^^^^^^^^^^^^^^^^^^^^^^^^^^^^^^^^^^^^^
  14 | import {
  15 |   buildNodeGeo,
  16 |   buildConnectionNodeGeo,

The export addSourcesAndLayers was not found in module [project]/src/components/studio/rendering/layers.ts [app-ssr] (ecmascript).
Did you mean to import addGraphSourcesAndLayers?
All exports of the module are statically known (It doesn't have dynamic exports). So it's known statically that the requested export doesn't exist.

Import traces:
  Client Component Browser:
    ./src/components/studio/rendering/MapRenderer.tsx [Client Component Browser]
    ./src/components/studio/StudioCanvas.tsx [Client Component Browser]
    ./src/components/studio/StudioWorkspace.tsx [Client Component Browser]
    ./src/app/(admin)/studio/[id]/edit/page.tsx [Client Component Browser]
    ./src/app/(admin)/studio/[id]/edit/page.tsx [Server Component]

  Client Component SSR:
    ./src/components/studio/rendering/MapRenderer.tsx [Client Component SSR]
    ./src/components/studio/StudioCanvas.tsx [Client Component SSR]
    ./src/components/studio/StudioWorkspace.tsx [Client Component SSR]
    ./src/app/(admin)/studio/[id]/edit/page.tsx [Client Component SSR]
    ./src/app/(admin)/studio/[id]/edit/page.tsx [Server Component] @ http://localhost:3000/_next/static/chunks/node_modules_next_dist_1gdrd03._.js:1945
[ 1114925ms] [LOG] [Fast Refresh] rebuilding @ http://localhost:3000/_next/static/chunks/node_modules_next_dist_1gdrd03._.js:1226
[ 1115085ms] [ERROR] ./src/components/studio/rendering/MapRenderer.tsx:13:1
Export addSourcesAndLayers doesn't exist in target module
  11 | import type { CampusDocument } from '@navi/core'
  12 | import { SRC, HIDDEN_NODE_TYPES, LYR } from './constants'
> 13 | import { addSourcesAndLayers } from './layers'
     | ^^^^^^^^^^^^^^^^^^^^^^^^^^^^^^^^^^^^^^^^^^^^^^
  14 | import {
  15 |   buildNodeGeo,
  16 |   buildConnectionNodeGeo,

The export addSourcesAndLayers was not found in module [project]/src/components/studio/rendering/layers.ts [app-client] (ecmascript).
Did you mean to import addGraphSourcesAndLayers?
All exports of the module are statically known (It doesn't have dynamic exports). So it's known statically that the requested export doesn't exist.

Import traces:
  Client Component Browser:
    ./src/components/studio/rendering/MapRenderer.tsx [Client Component Browser]
    ./src/components/studio/StudioCanvas.tsx [Client Component Browser]
    ./src/components/studio/StudioWorkspace.tsx [Client Component Browser]
    ./src/app/(admin)/studio/[id]/edit/page.tsx [Client Component Browser]
    ./src/app/(admin)/studio/[id]/edit/page.tsx [Server Component]

  Client Component SSR:
    ./src/components/studio/rendering/MapRenderer.tsx [Client Component SSR]
    ./src/components/studio/StudioCanvas.tsx [Client Component SSR]
    ./src/components/studio/StudioWorkspace.tsx [Client Component SSR]
    ./src/app/(admin)/studio/[id]/edit/page.tsx [Client Component SSR]
    ./src/app/(admin)/studio/[id]/edit/page.tsx [Server Component] @ http://localhost:3000/_next/static/chunks/node_modules_next_dist_1gdrd03._.js:1945
[ 1115085ms] [ERROR] ./src/components/studio/rendering/MapRenderer.tsx:13:1
Export addSourcesAndLayers doesn't exist in target module
  11 | import type { CampusDocument } from '@navi/core'
  12 | import { SRC, HIDDEN_NODE_TYPES, LYR } from './constants'
> 13 | import { addSourcesAndLayers } from './layers'
     | ^^^^^^^^^^^^^^^^^^^^^^^^^^^^^^^^^^^^^^^^^^^^^^
  14 | import {
  15 |   buildNodeGeo,
  16 |   buildConnectionNodeGeo,

The export addSourcesAndLayers was not found in module [project]/src/components/studio/rendering/layers.ts [app-ssr] (ecmascript).
Did you mean to import addGraphSourcesAndLayers?
All exports of the module are statically known (It doesn't have dynamic exports). So it's known statically that the requested export doesn't exist.

Import traces:
  Client Component Browser:
    ./src/components/studio/rendering/MapRenderer.tsx [Client Component Browser]
    ./src/components/studio/StudioCanvas.tsx [Client Component Browser]
    ./src/components/studio/StudioWorkspace.tsx [Client Component Browser]
    ./src/app/(admin)/studio/[id]/edit/page.tsx [Client Component Browser]
    ./src/app/(admin)/studio/[id]/edit/page.tsx [Server Component]

  Client Component SSR:
    ./src/components/studio/rendering/MapRenderer.tsx [Client Component SSR]
    ./src/components/studio/StudioCanvas.tsx [Client Component SSR]
    ./src/components/studio/StudioWorkspace.tsx [Client Component SSR]
    ./src/app/(admin)/studio/[id]/edit/page.tsx [Client Component SSR]
    ./src/app/(admin)/studio/[id]/edit/page.tsx [Server Component] @ http://localhost:3000/_next/static/chunks/node_modules_next_dist_1gdrd03._.js:1945
[ 1115116ms] [LOG] [Fast Refresh] rebuilding @ http://localhost:3000/_next/static/chunks/node_modules_next_dist_1gdrd03._.js:1226
[ 1115243ms] [ERROR] ./src/components/studio/rendering/MapRenderer.tsx:13:1
Export addSourcesAndLayers doesn't exist in target module
  11 | import type { CampusDocument } from '@navi/core'
  12 | import { SRC, HIDDEN_NODE_TYPES, LYR } from './constants'
> 13 | import { addSourcesAndLayers } from './layers'
     | ^^^^^^^^^^^^^^^^^^^^^^^^^^^^^^^^^^^^^^^^^^^^^^
  14 | import {
  15 |   buildNodeGeo,
  16 |   buildConnectionNodeGeo,

The export addSourcesAndLayers was not found in module [project]/src/components/studio/rendering/layers.ts [app-client] (ecmascript).
Did you mean to import addGraphSourcesAndLayers?
All exports of the module are statically known (It doesn't have dynamic exports). So it's known statically that the requested export doesn't exist.

Import traces:
  Client Component Browser:
    ./src/components/studio/rendering/MapRenderer.tsx [Client Component Browser]
    ./src/components/studio/StudioCanvas.tsx [Client Component Browser]
    ./src/components/studio/StudioWorkspace.tsx [Client Component Browser]
    ./src/app/(admin)/studio/[id]/edit/page.tsx [Client Component Browser]
    ./src/app/(admin)/studio/[id]/edit/page.tsx [Server Component]

  Client Component SSR:
    ./src/components/studio/rendering/MapRenderer.tsx [Client Component SSR]
    ./src/components/studio/StudioCanvas.tsx [Client Component SSR]
    ./src/components/studio/StudioWorkspace.tsx [Client Component SSR]
    ./src/app/(admin)/studio/[id]/edit/page.tsx [Client Component SSR]
    ./src/app/(admin)/studio/[id]/edit/page.tsx [Server Component] @ http://localhost:3000/_next/static/chunks/node_modules_next_dist_1gdrd03._.js:1945
[ 1115243ms] [ERROR] ./src/components/studio/rendering/MapRenderer.tsx:13:1
Export addSourcesAndLayers doesn't exist in target module
  11 | import type { CampusDocument } from '@navi/core'
  12 | import { SRC, HIDDEN_NODE_TYPES, LYR } from './constants'
> 13 | import { addSourcesAndLayers } from './layers'
     | ^^^^^^^^^^^^^^^^^^^^^^^^^^^^^^^^^^^^^^^^^^^^^^
  14 | import {
  15 |   buildNodeGeo,
  16 |   buildConnectionNodeGeo,

The export addSourcesAndLayers was not found in module [project]/src/components/studio/rendering/layers.ts [app-ssr] (ecmascript).
Did you mean to import addGraphSourcesAndLayers?
All exports of the module are statically known (It doesn't have dynamic exports). So it's known statically that the requested export doesn't exist.

Import traces:
  Client Component Browser:
    ./src/components/studio/rendering/MapRenderer.tsx [Client Component Browser]
    ./src/components/studio/StudioCanvas.tsx [Client Component Browser]
    ./src/components/studio/StudioWorkspace.tsx [Client Component Browser]
    ./src/app/(admin)/studio/[id]/edit/page.tsx [Client Component Browser]
    ./src/app/(admin)/studio/[id]/edit/page.tsx [Server Component]

  Client Component SSR:
    ./src/components/studio/rendering/MapRenderer.tsx [Client Component SSR]
    ./src/components/studio/StudioCanvas.tsx [Client Component SSR]
    ./src/components/studio/StudioWorkspace.tsx [Client Component SSR]
    ./src/app/(admin)/studio/[id]/edit/page.tsx [Client Component SSR]
    ./src/app/(admin)/studio/[id]/edit/page.tsx [Server Component] @ http://localhost:3000/_next/static/chunks/node_modules_next_dist_1gdrd03._.js:1945
[ 1115283ms] [LOG] [Fast Refresh] rebuilding @ http://localhost:3000/_next/static/chunks/node_modules_next_dist_1gdrd03._.js:1226
[ 1115566ms] [ERROR] ./src/components/studio/rendering/MapRenderer.tsx:13:1
Export addSourcesAndLayers doesn't exist in target module
  11 | import type { CampusDocument } from '@navi/core'
  12 | import { SRC, HIDDEN_NODE_TYPES, LYR } from './constants'
> 13 | import { addSourcesAndLayers } from './layers'
     | ^^^^^^^^^^^^^^^^^^^^^^^^^^^^^^^^^^^^^^^^^^^^^^
  14 | import {
  15 |   buildNodeGeo,
  16 |   buildConnectionNodeGeo,

The export addSourcesAndLayers was not found in module [project]/src/components/studio/rendering/layers.ts [app-client] (ecmascript).
Did you mean to import addGraphSourcesAndLayers?
All exports of the module are statically known (It doesn't have dynamic exports). So it's known statically that the requested export doesn't exist.

Import traces:
  Client Component Browser:
    ./src/components/studio/rendering/MapRenderer.tsx [Client Component Browser]
    ./src/components/studio/StudioCanvas.tsx [Client Component Browser]
    ./src/components/studio/StudioWorkspace.tsx [Client Component Browser]
    ./src/app/(admin)/studio/[id]/edit/page.tsx [Client Component Browser]
    ./src/app/(admin)/studio/[id]/edit/page.tsx [Server Component]

  Client Component SSR:
    ./src/components/studio/rendering/MapRenderer.tsx [Client Component SSR]
    ./src/components/studio/StudioCanvas.tsx [Client Component SSR]
    ./src/components/studio/StudioWorkspace.tsx [Client Component SSR]
    ./src/app/(admin)/studio/[id]/edit/page.tsx [Client Component SSR]
    ./src/app/(admin)/studio/[id]/edit/page.tsx [Server Component] @ http://localhost:3000/_next/static/chunks/node_modules_next_dist_1gdrd03._.js:1945
[ 1115566ms] [ERROR] ./src/components/studio/rendering/MapRenderer.tsx:13:1
Export addSourcesAndLayers doesn't exist in target module
  11 | import type { CampusDocument } from '@navi/core'
  12 | import { SRC, HIDDEN_NODE_TYPES, LYR } from './constants'
> 13 | import { addSourcesAndLayers } from './layers'
     | ^^^^^^^^^^^^^^^^^^^^^^^^^^^^^^^^^^^^^^^^^^^^^^
  14 | import {
  15 |   buildNodeGeo,
  16 |   buildConnectionNodeGeo,

The export addSourcesAndLayers was not found in module [project]/src/components/studio/rendering/layers.ts [app-ssr] (ecmascript).
Did you mean to import addGraphSourcesAndLayers?
All exports of the module are statically known (It doesn't have dynamic exports). So it's known statically that the requested export doesn't exist.

Import traces:
  Client Component Browser:
    ./src/components/studio/rendering/MapRenderer.tsx [Client Component Browser]
    ./src/components/studio/StudioCanvas.tsx [Client Component Browser]
    ./src/components/studio/StudioWorkspace.tsx [Client Component Browser]
    ./src/app/(admin)/studio/[id]/edit/page.tsx [Client Component Browser]
    ./src/app/(admin)/studio/[id]/edit/page.tsx [Server Component]

  Client Component SSR:
    ./src/components/studio/rendering/MapRenderer.tsx [Client Component SSR]
    ./src/components/studio/StudioCanvas.tsx [Client Component SSR]
    ./src/components/studio/StudioWorkspace.tsx [Client Component SSR]
    ./src/app/(admin)/studio/[id]/edit/page.tsx [Client Component SSR]
    ./src/app/(admin)/studio/[id]/edit/page.tsx [Server Component] @ http://localhost:3000/_next/static/chunks/node_modules_next_dist_1gdrd03._.js:1945
[ 1115618ms] [ERROR] ./src/components/studio/rendering/MapRenderer.tsx:13:1
Export addSourcesAndLayers doesn't exist in target module
  11 | import type { CampusDocument } from '@navi/core'
  12 | import { SRC, HIDDEN_NODE_TYPES, LYR } from './constants'
> 13 | import { addSourcesAndLayers } from './layers'
     | ^^^^^^^^^^^^^^^^^^^^^^^^^^^^^^^^^^^^^^^^^^^^^^
  14 | import {
  15 |   buildNodeGeo,
  16 |   buildConnectionNodeGeo,

The export addSourcesAndLayers was not found in module [project]/src/components/studio/rendering/layers.ts [app-client] (ecmascript).
Did you mean to import addGraphSourcesAndLayers?
All exports of the module are statically known (It doesn't have dynamic exports). So it's known statically that the requested export doesn't exist.

Import traces:
  Client Component Browser:
    ./src/components/studio/rendering/MapRenderer.tsx [Client Component Browser]
    ./src/components/studio/StudioCanvas.tsx [Client Component Browser]
    ./src/components/studio/StudioWorkspace.tsx [Client Component Browser]
    ./src/app/(admin)/studio/[id]/edit/page.tsx [Client Component Browser]
    ./src/app/(admin)/studio/[id]/edit/page.tsx [Server Component]

  Client Component SSR:
    ./src/components/studio/rendering/MapRenderer.tsx [Client Component SSR]
    ./src/components/studio/StudioCanvas.tsx [Client Component SSR]
    ./src/components/studio/StudioWorkspace.tsx [Client Component SSR]
    ./src/app/(admin)/studio/[id]/edit/page.tsx [Client Component SSR]
    ./src/app/(admin)/studio/[id]/edit/page.tsx [Server Component] @ http://localhost:3000/_next/static/chunks/node_modules_next_dist_1gdrd03._.js:1945
[ 1115618ms] [ERROR] ./src/components/studio/rendering/MapRenderer.tsx:13:1
Export addSourcesAndLayers doesn't exist in target module
  11 | import type { CampusDocument } from '@navi/core'
  12 | import { SRC, HIDDEN_NODE_TYPES, LYR } from './constants'
> 13 | import { addSourcesAndLayers } from './layers'
     | ^^^^^^^^^^^^^^^^^^^^^^^^^^^^^^^^^^^^^^^^^^^^^^
  14 | import {
  15 |   buildNodeGeo,
  16 |   buildConnectionNodeGeo,

The export addSourcesAndLayers was not found in module [project]/src/components/studio/rendering/layers.ts [app-ssr] (ecmascript).
Did you mean to import addGraphSourcesAndLayers?
All exports of the module are statically known (It doesn't have dynamic exports). So it's known statically that the requested export doesn't exist.

Import traces:
  Client Component Browser:
    ./src/components/studio/rendering/MapRenderer.tsx [Client Component Browser]
    ./src/components/studio/StudioCanvas.tsx [Client Component Browser]
    ./src/components/studio/StudioWorkspace.tsx [Client Component Browser]
    ./src/app/(admin)/studio/[id]/edit/page.tsx [Client Component Browser]
    ./src/app/(admin)/studio/[id]/edit/page.tsx [Server Component]

  Client Component SSR:
    ./src/components/studio/rendering/MapRenderer.tsx [Client Component SSR]
    ./src/components/studio/StudioCanvas.tsx [Client Component SSR]
    ./src/components/studio/StudioWorkspace.tsx [Client Component SSR]
    ./src/app/(admin)/studio/[id]/edit/page.tsx [Client Component SSR]
    ./src/app/(admin)/studio/[id]/edit/page.tsx [Server Component] @ http://localhost:3000/_next/static/chunks/node_modules_next_dist_1gdrd03._.js:1945
[ 1115676ms] [LOG] [Fast Refresh] rebuilding @ http://localhost:3000/_next/static/chunks/node_modules_next_dist_1gdrd03._.js:1226
[ 1115769ms] [ERROR] ./src/components/studio/rendering/MapRenderer.tsx:13:1
Export addSourcesAndLayers doesn't exist in target module
  11 | import type { CampusDocument } from '@navi/core'
  12 | import { SRC, HIDDEN_NODE_TYPES, LYR } from './constants'
> 13 | import { addSourcesAndLayers } from './layers'
     | ^^^^^^^^^^^^^^^^^^^^^^^^^^^^^^^^^^^^^^^^^^^^^^
  14 | import {
  15 |   buildNodeGeo,
  16 |   buildConnectionNodeGeo,

The export addSourcesAndLayers was not found in module [project]/src/components/studio/rendering/layers.ts [app-client] (ecmascript).
Did you mean to import addGraphSourcesAndLayers?
All exports of the module are statically known (It doesn't have dynamic exports). So it's known statically that the requested export doesn't exist.

Import traces:
  Client Component Browser:
    ./src/components/studio/rendering/MapRenderer.tsx [Client Component Browser]
    ./src/components/studio/StudioCanvas.tsx [Client Component Browser]
    ./src/components/studio/StudioWorkspace.tsx [Client Component Browser]
    ./src/app/(admin)/studio/[id]/edit/page.tsx [Client Component Browser]
    ./src/app/(admin)/studio/[id]/edit/page.tsx [Server Component]

  Client Component SSR:
    ./src/components/studio/rendering/MapRenderer.tsx [Client Component SSR]
    ./src/components/studio/StudioCanvas.tsx [Client Component SSR]
    ./src/components/studio/StudioWorkspace.tsx [Client Component SSR]
    ./src/app/(admin)/studio/[id]/edit/page.tsx [Client Component SSR]
    ./src/app/(admin)/studio/[id]/edit/page.tsx [Server Component] @ http://localhost:3000/_next/static/chunks/node_modules_next_dist_1gdrd03._.js:1945
[ 1115769ms] [ERROR] ./src/components/studio/rendering/MapRenderer.tsx:13:1
Export addSourcesAndLayers doesn't exist in target module
  11 | import type { CampusDocument } from '@navi/core'
  12 | import { SRC, HIDDEN_NODE_TYPES, LYR } from './constants'
> 13 | import { addSourcesAndLayers } from './layers'
     | ^^^^^^^^^^^^^^^^^^^^^^^^^^^^^^^^^^^^^^^^^^^^^^
  14 | import {
  15 |   buildNodeGeo,
  16 |   buildConnectionNodeGeo,

The export addSourcesAndLayers was not found in module [project]/src/components/studio/rendering/layers.ts [app-ssr] (ecmascript).
Did you mean to import addGraphSourcesAndLayers?
All exports of the module are statically known (It doesn't have dynamic exports). So it's known statically that the requested export doesn't exist.

Import traces:
  Client Component Browser:
    ./src/components/studio/rendering/MapRenderer.tsx [Client Component Browser]
    ./src/components/studio/StudioCanvas.tsx [Client Component Browser]
    ./src/components/studio/StudioWorkspace.tsx [Client Component Browser]
    ./src/app/(admin)/studio/[id]/edit/page.tsx [Client Component Browser]
    ./src/app/(admin)/studio/[id]/edit/page.tsx [Server Component]

  Client Component SSR:
    ./src/components/studio/rendering/MapRenderer.tsx [Client Component SSR]
    ./src/components/studio/StudioCanvas.tsx [Client Component SSR]
    ./src/components/studio/StudioWorkspace.tsx [Client Component SSR]
    ./src/app/(admin)/studio/[id]/edit/page.tsx [Client Component SSR]
    ./src/app/(admin)/studio/[id]/edit/page.tsx [Server Component] @ http://localhost:3000/_next/static/chunks/node_modules_next_dist_1gdrd03._.js:1945
[ 1115798ms] [LOG] [Fast Refresh] rebuilding @ http://localhost:3000/_next/static/chunks/node_modules_next_dist_1gdrd03._.js:1226
[ 1139948ms] [LOG] [Fast Refresh] rebuilding @ http://localhost:3000/_next/static/chunks/node_modules_next_dist_1gdrd03._.js:1226
[ 1139995ms] [ERROR] ./src/components/studio/rendering/MapRenderer.tsx:13:1
Export addSourcesAndLayers doesn't exist in target module
  11 | import type { CampusDocument } from '@navi/core'
  12 | import { SRC, HIDDEN_NODE_TYPES, LYR } from './constants'
> 13 | import { addSourcesAndLayers } from './layers'
     | ^^^^^^^^^^^^^^^^^^^^^^^^^^^^^^^^^^^^^^^^^^^^^^
  14 | import {
  15 |   buildNodeGeo,
  16 |   buildConnectionNodeGeo,

The export addSourcesAndLayers was not found in module [project]/src/components/studio/rendering/layers.ts [app-client] (ecmascript).
Did you mean to import addGraphSourcesAndLayers?
All exports of the module are statically known (It doesn't have dynamic exports). So it's known statically that the requested export doesn't exist.

Import traces:
  Client Component Browser:
    ./src/components/studio/rendering/MapRenderer.tsx [Client Component Browser]
    ./src/components/studio/StudioCanvas.tsx [Client Component Browser]
    ./src/components/studio/StudioWorkspace.tsx [Client Component Browser]
    ./src/app/(admin)/studio/[id]/edit/page.tsx [Client Component Browser]
    ./src/app/(admin)/studio/[id]/edit/page.tsx [Server Component]

  Client Component SSR:
    ./src/components/studio/rendering/MapRenderer.tsx [Client Component SSR]
    ./src/components/studio/StudioCanvas.tsx [Client Component SSR]
    ./src/components/studio/StudioWorkspace.tsx [Client Component SSR]
    ./src/app/(admin)/studio/[id]/edit/page.tsx [Client Component SSR]
    ./src/app/(admin)/studio/[id]/edit/page.tsx [Server Component] @ http://localhost:3000/_next/static/chunks/node_modules_next_dist_1gdrd03._.js:1945
[ 1139995ms] [ERROR] ./src/components/studio/rendering/MapRenderer.tsx:13:1
Export addSourcesAndLayers doesn't exist in target module
  11 | import type { CampusDocument } from '@navi/core'
  12 | import { SRC, HIDDEN_NODE_TYPES, LYR } from './constants'
> 13 | import { addSourcesAndLayers } from './layers'
     | ^^^^^^^^^^^^^^^^^^^^^^^^^^^^^^^^^^^^^^^^^^^^^^
  14 | import {
  15 |   buildNodeGeo,
  16 |   buildConnectionNodeGeo,

The export addSourcesAndLayers was not found in module [project]/src/components/studio/rendering/layers.ts [app-ssr] (ecmascript).
Did you mean to import addGraphSourcesAndLayers?
All exports of the module are statically known (It doesn't have dynamic exports). So it's known statically that the requested export doesn't exist.

Import traces:
  Client Component Browser:
    ./src/components/studio/rendering/MapRenderer.tsx [Client Component Browser]
    ./src/components/studio/StudioCanvas.tsx [Client Component Browser]
    ./src/components/studio/StudioWorkspace.tsx [Client Component Browser]
    ./src/app/(admin)/studio/[id]/edit/page.tsx [Client Component Browser]
    ./src/app/(admin)/studio/[id]/edit/page.tsx [Server Component]

  Client Component SSR:
    ./src/components/studio/rendering/MapRenderer.tsx [Client Component SSR]
    ./src/components/studio/StudioCanvas.tsx [Client Component SSR]
    ./src/components/studio/StudioWorkspace.tsx [Client Component SSR]
    ./src/app/(admin)/studio/[id]/edit/page.tsx [Client Component SSR]
    ./src/app/(admin)/studio/[id]/edit/page.tsx [Server Component] @ http://localhost:3000/_next/static/chunks/node_modules_next_dist_1gdrd03._.js:1945
[ 1140058ms] [ERROR] Failed to load resource: the server responded with a status of 500 (Internal Server Error) @ http://localhost:3000/studio/verify-campus/edit:0
[ 1140091ms] [INFO] %cDownload the React DevTools for a better development experience: https://react.dev/link/react-devtools font-weight:bold @ http://localhost:3000/_next/static/chunks/node_modules_react-dom_0kla17-._.js:15305
[ 1140104ms] Error: ./src/components/studio/rendering/MapRenderer.tsx:13:1
Export addSourcesAndLayers doesn't exist in target module
  11 | import type { CampusDocument } from '@navi/core'
  12 | import { SRC, HIDDEN_NODE_TYPES, LYR } from './constants'
> 13 | import { addSourcesAndLayers } from './layers'
     | ^^^^^^^^^^^^^^^^^^^^^^^^^^^^^^^^^^^^^^^^^^^^^^
  14 | import {
  15 |   buildNodeGeo,
  16 |   buildConnectionNodeGeo,

The export addSourcesAndLayers was not found in module [project]/src/components/studio/rendering/layers.ts [app-client] (ecmascript).
Did you mean to import addGraphSourcesAndLayers?
All exports of the module are statically known (It doesn't have dynamic exports). So it's known statically that the requested export doesn't exist.

Import traces:
  Client Component Browser:
    ./src/components/studio/rendering/MapRenderer.tsx [Client Component Browser]
    ./src/components/studio/StudioCanvas.tsx [Client Component Browser]
    ./src/components/studio/StudioWorkspace.tsx [Client Component Browser]
    ./src/app/(admin)/studio/[id]/edit/page.tsx [Client Component Browser]
    ./src/app/(admin)/studio/[id]/edit/page.tsx [Server Component]

  Client Component SSR:
    ./src/components/studio/rendering/MapRenderer.tsx [Client Component SSR]
    ./src/components/studio/StudioCanvas.tsx [Client Component SSR]
    ./src/components/studio/StudioWorkspace.tsx [Client Component SSR]
    ./src/app/(admin)/studio/[id]/edit/page.tsx [Client Component SSR]
    ./src/app/(admin)/studio/[id]/edit/page.tsx [Server Component]


    at <unknown> (Error: ./src/components/studio/rendering/MapRenderer.tsx:13:1)
    at Object.getCompilationErrors (file://C:\Users\Administrator\Desktop\CODEme\Navi\navi-next\node_modules\next\dist\server\dev\hot-reloader-turbopack.js:1186:59)
    at DevBundlerService.getCompilationError (file://C:\Users\Administrator\Desktop\CODEme\Navi\navi-next\node_modules\next\dist\server\lib\dev-bundler-service.js:44:55)
    at DevServer.getCompilationError (file://C:\Users\Administrator\Desktop\CODEme\Navi\navi-next\node_modules\next\dist\server\dev\next-dev-server.js:720:42)
    at DevServer.findPageComponents (file://C:\Users\Administrator\Desktop\CODEme\Navi\navi-next\node_modules\next\dist\server\dev\next-dev-server.js:690:43)
    at async DevServer.renderErrorToResponseImpl (file://C:\Users\Administrator\Desktop\CODEme\Navi\navi-next\node_modules\next\dist\server\base-server.js:1753:26)
[ 1140107ms] [LOG] [HMR] connected @ http://localhost:3000/_next/static/chunks/node_modules_next_dist_1gdrd03._.js:1226
[ 1140125ms] [ERROR] ./src/components/studio/rendering/MapRenderer.tsx:13:1
Export addSourcesAndLayers doesn't exist in target module
  11 | import type { CampusDocument } from '@navi/core'
  12 | import { SRC, HIDDEN_NODE_TYPES, LYR } from './constants'
> 13 | import { addSourcesAndLayers } from './layers'
     | ^^^^^^^^^^^^^^^^^^^^^^^^^^^^^^^^^^^^^^^^^^^^^^
  14 | import {
  15 |   buildNodeGeo,
  16 |   buildConnectionNodeGeo,

The export addSourcesAndLayers was not found in module [project]/src/components/studio/rendering/layers.ts [app-client] (ecmascript).
Did you mean to import addGraphSourcesAndLayers?
All exports of the module are statically known (It doesn't have dynamic exports). So it's known statically that the requested export doesn't exist.

Import traces:
  Client Component Browser:
    ./src/components/studio/rendering/MapRenderer.tsx [Client Component Browser]
    ./src/components/studio/StudioCanvas.tsx [Client Component Browser]
    ./src/components/studio/StudioWorkspace.tsx [Client Component Browser]
    ./src/app/(admin)/studio/[id]/edit/page.tsx [Client Component Browser]
    ./src/app/(admin)/studio/[id]/edit/page.tsx [Server Component]

  Client Component SSR:
    ./src/components/studio/rendering/MapRenderer.tsx [Client Component SSR]
    ./src/components/studio/StudioCanvas.tsx [Client Component SSR]
    ./src/components/studio/StudioWorkspace.tsx [Client Component SSR]
    ./src/app/(admin)/studio/[id]/edit/page.tsx [Client Component SSR]
    ./src/app/(admin)/studio/[id]/edit/page.tsx [Server Component] @ http://localhost:3000/_next/static/chunks/node_modules_next_dist_1gdrd03._.js:1945
[ 1140125ms] [ERROR] ./src/components/studio/rendering/MapRenderer.tsx:13:1
Export addSourcesAndLayers doesn't exist in target module
  11 | import type { CampusDocument } from '@navi/core'
  12 | import { SRC, HIDDEN_NODE_TYPES, LYR } from './constants'
> 13 | import { addSourcesAndLayers } from './layers'
     | ^^^^^^^^^^^^^^^^^^^^^^^^^^^^^^^^^^^^^^^^^^^^^^
  14 | import {
  15 |   buildNodeGeo,
  16 |   buildConnectionNodeGeo,

The export addSourcesAndLayers was not found in module [project]/src/components/studio/rendering/layers.ts [app-ssr] (ecmascript).
Did you mean to import addGraphSourcesAndLayers?
All exports of the module are statically known (It doesn't have dynamic exports). So it's known statically that the requested export doesn't exist.

Import traces:
  Client Component Browser:
    ./src/components/studio/rendering/MapRenderer.tsx [Client Component Browser]
    ./src/components/studio/StudioCanvas.tsx [Client Component Browser]
    ./src/components/studio/StudioWorkspace.tsx [Client Component Browser]
    ./src/app/(admin)/studio/[id]/edit/page.tsx [Client Component Browser]
    ./src/app/(admin)/studio/[id]/edit/page.tsx [Server Component]

  Client Component SSR:
    ./src/components/studio/rendering/MapRenderer.tsx [Client Component SSR]
    ./src/components/studio/StudioCanvas.tsx [Client Component SSR]
    ./src/components/studio/StudioWorkspace.tsx [Client Component SSR]
    ./src/app/(admin)/studio/[id]/edit/page.tsx [Client Component SSR]
    ./src/app/(admin)/studio/[id]/edit/page.tsx [Server Component] @ http://localhost:3000/_next/static/chunks/node_modules_next_dist_1gdrd03._.js:1945
[ 1140159ms] [ERROR] ./src/components/studio/rendering/MapRenderer.tsx:13:1
Export addSourcesAndLayers doesn't exist in target module
  11 | import type { CampusDocument } from '@navi/core'
  12 | import { SRC, HIDDEN_NODE_TYPES, LYR } from './constants'
> 13 | import { addSourcesAndLayers } from './layers'
     | ^^^^^^^^^^^^^^^^^^^^^^^^^^^^^^^^^^^^^^^^^^^^^^
  14 | import {
  15 |   buildNodeGeo,
  16 |   buildConnectionNodeGeo,

The export addSourcesAndLayers was not found in module [project]/src/components/studio/rendering/layers.ts [app-client] (ecmascript).
Did you mean to import addGraphSourcesAndLayers?
All exports of the module are statically known (It doesn't have dynamic exports). So it's known statically that the requested export doesn't exist.

Import traces:
  Client Component Browser:
    ./src/components/studio/rendering/MapRenderer.tsx [Client Component Browser]
    ./src/components/studio/StudioCanvas.tsx [Client Component Browser]
    ./src/components/studio/StudioWorkspace.tsx [Client Component Browser]
    ./src/app/(admin)/studio/[id]/edit/page.tsx [Client Component Browser]
    ./src/app/(admin)/studio/[id]/edit/page.tsx [Server Component]

  Client Component SSR:
    ./src/components/studio/rendering/MapRenderer.tsx [Client Component SSR]
    ./src/components/studio/StudioCanvas.tsx [Client Component SSR]
    ./src/components/studio/StudioWorkspace.tsx [Client Component SSR]
    ./src/app/(admin)/studio/[id]/edit/page.tsx [Client Component SSR]
    ./src/app/(admin)/studio/[id]/edit/page.tsx [Server Component] @ http://localhost:3000/_next/static/chunks/node_modules_next_dist_1gdrd03._.js:1945
[ 1140160ms] [ERROR] ./src/components/studio/rendering/MapRenderer.tsx:13:1
Export addSourcesAndLayers doesn't exist in target module
  11 | import type { CampusDocument } from '@navi/core'
  12 | import { SRC, HIDDEN_NODE_TYPES, LYR } from './constants'
> 13 | import { addSourcesAndLayers } from './layers'
     | ^^^^^^^^^^^^^^^^^^^^^^^^^^^^^^^^^^^^^^^^^^^^^^
  14 | import {
  15 |   buildNodeGeo,
  16 |   buildConnectionNodeGeo,

The export addSourcesAndLayers was not found in module [project]/src/components/studio/rendering/layers.ts [app-ssr] (ecmascript).
Did you mean to import addGraphSourcesAndLayers?
All exports of the module are statically known (It doesn't have dynamic exports). So it's known statically that the requested export doesn't exist.

Import traces:
  Client Component Browser:
    ./src/components/studio/rendering/MapRenderer.tsx [Client Component Browser]
    ./src/components/studio/StudioCanvas.tsx [Client Component Browser]
    ./src/components/studio/StudioWorkspace.tsx [Client Component Browser]
    ./src/app/(admin)/studio/[id]/edit/page.tsx [Client Component Browser]
    ./src/app/(admin)/studio/[id]/edit/page.tsx [Server Component]

  Client Component SSR:
    ./src/components/studio/rendering/MapRenderer.tsx [Client Component SSR]
    ./src/components/studio/StudioCanvas.tsx [Client Component SSR]
    ./src/components/studio/StudioWorkspace.tsx [Client Component SSR]
    ./src/app/(admin)/studio/[id]/edit/page.tsx [Client Component SSR]
    ./src/app/(admin)/studio/[id]/edit/page.tsx [Server Component] @ http://localhost:3000/_next/static/chunks/node_modules_next_dist_1gdrd03._.js:1945
[ 1140267ms] [ERROR] ./src/components/studio/rendering/MapRenderer.tsx:13:1
Export addSourcesAndLayers doesn't exist in target module
  11 | import type { CampusDocument } from '@navi/core'
  12 | import { SRC, HIDDEN_NODE_TYPES, LYR } from './constants'
> 13 | import { addSourcesAndLayers } from './layers'
     | ^^^^^^^^^^^^^^^^^^^^^^^^^^^^^^^^^^^^^^^^^^^^^^
  14 | import {
  15 |   buildNodeGeo,
  16 |   buildConnectionNodeGeo,

The export addSourcesAndLayers was not found in module [project]/src/components/studio/rendering/layers.ts [app-client] (ecmascript).
Did you mean to import addGraphSourcesAndLayers?
All exports of the module are statically known (It doesn't have dynamic exports). So it's known statically that the requested export doesn't exist.

Import traces:
  Client Component Browser:
    ./src/components/studio/rendering/MapRenderer.tsx [Client Component Browser]
    ./src/components/studio/StudioCanvas.tsx [Client Component Browser]
    ./src/components/studio/StudioWorkspace.tsx [Client Component Browser]
    ./src/app/(admin)/studio/[id]/edit/page.tsx [Client Component Browser]
    ./src/app/(admin)/studio/[id]/edit/page.tsx [Server Component]

  Client Component SSR:
    ./src/components/studio/rendering/MapRenderer.tsx [Client Component SSR]
    ./src/components/studio/StudioCanvas.tsx [Client Component SSR]
    ./src/components/studio/StudioWorkspace.tsx [Client Component SSR]
    ./src/app/(admin)/studio/[id]/edit/page.tsx [Client Component SSR]
    ./src/app/(admin)/studio/[id]/edit/page.tsx [Server Component] @ http://localhost:3000/_next/static/chunks/node_modules_next_dist_1gdrd03._.js:1945
[ 1140267ms] [ERROR] ./src/components/studio/rendering/MapRenderer.tsx:13:1
Export addSourcesAndLayers doesn't exist in target module
  11 | import type { CampusDocument } from '@navi/core'
  12 | import { SRC, HIDDEN_NODE_TYPES, LYR } from './constants'
> 13 | import { addSourcesAndLayers } from './layers'
     | ^^^^^^^^^^^^^^^^^^^^^^^^^^^^^^^^^^^^^^^^^^^^^^
  14 | import {
  15 |   buildNodeGeo,
  16 |   buildConnectionNodeGeo,

The export addSourcesAndLayers was not found in module [project]/src/components/studio/rendering/layers.ts [app-ssr] (ecmascript).
Did you mean to import addGraphSourcesAndLayers?
All exports of the module are statically known (It doesn't have dynamic exports). So it's known statically that the requested export doesn't exist.

Import traces:
  Client Component Browser:
    ./src/components/studio/rendering/MapRenderer.tsx [Client Component Browser]
    ./src/components/studio/StudioCanvas.tsx [Client Component Browser]
    ./src/components/studio/StudioWorkspace.tsx [Client Component Browser]
    ./src/app/(admin)/studio/[id]/edit/page.tsx [Client Component Browser]
    ./src/app/(admin)/studio/[id]/edit/page.tsx [Server Component]

  Client Component SSR:
    ./src/components/studio/rendering/MapRenderer.tsx [Client Component SSR]
    ./src/components/studio/StudioCanvas.tsx [Client Component SSR]
    ./src/components/studio/StudioWorkspace.tsx [Client Component SSR]
    ./src/app/(admin)/studio/[id]/edit/page.tsx [Client Component SSR]
    ./src/app/(admin)/studio/[id]/edit/page.tsx [Server Component] @ http://localhost:3000/_next/static/chunks/node_modules_next_dist_1gdrd03._.js:1945
[ 1140284ms] [LOG] [Fast Refresh] rebuilding @ http://localhost:3000/_next/static/chunks/node_modules_next_dist_1gdrd03._.js:1226
[ 1140386ms] [ERROR] ./src/components/studio/rendering/MapRenderer.tsx:13:1
Export addSourcesAndLayers doesn't exist in target module
  11 | import type { CampusDocument } from '@navi/core'
  12 | import { SRC, HIDDEN_NODE_TYPES, LYR } from './constants'
> 13 | import { addSourcesAndLayers } from './layers'
     | ^^^^^^^^^^^^^^^^^^^^^^^^^^^^^^^^^^^^^^^^^^^^^^
  14 | import {
  15 |   buildNodeGeo,
  16 |   buildConnectionNodeGeo,

The export addSourcesAndLayers was not found in module [project]/src/components/studio/rendering/layers.ts [app-client] (ecmascript).
Did you mean to import addGraphSourcesAndLayers?
All exports of the module are statically known (It doesn't have dynamic exports). So it's known statically that the requested export doesn't exist.

Import traces:
  Client Component Browser:
    ./src/components/studio/rendering/MapRenderer.tsx [Client Component Browser]
    ./src/components/studio/StudioCanvas.tsx [Client Component Browser]
    ./src/components/studio/StudioWorkspace.tsx [Client Component Browser]
    ./src/app/(admin)/studio/[id]/edit/page.tsx [Client Component Browser]
    ./src/app/(admin)/studio/[id]/edit/page.tsx [Server Component]

  Client Component SSR:
    ./src/components/studio/rendering/MapRenderer.tsx [Client Component SSR]
    ./src/components/studio/StudioCanvas.tsx [Client Component SSR]
    ./src/components/studio/StudioWorkspace.tsx [Client Component SSR]
    ./src/app/(admin)/studio/[id]/edit/page.tsx [Client Component SSR]
    ./src/app/(admin)/studio/[id]/edit/page.tsx [Server Component] @ http://localhost:3000/_next/static/chunks/node_modules_next_dist_1gdrd03._.js:1945
[ 1140386ms] [ERROR] ./src/components/studio/rendering/MapRenderer.tsx:13:1
Export addSourcesAndLayers doesn't exist in target module
  11 | import type { CampusDocument } from '@navi/core'
  12 | import { SRC, HIDDEN_NODE_TYPES, LYR } from './constants'
> 13 | import { addSourcesAndLayers } from './layers'
     | ^^^^^^^^^^^^^^^^^^^^^^^^^^^^^^^^^^^^^^^^^^^^^^
  14 | import {
  15 |   buildNodeGeo,
  16 |   buildConnectionNodeGeo,

The export addSourcesAndLayers was not found in module [project]/src/components/studio/rendering/layers.ts [app-ssr] (ecmascript).
Did you mean to import addGraphSourcesAndLayers?
All exports of the module are statically known (It doesn't have dynamic exports). So it's known statically that the requested export doesn't exist.

Import traces:
  Client Component Browser:
    ./src/components/studio/rendering/MapRenderer.tsx [Client Component Browser]
    ./src/components/studio/StudioCanvas.tsx [Client Component Browser]
    ./src/components/studio/StudioWorkspace.tsx [Client Component Browser]
    ./src/app/(admin)/studio/[id]/edit/page.tsx [Client Component Browser]
    ./src/app/(admin)/studio/[id]/edit/page.tsx [Server Component]

  Client Component SSR:
    ./src/components/studio/rendering/MapRenderer.tsx [Client Component SSR]
    ./src/components/studio/StudioCanvas.tsx [Client Component SSR]
    ./src/components/studio/StudioWorkspace.tsx [Client Component SSR]
    ./src/app/(admin)/studio/[id]/edit/page.tsx [Client Component SSR]
    ./src/app/(admin)/studio/[id]/edit/page.tsx [Server Component] @ http://localhost:3000/_next/static/chunks/node_modules_next_dist_1gdrd03._.js:1945
[ 1140451ms] [LOG] [Fast Refresh] rebuilding @ http://localhost:3000/_next/static/chunks/node_modules_next_dist_1gdrd03._.js:1226
[ 1140621ms] [ERROR] ./src/components/studio/rendering/MapRenderer.tsx:13:1
Export addSourcesAndLayers doesn't exist in target module
  11 | import type { CampusDocument } from '@navi/core'
  12 | import { SRC, HIDDEN_NODE_TYPES, LYR } from './constants'
> 13 | import { addSourcesAndLayers } from './layers'
     | ^^^^^^^^^^^^^^^^^^^^^^^^^^^^^^^^^^^^^^^^^^^^^^
  14 | import {
  15 |   buildNodeGeo,
  16 |   buildConnectionNodeGeo,

The export addSourcesAndLayers was not found in module [project]/src/components/studio/rendering/layers.ts [app-client] (ecmascript).
Did you mean to import addGraphSourcesAndLayers?
All exports of the module are statically known (It doesn't have dynamic exports). So it's known statically that the requested export doesn't exist.

Import traces:
  Client Component Browser:
    ./src/components/studio/rendering/MapRenderer.tsx [Client Component Browser]
    ./src/components/studio/StudioCanvas.tsx [Client Component Browser]
    ./src/components/studio/StudioWorkspace.tsx [Client Component Browser]
    ./src/app/(admin)/studio/[id]/edit/page.tsx [Client Component Browser]
    ./src/app/(admin)/studio/[id]/edit/page.tsx [Server Component]

  Client Component SSR:
    ./src/components/studio/rendering/MapRenderer.tsx [Client Component SSR]
    ./src/components/studio/StudioCanvas.tsx [Client Component SSR]
    ./src/components/studio/StudioWorkspace.tsx [Client Component SSR]
    ./src/app/(admin)/studio/[id]/edit/page.tsx [Client Component SSR]
    ./src/app/(admin)/studio/[id]/edit/page.tsx [Server Component] @ http://localhost:3000/_next/static/chunks/node_modules_next_dist_1gdrd03._.js:1945
[ 1140621ms] [ERROR] ./src/components/studio/rendering/MapRenderer.tsx:13:1
Export addSourcesAndLayers doesn't exist in target module
  11 | import type { CampusDocument } from '@navi/core'
  12 | import { SRC, HIDDEN_NODE_TYPES, LYR } from './constants'
> 13 | import { addSourcesAndLayers } from './layers'
     | ^^^^^^^^^^^^^^^^^^^^^^^^^^^^^^^^^^^^^^^^^^^^^^
  14 | import {
  15 |   buildNodeGeo,
  16 |   buildConnectionNodeGeo,

The export addSourcesAndLayers was not found in module [project]/src/components/studio/rendering/layers.ts [app-ssr] (ecmascript).
Did you mean to import addGraphSourcesAndLayers?
All exports of the module are statically known (It doesn't have dynamic exports). So it's known statically that the requested export doesn't exist.

Import traces:
  Client Component Browser:
    ./src/components/studio/rendering/MapRenderer.tsx [Client Component Browser]
    ./src/components/studio/StudioCanvas.tsx [Client Component Browser]
    ./src/components/studio/StudioWorkspace.tsx [Client Component Browser]
    ./src/app/(admin)/studio/[id]/edit/page.tsx [Client Component Browser]
    ./src/app/(admin)/studio/[id]/edit/page.tsx [Server Component]

  Client Component SSR:
    ./src/components/studio/rendering/MapRenderer.tsx [Client Component SSR]
    ./src/components/studio/StudioCanvas.tsx [Client Component SSR]
    ./src/components/studio/StudioWorkspace.tsx [Client Component SSR]
    ./src/app/(admin)/studio/[id]/edit/page.tsx [Client Component SSR]
    ./src/app/(admin)/studio/[id]/edit/page.tsx [Server Component] @ http://localhost:3000/_next/static/chunks/node_modules_next_dist_1gdrd03._.js:1945
[ 1140644ms] [LOG] [Fast Refresh] rebuilding @ http://localhost:3000/_next/static/chunks/node_modules_next_dist_1gdrd03._.js:1226
[ 1140771ms] [ERROR] ./src/components/studio/rendering/MapRenderer.tsx:13:1
Export addSourcesAndLayers doesn't exist in target module
  11 | import type { CampusDocument } from '@navi/core'
  12 | import { SRC, HIDDEN_NODE_TYPES, LYR } from './constants'
> 13 | import { addSourcesAndLayers } from './layers'
     | ^^^^^^^^^^^^^^^^^^^^^^^^^^^^^^^^^^^^^^^^^^^^^^
  14 | import {
  15 |   buildNodeGeo,
  16 |   buildConnectionNodeGeo,

The export addSourcesAndLayers was not found in module [project]/src/components/studio/rendering/layers.ts [app-client] (ecmascript).
Did you mean to import addGraphSourcesAndLayers?
All exports of the module are statically known (It doesn't have dynamic exports). So it's known statically that the requested export doesn't exist.

Import traces:
  Client Component Browser:
    ./src/components/studio/rendering/MapRenderer.tsx [Client Component Browser]
    ./src/components/studio/StudioCanvas.tsx [Client Component Browser]
    ./src/components/studio/StudioWorkspace.tsx [Client Component Browser]
    ./src/app/(admin)/studio/[id]/edit/page.tsx [Client Component Browser]
    ./src/app/(admin)/studio/[id]/edit/page.tsx [Server Component]

  Client Component SSR:
    ./src/components/studio/rendering/MapRenderer.tsx [Client Component SSR]
    ./src/components/studio/StudioCanvas.tsx [Client Component SSR]
    ./src/components/studio/StudioWorkspace.tsx [Client Component SSR]
    ./src/app/(admin)/studio/[id]/edit/page.tsx [Client Component SSR]
    ./src/app/(admin)/studio/[id]/edit/page.tsx [Server Component] @ http://localhost:3000/_next/static/chunks/node_modules_next_dist_1gdrd03._.js:1945
[ 1140772ms] [ERROR] ./src/components/studio/rendering/MapRenderer.tsx:13:1
Export addSourcesAndLayers doesn't exist in target module
  11 | import type { CampusDocument } from '@navi/core'
  12 | import { SRC, HIDDEN_NODE_TYPES, LYR } from './constants'
> 13 | import { addSourcesAndLayers } from './layers'
     | ^^^^^^^^^^^^^^^^^^^^^^^^^^^^^^^^^^^^^^^^^^^^^^
  14 | import {
  15 |   buildNodeGeo,
  16 |   buildConnectionNodeGeo,

The export addSourcesAndLayers was not found in module [project]/src/components/studio/rendering/layers.ts [app-ssr] (ecmascript).
Did you mean to import addGraphSourcesAndLayers?
All exports of the module are statically known (It doesn't have dynamic exports). So it's known statically that the requested export doesn't exist.

Import traces:
  Client Component Browser:
    ./src/components/studio/rendering/MapRenderer.tsx [Client Component Browser]
    ./src/components/studio/StudioCanvas.tsx [Client Component Browser]
    ./src/components/studio/StudioWorkspace.tsx [Client Component Browser]
    ./src/app/(admin)/studio/[id]/edit/page.tsx [Client Component Browser]
    ./src/app/(admin)/studio/[id]/edit/page.tsx [Server Component]

  Client Component SSR:
    ./src/components/studio/rendering/MapRenderer.tsx [Client Component SSR]
    ./src/components/studio/StudioCanvas.tsx [Client Component SSR]
    ./src/components/studio/StudioWorkspace.tsx [Client Component SSR]
    ./src/app/(admin)/studio/[id]/edit/page.tsx [Client Component SSR]
    ./src/app/(admin)/studio/[id]/edit/page.tsx [Server Component] @ http://localhost:3000/_next/static/chunks/node_modules_next_dist_1gdrd03._.js:1945
[ 1140819ms] [LOG] [Fast Refresh] rebuilding @ http://localhost:3000/_next/static/chunks/node_modules_next_dist_1gdrd03._.js:1226
[ 1141168ms] [ERROR] ./src/components/studio/rendering/MapRenderer.tsx:13:1
Export addSourcesAndLayers doesn't exist in target module
  11 | import type { CampusDocument } from '@navi/core'
  12 | import { SRC, HIDDEN_NODE_TYPES, LYR } from './constants'
> 13 | import { addSourcesAndLayers } from './layers'
     | ^^^^^^^^^^^^^^^^^^^^^^^^^^^^^^^^^^^^^^^^^^^^^^
  14 | import {
  15 |   buildNodeGeo,
  16 |   buildConnectionNodeGeo,

The export addSourcesAndLayers was not found in module [project]/src/components/studio/rendering/layers.ts [app-client] (ecmascript).
Did you mean to import addGraphSourcesAndLayers?
All exports of the module are statically known (It doesn't have dynamic exports). So it's known statically that the requested export doesn't exist.

Import traces:
  Client Component Browser:
    ./src/components/studio/rendering/MapRenderer.tsx [Client Component Browser]
    ./src/components/studio/StudioCanvas.tsx [Client Component Browser]
    ./src/components/studio/StudioWorkspace.tsx [Client Component Browser]
    ./src/app/(admin)/studio/[id]/edit/page.tsx [Client Component Browser]
    ./src/app/(admin)/studio/[id]/edit/page.tsx [Server Component]

  Client Component SSR:
    ./src/components/studio/rendering/MapRenderer.tsx [Client Component SSR]
    ./src/components/studio/StudioCanvas.tsx [Client Component SSR]
    ./src/components/studio/StudioWorkspace.tsx [Client Component SSR]
    ./src/app/(admin)/studio/[id]/edit/page.tsx [Client Component SSR]
    ./src/app/(admin)/studio/[id]/edit/page.tsx [Server Component] @ http://localhost:3000/_next/static/chunks/node_modules_next_dist_1gdrd03._.js:1945
[ 1141168ms] [ERROR] ./src/components/studio/rendering/MapRenderer.tsx:13:1
Export addSourcesAndLayers doesn't exist in target module
  11 | import type { CampusDocument } from '@navi/core'
  12 | import { SRC, HIDDEN_NODE_TYPES, LYR } from './constants'
> 13 | import { addSourcesAndLayers } from './layers'
     | ^^^^^^^^^^^^^^^^^^^^^^^^^^^^^^^^^^^^^^^^^^^^^^
  14 | import {
  15 |   buildNodeGeo,
  16 |   buildConnectionNodeGeo,

The export addSourcesAndLayers was not found in module [project]/src/components/studio/rendering/layers.ts [app-ssr] (ecmascript).
Did you mean to import addGraphSourcesAndLayers?
All exports of the module are statically known (It doesn't have dynamic exports). So it's known statically that the requested export doesn't exist.

Import traces:
  Client Component Browser:
    ./src/components/studio/rendering/MapRenderer.tsx [Client Component Browser]
    ./src/components/studio/StudioCanvas.tsx [Client Component Browser]
    ./src/components/studio/StudioWorkspace.tsx [Client Component Browser]
    ./src/app/(admin)/studio/[id]/edit/page.tsx [Client Component Browser]
    ./src/app/(admin)/studio/[id]/edit/page.tsx [Server Component]

  Client Component SSR:
    ./src/components/studio/rendering/MapRenderer.tsx [Client Component SSR]
    ./src/components/studio/StudioCanvas.tsx [Client Component SSR]
    ./src/components/studio/StudioWorkspace.tsx [Client Component SSR]
    ./src/app/(admin)/studio/[id]/edit/page.tsx [Client Component SSR]
    ./src/app/(admin)/studio/[id]/edit/page.tsx [Server Component] @ http://localhost:3000/_next/static/chunks/node_modules_next_dist_1gdrd03._.js:1945
[ 1141208ms] [LOG] [Fast Refresh] rebuilding @ http://localhost:3000/_next/static/chunks/node_modules_next_dist_1gdrd03._.js:1226
[ 1141310ms] [ERROR] ./src/components/studio/rendering/MapRenderer.tsx:13:1
Export addSourcesAndLayers doesn't exist in target module
  11 | import type { CampusDocument } from '@navi/core'
  12 | import { SRC, HIDDEN_NODE_TYPES, LYR } from './constants'
> 13 | import { addSourcesAndLayers } from './layers'
     | ^^^^^^^^^^^^^^^^^^^^^^^^^^^^^^^^^^^^^^^^^^^^^^
  14 | import {
  15 |   buildNodeGeo,
  16 |   buildConnectionNodeGeo,

The export addSourcesAndLayers was not found in module [project]/src/components/studio/rendering/layers.ts [app-client] (ecmascript).
Did you mean to import addGraphSourcesAndLayers?
All exports of the module are statically known (It doesn't have dynamic exports). So it's known statically that the requested export doesn't exist.

Import traces:
  Client Component Browser:
    ./src/components/studio/rendering/MapRenderer.tsx [Client Component Browser]
    ./src/components/studio/StudioCanvas.tsx [Client Component Browser]
    ./src/components/studio/StudioWorkspace.tsx [Client Component Browser]
    ./src/app/(admin)/studio/[id]/edit/page.tsx [Client Component Browser]
    ./src/app/(admin)/studio/[id]/edit/page.tsx [Server Component]

  Client Component SSR:
    ./src/components/studio/rendering/MapRenderer.tsx [Client Component SSR]
    ./src/components/studio/StudioCanvas.tsx [Client Component SSR]
    ./src/components/studio/StudioWorkspace.tsx [Client Component SSR]
    ./src/app/(admin)/studio/[id]/edit/page.tsx [Client Component SSR]
    ./src/app/(admin)/studio/[id]/edit/page.tsx [Server Component] @ http://localhost:3000/_next/static/chunks/node_modules_next_dist_1gdrd03._.js:1945
[ 1141310ms] [ERROR] ./src/components/studio/rendering/MapRenderer.tsx:13:1
Export addSourcesAndLayers doesn't exist in target module
  11 | import type { CampusDocument } from '@navi/core'
  12 | import { SRC, HIDDEN_NODE_TYPES, LYR } from './constants'
> 13 | import { addSourcesAndLayers } from './layers'
     | ^^^^^^^^^^^^^^^^^^^^^^^^^^^^^^^^^^^^^^^^^^^^^^
  14 | import {
  15 |   buildNodeGeo,
  16 |   buildConnectionNodeGeo,

The export addSourcesAndLayers was not found in module [project]/src/components/studio/rendering/layers.ts [app-ssr] (ecmascript).
Did you mean to import addGraphSourcesAndLayers?
All exports of the module are statically known (It doesn't have dynamic exports). So it's known statically that the requested export doesn't exist.

Import traces:
  Client Component Browser:
    ./src/components/studio/rendering/MapRenderer.tsx [Client Component Browser]
    ./src/components/studio/StudioCanvas.tsx [Client Component Browser]
    ./src/components/studio/StudioWorkspace.tsx [Client Component Browser]
    ./src/app/(admin)/studio/[id]/edit/page.tsx [Client Component Browser]
    ./src/app/(admin)/studio/[id]/edit/page.tsx [Server Component]

  Client Component SSR:
    ./src/components/studio/rendering/MapRenderer.tsx [Client Component SSR]
    ./src/components/studio/StudioCanvas.tsx [Client Component SSR]
    ./src/components/studio/StudioWorkspace.tsx [Client Component SSR]
    ./src/app/(admin)/studio/[id]/edit/page.tsx [Client Component SSR]
    ./src/app/(admin)/studio/[id]/edit/page.tsx [Server Component] @ http://localhost:3000/_next/static/chunks/node_modules_next_dist_1gdrd03._.js:1945
[ 1141358ms] [LOG] [Fast Refresh] rebuilding @ http://localhost:3000/_next/static/chunks/node_modules_next_dist_1gdrd03._.js:1226
[ 1146610ms] [ERROR] ./src/components/studio/rendering/MapRenderer.tsx:13:1
Export addSourcesAndLayers doesn't exist in target module
  11 | import type { CampusDocument } from '@navi/core'
  12 | import { SRC, HIDDEN_NODE_TYPES, LYR } from './constants'
> 13 | import { addSourcesAndLayers } from './layers'
     | ^^^^^^^^^^^^^^^^^^^^^^^^^^^^^^^^^^^^^^^^^^^^^^
  14 | import {
  15 |   buildNodeGeo,
  16 |   buildConnectionNodeGeo,

The export addSourcesAndLayers was not found in module [project]/src/components/studio/rendering/layers.ts [app-client] (ecmascript).
Did you mean to import addGraphSourcesAndLayers?
All exports of the module are statically known (It doesn't have dynamic exports). So it's known statically that the requested export doesn't exist.

Import traces:
  Client Component Browser:
    ./src/components/studio/rendering/MapRenderer.tsx [Client Component Browser]
    ./src/components/studio/StudioCanvas.tsx [Client Component Browser]
    ./src/components/studio/StudioWorkspace.tsx [Client Component Browser]
    ./src/app/(admin)/studio/[id]/edit/page.tsx [Client Component Browser]
    ./src/app/(admin)/studio/[id]/edit/page.tsx [Server Component]

  Client Component SSR:
    ./src/components/studio/rendering/MapRenderer.tsx [Client Component SSR]
    ./src/components/studio/StudioCanvas.tsx [Client Component SSR]
    ./src/components/studio/StudioWorkspace.tsx [Client Component SSR]
    ./src/app/(admin)/studio/[id]/edit/page.tsx [Client Component SSR]
    ./src/app/(admin)/studio/[id]/edit/page.tsx [Server Component] @ http://localhost:3000/_next/static/chunks/node_modules_next_dist_1gdrd03._.js:1945
[ 1146610ms] [ERROR] ./src/components/studio/rendering/MapRenderer.tsx:13:1
Export addSourcesAndLayers doesn't exist in target module
  11 | import type { CampusDocument } from '@navi/core'
  12 | import { SRC, HIDDEN_NODE_TYPES, LYR } from './constants'
> 13 | import { addSourcesAndLayers } from './layers'
     | ^^^^^^^^^^^^^^^^^^^^^^^^^^^^^^^^^^^^^^^^^^^^^^
  14 | import {
  15 |   buildNodeGeo,
  16 |   buildConnectionNodeGeo,

The export addSourcesAndLayers was not found in module [project]/src/components/studio/rendering/layers.ts [app-ssr] (ecmascript).
Did you mean to import addGraphSourcesAndLayers?
All exports of the module are statically known (It doesn't have dynamic exports). So it's known statically that the requested export doesn't exist.

Import traces:
  Client Component Browser:
    ./src/components/studio/rendering/MapRenderer.tsx [Client Component Browser]
    ./src/components/studio/StudioCanvas.tsx [Client Component Browser]
    ./src/components/studio/StudioWorkspace.tsx [Client Component Browser]
    ./src/app/(admin)/studio/[id]/edit/page.tsx [Client Component Browser]
    ./src/app/(admin)/studio/[id]/edit/page.tsx [Server Component]

  Client Component SSR:
    ./src/components/studio/rendering/MapRenderer.tsx [Client Component SSR]
    ./src/components/studio/StudioCanvas.tsx [Client Component SSR]
    ./src/components/studio/StudioWorkspace.tsx [Client Component SSR]
    ./src/app/(admin)/studio/[id]/edit/page.tsx [Client Component SSR]
    ./src/app/(admin)/studio/[id]/edit/page.tsx [Server Component] @ http://localhost:3000/_next/static/chunks/node_modules_next_dist_1gdrd03._.js:1945
[ 1146624ms] [LOG] [Fast Refresh] rebuilding @ http://localhost:3000/_next/static/chunks/node_modules_next_dist_1gdrd03._.js:1226
[ 1146787ms] [ERROR] ./src/components/studio/rendering/MapRenderer.tsx:13:1
Export addSourcesAndLayers doesn't exist in target module
  11 | import type { CampusDocument } from '@navi/core'
  12 | import { SRC, HIDDEN_NODE_TYPES, LYR } from './constants'
> 13 | import { addSourcesAndLayers } from './layers'
     | ^^^^^^^^^^^^^^^^^^^^^^^^^^^^^^^^^^^^^^^^^^^^^^
  14 | import {
  15 |   buildNodeGeo,
  16 |   buildConnectionNodeGeo,

The export addSourcesAndLayers was not found in module [project]/src/components/studio/rendering/layers.ts [app-client] (ecmascript).
Did you mean to import addGraphSourcesAndLayers?
All exports of the module are statically known (It doesn't have dynamic exports). So it's known statically that the requested export doesn't exist.

Import traces:
  Client Component Browser:
    ./src/components/studio/rendering/MapRenderer.tsx [Client Component Browser]
    ./src/components/studio/StudioCanvas.tsx [Client Component Browser]
    ./src/components/studio/StudioWorkspace.tsx [Client Component Browser]
    ./src/app/(admin)/studio/[id]/edit/page.tsx [Client Component Browser]
    ./src/app/(admin)/studio/[id]/edit/page.tsx [Server Component]

  Client Component SSR:
    ./src/components/studio/rendering/MapRenderer.tsx [Client Component SSR]
    ./src/components/studio/StudioCanvas.tsx [Client Component SSR]
    ./src/components/studio/StudioWorkspace.tsx [Client Component SSR]
    ./src/app/(admin)/studio/[id]/edit/page.tsx [Client Component SSR]
    ./src/app/(admin)/studio/[id]/edit/page.tsx [Server Component] @ http://localhost:3000/_next/static/chunks/node_modules_next_dist_1gdrd03._.js:1945
[ 1146788ms] [ERROR] ./src/components/studio/rendering/MapRenderer.tsx:13:1
Export addSourcesAndLayers doesn't exist in target module
  11 | import type { CampusDocument } from '@navi/core'
  12 | import { SRC, HIDDEN_NODE_TYPES, LYR } from './constants'
> 13 | import { addSourcesAndLayers } from './layers'
     | ^^^^^^^^^^^^^^^^^^^^^^^^^^^^^^^^^^^^^^^^^^^^^^
  14 | import {
  15 |   buildNodeGeo,
  16 |   buildConnectionNodeGeo,

The export addSourcesAndLayers was not found in module [project]/src/components/studio/rendering/layers.ts [app-ssr] (ecmascript).
Did you mean to import addGraphSourcesAndLayers?
All exports of the module are statically known (It doesn't have dynamic exports). So it's known statically that the requested export doesn't exist.

Import traces:
  Client Component Browser:
    ./src/components/studio/rendering/MapRenderer.tsx [Client Component Browser]
    ./src/components/studio/StudioCanvas.tsx [Client Component Browser]
    ./src/components/studio/StudioWorkspace.tsx [Client Component Browser]
    ./src/app/(admin)/studio/[id]/edit/page.tsx [Client Component Browser]
    ./src/app/(admin)/studio/[id]/edit/page.tsx [Server Component]

  Client Component SSR:
    ./src/components/studio/rendering/MapRenderer.tsx [Client Component SSR]
    ./src/components/studio/StudioCanvas.tsx [Client Component SSR]
    ./src/components/studio/StudioWorkspace.tsx [Client Component SSR]
    ./src/app/(admin)/studio/[id]/edit/page.tsx [Client Component SSR]
    ./src/app/(admin)/studio/[id]/edit/page.tsx [Server Component] @ http://localhost:3000/_next/static/chunks/node_modules_next_dist_1gdrd03._.js:1945
[ 1146825ms] [LOG] [Fast Refresh] rebuilding @ http://localhost:3000/_next/static/chunks/node_modules_next_dist_1gdrd03._.js:1226
[ 1146913ms] [ERROR] ./src/components/studio/rendering/MapRenderer.tsx:13:1
Export addSourcesAndLayers doesn't exist in target module
  11 | import type { CampusDocument } from '@navi/core'
  12 | import { SRC, HIDDEN_NODE_TYPES, LYR } from './constants'
> 13 | import { addSourcesAndLayers } from './layers'
     | ^^^^^^^^^^^^^^^^^^^^^^^^^^^^^^^^^^^^^^^^^^^^^^
  14 | import {
  15 |   buildNodeGeo,
  16 |   buildConnectionNodeGeo,

The export addSourcesAndLayers was not found in module [project]/src/components/studio/rendering/layers.ts [app-client] (ecmascript).
Did you mean to import addGraphSourcesAndLayers?
All exports of the module are statically known (It doesn't have dynamic exports). So it's known statically that the requested export doesn't exist.

Import traces:
  Client Component Browser:
    ./src/components/studio/rendering/MapRenderer.tsx [Client Component Browser]
    ./src/components/studio/StudioCanvas.tsx [Client Component Browser]
    ./src/components/studio/StudioWorkspace.tsx [Client Component Browser]
    ./src/app/(admin)/studio/[id]/edit/page.tsx [Client Component Browser]
    ./src/app/(admin)/studio/[id]/edit/page.tsx [Server Component]

  Client Component SSR:
    ./src/components/studio/rendering/MapRenderer.tsx [Client Component SSR]
    ./src/components/studio/StudioCanvas.tsx [Client Component SSR]
    ./src/components/studio/StudioWorkspace.tsx [Client Component SSR]
    ./src/app/(admin)/studio/[id]/edit/page.tsx [Client Component SSR]
    ./src/app/(admin)/studio/[id]/edit/page.tsx [Server Component] @ http://localhost:3000/_next/static/chunks/node_modules_next_dist_1gdrd03._.js:1945
[ 1146913ms] [ERROR] ./src/components/studio/rendering/MapRenderer.tsx:13:1
Export addSourcesAndLayers doesn't exist in target module
  11 | import type { CampusDocument } from '@navi/core'
  12 | import { SRC, HIDDEN_NODE_TYPES, LYR } from './constants'
> 13 | import { addSourcesAndLayers } from './layers'
     | ^^^^^^^^^^^^^^^^^^^^^^^^^^^^^^^^^^^^^^^^^^^^^^
  14 | import {
  15 |   buildNodeGeo,
  16 |   buildConnectionNodeGeo,

The export addSourcesAndLayers was not found in module [project]/src/components/studio/rendering/layers.ts [app-ssr] (ecmascript).
Did you mean to import addGraphSourcesAndLayers?
All exports of the module are statically known (It doesn't have dynamic exports). So it's known statically that the requested export doesn't exist.

Import traces:
  Client Component Browser:
    ./src/components/studio/rendering/MapRenderer.tsx [Client Component Browser]
    ./src/components/studio/StudioCanvas.tsx [Client Component Browser]
    ./src/components/studio/StudioWorkspace.tsx [Client Component Browser]
    ./src/app/(admin)/studio/[id]/edit/page.tsx [Client Component Browser]
    ./src/app/(admin)/studio/[id]/edit/page.tsx [Server Component]

  Client Component SSR:
    ./src/components/studio/rendering/MapRenderer.tsx [Client Component SSR]
    ./src/components/studio/StudioCanvas.tsx [Client Component SSR]
    ./src/components/studio/StudioWorkspace.tsx [Client Component SSR]
    ./src/app/(admin)/studio/[id]/edit/page.tsx [Client Component SSR]
    ./src/app/(admin)/studio/[id]/edit/page.tsx [Server Component] @ http://localhost:3000/_next/static/chunks/node_modules_next_dist_1gdrd03._.js:1945
[ 1146976ms] [LOG] [Fast Refresh] rebuilding @ http://localhost:3000/_next/static/chunks/node_modules_next_dist_1gdrd03._.js:1226
[ 1147142ms] [ERROR] ./src/components/studio/rendering/MapRenderer.tsx:13:1
Export addSourcesAndLayers doesn't exist in target module
  11 | import type { CampusDocument } from '@navi/core'
  12 | import { SRC, HIDDEN_NODE_TYPES, LYR } from './constants'
> 13 | import { addSourcesAndLayers } from './layers'
     | ^^^^^^^^^^^^^^^^^^^^^^^^^^^^^^^^^^^^^^^^^^^^^^
  14 | import {
  15 |   buildNodeGeo,
  16 |   buildConnectionNodeGeo,

The export addSourcesAndLayers was not found in module [project]/src/components/studio/rendering/layers.ts [app-client] (ecmascript).
Did you mean to import addGraphSourcesAndLayers?
All exports of the module are statically known (It doesn't have dynamic exports). So it's known statically that the requested export doesn't exist.

Import traces:
  Client Component Browser:
    ./src/components/studio/rendering/MapRenderer.tsx [Client Component Browser]
    ./src/components/studio/StudioCanvas.tsx [Client Component Browser]
    ./src/components/studio/StudioWorkspace.tsx [Client Component Browser]
    ./src/app/(admin)/studio/[id]/edit/page.tsx [Client Component Browser]
    ./src/app/(admin)/studio/[id]/edit/page.tsx [Server Component]

  Client Component SSR:
    ./src/components/studio/rendering/MapRenderer.tsx [Client Component SSR]
    ./src/components/studio/StudioCanvas.tsx [Client Component SSR]
    ./src/components/studio/StudioWorkspace.tsx [Client Component SSR]
    ./src/app/(admin)/studio/[id]/edit/page.tsx [Client Component SSR]
    ./src/app/(admin)/studio/[id]/edit/page.tsx [Server Component] @ http://localhost:3000/_next/static/chunks/node_modules_next_dist_1gdrd03._.js:1945
[ 1147143ms] [ERROR] ./src/components/studio/rendering/MapRenderer.tsx:13:1
Export addSourcesAndLayers doesn't exist in target module
  11 | import type { CampusDocument } from '@navi/core'
  12 | import { SRC, HIDDEN_NODE_TYPES, LYR } from './constants'
> 13 | import { addSourcesAndLayers } from './layers'
     | ^^^^^^^^^^^^^^^^^^^^^^^^^^^^^^^^^^^^^^^^^^^^^^
  14 | import {
  15 |   buildNodeGeo,
  16 |   buildConnectionNodeGeo,

The export addSourcesAndLayers was not found in module [project]/src/components/studio/rendering/layers.ts [app-ssr] (ecmascript).
Did you mean to import addGraphSourcesAndLayers?
All exports of the module are statically known (It doesn't have dynamic exports). So it's known statically that the requested export doesn't exist.

Import traces:
  Client Component Browser:
    ./src/components/studio/rendering/MapRenderer.tsx [Client Component Browser]
    ./src/components/studio/StudioCanvas.tsx [Client Component Browser]
    ./src/components/studio/StudioWorkspace.tsx [Client Component Browser]
    ./src/app/(admin)/studio/[id]/edit/page.tsx [Client Component Browser]
    ./src/app/(admin)/studio/[id]/edit/page.tsx [Server Component]

  Client Component SSR:
    ./src/components/studio/rendering/MapRenderer.tsx [Client Component SSR]
    ./src/components/studio/StudioCanvas.tsx [Client Component SSR]
    ./src/components/studio/StudioWorkspace.tsx [Client Component SSR]
    ./src/app/(admin)/studio/[id]/edit/page.tsx [Client Component SSR]
    ./src/app/(admin)/studio/[id]/edit/page.tsx [Server Component] @ http://localhost:3000/_next/static/chunks/node_modules_next_dist_1gdrd03._.js:1945
[ 1147167ms] [LOG] [Fast Refresh] rebuilding @ http://localhost:3000/_next/static/chunks/node_modules_next_dist_1gdrd03._.js:1226
[ 1147285ms] [ERROR] ./src/components/studio/rendering/MapRenderer.tsx:13:1
Export addSourcesAndLayers doesn't exist in target module
  11 | import type { CampusDocument } from '@navi/core'
  12 | import { SRC, HIDDEN_NODE_TYPES, LYR } from './constants'
> 13 | import { addSourcesAndLayers } from './layers'
     | ^^^^^^^^^^^^^^^^^^^^^^^^^^^^^^^^^^^^^^^^^^^^^^
  14 | import {
  15 |   buildNodeGeo,
  16 |   buildConnectionNodeGeo,

The export addSourcesAndLayers was not found in module [project]/src/components/studio/rendering/layers.ts [app-client] (ecmascript).
Did you mean to import addGraphSourcesAndLayers?
All exports of the module are statically known (It doesn't have dynamic exports). So it's known statically that the requested export doesn't exist.

Import traces:
  Client Component Browser:
    ./src/components/studio/rendering/MapRenderer.tsx [Client Component Browser]
    ./src/components/studio/StudioCanvas.tsx [Client Component Browser]
    ./src/components/studio/StudioWorkspace.tsx [Client Component Browser]
    ./src/app/(admin)/studio/[id]/edit/page.tsx [Client Component Browser]
    ./src/app/(admin)/studio/[id]/edit/page.tsx [Server Component]

  Client Component SSR:
    ./src/components/studio/rendering/MapRenderer.tsx [Client Component SSR]
    ./src/components/studio/StudioCanvas.tsx [Client Component SSR]
    ./src/components/studio/StudioWorkspace.tsx [Client Component SSR]
    ./src/app/(admin)/studio/[id]/edit/page.tsx [Client Component SSR]
    ./src/app/(admin)/studio/[id]/edit/page.tsx [Server Component] @ http://localhost:3000/_next/static/chunks/node_modules_next_dist_1gdrd03._.js:1945
[ 1147285ms] [ERROR] ./src/components/studio/rendering/MapRenderer.tsx:13:1
Export addSourcesAndLayers doesn't exist in target module
  11 | import type { CampusDocument } from '@navi/core'
  12 | import { SRC, HIDDEN_NODE_TYPES, LYR } from './constants'
> 13 | import { addSourcesAndLayers } from './layers'
     | ^^^^^^^^^^^^^^^^^^^^^^^^^^^^^^^^^^^^^^^^^^^^^^
  14 | import {
  15 |   buildNodeGeo,
  16 |   buildConnectionNodeGeo,

The export addSourcesAndLayers was not found in module [project]/src/components/studio/rendering/layers.ts [app-ssr] (ecmascript).
Did you mean to import addGraphSourcesAndLayers?
All exports of the module are statically known (It doesn't have dynamic exports). So it's known statically that the requested export doesn't exist.

Import traces:
  Client Component Browser:
    ./src/components/studio/rendering/MapRenderer.tsx [Client Component Browser]
    ./src/components/studio/StudioCanvas.tsx [Client Component Browser]
    ./src/components/studio/StudioWorkspace.tsx [Client Component Browser]
    ./src/app/(admin)/studio/[id]/edit/page.tsx [Client Component Browser]
    ./src/app/(admin)/studio/[id]/edit/page.tsx [Server Component]

  Client Component SSR:
    ./src/components/studio/rendering/MapRenderer.tsx [Client Component SSR]
    ./src/components/studio/StudioCanvas.tsx [Client Component SSR]
    ./src/components/studio/StudioWorkspace.tsx [Client Component SSR]
    ./src/app/(admin)/studio/[id]/edit/page.tsx [Client Component SSR]
    ./src/app/(admin)/studio/[id]/edit/page.tsx [Server Component] @ http://localhost:3000/_next/static/chunks/node_modules_next_dist_1gdrd03._.js:1945
[ 1147342ms] [LOG] [Fast Refresh] rebuilding @ http://localhost:3000/_next/static/chunks/node_modules_next_dist_1gdrd03._.js:1226
[ 1147554ms] [ERROR] ./src/components/studio/rendering/MapRenderer.tsx:13:1
Export addSourcesAndLayers doesn't exist in target module
  11 | import type { CampusDocument } from '@navi/core'
  12 | import { SRC, HIDDEN_NODE_TYPES, LYR } from './constants'
> 13 | import { addSourcesAndLayers } from './layers'
     | ^^^^^^^^^^^^^^^^^^^^^^^^^^^^^^^^^^^^^^^^^^^^^^
  14 | import {
  15 |   buildNodeGeo,
  16 |   buildConnectionNodeGeo,

The export addSourcesAndLayers was not found in module [project]/src/components/studio/rendering/layers.ts [app-client] (ecmascript).
Did you mean to import addGraphSourcesAndLayers?
All exports of the module are statically known (It doesn't have dynamic exports). So it's known statically that the requested export doesn't exist.

Import traces:
  Client Component Browser:
    ./src/components/studio/rendering/MapRenderer.tsx [Client Component Browser]
    ./src/components/studio/StudioCanvas.tsx [Client Component Browser]
    ./src/components/studio/StudioWorkspace.tsx [Client Component Browser]
    ./src/app/(admin)/studio/[id]/edit/page.tsx [Client Component Browser]
    ./src/app/(admin)/studio/[id]/edit/page.tsx [Server Component]

  Client Component SSR:
    ./src/components/studio/rendering/MapRenderer.tsx [Client Component SSR]
    ./src/components/studio/StudioCanvas.tsx [Client Component SSR]
    ./src/components/studio/StudioWorkspace.tsx [Client Component SSR]
    ./src/app/(admin)/studio/[id]/edit/page.tsx [Client Component SSR]
    ./src/app/(admin)/studio/[id]/edit/page.tsx [Server Component] @ http://localhost:3000/_next/static/chunks/node_modules_next_dist_1gdrd03._.js:1945
[ 1147555ms] [ERROR] ./src/components/studio/rendering/MapRenderer.tsx:13:1
Export addSourcesAndLayers doesn't exist in target module
  11 | import type { CampusDocument } from '@navi/core'
  12 | import { SRC, HIDDEN_NODE_TYPES, LYR } from './constants'
> 13 | import { addSourcesAndLayers } from './layers'
     | ^^^^^^^^^^^^^^^^^^^^^^^^^^^^^^^^^^^^^^^^^^^^^^
  14 | import {
  15 |   buildNodeGeo,
  16 |   buildConnectionNodeGeo,

The export addSourcesAndLayers was not found in module [project]/src/components/studio/rendering/layers.ts [app-ssr] (ecmascript).
Did you mean to import addGraphSourcesAndLayers?
All exports of the module are statically known (It doesn't have dynamic exports). So it's known statically that the requested export doesn't exist.

Import traces:
  Client Component Browser:
    ./src/components/studio/rendering/MapRenderer.tsx [Client Component Browser]
    ./src/components/studio/StudioCanvas.tsx [Client Component Browser]
    ./src/components/studio/StudioWorkspace.tsx [Client Component Browser]
    ./src/app/(admin)/studio/[id]/edit/page.tsx [Client Component Browser]
    ./src/app/(admin)/studio/[id]/edit/page.tsx [Server Component]

  Client Component SSR:
    ./src/components/studio/rendering/MapRenderer.tsx [Client Component SSR]
    ./src/components/studio/StudioCanvas.tsx [Client Component SSR]
    ./src/components/studio/StudioWorkspace.tsx [Client Component SSR]
    ./src/app/(admin)/studio/[id]/edit/page.tsx [Client Component SSR]
    ./src/app/(admin)/studio/[id]/edit/page.tsx [Server Component] @ http://localhost:3000/_next/static/chunks/node_modules_next_dist_1gdrd03._.js:1945
[ 1147598ms] [LOG] [Fast Refresh] rebuilding @ http://localhost:3000/_next/static/chunks/node_modules_next_dist_1gdrd03._.js:1226
[ 1147726ms] [ERROR] ./src/components/studio/rendering/MapRenderer.tsx:13:1
Export addSourcesAndLayers doesn't exist in target module
  11 | import type { CampusDocument } from '@navi/core'
  12 | import { SRC, HIDDEN_NODE_TYPES, LYR } from './constants'
> 13 | import { addSourcesAndLayers } from './layers'
     | ^^^^^^^^^^^^^^^^^^^^^^^^^^^^^^^^^^^^^^^^^^^^^^
  14 | import {
  15 |   buildNodeGeo,
  16 |   buildConnectionNodeGeo,

The export addSourcesAndLayers was not found in module [project]/src/components/studio/rendering/layers.ts [app-client] (ecmascript).
Did you mean to import addGraphSourcesAndLayers?
All exports of the module are statically known (It doesn't have dynamic exports). So it's known statically that the requested export doesn't exist.

Import traces:
  Client Component Browser:
    ./src/components/studio/rendering/MapRenderer.tsx [Client Component Browser]
    ./src/components/studio/StudioCanvas.tsx [Client Component Browser]
    ./src/components/studio/StudioWorkspace.tsx [Client Component Browser]
    ./src/app/(admin)/studio/[id]/edit/page.tsx [Client Component Browser]
    ./src/app/(admin)/studio/[id]/edit/page.tsx [Server Component]

  Client Component SSR:
    ./src/components/studio/rendering/MapRenderer.tsx [Client Component SSR]
    ./src/components/studio/StudioCanvas.tsx [Client Component SSR]
    ./src/components/studio/StudioWorkspace.tsx [Client Component SSR]
    ./src/app/(admin)/studio/[id]/edit/page.tsx [Client Component SSR]
    ./src/app/(admin)/studio/[id]/edit/page.tsx [Server Component] @ http://localhost:3000/_next/static/chunks/node_modules_next_dist_1gdrd03._.js:1945
[ 1147726ms] [ERROR] ./src/components/studio/rendering/MapRenderer.tsx:13:1
Export addSourcesAndLayers doesn't exist in target module
  11 | import type { CampusDocument } from '@navi/core'
  12 | import { SRC, HIDDEN_NODE_TYPES, LYR } from './constants'
> 13 | import { addSourcesAndLayers } from './layers'
     | ^^^^^^^^^^^^^^^^^^^^^^^^^^^^^^^^^^^^^^^^^^^^^^
  14 | import {
  15 |   buildNodeGeo,
  16 |   buildConnectionNodeGeo,

The export addSourcesAndLayers was not found in module [project]/src/components/studio/rendering/layers.ts [app-ssr] (ecmascript).
Did you mean to import addGraphSourcesAndLayers?
All exports of the module are statically known (It doesn't have dynamic exports). So it's known statically that the requested export doesn't exist.

Import traces:
  Client Component Browser:
    ./src/components/studio/rendering/MapRenderer.tsx [Client Component Browser]
    ./src/components/studio/StudioCanvas.tsx [Client Component Browser]
    ./src/components/studio/StudioWorkspace.tsx [Client Component Browser]
    ./src/app/(admin)/studio/[id]/edit/page.tsx [Client Component Browser]
    ./src/app/(admin)/studio/[id]/edit/page.tsx [Server Component]

  Client Component SSR:
    ./src/components/studio/rendering/MapRenderer.tsx [Client Component SSR]
    ./src/components/studio/StudioCanvas.tsx [Client Component SSR]
    ./src/components/studio/StudioWorkspace.tsx [Client Component SSR]
    ./src/app/(admin)/studio/[id]/edit/page.tsx [Client Component SSR]
    ./src/app/(admin)/studio/[id]/edit/page.tsx [Server Component] @ http://localhost:3000/_next/static/chunks/node_modules_next_dist_1gdrd03._.js:1945
[ 1147760ms] [LOG] [Fast Refresh] rebuilding @ http://localhost:3000/_next/static/chunks/node_modules_next_dist_1gdrd03._.js:1226
[ 1157859ms] [LOG] [Fast Refresh] rebuilding @ http://localhost:3000/_next/static/chunks/node_modules_next_dist_1gdrd03._.js:1226
[ 1158488ms] [LOG] [Fast Refresh] done in 698ms @ http://localhost:3000/_next/static/chunks/node_modules_next_dist_1gdrd03._.js:1226
[ 1158625ms] [LOG] [Fast Refresh] rebuilding @ http://localhost:3000/_next/static/chunks/node_modules_next_dist_1gdrd03._.js:1226
[ 1158972ms] [LOG] [Fast Refresh] done in 458ms @ http://localhost:3000/_next/static/chunks/node_modules_next_dist_1gdrd03._.js:1226
[ 1159333ms] [INFO] %cDownload the React DevTools for a better development experience: https://react.dev/link/react-devtools font-weight:bold @ http://localhost:3000/_next/static/chunks/node_modules_next_dist_1ybzpk2._.js:2477
[ 1159380ms] [LOG] [HMR] connected @ http://localhost:3000/_next/static/chunks/node_modules_next_dist_1ybzpk2._.js:2477
[ 1159579ms] [LOG] [Fast Refresh] rebuilding @ http://localhost:3000/_next/static/chunks/node_modules_next_dist_1ybzpk2._.js:2477
[ 1159591ms] [LOG] [Fast Refresh] done in 114ms @ http://localhost:3000/_next/static/chunks/node_modules_next_dist_1ybzpk2._.js:2477
[ 1193301ms] [LOG] [Fast Refresh] rebuilding @ http://localhost:3000/_next/static/chunks/node_modules_next_dist_1ybzpk2._.js:2477
[ 1193323ms] [LOG] [Fast Refresh] done in 77ms @ http://localhost:3000/_next/static/chunks/node_modules_next_dist_1ybzpk2._.js:2477
[ 1193442ms] [LOG] [Fast Refresh] rebuilding @ http://localhost:3000/_next/static/chunks/node_modules_next_dist_1ybzpk2._.js:2477
[ 1193506ms] [LOG] [Fast Refresh] done in 180ms @ http://localhost:3000/_next/static/chunks/node_modules_next_dist_1ybzpk2._.js:2477
[ 1260622ms] [LOG] [Fast Refresh] rebuilding @ http://localhost:3000/_next/static/chunks/node_modules_next_dist_1ybzpk2._.js:2477
[ 1260807ms] [LOG] [Fast Refresh] done in 289ms @ http://localhost:3000/_next/static/chunks/node_modules_next_dist_1ybzpk2._.js:2477
[ 1268425ms] [INFO] %cDownload the React DevTools for a better development experience: https://react.dev/link/react-devtools font-weight:bold @ http://localhost:3000/_next/static/chunks/node_modules_next_dist_1ybzpk2._.js:2477
[ 1268461ms] [LOG] [HMR] connected @ http://localhost:3000/_next/static/chunks/node_modules_next_dist_1ybzpk2._.js:2477
