[  153849ms] [WARNING] Unable to perform style diff: Style is not done loading..  Rebuilding the style from scratch. @ https://navi-next.vercel.app/_next/static/chunks/261cq39jf3lqt.js:0
[  185630ms] [LOG] [StudioWorkspace] render {mapId: map-1782480639497-sb96j, editorMode: campus} @ https://navi-next.vercel.app/_next/static/chunks/2kv9cigwy7je_.js:0
[  189326ms] [ERROR] TypeError: Cannot read properties of undefined (reading 'replace')
    at hR.url (https://navi-next.vercel.app/_next/static/chunks/261cq39jf3lqt.js:2:204093)
    at X.<anonymous> (https://navi-next.vercel.app/_next/static/chunks/261cq39jf3lqt.js:2:375971)
    at Generator.next (<anonymous>)
    at https://navi-next.vercel.app/_next/static/chunks/261cq39jf3lqt.js:1:817
    at new Promise (<anonymous>)
    at Object.b [as _] (https://navi-next.vercel.app/_next/static/chunks/261cq39jf3lqt.js:1:566)
    at X.loadTile (https://navi-next.vercel.app/_next/static/chunks/261cq39jf3lqt.js:2:375913)
    at eC.<anonymous> (https://navi-next.vercel.app/_next/static/chunks/261cq39jf3lqt.js:2:414638)
    at Generator.next (<anonymous>)
    at https://navi-next.vercel.app/_next/static/chunks/261cq39jf3lqt.js:1:817 @ https://navi-next.vercel.app/_next/static/chunks/261cq39jf3lqt.js:0
[  189326ms] [ERROR] TypeError: Cannot read properties of undefined (reading 'replace')
    at hR.url (https://navi-next.vercel.app/_next/static/chunks/261cq39jf3lqt.js:2:204093)
    at X.<anonymous> (https://navi-next.vercel.app/_next/static/chunks/261cq39jf3lqt.js:2:375971)
    at Generator.next (<anonymous>)
    at https://navi-next.vercel.app/_next/static/chunks/261cq39jf3lqt.js:1:817
    at new Promise (<anonymous>)
    at Object.b [as _] (https://navi-next.vercel.app/_next/static/chunks/261cq39jf3lqt.js:1:566)
    at X.loadTile (https://navi-next.vercel.app/_next/static/chunks/261cq39jf3lqt.js:2:375913)
    at eC.<anonymous> (https://navi-next.vercel.app/_next/static/chunks/261cq39jf3lqt.js:2:414638)
    at Generator.next (<anonymous>)
    at https://navi-next.vercel.app/_next/static/chunks/261cq39jf3lqt.js:1:817 @ https://navi-next.vercel.app/_next/static/chunks/261cq39jf3lqt.js:0
[  189326ms] [ERROR] TypeError: Cannot read properties of undefined (reading 'replace')
    at hR.url (https://navi-next.vercel.app/_next/static/chunks/261cq39jf3lqt.js:2:204093)
    at X.<anonymous> (https://navi-next.vercel.app/_next/static/chunks/261cq39jf3lqt.js:2:375971)
    at Generator.next (<anonymous>)
    at https://navi-next.vercel.app/_next/static/chunks/261cq39jf3lqt.js:1:817
    at new Promise (<anonymous>)
    at Object.b [as _] (https://navi-next.vercel.app/_next/static/chunks/261cq39jf3lqt.js:1:566)
    at X.loadTile (https://navi-next.vercel.app/_next/static/chunks/261cq39jf3lqt.js:2:375913)
    at eC.<anonymous> (https://navi-next.vercel.app/_next/static/chunks/261cq39jf3lqt.js:2:414638)
    at Generator.next (<anonymous>)
    at https://navi-next.vercel.app/_next/static/chunks/261cq39jf3lqt.js:1:817 @ https://navi-next.vercel.app/_next/static/chunks/261cq39jf3lqt.js:0
[  189326ms] [ERROR] TypeError: Cannot read properties of undefined (reading 'replace')
    at hR.url (https://navi-next.vercel.app/_next/static/chunks/261cq39jf3lqt.js:2:204093)
    at X.<anonymous> (https://navi-next.vercel.app/_next/static/chunks/261cq39jf3lqt.js:2:375971)
    at Generator.next (<anonymous>)
    at https://navi-next.vercel.app/_next/static/chunks/261cq39jf3lqt.js:1:817
    at new Promise (<anonymous>)
    at Object.b [as _] (https://navi-next.vercel.app/_next/static/chunks/261cq39jf3lqt.js:1:566)
    at X.loadTile (https://navi-next.vercel.app/_next/static/chunks/261cq39jf3lqt.js:2:375913)
    at eC.<anonymous> (https://navi-next.vercel.app/_next/static/chunks/261cq39jf3lqt.js:2:414638)
    at Generator.next (<anonymous>)
    at https://navi-next.vercel.app/_next/static/chunks/261cq39jf3lqt.js:1:817 @ https://navi-next.vercel.app/_next/static/chunks/261cq39jf3lqt.js:0
[  189327ms] [ERROR] TypeError: Cannot read properties of undefined (reading 'replace')
    at hR.url (https://navi-next.vercel.app/_next/static/chunks/261cq39jf3lqt.js:2:204093)
    at X.<anonymous> (https://navi-next.vercel.app/_next/static/chunks/261cq39jf3lqt.js:2:375971)
    at Generator.next (<anonymous>)
    at https://navi-next.vercel.app/_next/static/chunks/261cq39jf3lqt.js:1:817
    at new Promise (<anonymous>)
    at Object.b [as _] (https://navi-next.vercel.app/_next/static/chunks/261cq39jf3lqt.js:1:566)
    at X.loadTile (https://navi-next.vercel.app/_next/static/chunks/261cq39jf3lqt.js:2:375913)
    at eC.<anonymous> (https://navi-next.vercel.app/_next/static/chunks/261cq39jf3lqt.js:2:414638)
    at Generator.next (<anonymous>)
    at https://navi-next.vercel.app/_next/static/chunks/261cq39jf3lqt.js:1:817 @ https://navi-next.vercel.app/_next/static/chunks/261cq39jf3lqt.js:0
[  189327ms] [ERROR] TypeError: Cannot read properties of undefined (reading 'replace')
    at hR.url (https://navi-next.vercel.app/_next/static/chunks/261cq39jf3lqt.js:2:204093)
    at X.<anonymous> (https://navi-next.vercel.app/_next/static/chunks/261cq39jf3lqt.js:2:375971)
    at Generator.next (<anonymous>)
    at https://navi-next.vercel.app/_next/static/chunks/261cq39jf3lqt.js:1:817
    at new Promise (<anonymous>)
    at Object.b [as _] (https://navi-next.vercel.app/_next/static/chunks/261cq39jf3lqt.js:1:566)
    at X.loadTile (https://navi-next.vercel.app/_next/static/chunks/261cq39jf3lqt.js:2:375913)
    at eC.<anonymous> (https://navi-next.vercel.app/_next/static/chunks/261cq39jf3lqt.js:2:414638)
    at Generator.next (<anonymous>)
    at https://navi-next.vercel.app/_next/static/chunks/261cq39jf3lqt.js:1:817 @ https://navi-next.vercel.app/_next/static/chunks/261cq39jf3lqt.js:0
[  189327ms] [ERROR] TypeError: Cannot read properties of undefined (reading 'replace')
    at hR.url (https://navi-next.vercel.app/_next/static/chunks/261cq39jf3lqt.js:2:204093)
    at X.<anonymous> (https://navi-next.vercel.app/_next/static/chunks/261cq39jf3lqt.js:2:375971)
    at Generator.next (<anonymous>)
    at https://navi-next.vercel.app/_next/static/chunks/261cq39jf3lqt.js:1:817
    at new Promise (<anonymous>)
    at Object.b [as _] (https://navi-next.vercel.app/_next/static/chunks/261cq39jf3lqt.js:1:566)
    at X.loadTile (https://navi-next.vercel.app/_next/static/chunks/261cq39jf3lqt.js:2:375913)
    at eC.<anonymous> (https://navi-next.vercel.app/_next/static/chunks/261cq39jf3lqt.js:2:414638)
    at Generator.next (<anonymous>)
    at https://navi-next.vercel.app/_next/static/chunks/261cq39jf3lqt.js:1:817 @ https://navi-next.vercel.app/_next/static/chunks/261cq39jf3lqt.js:0
[  189327ms] [ERROR] TypeError: Cannot read properties of undefined (reading 'replace')
    at hR.url (https://navi-next.vercel.app/_next/static/chunks/261cq39jf3lqt.js:2:204093)
    at X.<anonymous> (https://navi-next.vercel.app/_next/static/chunks/261cq39jf3lqt.js:2:375971)
    at Generator.next (<anonymous>)
    at https://navi-next.vercel.app/_next/static/chunks/261cq39jf3lqt.js:1:817
    at new Promise (<anonymous>)
    at Object.b [as _] (https://navi-next.vercel.app/_next/static/chunks/261cq39jf3lqt.js:1:566)
    at X.loadTile (https://navi-next.vercel.app/_next/static/chunks/261cq39jf3lqt.js:2:375913)
    at eC.<anonymous> (https://navi-next.vercel.app/_next/static/chunks/261cq39jf3lqt.js:2:414638)
    at Generator.next (<anonymous>)
    at https://navi-next.vercel.app/_next/static/chunks/261cq39jf3lqt.js:1:817 @ https://navi-next.vercel.app/_next/static/chunks/261cq39jf3lqt.js:0
[  189342ms] [ERROR] TypeError: Cannot read properties of undefined (reading 'replace')
    at hR.url (https://navi-next.vercel.app/_next/static/chunks/261cq39jf3lqt.js:2:204093)
    at X.<anonymous> (https://navi-next.vercel.app/_next/static/chunks/261cq39jf3lqt.js:2:375971)
    at Generator.next (<anonymous>)
    at https://navi-next.vercel.app/_next/static/chunks/261cq39jf3lqt.js:1:817
    at new Promise (<anonymous>)
    at Object.b [as _] (https://navi-next.vercel.app/_next/static/chunks/261cq39jf3lqt.js:1:566)
    at X.loadTile (https://navi-next.vercel.app/_next/static/chunks/261cq39jf3lqt.js:2:375913)
    at eC.<anonymous> (https://navi-next.vercel.app/_next/static/chunks/261cq39jf3lqt.js:2:414638)
    at Generator.next (<anonymous>)
    at https://navi-next.vercel.app/_next/static/chunks/261cq39jf3lqt.js:1:817 @ https://navi-next.vercel.app/_next/static/chunks/261cq39jf3lqt.js:0
[  189342ms] [ERROR] TypeError: Cannot read properties of undefined (reading 'replace')
    at hR.url (https://navi-next.vercel.app/_next/static/chunks/261cq39jf3lqt.js:2:204093)
    at X.<anonymous> (https://navi-next.vercel.app/_next/static/chunks/261cq39jf3lqt.js:2:375971)
    at Generator.next (<anonymous>)
    at https://navi-next.vercel.app/_next/static/chunks/261cq39jf3lqt.js:1:817
    at new Promise (<anonymous>)
    at Object.b [as _] (https://navi-next.vercel.app/_next/static/chunks/261cq39jf3lqt.js:1:566)
    at X.loadTile (https://navi-next.vercel.app/_next/static/chunks/261cq39jf3lqt.js:2:375913)
    at eC.<anonymous> (https://navi-next.vercel.app/_next/static/chunks/261cq39jf3lqt.js:2:414638)
    at Generator.next (<anonymous>)
    at https://navi-next.vercel.app/_next/static/chunks/261cq39jf3lqt.js:1:817 @ https://navi-next.vercel.app/_next/static/chunks/261cq39jf3lqt.js:0
[  189342ms] [ERROR] TypeError: Cannot read properties of undefined (reading 'replace')
    at hR.url (https://navi-next.vercel.app/_next/static/chunks/261cq39jf3lqt.js:2:204093)
    at X.<anonymous> (https://navi-next.vercel.app/_next/static/chunks/261cq39jf3lqt.js:2:375971)
    at Generator.next (<anonymous>)
    at https://navi-next.vercel.app/_next/static/chunks/261cq39jf3lqt.js:1:817
    at new Promise (<anonymous>)
    at Object.b [as _] (https://navi-next.vercel.app/_next/static/chunks/261cq39jf3lqt.js:1:566)
    at X.loadTile (https://navi-next.vercel.app/_next/static/chunks/261cq39jf3lqt.js:2:375913)
    at eC.<anonymous> (https://navi-next.vercel.app/_next/static/chunks/261cq39jf3lqt.js:2:414638)
    at Generator.next (<anonymous>)
    at https://navi-next.vercel.app/_next/static/chunks/261cq39jf3lqt.js:1:817 @ https://navi-next.vercel.app/_next/static/chunks/261cq39jf3lqt.js:0
[  189346ms] [ERROR] TypeError: Cannot read properties of undefined (reading 'replace')
    at hR.url (https://navi-next.vercel.app/_next/static/chunks/261cq39jf3lqt.js:2:204093)
    at X.<anonymous> (https://navi-next.vercel.app/_next/static/chunks/261cq39jf3lqt.js:2:375971)
    at Generator.next (<anonymous>)
    at https://navi-next.vercel.app/_next/static/chunks/261cq39jf3lqt.js:1:817
    at new Promise (<anonymous>)
    at Object.b [as _] (https://navi-next.vercel.app/_next/static/chunks/261cq39jf3lqt.js:1:566)
    at X.loadTile (https://navi-next.vercel.app/_next/static/chunks/261cq39jf3lqt.js:2:375913)
    at eC.<anonymous> (https://navi-next.vercel.app/_next/static/chunks/261cq39jf3lqt.js:2:414638)
    at Generator.next (<anonymous>)
    at https://navi-next.vercel.app/_next/static/chunks/261cq39jf3lqt.js:1:817 @ https://navi-next.vercel.app/_next/static/chunks/261cq39jf3lqt.js:0
[  189346ms] [ERROR] TypeError: Cannot read properties of undefined (reading 'replace')
    at hR.url (https://navi-next.vercel.app/_next/static/chunks/261cq39jf3lqt.js:2:204093)
    at X.<anonymous> (https://navi-next.vercel.app/_next/static/chunks/261cq39jf3lqt.js:2:375971)
    at Generator.next (<anonymous>)
    at https://navi-next.vercel.app/_next/static/chunks/261cq39jf3lqt.js:1:817
    at new Promise (<anonymous>)
    at Object.b [as _] (https://navi-next.vercel.app/_next/static/chunks/261cq39jf3lqt.js:1:566)
    at X.loadTile (https://navi-next.vercel.app/_next/static/chunks/261cq39jf3lqt.js:2:375913)
    at eC.<anonymous> (https://navi-next.vercel.app/_next/static/chunks/261cq39jf3lqt.js:2:414638)
    at Generator.next (<anonymous>)
    at https://navi-next.vercel.app/_next/static/chunks/261cq39jf3lqt.js:1:817 @ https://navi-next.vercel.app/_next/static/chunks/261cq39jf3lqt.js:0
[  189351ms] [ERROR] TypeError: Cannot read properties of undefined (reading 'replace')
    at hR.url (https://navi-next.vercel.app/_next/static/chunks/261cq39jf3lqt.js:2:204093)
    at X.<anonymous> (https://navi-next.vercel.app/_next/static/chunks/261cq39jf3lqt.js:2:375971)
    at Generator.next (<anonymous>)
    at https://navi-next.vercel.app/_next/static/chunks/261cq39jf3lqt.js:1:817
    at new Promise (<anonymous>)
    at Object.b [as _] (https://navi-next.vercel.app/_next/static/chunks/261cq39jf3lqt.js:1:566)
    at X.loadTile (https://navi-next.vercel.app/_next/static/chunks/261cq39jf3lqt.js:2:375913)
    at eC.<anonymous> (https://navi-next.vercel.app/_next/static/chunks/261cq39jf3lqt.js:2:414638)
    at Generator.next (<anonymous>)
    at https://navi-next.vercel.app/_next/static/chunks/261cq39jf3lqt.js:1:817 @ https://navi-next.vercel.app/_next/static/chunks/261cq39jf3lqt.js:0
[  189351ms] [ERROR] TypeError: Cannot read properties of undefined (reading 'replace')
    at hR.url (https://navi-next.vercel.app/_next/static/chunks/261cq39jf3lqt.js:2:204093)
    at X.<anonymous> (https://navi-next.vercel.app/_next/static/chunks/261cq39jf3lqt.js:2:375971)
    at Generator.next (<anonymous>)
    at https://navi-next.vercel.app/_next/static/chunks/261cq39jf3lqt.js:1:817
    at new Promise (<anonymous>)
    at Object.b [as _] (https://navi-next.vercel.app/_next/static/chunks/261cq39jf3lqt.js:1:566)
    at X.loadTile (https://navi-next.vercel.app/_next/static/chunks/261cq39jf3lqt.js:2:375913)
    at eC.<anonymous> (https://navi-next.vercel.app/_next/static/chunks/261cq39jf3lqt.js:2:414638)
    at Generator.next (<anonymous>)
    at https://navi-next.vercel.app/_next/static/chunks/261cq39jf3lqt.js:1:817 @ https://navi-next.vercel.app/_next/static/chunks/261cq39jf3lqt.js:0
[  189357ms] [ERROR] TypeError: Cannot read properties of undefined (reading 'replace')
    at hR.url (https://navi-next.vercel.app/_next/static/chunks/261cq39jf3lqt.js:2:204093)
    at X.<anonymous> (https://navi-next.vercel.app/_next/static/chunks/261cq39jf3lqt.js:2:375971)
    at Generator.next (<anonymous>)
    at https://navi-next.vercel.app/_next/static/chunks/261cq39jf3lqt.js:1:817
    at new Promise (<anonymous>)
    at Object.b [as _] (https://navi-next.vercel.app/_next/static/chunks/261cq39jf3lqt.js:1:566)
    at X.loadTile (https://navi-next.vercel.app/_next/static/chunks/261cq39jf3lqt.js:2:375913)
    at eC.<anonymous> (https://navi-next.vercel.app/_next/static/chunks/261cq39jf3lqt.js:2:414638)
    at Generator.next (<anonymous>)
    at https://navi-next.vercel.app/_next/static/chunks/261cq39jf3lqt.js:1:817 @ https://navi-next.vercel.app/_next/static/chunks/261cq39jf3lqt.js:0
[  189366ms] [ERROR] TypeError: Cannot read properties of undefined (reading 'replace')
    at hR.url (https://navi-next.vercel.app/_next/static/chunks/261cq39jf3lqt.js:2:204093)
    at X.<anonymous> (https://navi-next.vercel.app/_next/static/chunks/261cq39jf3lqt.js:2:375971)
    at Generator.next (<anonymous>)
    at https://navi-next.vercel.app/_next/static/chunks/261cq39jf3lqt.js:1:817
    at new Promise (<anonymous>)
    at Object.b [as _] (https://navi-next.vercel.app/_next/static/chunks/261cq39jf3lqt.js:1:566)
    at X.loadTile (https://navi-next.vercel.app/_next/static/chunks/261cq39jf3lqt.js:2:375913)
    at eC.<anonymous> (https://navi-next.vercel.app/_next/static/chunks/261cq39jf3lqt.js:2:414638)
    at Generator.next (<anonymous>)
    at https://navi-next.vercel.app/_next/static/chunks/261cq39jf3lqt.js:1:817 @ https://navi-next.vercel.app/_next/static/chunks/261cq39jf3lqt.js:0
[  189374ms] [ERROR] TypeError: Cannot read properties of undefined (reading 'replace')
    at hR.url (https://navi-next.vercel.app/_next/static/chunks/261cq39jf3lqt.js:2:204093)
    at X.<anonymous> (https://navi-next.vercel.app/_next/static/chunks/261cq39jf3lqt.js:2:375971)
    at Generator.next (<anonymous>)
    at https://navi-next.vercel.app/_next/static/chunks/261cq39jf3lqt.js:1:817
    at new Promise (<anonymous>)
    at Object.b [as _] (https://navi-next.vercel.app/_next/static/chunks/261cq39jf3lqt.js:1:566)
    at X.loadTile (https://navi-next.vercel.app/_next/static/chunks/261cq39jf3lqt.js:2:375913)
    at eC.<anonymous> (https://navi-next.vercel.app/_next/static/chunks/261cq39jf3lqt.js:2:414638)
    at Generator.next (<anonymous>)
    at https://navi-next.vercel.app/_next/static/chunks/261cq39jf3lqt.js:1:817 @ https://navi-next.vercel.app/_next/static/chunks/261cq39jf3lqt.js:0
[  189383ms] [ERROR] TypeError: Cannot read properties of undefined (reading 'replace')
    at hR.url (https://navi-next.vercel.app/_next/static/chunks/261cq39jf3lqt.js:2:204093)
    at X.<anonymous> (https://navi-next.vercel.app/_next/static/chunks/261cq39jf3lqt.js:2:375971)
    at Generator.next (<anonymous>)
    at https://navi-next.vercel.app/_next/static/chunks/261cq39jf3lqt.js:1:817
    at new Promise (<anonymous>)
    at Object.b [as _] (https://navi-next.vercel.app/_next/static/chunks/261cq39jf3lqt.js:1:566)
    at X.loadTile (https://navi-next.vercel.app/_next/static/chunks/261cq39jf3lqt.js:2:375913)
    at eC.<anonymous> (https://navi-next.vercel.app/_next/static/chunks/261cq39jf3lqt.js:2:414638)
    at Generator.next (<anonymous>)
    at https://navi-next.vercel.app/_next/static/chunks/261cq39jf3lqt.js:1:817 @ https://navi-next.vercel.app/_next/static/chunks/261cq39jf3lqt.js:0
[  189391ms] [ERROR] TypeError: Cannot read properties of undefined (reading 'replace')
    at hR.url (https://navi-next.vercel.app/_next/static/chunks/261cq39jf3lqt.js:2:204093)
    at X.<anonymous> (https://navi-next.vercel.app/_next/static/chunks/261cq39jf3lqt.js:2:375971)
    at Generator.next (<anonymous>)
    at https://navi-next.vercel.app/_next/static/chunks/261cq39jf3lqt.js:1:817
    at new Promise (<anonymous>)
    at Object.b [as _] (https://navi-next.vercel.app/_next/static/chunks/261cq39jf3lqt.js:1:566)
    at X.loadTile (https://navi-next.vercel.app/_next/static/chunks/261cq39jf3lqt.js:2:375913)
    at eC.<anonymous> (https://navi-next.vercel.app/_next/static/chunks/261cq39jf3lqt.js:2:414638)
    at Generator.next (<anonymous>)
    at https://navi-next.vercel.app/_next/static/chunks/261cq39jf3lqt.js:1:817 @ https://navi-next.vercel.app/_next/static/chunks/261cq39jf3lqt.js:0
[  189399ms] [ERROR] TypeError: Cannot read properties of undefined (reading 'replace')
    at hR.url (https://navi-next.vercel.app/_next/static/chunks/261cq39jf3lqt.js:2:204093)
    at X.<anonymous> (https://navi-next.vercel.app/_next/static/chunks/261cq39jf3lqt.js:2:375971)
    at Generator.next (<anonymous>)
    at https://navi-next.vercel.app/_next/static/chunks/261cq39jf3lqt.js:1:817
    at new Promise (<anonymous>)
    at Object.b [as _] (https://navi-next.vercel.app/_next/static/chunks/261cq39jf3lqt.js:1:566)
    at X.loadTile (https://navi-next.vercel.app/_next/static/chunks/261cq39jf3lqt.js:2:375913)
    at eC.<anonymous> (https://navi-next.vercel.app/_next/static/chunks/261cq39jf3lqt.js:2:414638)
    at Generator.next (<anonymous>)
    at https://navi-next.vercel.app/_next/static/chunks/261cq39jf3lqt.js:1:817 @ https://navi-next.vercel.app/_next/static/chunks/261cq39jf3lqt.js:0
[  189408ms] [ERROR] TypeError: Cannot read properties of undefined (reading 'replace')
    at hR.url (https://navi-next.vercel.app/_next/static/chunks/261cq39jf3lqt.js:2:204093)
    at X.<anonymous> (https://navi-next.vercel.app/_next/static/chunks/261cq39jf3lqt.js:2:375971)
    at Generator.next (<anonymous>)
    at https://navi-next.vercel.app/_next/static/chunks/261cq39jf3lqt.js:1:817
    at new Promise (<anonymous>)
    at Object.b [as _] (https://navi-next.vercel.app/_next/static/chunks/261cq39jf3lqt.js:1:566)
    at X.loadTile (https://navi-next.vercel.app/_next/static/chunks/261cq39jf3lqt.js:2:375913)
    at eC.<anonymous> (https://navi-next.vercel.app/_next/static/chunks/261cq39jf3lqt.js:2:414638)
    at Generator.next (<anonymous>)
    at https://navi-next.vercel.app/_next/static/chunks/261cq39jf3lqt.js:1:817 @ https://navi-next.vercel.app/_next/static/chunks/261cq39jf3lqt.js:0
[  189453ms] [ERROR] TypeError: Cannot read properties of undefined (reading 'replace')
    at hR.url (https://navi-next.vercel.app/_next/static/chunks/261cq39jf3lqt.js:2:204093)
    at X.<anonymous> (https://navi-next.vercel.app/_next/static/chunks/261cq39jf3lqt.js:2:375971)
    at Generator.next (<anonymous>)
    at https://navi-next.vercel.app/_next/static/chunks/261cq39jf3lqt.js:1:817
    at new Promise (<anonymous>)
    at Object.b [as _] (https://navi-next.vercel.app/_next/static/chunks/261cq39jf3lqt.js:1:566)
    at X.loadTile (https://navi-next.vercel.app/_next/static/chunks/261cq39jf3lqt.js:2:375913)
    at eC.<anonymous> (https://navi-next.vercel.app/_next/static/chunks/261cq39jf3lqt.js:2:414638)
    at Generator.next (<anonymous>)
    at https://navi-next.vercel.app/_next/static/chunks/261cq39jf3lqt.js:1:817 @ https://navi-next.vercel.app/_next/static/chunks/261cq39jf3lqt.js:0
[  189453ms] [ERROR] TypeError: Cannot read properties of undefined (reading 'replace')
    at hR.url (https://navi-next.vercel.app/_next/static/chunks/261cq39jf3lqt.js:2:204093)
    at X.<anonymous> (https://navi-next.vercel.app/_next/static/chunks/261cq39jf3lqt.js:2:375971)
    at Generator.next (<anonymous>)
    at https://navi-next.vercel.app/_next/static/chunks/261cq39jf3lqt.js:1:817
    at new Promise (<anonymous>)
    at Object.b [as _] (https://navi-next.vercel.app/_next/static/chunks/261cq39jf3lqt.js:1:566)
    at X.loadTile (https://navi-next.vercel.app/_next/static/chunks/261cq39jf3lqt.js:2:375913)
    at eC.<anonymous> (https://navi-next.vercel.app/_next/static/chunks/261cq39jf3lqt.js:2:414638)
    at Generator.next (<anonymous>)
    at https://navi-next.vercel.app/_next/static/chunks/261cq39jf3lqt.js:1:817 @ https://navi-next.vercel.app/_next/static/chunks/261cq39jf3lqt.js:0
[  189453ms] [ERROR] TypeError: Cannot read properties of undefined (reading 'replace')
    at hR.url (https://navi-next.vercel.app/_next/static/chunks/261cq39jf3lqt.js:2:204093)
    at X.<anonymous> (https://navi-next.vercel.app/_next/static/chunks/261cq39jf3lqt.js:2:375971)
    at Generator.next (<anonymous>)
    at https://navi-next.vercel.app/_next/static/chunks/261cq39jf3lqt.js:1:817
    at new Promise (<anonymous>)
    at Object.b [as _] (https://navi-next.vercel.app/_next/static/chunks/261cq39jf3lqt.js:1:566)
    at X.loadTile (https://navi-next.vercel.app/_next/static/chunks/261cq39jf3lqt.js:2:375913)
    at eC.<anonymous> (https://navi-next.vercel.app/_next/static/chunks/261cq39jf3lqt.js:2:414638)
    at Generator.next (<anonymous>)
    at https://navi-next.vercel.app/_next/static/chunks/261cq39jf3lqt.js:1:817 @ https://navi-next.vercel.app/_next/static/chunks/261cq39jf3lqt.js:0
[  189454ms] [ERROR] TypeError: Cannot read properties of undefined (reading 'replace')
    at hR.url (https://navi-next.vercel.app/_next/static/chunks/261cq39jf3lqt.js:2:204093)
    at X.<anonymous> (https://navi-next.vercel.app/_next/static/chunks/261cq39jf3lqt.js:2:375971)
    at Generator.next (<anonymous>)
    at https://navi-next.vercel.app/_next/static/chunks/261cq39jf3lqt.js:1:817
    at new Promise (<anonymous>)
    at Object.b [as _] (https://navi-next.vercel.app/_next/static/chunks/261cq39jf3lqt.js:1:566)
    at X.loadTile (https://navi-next.vercel.app/_next/static/chunks/261cq39jf3lqt.js:2:375913)
    at eC.<anonymous> (https://navi-next.vercel.app/_next/static/chunks/261cq39jf3lqt.js:2:414638)
    at Generator.next (<anonymous>)
    at https://navi-next.vercel.app/_next/static/chunks/261cq39jf3lqt.js:1:817 @ https://navi-next.vercel.app/_next/static/chunks/261cq39jf3lqt.js:0
[  189454ms] [ERROR] TypeError: Cannot read properties of undefined (reading 'replace')
    at hR.url (https://navi-next.vercel.app/_next/static/chunks/261cq39jf3lqt.js:2:204093)
    at X.<anonymous> (https://navi-next.vercel.app/_next/static/chunks/261cq39jf3lqt.js:2:375971)
    at Generator.next (<anonymous>)
    at https://navi-next.vercel.app/_next/static/chunks/261cq39jf3lqt.js:1:817
    at new Promise (<anonymous>)
    at Object.b [as _] (https://navi-next.vercel.app/_next/static/chunks/261cq39jf3lqt.js:1:566)
    at X.loadTile (https://navi-next.vercel.app/_next/static/chunks/261cq39jf3lqt.js:2:375913)
    at eC.<anonymous> (https://navi-next.vercel.app/_next/static/chunks/261cq39jf3lqt.js:2:414638)
    at Generator.next (<anonymous>)
    at https://navi-next.vercel.app/_next/static/chunks/261cq39jf3lqt.js:1:817 @ https://navi-next.vercel.app/_next/static/chunks/261cq39jf3lqt.js:0
[  189454ms] [ERROR] TypeError: Cannot read properties of undefined (reading 'replace')
    at hR.url (https://navi-next.vercel.app/_next/static/chunks/261cq39jf3lqt.js:2:204093)
    at X.<anonymous> (https://navi-next.vercel.app/_next/static/chunks/261cq39jf3lqt.js:2:375971)
    at Generator.next (<anonymous>)
    at https://navi-next.vercel.app/_next/static/chunks/261cq39jf3lqt.js:1:817
    at new Promise (<anonymous>)
    at Object.b [as _] (https://navi-next.vercel.app/_next/static/chunks/261cq39jf3lqt.js:1:566)
    at X.loadTile (https://navi-next.vercel.app/_next/static/chunks/261cq39jf3lqt.js:2:375913)
    at eC.<anonymous> (https://navi-next.vercel.app/_next/static/chunks/261cq39jf3lqt.js:2:414638)
    at Generator.next (<anonymous>)
    at https://navi-next.vercel.app/_next/static/chunks/261cq39jf3lqt.js:1:817 @ https://navi-next.vercel.app/_next/static/chunks/261cq39jf3lqt.js:0
[  189454ms] [ERROR] TypeError: Cannot read properties of undefined (reading 'replace')
    at hR.url (https://navi-next.vercel.app/_next/static/chunks/261cq39jf3lqt.js:2:204093)
    at X.<anonymous> (https://navi-next.vercel.app/_next/static/chunks/261cq39jf3lqt.js:2:375971)
    at Generator.next (<anonymous>)
    at https://navi-next.vercel.app/_next/static/chunks/261cq39jf3lqt.js:1:817
    at new Promise (<anonymous>)
    at Object.b [as _] (https://navi-next.vercel.app/_next/static/chunks/261cq39jf3lqt.js:1:566)
    at X.loadTile (https://navi-next.vercel.app/_next/static/chunks/261cq39jf3lqt.js:2:375913)
    at eC.<anonymous> (https://navi-next.vercel.app/_next/static/chunks/261cq39jf3lqt.js:2:414638)
    at Generator.next (<anonymous>)
    at https://navi-next.vercel.app/_next/static/chunks/261cq39jf3lqt.js:1:817 @ https://navi-next.vercel.app/_next/static/chunks/261cq39jf3lqt.js:0
[  189454ms] [ERROR] TypeError: Cannot read properties of undefined (reading 'replace')
    at hR.url (https://navi-next.vercel.app/_next/static/chunks/261cq39jf3lqt.js:2:204093)
    at X.<anonymous> (https://navi-next.vercel.app/_next/static/chunks/261cq39jf3lqt.js:2:375971)
    at Generator.next (<anonymous>)
    at https://navi-next.vercel.app/_next/static/chunks/261cq39jf3lqt.js:1:817
    at new Promise (<anonymous>)
    at Object.b [as _] (https://navi-next.vercel.app/_next/static/chunks/261cq39jf3lqt.js:1:566)
    at X.loadTile (https://navi-next.vercel.app/_next/static/chunks/261cq39jf3lqt.js:2:375913)
    at eC.<anonymous> (https://navi-next.vercel.app/_next/static/chunks/261cq39jf3lqt.js:2:414638)
    at Generator.next (<anonymous>)
    at https://navi-next.vercel.app/_next/static/chunks/261cq39jf3lqt.js:1:817 @ https://navi-next.vercel.app/_next/static/chunks/261cq39jf3lqt.js:0
[  189454ms] [ERROR] TypeError: Cannot read properties of undefined (reading 'replace')
    at hR.url (https://navi-next.vercel.app/_next/static/chunks/261cq39jf3lqt.js:2:204093)
    at X.<anonymous> (https://navi-next.vercel.app/_next/static/chunks/261cq39jf3lqt.js:2:375971)
    at Generator.next (<anonymous>)
    at https://navi-next.vercel.app/_next/static/chunks/261cq39jf3lqt.js:1:817
    at new Promise (<anonymous>)
    at Object.b [as _] (https://navi-next.vercel.app/_next/static/chunks/261cq39jf3lqt.js:1:566)
    at X.loadTile (https://navi-next.vercel.app/_next/static/chunks/261cq39jf3lqt.js:2:375913)
    at eC.<anonymous> (https://navi-next.vercel.app/_next/static/chunks/261cq39jf3lqt.js:2:414638)
    at Generator.next (<anonymous>)
    at https://navi-next.vercel.app/_next/static/chunks/261cq39jf3lqt.js:1:817 @ https://navi-next.vercel.app/_next/static/chunks/261cq39jf3lqt.js:0
[  189454ms] [ERROR] TypeError: Cannot read properties of undefined (reading 'replace')
    at hR.url (https://navi-next.vercel.app/_next/static/chunks/261cq39jf3lqt.js:2:204093)
    at X.<anonymous> (https://navi-next.vercel.app/_next/static/chunks/261cq39jf3lqt.js:2:375971)
    at Generator.next (<anonymous>)
    at https://navi-next.vercel.app/_next/static/chunks/261cq39jf3lqt.js:1:817
    at new Promise (<anonymous>)
    at Object.b [as _] (https://navi-next.vercel.app/_next/static/chunks/261cq39jf3lqt.js:1:566)
    at X.loadTile (https://navi-next.vercel.app/_next/static/chunks/261cq39jf3lqt.js:2:375913)
    at eC.<anonymous> (https://navi-next.vercel.app/_next/static/chunks/261cq39jf3lqt.js:2:414638)
    at Generator.next (<anonymous>)
    at https://navi-next.vercel.app/_next/static/chunks/261cq39jf3lqt.js:1:817 @ https://navi-next.vercel.app/_next/static/chunks/261cq39jf3lqt.js:0
[  189455ms] [ERROR] TypeError: Cannot read properties of undefined (reading 'replace')
    at hR.url (https://navi-next.vercel.app/_next/static/chunks/261cq39jf3lqt.js:2:204093)
    at X.<anonymous> (https://navi-next.vercel.app/_next/static/chunks/261cq39jf3lqt.js:2:375971)
    at Generator.next (<anonymous>)
    at https://navi-next.vercel.app/_next/static/chunks/261cq39jf3lqt.js:1:817
    at new Promise (<anonymous>)
    at Object.b [as _] (https://navi-next.vercel.app/_next/static/chunks/261cq39jf3lqt.js:1:566)
    at X.loadTile (https://navi-next.vercel.app/_next/static/chunks/261cq39jf3lqt.js:2:375913)
    at eC.<anonymous> (https://navi-next.vercel.app/_next/static/chunks/261cq39jf3lqt.js:2:414638)
    at Generator.next (<anonymous>)
    at https://navi-next.vercel.app/_next/static/chunks/261cq39jf3lqt.js:1:817 @ https://navi-next.vercel.app/_next/static/chunks/261cq39jf3lqt.js:0
[  189455ms] [ERROR] TypeError: Cannot read properties of undefined (reading 'replace')
    at hR.url (https://navi-next.vercel.app/_next/static/chunks/261cq39jf3lqt.js:2:204093)
    at X.<anonymous> (https://navi-next.vercel.app/_next/static/chunks/261cq39jf3lqt.js:2:375971)
    at Generator.next (<anonymous>)
    at https://navi-next.vercel.app/_next/static/chunks/261cq39jf3lqt.js:1:817
    at new Promise (<anonymous>)
    at Object.b [as _] (https://navi-next.vercel.app/_next/static/chunks/261cq39jf3lqt.js:1:566)
    at X.loadTile (https://navi-next.vercel.app/_next/static/chunks/261cq39jf3lqt.js:2:375913)
    at eC.<anonymous> (https://navi-next.vercel.app/_next/static/chunks/261cq39jf3lqt.js:2:414638)
    at Generator.next (<anonymous>)
    at https://navi-next.vercel.app/_next/static/chunks/261cq39jf3lqt.js:1:817 @ https://navi-next.vercel.app/_next/static/chunks/261cq39jf3lqt.js:0
[  189461ms] [ERROR] TypeError: Cannot read properties of undefined (reading 'replace')
    at hR.url (https://navi-next.vercel.app/_next/static/chunks/261cq39jf3lqt.js:2:204093)
    at X.<anonymous> (https://navi-next.vercel.app/_next/static/chunks/261cq39jf3lqt.js:2:375971)
    at Generator.next (<anonymous>)
    at https://navi-next.vercel.app/_next/static/chunks/261cq39jf3lqt.js:1:817
    at new Promise (<anonymous>)
    at Object.b [as _] (https://navi-next.vercel.app/_next/static/chunks/261cq39jf3lqt.js:1:566)
    at X.loadTile (https://navi-next.vercel.app/_next/static/chunks/261cq39jf3lqt.js:2:375913)
    at eC.<anonymous> (https://navi-next.vercel.app/_next/static/chunks/261cq39jf3lqt.js:2:414638)
    at Generator.next (<anonymous>)
    at https://navi-next.vercel.app/_next/static/chunks/261cq39jf3lqt.js:1:817 @ https://navi-next.vercel.app/_next/static/chunks/261cq39jf3lqt.js:0
[  189462ms] [ERROR] TypeError: Cannot read properties of undefined (reading 'replace')
    at hR.url (https://navi-next.vercel.app/_next/static/chunks/261cq39jf3lqt.js:2:204093)
    at X.<anonymous> (https://navi-next.vercel.app/_next/static/chunks/261cq39jf3lqt.js:2:375971)
    at Generator.next (<anonymous>)
    at https://navi-next.vercel.app/_next/static/chunks/261cq39jf3lqt.js:1:817
    at new Promise (<anonymous>)
    at Object.b [as _] (https://navi-next.vercel.app/_next/static/chunks/261cq39jf3lqt.js:1:566)
    at X.loadTile (https://navi-next.vercel.app/_next/static/chunks/261cq39jf3lqt.js:2:375913)
    at eC.<anonymous> (https://navi-next.vercel.app/_next/static/chunks/261cq39jf3lqt.js:2:414638)
    at Generator.next (<anonymous>)
    at https://navi-next.vercel.app/_next/static/chunks/261cq39jf3lqt.js:1:817 @ https://navi-next.vercel.app/_next/static/chunks/261cq39jf3lqt.js:0
[  189462ms] [ERROR] TypeError: Cannot read properties of undefined (reading 'replace')
    at hR.url (https://navi-next.vercel.app/_next/static/chunks/261cq39jf3lqt.js:2:204093)
    at X.<anonymous> (https://navi-next.vercel.app/_next/static/chunks/261cq39jf3lqt.js:2:375971)
    at Generator.next (<anonymous>)
    at https://navi-next.vercel.app/_next/static/chunks/261cq39jf3lqt.js:1:817
    at new Promise (<anonymous>)
    at Object.b [as _] (https://navi-next.vercel.app/_next/static/chunks/261cq39jf3lqt.js:1:566)
    at X.loadTile (https://navi-next.vercel.app/_next/static/chunks/261cq39jf3lqt.js:2:375913)
    at eC.<anonymous> (https://navi-next.vercel.app/_next/static/chunks/261cq39jf3lqt.js:2:414638)
    at Generator.next (<anonymous>)
    at https://navi-next.vercel.app/_next/static/chunks/261cq39jf3lqt.js:1:817 @ https://navi-next.vercel.app/_next/static/chunks/261cq39jf3lqt.js:0
[  189462ms] [ERROR] TypeError: Cannot read properties of undefined (reading 'replace')
    at hR.url (https://navi-next.vercel.app/_next/static/chunks/261cq39jf3lqt.js:2:204093)
    at X.<anonymous> (https://navi-next.vercel.app/_next/static/chunks/261cq39jf3lqt.js:2:375971)
    at Generator.next (<anonymous>)
    at https://navi-next.vercel.app/_next/static/chunks/261cq39jf3lqt.js:1:817
    at new Promise (<anonymous>)
    at Object.b [as _] (https://navi-next.vercel.app/_next/static/chunks/261cq39jf3lqt.js:1:566)
    at X.loadTile (https://navi-next.vercel.app/_next/static/chunks/261cq39jf3lqt.js:2:375913)
    at eC.<anonymous> (https://navi-next.vercel.app/_next/static/chunks/261cq39jf3lqt.js:2:414638)
    at Generator.next (<anonymous>)
    at https://navi-next.vercel.app/_next/static/chunks/261cq39jf3lqt.js:1:817 @ https://navi-next.vercel.app/_next/static/chunks/261cq39jf3lqt.js:0
[  189468ms] [ERROR] TypeError: Cannot read properties of undefined (reading 'replace')
    at hR.url (https://navi-next.vercel.app/_next/static/chunks/261cq39jf3lqt.js:2:204093)
    at X.<anonymous> (https://navi-next.vercel.app/_next/static/chunks/261cq39jf3lqt.js:2:375971)
    at Generator.next (<anonymous>)
    at https://navi-next.vercel.app/_next/static/chunks/261cq39jf3lqt.js:1:817
    at new Promise (<anonymous>)
    at Object.b [as _] (https://navi-next.vercel.app/_next/static/chunks/261cq39jf3lqt.js:1:566)
    at X.loadTile (https://navi-next.vercel.app/_next/static/chunks/261cq39jf3lqt.js:2:375913)
    at eC.<anonymous> (https://navi-next.vercel.app/_next/static/chunks/261cq39jf3lqt.js:2:414638)
    at Generator.next (<anonymous>)
    at https://navi-next.vercel.app/_next/static/chunks/261cq39jf3lqt.js:1:817 @ https://navi-next.vercel.app/_next/static/chunks/261cq39jf3lqt.js:0
[  189476ms] [ERROR] TypeError: Cannot read properties of undefined (reading 'replace')
    at hR.url (https://navi-next.vercel.app/_next/static/chunks/261cq39jf3lqt.js:2:204093)
    at X.<anonymous> (https://navi-next.vercel.app/_next/static/chunks/261cq39jf3lqt.js:2:375971)
    at Generator.next (<anonymous>)
    at https://navi-next.vercel.app/_next/static/chunks/261cq39jf3lqt.js:1:817
    at new Promise (<anonymous>)
    at Object.b [as _] (https://navi-next.vercel.app/_next/static/chunks/261cq39jf3lqt.js:1:566)
    at X.loadTile (https://navi-next.vercel.app/_next/static/chunks/261cq39jf3lqt.js:2:375913)
    at eC.<anonymous> (https://navi-next.vercel.app/_next/static/chunks/261cq39jf3lqt.js:2:414638)
    at Generator.next (<anonymous>)
    at https://navi-next.vercel.app/_next/static/chunks/261cq39jf3lqt.js:1:817 @ https://navi-next.vercel.app/_next/static/chunks/261cq39jf3lqt.js:0
[  189484ms] [ERROR] TypeError: Cannot read properties of undefined (reading 'replace')
    at hR.url (https://navi-next.vercel.app/_next/static/chunks/261cq39jf3lqt.js:2:204093)
    at X.<anonymous> (https://navi-next.vercel.app/_next/static/chunks/261cq39jf3lqt.js:2:375971)
    at Generator.next (<anonymous>)
    at https://navi-next.vercel.app/_next/static/chunks/261cq39jf3lqt.js:1:817
    at new Promise (<anonymous>)
    at Object.b [as _] (https://navi-next.vercel.app/_next/static/chunks/261cq39jf3lqt.js:1:566)
    at X.loadTile (https://navi-next.vercel.app/_next/static/chunks/261cq39jf3lqt.js:2:375913)
    at eC.<anonymous> (https://navi-next.vercel.app/_next/static/chunks/261cq39jf3lqt.js:2:414638)
    at Generator.next (<anonymous>)
    at https://navi-next.vercel.app/_next/static/chunks/261cq39jf3lqt.js:1:817 @ https://navi-next.vercel.app/_next/static/chunks/261cq39jf3lqt.js:0
[  189491ms] [ERROR] TypeError: Cannot read properties of undefined (reading 'replace')
    at hR.url (https://navi-next.vercel.app/_next/static/chunks/261cq39jf3lqt.js:2:204093)
    at X.<anonymous> (https://navi-next.vercel.app/_next/static/chunks/261cq39jf3lqt.js:2:375971)
    at Generator.next (<anonymous>)
    at https://navi-next.vercel.app/_next/static/chunks/261cq39jf3lqt.js:1:817
    at new Promise (<anonymous>)
    at Object.b [as _] (https://navi-next.vercel.app/_next/static/chunks/261cq39jf3lqt.js:1:566)
    at X.loadTile (https://navi-next.vercel.app/_next/static/chunks/261cq39jf3lqt.js:2:375913)
    at eC.<anonymous> (https://navi-next.vercel.app/_next/static/chunks/261cq39jf3lqt.js:2:414638)
    at Generator.next (<anonymous>)
    at https://navi-next.vercel.app/_next/static/chunks/261cq39jf3lqt.js:1:817 @ https://navi-next.vercel.app/_next/static/chunks/261cq39jf3lqt.js:0
[  189500ms] [ERROR] TypeError: Cannot read properties of undefined (reading 'replace')
    at hR.url (https://navi-next.vercel.app/_next/static/chunks/261cq39jf3lqt.js:2:204093)
    at X.<anonymous> (https://navi-next.vercel.app/_next/static/chunks/261cq39jf3lqt.js:2:375971)
    at Generator.next (<anonymous>)
    at https://navi-next.vercel.app/_next/static/chunks/261cq39jf3lqt.js:1:817
    at new Promise (<anonymous>)
    at Object.b [as _] (https://navi-next.vercel.app/_next/static/chunks/261cq39jf3lqt.js:1:566)
    at X.loadTile (https://navi-next.vercel.app/_next/static/chunks/261cq39jf3lqt.js:2:375913)
    at eC.<anonymous> (https://navi-next.vercel.app/_next/static/chunks/261cq39jf3lqt.js:2:414638)
    at Generator.next (<anonymous>)
    at https://navi-next.vercel.app/_next/static/chunks/261cq39jf3lqt.js:1:817 @ https://navi-next.vercel.app/_next/static/chunks/261cq39jf3lqt.js:0
[  189508ms] [ERROR] TypeError: Cannot read properties of undefined (reading 'replace')
    at hR.url (https://navi-next.vercel.app/_next/static/chunks/261cq39jf3lqt.js:2:204093)
    at X.<anonymous> (https://navi-next.vercel.app/_next/static/chunks/261cq39jf3lqt.js:2:375971)
    at Generator.next (<anonymous>)
    at https://navi-next.vercel.app/_next/static/chunks/261cq39jf3lqt.js:1:817
    at new Promise (<anonymous>)
    at Object.b [as _] (https://navi-next.vercel.app/_next/static/chunks/261cq39jf3lqt.js:1:566)
    at X.loadTile (https://navi-next.vercel.app/_next/static/chunks/261cq39jf3lqt.js:2:375913)
    at eC.<anonymous> (https://navi-next.vercel.app/_next/static/chunks/261cq39jf3lqt.js:2:414638)
    at Generator.next (<anonymous>)
    at https://navi-next.vercel.app/_next/static/chunks/261cq39jf3lqt.js:1:817 @ https://navi-next.vercel.app/_next/static/chunks/261cq39jf3lqt.js:0
[  189517ms] [ERROR] TypeError: Cannot read properties of undefined (reading 'replace')
    at hR.url (https://navi-next.vercel.app/_next/static/chunks/261cq39jf3lqt.js:2:204093)
    at X.<anonymous> (https://navi-next.vercel.app/_next/static/chunks/261cq39jf3lqt.js:2:375971)
    at Generator.next (<anonymous>)
    at https://navi-next.vercel.app/_next/static/chunks/261cq39jf3lqt.js:1:817
    at new Promise (<anonymous>)
    at Object.b [as _] (https://navi-next.vercel.app/_next/static/chunks/261cq39jf3lqt.js:1:566)
    at X.loadTile (https://navi-next.vercel.app/_next/static/chunks/261cq39jf3lqt.js:2:375913)
    at eC.<anonymous> (https://navi-next.vercel.app/_next/static/chunks/261cq39jf3lqt.js:2:414638)
    at Generator.next (<anonymous>)
    at https://navi-next.vercel.app/_next/static/chunks/261cq39jf3lqt.js:1:817 @ https://navi-next.vercel.app/_next/static/chunks/261cq39jf3lqt.js:0
[  189525ms] [ERROR] TypeError: Cannot read properties of undefined (reading 'replace')
    at hR.url (https://navi-next.vercel.app/_next/static/chunks/261cq39jf3lqt.js:2:204093)
    at X.<anonymous> (https://navi-next.vercel.app/_next/static/chunks/261cq39jf3lqt.js:2:375971)
    at Generator.next (<anonymous>)
    at https://navi-next.vercel.app/_next/static/chunks/261cq39jf3lqt.js:1:817
    at new Promise (<anonymous>)
    at Object.b [as _] (https://navi-next.vercel.app/_next/static/chunks/261cq39jf3lqt.js:1:566)
    at X.loadTile (https://navi-next.vercel.app/_next/static/chunks/261cq39jf3lqt.js:2:375913)
    at eC.<anonymous> (https://navi-next.vercel.app/_next/static/chunks/261cq39jf3lqt.js:2:414638)
    at Generator.next (<anonymous>)
    at https://navi-next.vercel.app/_next/static/chunks/261cq39jf3lqt.js:1:817 @ https://navi-next.vercel.app/_next/static/chunks/261cq39jf3lqt.js:0
[  189533ms] [ERROR] TypeError: Cannot read properties of undefined (reading 'replace')
    at hR.url (https://navi-next.vercel.app/_next/static/chunks/261cq39jf3lqt.js:2:204093)
    at X.<anonymous> (https://navi-next.vercel.app/_next/static/chunks/261cq39jf3lqt.js:2:375971)
    at Generator.next (<anonymous>)
    at https://navi-next.vercel.app/_next/static/chunks/261cq39jf3lqt.js:1:817
    at new Promise (<anonymous>)
    at Object.b [as _] (https://navi-next.vercel.app/_next/static/chunks/261cq39jf3lqt.js:1:566)
    at X.loadTile (https://navi-next.vercel.app/_next/static/chunks/261cq39jf3lqt.js:2:375913)
    at eC.<anonymous> (https://navi-next.vercel.app/_next/static/chunks/261cq39jf3lqt.js:2:414638)
    at Generator.next (<anonymous>)
    at https://navi-next.vercel.app/_next/static/chunks/261cq39jf3lqt.js:1:817 @ https://navi-next.vercel.app/_next/static/chunks/261cq39jf3lqt.js:0
[  197485ms] [ERROR] Access to fetch at 'https://tile.openstreetmap.org/20/880134/489619.png' from origin 'https://navi-next.vercel.app' has been blocked by CORS policy: No 'Access-Control-Allow-Origin' header is present on the requested resource. @ https://navi-next.vercel.app/studio/map-1782480639497-sb96j/edit/building/bldg-1782551969947-rjba2/floor/0:0
[  197485ms] [ERROR] Failed to load resource: net::ERR_FAILED @ https://tile.openstreetmap.org/20/880134/489619.png:0
[  197487ms] [ERROR] eZ: AJAXError: Failed to fetch (0): https://tile.openstreetmap.org/20/880134/489619.png
    at https://navi-next.vercel.app/_next/static/chunks/261cq39jf3lqt.js:1:10566
    at Generator.throw (<anonymous>)
    at l (https://navi-next.vercel.app/_next/static/chunks/261cq39jf3lqt.js:1:673) @ https://navi-next.vercel.app/_next/static/chunks/261cq39jf3lqt.js:0
[  197490ms] [ERROR] Access to fetch at 'https://tile.openstreetmap.org/20/880134/489617.png' from origin 'https://navi-next.vercel.app' has been blocked by CORS policy: No 'Access-Control-Allow-Origin' header is present on the requested resource. @ https://navi-next.vercel.app/studio/map-1782480639497-sb96j/edit/building/bldg-1782551969947-rjba2/floor/0:0
[  197490ms] [ERROR] Failed to load resource: net::ERR_FAILED @ https://tile.openstreetmap.org/20/880134/489617.png:0
[  197490ms] [ERROR] eZ: AJAXError: Failed to fetch (0): https://tile.openstreetmap.org/20/880134/489617.png
    at https://navi-next.vercel.app/_next/static/chunks/261cq39jf3lqt.js:1:10566
    at Generator.throw (<anonymous>)
    at l (https://navi-next.vercel.app/_next/static/chunks/261cq39jf3lqt.js:1:673) @ https://navi-next.vercel.app/_next/static/chunks/261cq39jf3lqt.js:0
[  197490ms] [ERROR] Access to fetch at 'https://tile.openstreetmap.org/20/880133/489617.png' from origin 'https://navi-next.vercel.app' has been blocked by CORS policy: No 'Access-Control-Allow-Origin' header is present on the requested resource. @ https://navi-next.vercel.app/studio/map-1782480639497-sb96j/edit/building/bldg-1782551969947-rjba2/floor/0:0
[  197490ms] [ERROR] Failed to load resource: net::ERR_FAILED @ https://tile.openstreetmap.org/20/880133/489617.png:0
[  197491ms] [ERROR] eZ: AJAXError: Failed to fetch (0): https://tile.openstreetmap.org/20/880133/489617.png
    at https://navi-next.vercel.app/_next/static/chunks/261cq39jf3lqt.js:1:10566
    at Generator.throw (<anonymous>)
    at l (https://navi-next.vercel.app/_next/static/chunks/261cq39jf3lqt.js:1:673) @ https://navi-next.vercel.app/_next/static/chunks/261cq39jf3lqt.js:0
[  197491ms] [ERROR] Access to fetch at 'https://tile.openstreetmap.org/20/880134/489618.png' from origin 'https://navi-next.vercel.app' has been blocked by CORS policy: No 'Access-Control-Allow-Origin' header is present on the requested resource. @ https://navi-next.vercel.app/studio/map-1782480639497-sb96j/edit/building/bldg-1782551969947-rjba2/floor/0:0
[  197491ms] [ERROR] Failed to load resource: net::ERR_FAILED @ https://tile.openstreetmap.org/20/880134/489618.png:0
[  197491ms] [ERROR] eZ: AJAXError: Failed to fetch (0): https://tile.openstreetmap.org/20/880134/489618.png
    at https://navi-next.vercel.app/_next/static/chunks/261cq39jf3lqt.js:1:10566
    at Generator.throw (<anonymous>)
    at l (https://navi-next.vercel.app/_next/static/chunks/261cq39jf3lqt.js:1:673) @ https://navi-next.vercel.app/_next/static/chunks/261cq39jf3lqt.js:0
[  197491ms] [ERROR] Access to fetch at 'https://tile.openstreetmap.org/20/880135/489618.png' from origin 'https://navi-next.vercel.app' has been blocked by CORS policy: No 'Access-Control-Allow-Origin' header is present on the requested resource. @ https://navi-next.vercel.app/studio/map-1782480639497-sb96j/edit/building/bldg-1782551969947-rjba2/floor/0:0
[  197491ms] [ERROR] Failed to load resource: net::ERR_FAILED @ https://tile.openstreetmap.org/20/880135/489618.png:0
[  197491ms] [ERROR] eZ: AJAXError: Failed to fetch (0): https://tile.openstreetmap.org/20/880135/489618.png
    at https://navi-next.vercel.app/_next/static/chunks/261cq39jf3lqt.js:1:10566
    at Generator.throw (<anonymous>)
    at l (https://navi-next.vercel.app/_next/static/chunks/261cq39jf3lqt.js:1:673) @ https://navi-next.vercel.app/_next/static/chunks/261cq39jf3lqt.js:0
[  197491ms] [ERROR] Access to fetch at 'https://tile.openstreetmap.org/20/880134/489616.png' from origin 'https://navi-next.vercel.app' has been blocked by CORS policy: No 'Access-Control-Allow-Origin' header is present on the requested resource. @ https://navi-next.vercel.app/studio/map-1782480639497-sb96j/edit/building/bldg-1782551969947-rjba2/floor/0:0
[  197491ms] [ERROR] Failed to load resource: net::ERR_FAILED @ https://tile.openstreetmap.org/20/880134/489616.png:0
[  197492ms] [ERROR] eZ: AJAXError: Failed to fetch (0): https://tile.openstreetmap.org/20/880134/489616.png
    at https://navi-next.vercel.app/_next/static/chunks/261cq39jf3lqt.js:1:10566
    at Generator.throw (<anonymous>)
    at l (https://navi-next.vercel.app/_next/static/chunks/261cq39jf3lqt.js:1:673) @ https://navi-next.vercel.app/_next/static/chunks/261cq39jf3lqt.js:0
[  197492ms] [ERROR] Access to fetch at 'https://tile.openstreetmap.org/20/880133/489618.png' from origin 'https://navi-next.vercel.app' has been blocked by CORS policy: No 'Access-Control-Allow-Origin' header is present on the requested resource. @ https://navi-next.vercel.app/studio/map-1782480639497-sb96j/edit/building/bldg-1782551969947-rjba2/floor/0:0
[  197492ms] [ERROR] Failed to load resource: net::ERR_FAILED @ https://tile.openstreetmap.org/20/880133/489618.png:0
[  197492ms] [ERROR] eZ: AJAXError: Failed to fetch (0): https://tile.openstreetmap.org/20/880133/489618.png
    at https://navi-next.vercel.app/_next/static/chunks/261cq39jf3lqt.js:1:10566
    at Generator.throw (<anonymous>)
    at l (https://navi-next.vercel.app/_next/static/chunks/261cq39jf3lqt.js:1:673) @ https://navi-next.vercel.app/_next/static/chunks/261cq39jf3lqt.js:0
[  197492ms] [ERROR] Access to fetch at 'https://tile.openstreetmap.org/20/880135/489617.png' from origin 'https://navi-next.vercel.app' has been blocked by CORS policy: No 'Access-Control-Allow-Origin' header is present on the requested resource. @ https://navi-next.vercel.app/studio/map-1782480639497-sb96j/edit/building/bldg-1782551969947-rjba2/floor/0:0
[  197492ms] [ERROR] Failed to load resource: net::ERR_FAILED @ https://tile.openstreetmap.org/20/880135/489617.png:0
[  197492ms] [ERROR] eZ: AJAXError: Failed to fetch (0): https://tile.openstreetmap.org/20/880135/489617.png
    at https://navi-next.vercel.app/_next/static/chunks/261cq39jf3lqt.js:1:10566
    at Generator.throw (<anonymous>)
    at l (https://navi-next.vercel.app/_next/static/chunks/261cq39jf3lqt.js:1:673) @ https://navi-next.vercel.app/_next/static/chunks/261cq39jf3lqt.js:0
[  198591ms] [ERROR] Access to fetch at 'https://tile.openstreetmap.org/20/880135/489619.png' from origin 'https://navi-next.vercel.app' has been blocked by CORS policy: No 'Access-Control-Allow-Origin' header is present on the requested resource. @ https://navi-next.vercel.app/studio/map-1782480639497-sb96j/edit/building/bldg-1782551969947-rjba2/floor/0:0
[  198591ms] [ERROR] Failed to load resource: net::ERR_FAILED @ https://tile.openstreetmap.org/20/880135/489619.png:0
[  198592ms] [ERROR] eZ: AJAXError: Failed to fetch (0): https://tile.openstreetmap.org/20/880135/489619.png
    at https://navi-next.vercel.app/_next/static/chunks/261cq39jf3lqt.js:1:10566
    at Generator.throw (<anonymous>)
    at l (https://navi-next.vercel.app/_next/static/chunks/261cq39jf3lqt.js:1:673) @ https://navi-next.vercel.app/_next/static/chunks/261cq39jf3lqt.js:0
[  198593ms] [ERROR] Access to fetch at 'https://tile.openstreetmap.org/20/880133/489616.png' from origin 'https://navi-next.vercel.app' has been blocked by CORS policy: No 'Access-Control-Allow-Origin' header is present on the requested resource. @ https://navi-next.vercel.app/studio/map-1782480639497-sb96j/edit/building/bldg-1782551969947-rjba2/floor/0:0
[  198593ms] [ERROR] Failed to load resource: net::ERR_FAILED @ https://tile.openstreetmap.org/20/880133/489616.png:0
[  198594ms] [ERROR] eZ: AJAXError: Failed to fetch (0): https://tile.openstreetmap.org/20/880133/489616.png
    at https://navi-next.vercel.app/_next/static/chunks/261cq39jf3lqt.js:1:10566
    at Generator.throw (<anonymous>)
    at l (https://navi-next.vercel.app/_next/static/chunks/261cq39jf3lqt.js:1:673) @ https://navi-next.vercel.app/_next/static/chunks/261cq39jf3lqt.js:0
[  198594ms] [ERROR] Access to fetch at 'https://tile.openstreetmap.org/20/880135/489616.png' from origin 'https://navi-next.vercel.app' has been blocked by CORS policy: No 'Access-Control-Allow-Origin' header is present on the requested resource. @ https://navi-next.vercel.app/studio/map-1782480639497-sb96j/edit/building/bldg-1782551969947-rjba2/floor/0:0
[  198594ms] [ERROR] Failed to load resource: net::ERR_FAILED @ https://tile.openstreetmap.org/20/880135/489616.png:0
[  198594ms] [ERROR] eZ: AJAXError: Failed to fetch (0): https://tile.openstreetmap.org/20/880135/489616.png
    at https://navi-next.vercel.app/_next/static/chunks/261cq39jf3lqt.js:1:10566
    at Generator.throw (<anonymous>)
    at l (https://navi-next.vercel.app/_next/static/chunks/261cq39jf3lqt.js:1:673) @ https://navi-next.vercel.app/_next/static/chunks/261cq39jf3lqt.js:0
[  198594ms] [ERROR] Access to fetch at 'https://tile.openstreetmap.org/20/880133/489619.png' from origin 'https://navi-next.vercel.app' has been blocked by CORS policy: No 'Access-Control-Allow-Origin' header is present on the requested resource. @ https://navi-next.vercel.app/studio/map-1782480639497-sb96j/edit/building/bldg-1782551969947-rjba2/floor/0:0
[  198594ms] [ERROR] Failed to load resource: net::ERR_FAILED @ https://tile.openstreetmap.org/20/880133/489619.png:0
[  198595ms] [ERROR] eZ: AJAXError: Failed to fetch (0): https://tile.openstreetmap.org/20/880133/489619.png
    at https://navi-next.vercel.app/_next/static/chunks/261cq39jf3lqt.js:1:10566
    at Generator.throw (<anonymous>)
    at l (https://navi-next.vercel.app/_next/static/chunks/261cq39jf3lqt.js:1:673) @ https://navi-next.vercel.app/_next/static/chunks/261cq39jf3lqt.js:0
[  213987ms] [ERROR] TypeError: Cannot read properties of undefined (reading 'replace')
    at hR.url (https://navi-next.vercel.app/_next/static/chunks/261cq39jf3lqt.js:2:204093)
    at X.<anonymous> (https://navi-next.vercel.app/_next/static/chunks/261cq39jf3lqt.js:2:375971)
    at Generator.next (<anonymous>)
    at https://navi-next.vercel.app/_next/static/chunks/261cq39jf3lqt.js:1:817
    at new Promise (<anonymous>)
    at Object.b [as _] (https://navi-next.vercel.app/_next/static/chunks/261cq39jf3lqt.js:1:566)
    at X.loadTile (https://navi-next.vercel.app/_next/static/chunks/261cq39jf3lqt.js:2:375913)
    at eC.<anonymous> (https://navi-next.vercel.app/_next/static/chunks/261cq39jf3lqt.js:2:414638)
    at Generator.next (<anonymous>)
    at https://navi-next.vercel.app/_next/static/chunks/261cq39jf3lqt.js:1:817 @ https://navi-next.vercel.app/_next/static/chunks/261cq39jf3lqt.js:0
[  213988ms] [ERROR] TypeError: Cannot read properties of undefined (reading 'replace')
    at hR.url (https://navi-next.vercel.app/_next/static/chunks/261cq39jf3lqt.js:2:204093)
    at X.<anonymous> (https://navi-next.vercel.app/_next/static/chunks/261cq39jf3lqt.js:2:375971)
    at Generator.next (<anonymous>)
    at https://navi-next.vercel.app/_next/static/chunks/261cq39jf3lqt.js:1:817
    at new Promise (<anonymous>)
    at Object.b [as _] (https://navi-next.vercel.app/_next/static/chunks/261cq39jf3lqt.js:1:566)
    at X.loadTile (https://navi-next.vercel.app/_next/static/chunks/261cq39jf3lqt.js:2:375913)
    at eC.<anonymous> (https://navi-next.vercel.app/_next/static/chunks/261cq39jf3lqt.js:2:414638)
    at Generator.next (<anonymous>)
    at https://navi-next.vercel.app/_next/static/chunks/261cq39jf3lqt.js:1:817 @ https://navi-next.vercel.app/_next/static/chunks/261cq39jf3lqt.js:0
[  213988ms] [ERROR] TypeError: Cannot read properties of undefined (reading 'replace')
    at hR.url (https://navi-next.vercel.app/_next/static/chunks/261cq39jf3lqt.js:2:204093)
    at X.<anonymous> (https://navi-next.vercel.app/_next/static/chunks/261cq39jf3lqt.js:2:375971)
    at Generator.next (<anonymous>)
    at https://navi-next.vercel.app/_next/static/chunks/261cq39jf3lqt.js:1:817
    at new Promise (<anonymous>)
    at Object.b [as _] (https://navi-next.vercel.app/_next/static/chunks/261cq39jf3lqt.js:1:566)
    at X.loadTile (https://navi-next.vercel.app/_next/static/chunks/261cq39jf3lqt.js:2:375913)
    at eC.<anonymous> (https://navi-next.vercel.app/_next/static/chunks/261cq39jf3lqt.js:2:414638)
    at Generator.next (<anonymous>)
    at https://navi-next.vercel.app/_next/static/chunks/261cq39jf3lqt.js:1:817 @ https://navi-next.vercel.app/_next/static/chunks/261cq39jf3lqt.js:0
[  213988ms] [ERROR] TypeError: Cannot read properties of undefined (reading 'replace')
    at hR.url (https://navi-next.vercel.app/_next/static/chunks/261cq39jf3lqt.js:2:204093)
    at X.<anonymous> (https://navi-next.vercel.app/_next/static/chunks/261cq39jf3lqt.js:2:375971)
    at Generator.next (<anonymous>)
    at https://navi-next.vercel.app/_next/static/chunks/261cq39jf3lqt.js:1:817
    at new Promise (<anonymous>)
    at Object.b [as _] (https://navi-next.vercel.app/_next/static/chunks/261cq39jf3lqt.js:1:566)
    at X.loadTile (https://navi-next.vercel.app/_next/static/chunks/261cq39jf3lqt.js:2:375913)
    at eC.<anonymous> (https://navi-next.vercel.app/_next/static/chunks/261cq39jf3lqt.js:2:414638)
    at Generator.next (<anonymous>)
    at https://navi-next.vercel.app/_next/static/chunks/261cq39jf3lqt.js:1:817 @ https://navi-next.vercel.app/_next/static/chunks/261cq39jf3lqt.js:0
[  213988ms] [ERROR] TypeError: Cannot read properties of undefined (reading 'replace')
    at hR.url (https://navi-next.vercel.app/_next/static/chunks/261cq39jf3lqt.js:2:204093)
    at X.<anonymous> (https://navi-next.vercel.app/_next/static/chunks/261cq39jf3lqt.js:2:375971)
    at Generator.next (<anonymous>)
    at https://navi-next.vercel.app/_next/static/chunks/261cq39jf3lqt.js:1:817
    at new Promise (<anonymous>)
    at Object.b [as _] (https://navi-next.vercel.app/_next/static/chunks/261cq39jf3lqt.js:1:566)
    at X.loadTile (https://navi-next.vercel.app/_next/static/chunks/261cq39jf3lqt.js:2:375913)
    at eC.<anonymous> (https://navi-next.vercel.app/_next/static/chunks/261cq39jf3lqt.js:2:414638)
    at Generator.next (<anonymous>)
    at https://navi-next.vercel.app/_next/static/chunks/261cq39jf3lqt.js:1:817 @ https://navi-next.vercel.app/_next/static/chunks/261cq39jf3lqt.js:0
[  213988ms] [ERROR] TypeError: Cannot read properties of undefined (reading 'replace')
    at hR.url (https://navi-next.vercel.app/_next/static/chunks/261cq39jf3lqt.js:2:204093)
    at X.<anonymous> (https://navi-next.vercel.app/_next/static/chunks/261cq39jf3lqt.js:2:375971)
    at Generator.next (<anonymous>)
    at https://navi-next.vercel.app/_next/static/chunks/261cq39jf3lqt.js:1:817
    at new Promise (<anonymous>)
    at Object.b [as _] (https://navi-next.vercel.app/_next/static/chunks/261cq39jf3lqt.js:1:566)
    at X.loadTile (https://navi-next.vercel.app/_next/static/chunks/261cq39jf3lqt.js:2:375913)
    at eC.<anonymous> (https://navi-next.vercel.app/_next/static/chunks/261cq39jf3lqt.js:2:414638)
    at Generator.next (<anonymous>)
    at https://navi-next.vercel.app/_next/static/chunks/261cq39jf3lqt.js:1:817 @ https://navi-next.vercel.app/_next/static/chunks/261cq39jf3lqt.js:0
[  213989ms] [ERROR] TypeError: Cannot read properties of undefined (reading 'replace')
    at hR.url (https://navi-next.vercel.app/_next/static/chunks/261cq39jf3lqt.js:2:204093)
    at X.<anonymous> (https://navi-next.vercel.app/_next/static/chunks/261cq39jf3lqt.js:2:375971)
    at Generator.next (<anonymous>)
    at https://navi-next.vercel.app/_next/static/chunks/261cq39jf3lqt.js:1:817
    at new Promise (<anonymous>)
    at Object.b [as _] (https://navi-next.vercel.app/_next/static/chunks/261cq39jf3lqt.js:1:566)
    at X.loadTile (https://navi-next.vercel.app/_next/static/chunks/261cq39jf3lqt.js:2:375913)
    at eC.<anonymous> (https://navi-next.vercel.app/_next/static/chunks/261cq39jf3lqt.js:2:414638)
    at Generator.next (<anonymous>)
    at https://navi-next.vercel.app/_next/static/chunks/261cq39jf3lqt.js:1:817 @ https://navi-next.vercel.app/_next/static/chunks/261cq39jf3lqt.js:0
[  213989ms] [ERROR] TypeError: Cannot read properties of undefined (reading 'replace')
    at hR.url (https://navi-next.vercel.app/_next/static/chunks/261cq39jf3lqt.js:2:204093)
    at X.<anonymous> (https://navi-next.vercel.app/_next/static/chunks/261cq39jf3lqt.js:2:375971)
    at Generator.next (<anonymous>)
    at https://navi-next.vercel.app/_next/static/chunks/261cq39jf3lqt.js:1:817
    at new Promise (<anonymous>)
    at Object.b [as _] (https://navi-next.vercel.app/_next/static/chunks/261cq39jf3lqt.js:1:566)
    at X.loadTile (https://navi-next.vercel.app/_next/static/chunks/261cq39jf3lqt.js:2:375913)
    at eC.<anonymous> (https://navi-next.vercel.app/_next/static/chunks/261cq39jf3lqt.js:2:414638)
    at Generator.next (<anonymous>)
    at https://navi-next.vercel.app/_next/static/chunks/261cq39jf3lqt.js:1:817 @ https://navi-next.vercel.app/_next/static/chunks/261cq39jf3lqt.js:0
[  213989ms] [ERROR] TypeError: Cannot read properties of undefined (reading 'replace')
    at hR.url (https://navi-next.vercel.app/_next/static/chunks/261cq39jf3lqt.js:2:204093)
    at X.<anonymous> (https://navi-next.vercel.app/_next/static/chunks/261cq39jf3lqt.js:2:375971)
    at Generator.next (<anonymous>)
    at https://navi-next.vercel.app/_next/static/chunks/261cq39jf3lqt.js:1:817
    at new Promise (<anonymous>)
    at Object.b [as _] (https://navi-next.vercel.app/_next/static/chunks/261cq39jf3lqt.js:1:566)
    at X.loadTile (https://navi-next.vercel.app/_next/static/chunks/261cq39jf3lqt.js:2:375913)
    at eC.<anonymous> (https://navi-next.vercel.app/_next/static/chunks/261cq39jf3lqt.js:2:414638)
    at Generator.next (<anonymous>)
    at https://navi-next.vercel.app/_next/static/chunks/261cq39jf3lqt.js:1:817 @ https://navi-next.vercel.app/_next/static/chunks/261cq39jf3lqt.js:0
[  213989ms] [ERROR] TypeError: Cannot read properties of undefined (reading 'replace')
    at hR.url (https://navi-next.vercel.app/_next/static/chunks/261cq39jf3lqt.js:2:204093)
    at X.<anonymous> (https://navi-next.vercel.app/_next/static/chunks/261cq39jf3lqt.js:2:375971)
    at Generator.next (<anonymous>)
    at https://navi-next.vercel.app/_next/static/chunks/261cq39jf3lqt.js:1:817
    at new Promise (<anonymous>)
    at Object.b [as _] (https://navi-next.vercel.app/_next/static/chunks/261cq39jf3lqt.js:1:566)
    at X.loadTile (https://navi-next.vercel.app/_next/static/chunks/261cq39jf3lqt.js:2:375913)
    at eC.<anonymous> (https://navi-next.vercel.app/_next/static/chunks/261cq39jf3lqt.js:2:414638)
    at Generator.next (<anonymous>)
    at https://navi-next.vercel.app/_next/static/chunks/261cq39jf3lqt.js:1:817 @ https://navi-next.vercel.app/_next/static/chunks/261cq39jf3lqt.js:0
[  213989ms] [ERROR] TypeError: Cannot read properties of undefined (reading 'replace')
    at hR.url (https://navi-next.vercel.app/_next/static/chunks/261cq39jf3lqt.js:2:204093)
    at X.<anonymous> (https://navi-next.vercel.app/_next/static/chunks/261cq39jf3lqt.js:2:375971)
    at Generator.next (<anonymous>)
    at https://navi-next.vercel.app/_next/static/chunks/261cq39jf3lqt.js:1:817
    at new Promise (<anonymous>)
    at Object.b [as _] (https://navi-next.vercel.app/_next/static/chunks/261cq39jf3lqt.js:1:566)
    at X.loadTile (https://navi-next.vercel.app/_next/static/chunks/261cq39jf3lqt.js:2:375913)
    at eC.<anonymous> (https://navi-next.vercel.app/_next/static/chunks/261cq39jf3lqt.js:2:414638)
    at Generator.next (<anonymous>)
    at https://navi-next.vercel.app/_next/static/chunks/261cq39jf3lqt.js:1:817 @ https://navi-next.vercel.app/_next/static/chunks/261cq39jf3lqt.js:0
[  213989ms] [ERROR] TypeError: Cannot read properties of undefined (reading 'replace')
    at hR.url (https://navi-next.vercel.app/_next/static/chunks/261cq39jf3lqt.js:2:204093)
    at X.<anonymous> (https://navi-next.vercel.app/_next/static/chunks/261cq39jf3lqt.js:2:375971)
    at Generator.next (<anonymous>)
    at https://navi-next.vercel.app/_next/static/chunks/261cq39jf3lqt.js:1:817
    at new Promise (<anonymous>)
    at Object.b [as _] (https://navi-next.vercel.app/_next/static/chunks/261cq39jf3lqt.js:1:566)
    at X.loadTile (https://navi-next.vercel.app/_next/static/chunks/261cq39jf3lqt.js:2:375913)
    at eC.<anonymous> (https://navi-next.vercel.app/_next/static/chunks/261cq39jf3lqt.js:2:414638)
    at Generator.next (<anonymous>)
    at https://navi-next.vercel.app/_next/static/chunks/261cq39jf3lqt.js:1:817 @ https://navi-next.vercel.app/_next/static/chunks/261cq39jf3lqt.js:0
[  213989ms] [ERROR] TypeError: Cannot read properties of undefined (reading 'replace')
    at hR.url (https://navi-next.vercel.app/_next/static/chunks/261cq39jf3lqt.js:2:204093)
    at X.<anonymous> (https://navi-next.vercel.app/_next/static/chunks/261cq39jf3lqt.js:2:375971)
    at Generator.next (<anonymous>)
    at https://navi-next.vercel.app/_next/static/chunks/261cq39jf3lqt.js:1:817
    at new Promise (<anonymous>)
    at Object.b [as _] (https://navi-next.vercel.app/_next/static/chunks/261cq39jf3lqt.js:1:566)
    at X.loadTile (https://navi-next.vercel.app/_next/static/chunks/261cq39jf3lqt.js:2:375913)
    at eC.<anonymous> (https://navi-next.vercel.app/_next/static/chunks/261cq39jf3lqt.js:2:414638)
    at Generator.next (<anonymous>)
    at https://navi-next.vercel.app/_next/static/chunks/261cq39jf3lqt.js:1:817 @ https://navi-next.vercel.app/_next/static/chunks/261cq39jf3lqt.js:0
[  213990ms] [ERROR] TypeError: Cannot read properties of undefined (reading 'replace')
    at hR.url (https://navi-next.vercel.app/_next/static/chunks/261cq39jf3lqt.js:2:204093)
    at X.<anonymous> (https://navi-next.vercel.app/_next/static/chunks/261cq39jf3lqt.js:2:375971)
    at Generator.next (<anonymous>)
    at https://navi-next.vercel.app/_next/static/chunks/261cq39jf3lqt.js:1:817
    at new Promise (<anonymous>)
    at Object.b [as _] (https://navi-next.vercel.app/_next/static/chunks/261cq39jf3lqt.js:1:566)
    at X.loadTile (https://navi-next.vercel.app/_next/static/chunks/261cq39jf3lqt.js:2:375913)
    at eC.<anonymous> (https://navi-next.vercel.app/_next/static/chunks/261cq39jf3lqt.js:2:414638)
    at Generator.next (<anonymous>)
    at https://navi-next.vercel.app/_next/static/chunks/261cq39jf3lqt.js:1:817 @ https://navi-next.vercel.app/_next/static/chunks/261cq39jf3lqt.js:0
[  213990ms] [ERROR] TypeError: Cannot read properties of undefined (reading 'replace')
    at hR.url (https://navi-next.vercel.app/_next/static/chunks/261cq39jf3lqt.js:2:204093)
    at X.<anonymous> (https://navi-next.vercel.app/_next/static/chunks/261cq39jf3lqt.js:2:375971)
    at Generator.next (<anonymous>)
    at https://navi-next.vercel.app/_next/static/chunks/261cq39jf3lqt.js:1:817
    at new Promise (<anonymous>)
    at Object.b [as _] (https://navi-next.vercel.app/_next/static/chunks/261cq39jf3lqt.js:1:566)
    at X.loadTile (https://navi-next.vercel.app/_next/static/chunks/261cq39jf3lqt.js:2:375913)
    at eC.<anonymous> (https://navi-next.vercel.app/_next/static/chunks/261cq39jf3lqt.js:2:414638)
    at Generator.next (<anonymous>)
    at https://navi-next.vercel.app/_next/static/chunks/261cq39jf3lqt.js:1:817 @ https://navi-next.vercel.app/_next/static/chunks/261cq39jf3lqt.js:0
[  213990ms] [ERROR] TypeError: Cannot read properties of undefined (reading 'replace')
    at hR.url (https://navi-next.vercel.app/_next/static/chunks/261cq39jf3lqt.js:2:204093)
    at X.<anonymous> (https://navi-next.vercel.app/_next/static/chunks/261cq39jf3lqt.js:2:375971)
    at Generator.next (<anonymous>)
    at https://navi-next.vercel.app/_next/static/chunks/261cq39jf3lqt.js:1:817
    at new Promise (<anonymous>)
    at Object.b [as _] (https://navi-next.vercel.app/_next/static/chunks/261cq39jf3lqt.js:1:566)
    at X.loadTile (https://navi-next.vercel.app/_next/static/chunks/261cq39jf3lqt.js:2:375913)
    at eC.<anonymous> (https://navi-next.vercel.app/_next/static/chunks/261cq39jf3lqt.js:2:414638)
    at Generator.next (<anonymous>)
    at https://navi-next.vercel.app/_next/static/chunks/261cq39jf3lqt.js:1:817 @ https://navi-next.vercel.app/_next/static/chunks/261cq39jf3lqt.js:0
[  213994ms] [ERROR] TypeError: Cannot read properties of undefined (reading 'replace')
    at hR.url (https://navi-next.vercel.app/_next/static/chunks/261cq39jf3lqt.js:2:204093)
    at X.<anonymous> (https://navi-next.vercel.app/_next/static/chunks/261cq39jf3lqt.js:2:375971)
    at Generator.next (<anonymous>)
    at https://navi-next.vercel.app/_next/static/chunks/261cq39jf3lqt.js:1:817
    at new Promise (<anonymous>)
    at Object.b [as _] (https://navi-next.vercel.app/_next/static/chunks/261cq39jf3lqt.js:1:566)
    at X.loadTile (https://navi-next.vercel.app/_next/static/chunks/261cq39jf3lqt.js:2:375913)
    at eC.<anonymous> (https://navi-next.vercel.app/_next/static/chunks/261cq39jf3lqt.js:2:414638)
    at Generator.next (<anonymous>)
    at https://navi-next.vercel.app/_next/static/chunks/261cq39jf3lqt.js:1:817 @ https://navi-next.vercel.app/_next/static/chunks/261cq39jf3lqt.js:0
[  213994ms] [ERROR] TypeError: Cannot read properties of undefined (reading 'replace')
    at hR.url (https://navi-next.vercel.app/_next/static/chunks/261cq39jf3lqt.js:2:204093)
    at X.<anonymous> (https://navi-next.vercel.app/_next/static/chunks/261cq39jf3lqt.js:2:375971)
    at Generator.next (<anonymous>)
    at https://navi-next.vercel.app/_next/static/chunks/261cq39jf3lqt.js:1:817
    at new Promise (<anonymous>)
    at Object.b [as _] (https://navi-next.vercel.app/_next/static/chunks/261cq39jf3lqt.js:1:566)
    at X.loadTile (https://navi-next.vercel.app/_next/static/chunks/261cq39jf3lqt.js:2:375913)
    at eC.<anonymous> (https://navi-next.vercel.app/_next/static/chunks/261cq39jf3lqt.js:2:414638)
    at Generator.next (<anonymous>)
    at https://navi-next.vercel.app/_next/static/chunks/261cq39jf3lqt.js:1:817 @ https://navi-next.vercel.app/_next/static/chunks/261cq39jf3lqt.js:0
[  213994ms] [ERROR] TypeError: Cannot read properties of undefined (reading 'replace')
    at hR.url (https://navi-next.vercel.app/_next/static/chunks/261cq39jf3lqt.js:2:204093)
    at X.<anonymous> (https://navi-next.vercel.app/_next/static/chunks/261cq39jf3lqt.js:2:375971)
    at Generator.next (<anonymous>)
    at https://navi-next.vercel.app/_next/static/chunks/261cq39jf3lqt.js:1:817
    at new Promise (<anonymous>)
    at Object.b [as _] (https://navi-next.vercel.app/_next/static/chunks/261cq39jf3lqt.js:1:566)
    at X.loadTile (https://navi-next.vercel.app/_next/static/chunks/261cq39jf3lqt.js:2:375913)
    at eC.<anonymous> (https://navi-next.vercel.app/_next/static/chunks/261cq39jf3lqt.js:2:414638)
    at Generator.next (<anonymous>)
    at https://navi-next.vercel.app/_next/static/chunks/261cq39jf3lqt.js:1:817 @ https://navi-next.vercel.app/_next/static/chunks/261cq39jf3lqt.js:0
[  213995ms] [ERROR] TypeError: Cannot read properties of undefined (reading 'replace')
    at hR.url (https://navi-next.vercel.app/_next/static/chunks/261cq39jf3lqt.js:2:204093)
    at X.<anonymous> (https://navi-next.vercel.app/_next/static/chunks/261cq39jf3lqt.js:2:375971)
    at Generator.next (<anonymous>)
    at https://navi-next.vercel.app/_next/static/chunks/261cq39jf3lqt.js:1:817
    at new Promise (<anonymous>)
    at Object.b [as _] (https://navi-next.vercel.app/_next/static/chunks/261cq39jf3lqt.js:1:566)
    at X.loadTile (https://navi-next.vercel.app/_next/static/chunks/261cq39jf3lqt.js:2:375913)
    at eC.<anonymous> (https://navi-next.vercel.app/_next/static/chunks/261cq39jf3lqt.js:2:414638)
    at Generator.next (<anonymous>)
    at https://navi-next.vercel.app/_next/static/chunks/261cq39jf3lqt.js:1:817 @ https://navi-next.vercel.app/_next/static/chunks/261cq39jf3lqt.js:0
[  213995ms] [ERROR] TypeError: Cannot read properties of undefined (reading 'replace')
    at hR.url (https://navi-next.vercel.app/_next/static/chunks/261cq39jf3lqt.js:2:204093)
    at X.<anonymous> (https://navi-next.vercel.app/_next/static/chunks/261cq39jf3lqt.js:2:375971)
    at Generator.next (<anonymous>)
    at https://navi-next.vercel.app/_next/static/chunks/261cq39jf3lqt.js:1:817
    at new Promise (<anonymous>)
    at Object.b [as _] (https://navi-next.vercel.app/_next/static/chunks/261cq39jf3lqt.js:1:566)
    at X.loadTile (https://navi-next.vercel.app/_next/static/chunks/261cq39jf3lqt.js:2:375913)
    at eC.<anonymous> (https://navi-next.vercel.app/_next/static/chunks/261cq39jf3lqt.js:2:414638)
    at Generator.next (<anonymous>)
    at https://navi-next.vercel.app/_next/static/chunks/261cq39jf3lqt.js:1:817 @ https://navi-next.vercel.app/_next/static/chunks/261cq39jf3lqt.js:0
[  213995ms] [ERROR] TypeError: Cannot read properties of undefined (reading 'replace')
    at hR.url (https://navi-next.vercel.app/_next/static/chunks/261cq39jf3lqt.js:2:204093)
    at X.<anonymous> (https://navi-next.vercel.app/_next/static/chunks/261cq39jf3lqt.js:2:375971)
    at Generator.next (<anonymous>)
    at https://navi-next.vercel.app/_next/static/chunks/261cq39jf3lqt.js:1:817
    at new Promise (<anonymous>)
    at Object.b [as _] (https://navi-next.vercel.app/_next/static/chunks/261cq39jf3lqt.js:1:566)
    at X.loadTile (https://navi-next.vercel.app/_next/static/chunks/261cq39jf3lqt.js:2:375913)
    at eC.<anonymous> (https://navi-next.vercel.app/_next/static/chunks/261cq39jf3lqt.js:2:414638)
    at Generator.next (<anonymous>)
    at https://navi-next.vercel.app/_next/static/chunks/261cq39jf3lqt.js:1:817 @ https://navi-next.vercel.app/_next/static/chunks/261cq39jf3lqt.js:0
[  214000ms] [ERROR] TypeError: Cannot read properties of undefined (reading 'replace')
    at hR.url (https://navi-next.vercel.app/_next/static/chunks/261cq39jf3lqt.js:2:204093)
    at X.<anonymous> (https://navi-next.vercel.app/_next/static/chunks/261cq39jf3lqt.js:2:375971)
    at Generator.next (<anonymous>)
    at https://navi-next.vercel.app/_next/static/chunks/261cq39jf3lqt.js:1:817
    at new Promise (<anonymous>)
    at Object.b [as _] (https://navi-next.vercel.app/_next/static/chunks/261cq39jf3lqt.js:1:566)
    at X.loadTile (https://navi-next.vercel.app/_next/static/chunks/261cq39jf3lqt.js:2:375913)
    at eC.<anonymous> (https://navi-next.vercel.app/_next/static/chunks/261cq39jf3lqt.js:2:414638)
    at Generator.next (<anonymous>)
    at https://navi-next.vercel.app/_next/static/chunks/261cq39jf3lqt.js:1:817 @ https://navi-next.vercel.app/_next/static/chunks/261cq39jf3lqt.js:0
[  214001ms] [ERROR] TypeError: Cannot read properties of undefined (reading 'replace')
    at hR.url (https://navi-next.vercel.app/_next/static/chunks/261cq39jf3lqt.js:2:204093)
    at X.<anonymous> (https://navi-next.vercel.app/_next/static/chunks/261cq39jf3lqt.js:2:375971)
    at Generator.next (<anonymous>)
    at https://navi-next.vercel.app/_next/static/chunks/261cq39jf3lqt.js:1:817
    at new Promise (<anonymous>)
    at Object.b [as _] (https://navi-next.vercel.app/_next/static/chunks/261cq39jf3lqt.js:1:566)
    at X.loadTile (https://navi-next.vercel.app/_next/static/chunks/261cq39jf3lqt.js:2:375913)
    at eC.<anonymous> (https://navi-next.vercel.app/_next/static/chunks/261cq39jf3lqt.js:2:414638)
    at Generator.next (<anonymous>)
    at https://navi-next.vercel.app/_next/static/chunks/261cq39jf3lqt.js:1:817 @ https://navi-next.vercel.app/_next/static/chunks/261cq39jf3lqt.js:0
[  214001ms] [ERROR] TypeError: Cannot read properties of undefined (reading 'replace')
    at hR.url (https://navi-next.vercel.app/_next/static/chunks/261cq39jf3lqt.js:2:204093)
    at X.<anonymous> (https://navi-next.vercel.app/_next/static/chunks/261cq39jf3lqt.js:2:375971)
    at Generator.next (<anonymous>)
    at https://navi-next.vercel.app/_next/static/chunks/261cq39jf3lqt.js:1:817
    at new Promise (<anonymous>)
    at Object.b [as _] (https://navi-next.vercel.app/_next/static/chunks/261cq39jf3lqt.js:1:566)
    at X.loadTile (https://navi-next.vercel.app/_next/static/chunks/261cq39jf3lqt.js:2:375913)
    at eC.<anonymous> (https://navi-next.vercel.app/_next/static/chunks/261cq39jf3lqt.js:2:414638)
    at Generator.next (<anonymous>)
    at https://navi-next.vercel.app/_next/static/chunks/261cq39jf3lqt.js:1:817 @ https://navi-next.vercel.app/_next/static/chunks/261cq39jf3lqt.js:0
[  214001ms] [ERROR] TypeError: Cannot read properties of undefined (reading 'replace')
    at hR.url (https://navi-next.vercel.app/_next/static/chunks/261cq39jf3lqt.js:2:204093)
    at X.<anonymous> (https://navi-next.vercel.app/_next/static/chunks/261cq39jf3lqt.js:2:375971)
    at Generator.next (<anonymous>)
    at https://navi-next.vercel.app/_next/static/chunks/261cq39jf3lqt.js:1:817
    at new Promise (<anonymous>)
    at Object.b [as _] (https://navi-next.vercel.app/_next/static/chunks/261cq39jf3lqt.js:1:566)
    at X.loadTile (https://navi-next.vercel.app/_next/static/chunks/261cq39jf3lqt.js:2:375913)
    at eC.<anonymous> (https://navi-next.vercel.app/_next/static/chunks/261cq39jf3lqt.js:2:414638)
    at Generator.next (<anonymous>)
    at https://navi-next.vercel.app/_next/static/chunks/261cq39jf3lqt.js:1:817 @ https://navi-next.vercel.app/_next/static/chunks/261cq39jf3lqt.js:0
[  214009ms] [ERROR] TypeError: Cannot read properties of undefined (reading 'replace')
    at hR.url (https://navi-next.vercel.app/_next/static/chunks/261cq39jf3lqt.js:2:204093)
    at X.<anonymous> (https://navi-next.vercel.app/_next/static/chunks/261cq39jf3lqt.js:2:375971)
    at Generator.next (<anonymous>)
    at https://navi-next.vercel.app/_next/static/chunks/261cq39jf3lqt.js:1:817
    at new Promise (<anonymous>)
    at Object.b [as _] (https://navi-next.vercel.app/_next/static/chunks/261cq39jf3lqt.js:1:566)
    at X.loadTile (https://navi-next.vercel.app/_next/static/chunks/261cq39jf3lqt.js:2:375913)
    at eC.<anonymous> (https://navi-next.vercel.app/_next/static/chunks/261cq39jf3lqt.js:2:414638)
    at Generator.next (<anonymous>)
    at https://navi-next.vercel.app/_next/static/chunks/261cq39jf3lqt.js:1:817 @ https://navi-next.vercel.app/_next/static/chunks/261cq39jf3lqt.js:0
[  214016ms] [ERROR] TypeError: Cannot read properties of undefined (reading 'replace')
    at hR.url (https://navi-next.vercel.app/_next/static/chunks/261cq39jf3lqt.js:2:204093)
    at X.<anonymous> (https://navi-next.vercel.app/_next/static/chunks/261cq39jf3lqt.js:2:375971)
    at Generator.next (<anonymous>)
    at https://navi-next.vercel.app/_next/static/chunks/261cq39jf3lqt.js:1:817
    at new Promise (<anonymous>)
    at Object.b [as _] (https://navi-next.vercel.app/_next/static/chunks/261cq39jf3lqt.js:1:566)
    at X.loadTile (https://navi-next.vercel.app/_next/static/chunks/261cq39jf3lqt.js:2:375913)
    at eC.<anonymous> (https://navi-next.vercel.app/_next/static/chunks/261cq39jf3lqt.js:2:414638)
    at Generator.next (<anonymous>)
    at https://navi-next.vercel.app/_next/static/chunks/261cq39jf3lqt.js:1:817 @ https://navi-next.vercel.app/_next/static/chunks/261cq39jf3lqt.js:0
[  214025ms] [ERROR] TypeError: Cannot read properties of undefined (reading 'replace')
    at hR.url (https://navi-next.vercel.app/_next/static/chunks/261cq39jf3lqt.js:2:204093)
    at X.<anonymous> (https://navi-next.vercel.app/_next/static/chunks/261cq39jf3lqt.js:2:375971)
    at Generator.next (<anonymous>)
    at https://navi-next.vercel.app/_next/static/chunks/261cq39jf3lqt.js:1:817
    at new Promise (<anonymous>)
    at Object.b [as _] (https://navi-next.vercel.app/_next/static/chunks/261cq39jf3lqt.js:1:566)
    at X.loadTile (https://navi-next.vercel.app/_next/static/chunks/261cq39jf3lqt.js:2:375913)
    at eC.<anonymous> (https://navi-next.vercel.app/_next/static/chunks/261cq39jf3lqt.js:2:414638)
    at Generator.next (<anonymous>)
    at https://navi-next.vercel.app/_next/static/chunks/261cq39jf3lqt.js:1:817 @ https://navi-next.vercel.app/_next/static/chunks/261cq39jf3lqt.js:0
[  214034ms] [ERROR] TypeError: Cannot read properties of undefined (reading 'replace')
    at hR.url (https://navi-next.vercel.app/_next/static/chunks/261cq39jf3lqt.js:2:204093)
    at X.<anonymous> (https://navi-next.vercel.app/_next/static/chunks/261cq39jf3lqt.js:2:375971)
    at Generator.next (<anonymous>)
    at https://navi-next.vercel.app/_next/static/chunks/261cq39jf3lqt.js:1:817
    at new Promise (<anonymous>)
    at Object.b [as _] (https://navi-next.vercel.app/_next/static/chunks/261cq39jf3lqt.js:1:566)
    at X.loadTile (https://navi-next.vercel.app/_next/static/chunks/261cq39jf3lqt.js:2:375913)
    at eC.<anonymous> (https://navi-next.vercel.app/_next/static/chunks/261cq39jf3lqt.js:2:414638)
    at Generator.next (<anonymous>)
    at https://navi-next.vercel.app/_next/static/chunks/261cq39jf3lqt.js:1:817 @ https://navi-next.vercel.app/_next/static/chunks/261cq39jf3lqt.js:0
[  214042ms] [ERROR] TypeError: Cannot read properties of undefined (reading 'replace')
    at hR.url (https://navi-next.vercel.app/_next/static/chunks/261cq39jf3lqt.js:2:204093)
    at X.<anonymous> (https://navi-next.vercel.app/_next/static/chunks/261cq39jf3lqt.js:2:375971)
    at Generator.next (<anonymous>)
    at https://navi-next.vercel.app/_next/static/chunks/261cq39jf3lqt.js:1:817
    at new Promise (<anonymous>)
    at Object.b [as _] (https://navi-next.vercel.app/_next/static/chunks/261cq39jf3lqt.js:1:566)
    at X.loadTile (https://navi-next.vercel.app/_next/static/chunks/261cq39jf3lqt.js:2:375913)
    at eC.<anonymous> (https://navi-next.vercel.app/_next/static/chunks/261cq39jf3lqt.js:2:414638)
    at Generator.next (<anonymous>)
    at https://navi-next.vercel.app/_next/static/chunks/261cq39jf3lqt.js:1:817 @ https://navi-next.vercel.app/_next/static/chunks/261cq39jf3lqt.js:0
[  214053ms] [ERROR] TypeError: Cannot read properties of undefined (reading 'replace')
    at hR.url (https://navi-next.vercel.app/_next/static/chunks/261cq39jf3lqt.js:2:204093)
    at X.<anonymous> (https://navi-next.vercel.app/_next/static/chunks/261cq39jf3lqt.js:2:375971)
    at Generator.next (<anonymous>)
    at https://navi-next.vercel.app/_next/static/chunks/261cq39jf3lqt.js:1:817
    at new Promise (<anonymous>)
    at Object.b [as _] (https://navi-next.vercel.app/_next/static/chunks/261cq39jf3lqt.js:1:566)
    at X.loadTile (https://navi-next.vercel.app/_next/static/chunks/261cq39jf3lqt.js:2:375913)
    at eC.<anonymous> (https://navi-next.vercel.app/_next/static/chunks/261cq39jf3lqt.js:2:414638)
    at Generator.next (<anonymous>)
    at https://navi-next.vercel.app/_next/static/chunks/261cq39jf3lqt.js:1:817 @ https://navi-next.vercel.app/_next/static/chunks/261cq39jf3lqt.js:0
[  214059ms] [ERROR] TypeError: Cannot read properties of undefined (reading 'replace')
    at hR.url (https://navi-next.vercel.app/_next/static/chunks/261cq39jf3lqt.js:2:204093)
    at X.<anonymous> (https://navi-next.vercel.app/_next/static/chunks/261cq39jf3lqt.js:2:375971)
    at Generator.next (<anonymous>)
    at https://navi-next.vercel.app/_next/static/chunks/261cq39jf3lqt.js:1:817
    at new Promise (<anonymous>)
    at Object.b [as _] (https://navi-next.vercel.app/_next/static/chunks/261cq39jf3lqt.js:1:566)
    at X.loadTile (https://navi-next.vercel.app/_next/static/chunks/261cq39jf3lqt.js:2:375913)
    at eC.<anonymous> (https://navi-next.vercel.app/_next/static/chunks/261cq39jf3lqt.js:2:414638)
    at Generator.next (<anonymous>)
    at https://navi-next.vercel.app/_next/static/chunks/261cq39jf3lqt.js:1:817 @ https://navi-next.vercel.app/_next/static/chunks/261cq39jf3lqt.js:0
[  214067ms] [ERROR] TypeError: Cannot read properties of undefined (reading 'replace')
    at hR.url (https://navi-next.vercel.app/_next/static/chunks/261cq39jf3lqt.js:2:204093)
    at X.<anonymous> (https://navi-next.vercel.app/_next/static/chunks/261cq39jf3lqt.js:2:375971)
    at Generator.next (<anonymous>)
    at https://navi-next.vercel.app/_next/static/chunks/261cq39jf3lqt.js:1:817
    at new Promise (<anonymous>)
    at Object.b [as _] (https://navi-next.vercel.app/_next/static/chunks/261cq39jf3lqt.js:1:566)
    at X.loadTile (https://navi-next.vercel.app/_next/static/chunks/261cq39jf3lqt.js:2:375913)
    at eC.<anonymous> (https://navi-next.vercel.app/_next/static/chunks/261cq39jf3lqt.js:2:414638)
    at Generator.next (<anonymous>)
    at https://navi-next.vercel.app/_next/static/chunks/261cq39jf3lqt.js:1:817 @ https://navi-next.vercel.app/_next/static/chunks/261cq39jf3lqt.js:0
[  215593ms] [ERROR] Access to fetch at 'https://tile.openstreetmap.org/21/1760268/979234.png' from origin 'https://navi-next.vercel.app' has been blocked by CORS policy: No 'Access-Control-Allow-Origin' header is present on the requested resource. @ https://navi-next.vercel.app/studio/map-1782480639497-sb96j/edit/building/bldg-1782551969947-rjba2/floor/0:0
[  215593ms] [ERROR] Failed to load resource: net::ERR_FAILED @ https://tile.openstreetmap.org/21/1760268/979234.png:0
[  215595ms] [ERROR] eZ: AJAXError: Failed to fetch (0): https://tile.openstreetmap.org/21/1760268/979234.png
    at https://navi-next.vercel.app/_next/static/chunks/261cq39jf3lqt.js:1:10566
    at Generator.throw (<anonymous>)
    at l (https://navi-next.vercel.app/_next/static/chunks/261cq39jf3lqt.js:1:673) @ https://navi-next.vercel.app/_next/static/chunks/261cq39jf3lqt.js:0
[  215598ms] [ERROR] Access to fetch at 'https://tile.openstreetmap.org/21/1760268/979235.png' from origin 'https://navi-next.vercel.app' has been blocked by CORS policy: No 'Access-Control-Allow-Origin' header is present on the requested resource. @ https://navi-next.vercel.app/studio/map-1782480639497-sb96j/edit/building/bldg-1782551969947-rjba2/floor/0:0
[  215599ms] [ERROR] Failed to load resource: net::ERR_FAILED @ https://tile.openstreetmap.org/21/1760268/979235.png:0
[  215599ms] [ERROR] eZ: AJAXError: Failed to fetch (0): https://tile.openstreetmap.org/21/1760268/979235.png
    at https://navi-next.vercel.app/_next/static/chunks/261cq39jf3lqt.js:1:10566
    at Generator.throw (<anonymous>)
    at l (https://navi-next.vercel.app/_next/static/chunks/261cq39jf3lqt.js:1:673) @ https://navi-next.vercel.app/_next/static/chunks/261cq39jf3lqt.js:0
[  215599ms] [ERROR] Access to fetch at 'https://tile.openstreetmap.org/21/1760268/979236.png' from origin 'https://navi-next.vercel.app' has been blocked by CORS policy: No 'Access-Control-Allow-Origin' header is present on the requested resource. @ https://navi-next.vercel.app/studio/map-1782480639497-sb96j/edit/building/bldg-1782551969947-rjba2/floor/0:0
[  215599ms] [ERROR] Failed to load resource: net::ERR_FAILED @ https://tile.openstreetmap.org/21/1760268/979236.png:0
[  215599ms] [ERROR] eZ: AJAXError: Failed to fetch (0): https://tile.openstreetmap.org/21/1760268/979236.png
    at https://navi-next.vercel.app/_next/static/chunks/261cq39jf3lqt.js:1:10566
    at Generator.throw (<anonymous>)
    at l (https://navi-next.vercel.app/_next/static/chunks/261cq39jf3lqt.js:1:673) @ https://navi-next.vercel.app/_next/static/chunks/261cq39jf3lqt.js:0
[  215599ms] [ERROR] Access to fetch at 'https://tile.openstreetmap.org/21/1760269/979235.png' from origin 'https://navi-next.vercel.app' has been blocked by CORS policy: No 'Access-Control-Allow-Origin' header is present on the requested resource. @ https://navi-next.vercel.app/studio/map-1782480639497-sb96j/edit/building/bldg-1782551969947-rjba2/floor/0:0
[  215600ms] [ERROR] Failed to load resource: net::ERR_FAILED @ https://tile.openstreetmap.org/21/1760269/979235.png:0
[  215600ms] [ERROR] eZ: AJAXError: Failed to fetch (0): https://tile.openstreetmap.org/21/1760269/979235.png
    at https://navi-next.vercel.app/_next/static/chunks/261cq39jf3lqt.js:1:10566
    at Generator.throw (<anonymous>)
    at l (https://navi-next.vercel.app/_next/static/chunks/261cq39jf3lqt.js:1:673) @ https://navi-next.vercel.app/_next/static/chunks/261cq39jf3lqt.js:0
[  215600ms] [ERROR] Access to fetch at 'https://tile.openstreetmap.org/21/1760269/979236.png' from origin 'https://navi-next.vercel.app' has been blocked by CORS policy: No 'Access-Control-Allow-Origin' header is present on the requested resource. @ https://navi-next.vercel.app/studio/map-1782480639497-sb96j/edit/building/bldg-1782551969947-rjba2/floor/0:0
[  215600ms] [ERROR] Failed to load resource: net::ERR_FAILED @ https://tile.openstreetmap.org/21/1760269/979236.png:0
[  215600ms] [ERROR] eZ: AJAXError: Failed to fetch (0): https://tile.openstreetmap.org/21/1760269/979236.png
    at https://navi-next.vercel.app/_next/static/chunks/261cq39jf3lqt.js:1:10566
    at Generator.throw (<anonymous>)
    at l (https://navi-next.vercel.app/_next/static/chunks/261cq39jf3lqt.js:1:673) @ https://navi-next.vercel.app/_next/static/chunks/261cq39jf3lqt.js:0
[  215600ms] [ERROR] Access to fetch at 'https://tile.openstreetmap.org/21/1760269/979234.png' from origin 'https://navi-next.vercel.app' has been blocked by CORS policy: No 'Access-Control-Allow-Origin' header is present on the requested resource. @ https://navi-next.vercel.app/studio/map-1782480639497-sb96j/edit/building/bldg-1782551969947-rjba2/floor/0:0
[  215600ms] [ERROR] Failed to load resource: net::ERR_FAILED @ https://tile.openstreetmap.org/21/1760269/979234.png:0
[  215600ms] [ERROR] eZ: AJAXError: Failed to fetch (0): https://tile.openstreetmap.org/21/1760269/979234.png
    at https://navi-next.vercel.app/_next/static/chunks/261cq39jf3lqt.js:1:10566
    at Generator.throw (<anonymous>)
    at l (https://navi-next.vercel.app/_next/static/chunks/261cq39jf3lqt.js:1:673) @ https://navi-next.vercel.app/_next/static/chunks/261cq39jf3lqt.js:0
[  216170ms] [ERROR] TypeError: Cannot read properties of undefined (reading 'replace')
    at hR.url (https://navi-next.vercel.app/_next/static/chunks/261cq39jf3lqt.js:2:204093)
    at X.<anonymous> (https://navi-next.vercel.app/_next/static/chunks/261cq39jf3lqt.js:2:375971)
    at Generator.next (<anonymous>)
    at https://navi-next.vercel.app/_next/static/chunks/261cq39jf3lqt.js:1:817
    at new Promise (<anonymous>)
    at Object.b [as _] (https://navi-next.vercel.app/_next/static/chunks/261cq39jf3lqt.js:1:566)
    at X.loadTile (https://navi-next.vercel.app/_next/static/chunks/261cq39jf3lqt.js:2:375913)
    at eC.<anonymous> (https://navi-next.vercel.app/_next/static/chunks/261cq39jf3lqt.js:2:414638)
    at Generator.next (<anonymous>)
    at https://navi-next.vercel.app/_next/static/chunks/261cq39jf3lqt.js:1:817 @ https://navi-next.vercel.app/_next/static/chunks/261cq39jf3lqt.js:0
[  216170ms] [ERROR] TypeError: Cannot read properties of undefined (reading 'replace')
    at hR.url (https://navi-next.vercel.app/_next/static/chunks/261cq39jf3lqt.js:2:204093)
    at X.<anonymous> (https://navi-next.vercel.app/_next/static/chunks/261cq39jf3lqt.js:2:375971)
    at Generator.next (<anonymous>)
    at https://navi-next.vercel.app/_next/static/chunks/261cq39jf3lqt.js:1:817
    at new Promise (<anonymous>)
    at Object.b [as _] (https://navi-next.vercel.app/_next/static/chunks/261cq39jf3lqt.js:1:566)
    at X.loadTile (https://navi-next.vercel.app/_next/static/chunks/261cq39jf3lqt.js:2:375913)
    at eC.<anonymous> (https://navi-next.vercel.app/_next/static/chunks/261cq39jf3lqt.js:2:414638)
    at Generator.next (<anonymous>)
    at https://navi-next.vercel.app/_next/static/chunks/261cq39jf3lqt.js:1:817 @ https://navi-next.vercel.app/_next/static/chunks/261cq39jf3lqt.js:0
[  216170ms] [ERROR] TypeError: Cannot read properties of undefined (reading 'replace')
    at hR.url (https://navi-next.vercel.app/_next/static/chunks/261cq39jf3lqt.js:2:204093)
    at X.<anonymous> (https://navi-next.vercel.app/_next/static/chunks/261cq39jf3lqt.js:2:375971)
    at Generator.next (<anonymous>)
    at https://navi-next.vercel.app/_next/static/chunks/261cq39jf3lqt.js:1:817
    at new Promise (<anonymous>)
    at Object.b [as _] (https://navi-next.vercel.app/_next/static/chunks/261cq39jf3lqt.js:1:566)
    at X.loadTile (https://navi-next.vercel.app/_next/static/chunks/261cq39jf3lqt.js:2:375913)
    at eC.<anonymous> (https://navi-next.vercel.app/_next/static/chunks/261cq39jf3lqt.js:2:414638)
    at Generator.next (<anonymous>)
    at https://navi-next.vercel.app/_next/static/chunks/261cq39jf3lqt.js:1:817 @ https://navi-next.vercel.app/_next/static/chunks/261cq39jf3lqt.js:0
[  216170ms] [ERROR] TypeError: Cannot read properties of undefined (reading 'replace')
    at hR.url (https://navi-next.vercel.app/_next/static/chunks/261cq39jf3lqt.js:2:204093)
    at X.<anonymous> (https://navi-next.vercel.app/_next/static/chunks/261cq39jf3lqt.js:2:375971)
    at Generator.next (<anonymous>)
    at https://navi-next.vercel.app/_next/static/chunks/261cq39jf3lqt.js:1:817
    at new Promise (<anonymous>)
    at Object.b [as _] (https://navi-next.vercel.app/_next/static/chunks/261cq39jf3lqt.js:1:566)
    at X.loadTile (https://navi-next.vercel.app/_next/static/chunks/261cq39jf3lqt.js:2:375913)
    at eC.<anonymous> (https://navi-next.vercel.app/_next/static/chunks/261cq39jf3lqt.js:2:414638)
    at Generator.next (<anonymous>)
    at https://navi-next.vercel.app/_next/static/chunks/261cq39jf3lqt.js:1:817 @ https://navi-next.vercel.app/_next/static/chunks/261cq39jf3lqt.js:0
[  216170ms] [ERROR] TypeError: Cannot read properties of undefined (reading 'replace')
    at hR.url (https://navi-next.vercel.app/_next/static/chunks/261cq39jf3lqt.js:2:204093)
    at X.<anonymous> (https://navi-next.vercel.app/_next/static/chunks/261cq39jf3lqt.js:2:375971)
    at Generator.next (<anonymous>)
    at https://navi-next.vercel.app/_next/static/chunks/261cq39jf3lqt.js:1:817
    at new Promise (<anonymous>)
    at Object.b [as _] (https://navi-next.vercel.app/_next/static/chunks/261cq39jf3lqt.js:1:566)
    at X.loadTile (https://navi-next.vercel.app/_next/static/chunks/261cq39jf3lqt.js:2:375913)
    at eC.<anonymous> (https://navi-next.vercel.app/_next/static/chunks/261cq39jf3lqt.js:2:414638)
    at Generator.next (<anonymous>)
    at https://navi-next.vercel.app/_next/static/chunks/261cq39jf3lqt.js:1:817 @ https://navi-next.vercel.app/_next/static/chunks/261cq39jf3lqt.js:0
[  216170ms] [ERROR] TypeError: Cannot read properties of undefined (reading 'replace')
    at hR.url (https://navi-next.vercel.app/_next/static/chunks/261cq39jf3lqt.js:2:204093)
    at X.<anonymous> (https://navi-next.vercel.app/_next/static/chunks/261cq39jf3lqt.js:2:375971)
    at Generator.next (<anonymous>)
    at https://navi-next.vercel.app/_next/static/chunks/261cq39jf3lqt.js:1:817
    at new Promise (<anonymous>)
    at Object.b [as _] (https://navi-next.vercel.app/_next/static/chunks/261cq39jf3lqt.js:1:566)
    at X.loadTile (https://navi-next.vercel.app/_next/static/chunks/261cq39jf3lqt.js:2:375913)
    at eC.<anonymous> (https://navi-next.vercel.app/_next/static/chunks/261cq39jf3lqt.js:2:414638)
    at Generator.next (<anonymous>)
    at https://navi-next.vercel.app/_next/static/chunks/261cq39jf3lqt.js:1:817 @ https://navi-next.vercel.app/_next/static/chunks/261cq39jf3lqt.js:0
[  216171ms] [ERROR] TypeError: Cannot read properties of undefined (reading 'replace')
    at hR.url (https://navi-next.vercel.app/_next/static/chunks/261cq39jf3lqt.js:2:204093)
    at X.<anonymous> (https://navi-next.vercel.app/_next/static/chunks/261cq39jf3lqt.js:2:375971)
    at Generator.next (<anonymous>)
    at https://navi-next.vercel.app/_next/static/chunks/261cq39jf3lqt.js:1:817
    at new Promise (<anonymous>)
    at Object.b [as _] (https://navi-next.vercel.app/_next/static/chunks/261cq39jf3lqt.js:1:566)
    at X.loadTile (https://navi-next.vercel.app/_next/static/chunks/261cq39jf3lqt.js:2:375913)
    at eC.<anonymous> (https://navi-next.vercel.app/_next/static/chunks/261cq39jf3lqt.js:2:414638)
    at Generator.next (<anonymous>)
    at https://navi-next.vercel.app/_next/static/chunks/261cq39jf3lqt.js:1:817 @ https://navi-next.vercel.app/_next/static/chunks/261cq39jf3lqt.js:0
[  216171ms] [ERROR] TypeError: Cannot read properties of undefined (reading 'replace')
    at hR.url (https://navi-next.vercel.app/_next/static/chunks/261cq39jf3lqt.js:2:204093)
    at X.<anonymous> (https://navi-next.vercel.app/_next/static/chunks/261cq39jf3lqt.js:2:375971)
    at Generator.next (<anonymous>)
    at https://navi-next.vercel.app/_next/static/chunks/261cq39jf3lqt.js:1:817
    at new Promise (<anonymous>)
    at Object.b [as _] (https://navi-next.vercel.app/_next/static/chunks/261cq39jf3lqt.js:1:566)
    at X.loadTile (https://navi-next.vercel.app/_next/static/chunks/261cq39jf3lqt.js:2:375913)
    at eC.<anonymous> (https://navi-next.vercel.app/_next/static/chunks/261cq39jf3lqt.js:2:414638)
    at Generator.next (<anonymous>)
    at https://navi-next.vercel.app/_next/static/chunks/261cq39jf3lqt.js:1:817 @ https://navi-next.vercel.app/_next/static/chunks/261cq39jf3lqt.js:0
[  216171ms] [ERROR] TypeError: Cannot read properties of undefined (reading 'replace')
    at hR.url (https://navi-next.vercel.app/_next/static/chunks/261cq39jf3lqt.js:2:204093)
    at X.<anonymous> (https://navi-next.vercel.app/_next/static/chunks/261cq39jf3lqt.js:2:375971)
    at Generator.next (<anonymous>)
    at https://navi-next.vercel.app/_next/static/chunks/261cq39jf3lqt.js:1:817
    at new Promise (<anonymous>)
    at Object.b [as _] (https://navi-next.vercel.app/_next/static/chunks/261cq39jf3lqt.js:1:566)
    at X.loadTile (https://navi-next.vercel.app/_next/static/chunks/261cq39jf3lqt.js:2:375913)
    at eC.<anonymous> (https://navi-next.vercel.app/_next/static/chunks/261cq39jf3lqt.js:2:414638)
    at Generator.next (<anonymous>)
    at https://navi-next.vercel.app/_next/static/chunks/261cq39jf3lqt.js:1:817 @ https://navi-next.vercel.app/_next/static/chunks/261cq39jf3lqt.js:0
[  216171ms] [ERROR] TypeError: Cannot read properties of undefined (reading 'replace')
    at hR.url (https://navi-next.vercel.app/_next/static/chunks/261cq39jf3lqt.js:2:204093)
    at X.<anonymous> (https://navi-next.vercel.app/_next/static/chunks/261cq39jf3lqt.js:2:375971)
    at Generator.next (<anonymous>)
    at https://navi-next.vercel.app/_next/static/chunks/261cq39jf3lqt.js:1:817
    at new Promise (<anonymous>)
    at Object.b [as _] (https://navi-next.vercel.app/_next/static/chunks/261cq39jf3lqt.js:1:566)
    at X.loadTile (https://navi-next.vercel.app/_next/static/chunks/261cq39jf3lqt.js:2:375913)
    at eC.<anonymous> (https://navi-next.vercel.app/_next/static/chunks/261cq39jf3lqt.js:2:414638)
    at Generator.next (<anonymous>)
    at https://navi-next.vercel.app/_next/static/chunks/261cq39jf3lqt.js:1:817 @ https://navi-next.vercel.app/_next/static/chunks/261cq39jf3lqt.js:0
[  216171ms] [ERROR] TypeError: Cannot read properties of undefined (reading 'replace')
    at hR.url (https://navi-next.vercel.app/_next/static/chunks/261cq39jf3lqt.js:2:204093)
    at X.<anonymous> (https://navi-next.vercel.app/_next/static/chunks/261cq39jf3lqt.js:2:375971)
    at Generator.next (<anonymous>)
    at https://navi-next.vercel.app/_next/static/chunks/261cq39jf3lqt.js:1:817
    at new Promise (<anonymous>)
    at Object.b [as _] (https://navi-next.vercel.app/_next/static/chunks/261cq39jf3lqt.js:1:566)
    at X.loadTile (https://navi-next.vercel.app/_next/static/chunks/261cq39jf3lqt.js:2:375913)
    at eC.<anonymous> (https://navi-next.vercel.app/_next/static/chunks/261cq39jf3lqt.js:2:414638)
    at Generator.next (<anonymous>)
    at https://navi-next.vercel.app/_next/static/chunks/261cq39jf3lqt.js:1:817 @ https://navi-next.vercel.app/_next/static/chunks/261cq39jf3lqt.js:0
[  216171ms] [ERROR] TypeError: Cannot read properties of undefined (reading 'replace')
    at hR.url (https://navi-next.vercel.app/_next/static/chunks/261cq39jf3lqt.js:2:204093)
    at X.<anonymous> (https://navi-next.vercel.app/_next/static/chunks/261cq39jf3lqt.js:2:375971)
    at Generator.next (<anonymous>)
    at https://navi-next.vercel.app/_next/static/chunks/261cq39jf3lqt.js:1:817
    at new Promise (<anonymous>)
    at Object.b [as _] (https://navi-next.vercel.app/_next/static/chunks/261cq39jf3lqt.js:1:566)
    at X.loadTile (https://navi-next.vercel.app/_next/static/chunks/261cq39jf3lqt.js:2:375913)
    at eC.<anonymous> (https://navi-next.vercel.app/_next/static/chunks/261cq39jf3lqt.js:2:414638)
    at Generator.next (<anonymous>)
    at https://navi-next.vercel.app/_next/static/chunks/261cq39jf3lqt.js:1:817 @ https://navi-next.vercel.app/_next/static/chunks/261cq39jf3lqt.js:0
[  216171ms] [ERROR] TypeError: Cannot read properties of undefined (reading 'replace')
    at hR.url (https://navi-next.vercel.app/_next/static/chunks/261cq39jf3lqt.js:2:204093)
    at X.<anonymous> (https://navi-next.vercel.app/_next/static/chunks/261cq39jf3lqt.js:2:375971)
    at Generator.next (<anonymous>)
    at https://navi-next.vercel.app/_next/static/chunks/261cq39jf3lqt.js:1:817
    at new Promise (<anonymous>)
    at Object.b [as _] (https://navi-next.vercel.app/_next/static/chunks/261cq39jf3lqt.js:1:566)
    at X.loadTile (https://navi-next.vercel.app/_next/static/chunks/261cq39jf3lqt.js:2:375913)
    at eC.<anonymous> (https://navi-next.vercel.app/_next/static/chunks/261cq39jf3lqt.js:2:414638)
    at Generator.next (<anonymous>)
    at https://navi-next.vercel.app/_next/static/chunks/261cq39jf3lqt.js:1:817 @ https://navi-next.vercel.app/_next/static/chunks/261cq39jf3lqt.js:0
[  216171ms] [ERROR] TypeError: Cannot read properties of undefined (reading 'replace')
    at hR.url (https://navi-next.vercel.app/_next/static/chunks/261cq39jf3lqt.js:2:204093)
    at X.<anonymous> (https://navi-next.vercel.app/_next/static/chunks/261cq39jf3lqt.js:2:375971)
    at Generator.next (<anonymous>)
    at https://navi-next.vercel.app/_next/static/chunks/261cq39jf3lqt.js:1:817
    at new Promise (<anonymous>)
    at Object.b [as _] (https://navi-next.vercel.app/_next/static/chunks/261cq39jf3lqt.js:1:566)
    at X.loadTile (https://navi-next.vercel.app/_next/static/chunks/261cq39jf3lqt.js:2:375913)
    at eC.<anonymous> (https://navi-next.vercel.app/_next/static/chunks/261cq39jf3lqt.js:2:414638)
    at Generator.next (<anonymous>)
    at https://navi-next.vercel.app/_next/static/chunks/261cq39jf3lqt.js:1:817 @ https://navi-next.vercel.app/_next/static/chunks/261cq39jf3lqt.js:0
[  216172ms] [ERROR] TypeError: Cannot read properties of undefined (reading 'replace')
    at hR.url (https://navi-next.vercel.app/_next/static/chunks/261cq39jf3lqt.js:2:204093)
    at X.<anonymous> (https://navi-next.vercel.app/_next/static/chunks/261cq39jf3lqt.js:2:375971)
    at Generator.next (<anonymous>)
    at https://navi-next.vercel.app/_next/static/chunks/261cq39jf3lqt.js:1:817
    at new Promise (<anonymous>)
    at Object.b [as _] (https://navi-next.vercel.app/_next/static/chunks/261cq39jf3lqt.js:1:566)
    at X.loadTile (https://navi-next.vercel.app/_next/static/chunks/261cq39jf3lqt.js:2:375913)
    at eC.<anonymous> (https://navi-next.vercel.app/_next/static/chunks/261cq39jf3lqt.js:2:414638)
    at Generator.next (<anonymous>)
    at https://navi-next.vercel.app/_next/static/chunks/261cq39jf3lqt.js:1:817 @ https://navi-next.vercel.app/_next/static/chunks/261cq39jf3lqt.js:0
[  216172ms] [ERROR] TypeError: Cannot read properties of undefined (reading 'replace')
    at hR.url (https://navi-next.vercel.app/_next/static/chunks/261cq39jf3lqt.js:2:204093)
    at X.<anonymous> (https://navi-next.vercel.app/_next/static/chunks/261cq39jf3lqt.js:2:375971)
    at Generator.next (<anonymous>)
    at https://navi-next.vercel.app/_next/static/chunks/261cq39jf3lqt.js:1:817
    at new Promise (<anonymous>)
    at Object.b [as _] (https://navi-next.vercel.app/_next/static/chunks/261cq39jf3lqt.js:1:566)
    at X.loadTile (https://navi-next.vercel.app/_next/static/chunks/261cq39jf3lqt.js:2:375913)
    at eC.<anonymous> (https://navi-next.vercel.app/_next/static/chunks/261cq39jf3lqt.js:2:414638)
    at Generator.next (<anonymous>)
    at https://navi-next.vercel.app/_next/static/chunks/261cq39jf3lqt.js:1:817 @ https://navi-next.vercel.app/_next/static/chunks/261cq39jf3lqt.js:0
[  216172ms] [ERROR] TypeError: Cannot read properties of undefined (reading 'replace')
    at hR.url (https://navi-next.vercel.app/_next/static/chunks/261cq39jf3lqt.js:2:204093)
    at X.<anonymous> (https://navi-next.vercel.app/_next/static/chunks/261cq39jf3lqt.js:2:375971)
    at Generator.next (<anonymous>)
    at https://navi-next.vercel.app/_next/static/chunks/261cq39jf3lqt.js:1:817
    at new Promise (<anonymous>)
    at Object.b [as _] (https://navi-next.vercel.app/_next/static/chunks/261cq39jf3lqt.js:1:566)
    at X.loadTile (https://navi-next.vercel.app/_next/static/chunks/261cq39jf3lqt.js:2:375913)
    at eC.<anonymous> (https://navi-next.vercel.app/_next/static/chunks/261cq39jf3lqt.js:2:414638)
    at Generator.next (<anonymous>)
    at https://navi-next.vercel.app/_next/static/chunks/261cq39jf3lqt.js:1:817 @ https://navi-next.vercel.app/_next/static/chunks/261cq39jf3lqt.js:0
[  216172ms] [ERROR] TypeError: Cannot read properties of undefined (reading 'replace')
    at hR.url (https://navi-next.vercel.app/_next/static/chunks/261cq39jf3lqt.js:2:204093)
    at X.<anonymous> (https://navi-next.vercel.app/_next/static/chunks/261cq39jf3lqt.js:2:375971)
    at Generator.next (<anonymous>)
    at https://navi-next.vercel.app/_next/static/chunks/261cq39jf3lqt.js:1:817
    at new Promise (<anonymous>)
    at Object.b [as _] (https://navi-next.vercel.app/_next/static/chunks/261cq39jf3lqt.js:1:566)
    at X.loadTile (https://navi-next.vercel.app/_next/static/chunks/261cq39jf3lqt.js:2:375913)
    at eC.<anonymous> (https://navi-next.vercel.app/_next/static/chunks/261cq39jf3lqt.js:2:414638)
    at Generator.next (<anonymous>)
    at https://navi-next.vercel.app/_next/static/chunks/261cq39jf3lqt.js:1:817 @ https://navi-next.vercel.app/_next/static/chunks/261cq39jf3lqt.js:0
[  216172ms] [ERROR] TypeError: Cannot read properties of undefined (reading 'replace')
    at hR.url (https://navi-next.vercel.app/_next/static/chunks/261cq39jf3lqt.js:2:204093)
    at X.<anonymous> (https://navi-next.vercel.app/_next/static/chunks/261cq39jf3lqt.js:2:375971)
    at Generator.next (<anonymous>)
    at https://navi-next.vercel.app/_next/static/chunks/261cq39jf3lqt.js:1:817
    at new Promise (<anonymous>)
    at Object.b [as _] (https://navi-next.vercel.app/_next/static/chunks/261cq39jf3lqt.js:1:566)
    at X.loadTile (https://navi-next.vercel.app/_next/static/chunks/261cq39jf3lqt.js:2:375913)
    at eC.<anonymous> (https://navi-next.vercel.app/_next/static/chunks/261cq39jf3lqt.js:2:414638)
    at Generator.next (<anonymous>)
    at https://navi-next.vercel.app/_next/static/chunks/261cq39jf3lqt.js:1:817 @ https://navi-next.vercel.app/_next/static/chunks/261cq39jf3lqt.js:0
[  216172ms] [ERROR] TypeError: Cannot read properties of undefined (reading 'replace')
    at hR.url (https://navi-next.vercel.app/_next/static/chunks/261cq39jf3lqt.js:2:204093)
    at X.<anonymous> (https://navi-next.vercel.app/_next/static/chunks/261cq39jf3lqt.js:2:375971)
    at Generator.next (<anonymous>)
    at https://navi-next.vercel.app/_next/static/chunks/261cq39jf3lqt.js:1:817
    at new Promise (<anonymous>)
    at Object.b [as _] (https://navi-next.vercel.app/_next/static/chunks/261cq39jf3lqt.js:1:566)
    at X.loadTile (https://navi-next.vercel.app/_next/static/chunks/261cq39jf3lqt.js:2:375913)
    at eC.<anonymous> (https://navi-next.vercel.app/_next/static/chunks/261cq39jf3lqt.js:2:414638)
    at Generator.next (<anonymous>)
    at https://navi-next.vercel.app/_next/static/chunks/261cq39jf3lqt.js:1:817 @ https://navi-next.vercel.app/_next/static/chunks/261cq39jf3lqt.js:0
[  216177ms] [ERROR] TypeError: Cannot read properties of undefined (reading 'replace')
    at hR.url (https://navi-next.vercel.app/_next/static/chunks/261cq39jf3lqt.js:2:204093)
    at X.<anonymous> (https://navi-next.vercel.app/_next/static/chunks/261cq39jf3lqt.js:2:375971)
    at Generator.next (<anonymous>)
    at https://navi-next.vercel.app/_next/static/chunks/261cq39jf3lqt.js:1:817
    at new Promise (<anonymous>)
    at Object.b [as _] (https://navi-next.vercel.app/_next/static/chunks/261cq39jf3lqt.js:1:566)
    at X.loadTile (https://navi-next.vercel.app/_next/static/chunks/261cq39jf3lqt.js:2:375913)
    at eC.<anonymous> (https://navi-next.vercel.app/_next/static/chunks/261cq39jf3lqt.js:2:414638)
    at Generator.next (<anonymous>)
    at https://navi-next.vercel.app/_next/static/chunks/261cq39jf3lqt.js:1:817 @ https://navi-next.vercel.app/_next/static/chunks/261cq39jf3lqt.js:0
[  216178ms] [ERROR] TypeError: Cannot read properties of undefined (reading 'replace')
    at hR.url (https://navi-next.vercel.app/_next/static/chunks/261cq39jf3lqt.js:2:204093)
    at X.<anonymous> (https://navi-next.vercel.app/_next/static/chunks/261cq39jf3lqt.js:2:375971)
    at Generator.next (<anonymous>)
    at https://navi-next.vercel.app/_next/static/chunks/261cq39jf3lqt.js:1:817
    at new Promise (<anonymous>)
    at Object.b [as _] (https://navi-next.vercel.app/_next/static/chunks/261cq39jf3lqt.js:1:566)
    at X.loadTile (https://navi-next.vercel.app/_next/static/chunks/261cq39jf3lqt.js:2:375913)
    at eC.<anonymous> (https://navi-next.vercel.app/_next/static/chunks/261cq39jf3lqt.js:2:414638)
    at Generator.next (<anonymous>)
    at https://navi-next.vercel.app/_next/static/chunks/261cq39jf3lqt.js:1:817 @ https://navi-next.vercel.app/_next/static/chunks/261cq39jf3lqt.js:0
[  216178ms] [ERROR] TypeError: Cannot read properties of undefined (reading 'replace')
    at hR.url (https://navi-next.vercel.app/_next/static/chunks/261cq39jf3lqt.js:2:204093)
    at X.<anonymous> (https://navi-next.vercel.app/_next/static/chunks/261cq39jf3lqt.js:2:375971)
    at Generator.next (<anonymous>)
    at https://navi-next.vercel.app/_next/static/chunks/261cq39jf3lqt.js:1:817
    at new Promise (<anonymous>)
    at Object.b [as _] (https://navi-next.vercel.app/_next/static/chunks/261cq39jf3lqt.js:1:566)
    at X.loadTile (https://navi-next.vercel.app/_next/static/chunks/261cq39jf3lqt.js:2:375913)
    at eC.<anonymous> (https://navi-next.vercel.app/_next/static/chunks/261cq39jf3lqt.js:2:414638)
    at Generator.next (<anonymous>)
    at https://navi-next.vercel.app/_next/static/chunks/261cq39jf3lqt.js:1:817 @ https://navi-next.vercel.app/_next/static/chunks/261cq39jf3lqt.js:0
[  216178ms] [ERROR] TypeError: Cannot read properties of undefined (reading 'replace')
    at hR.url (https://navi-next.vercel.app/_next/static/chunks/261cq39jf3lqt.js:2:204093)
    at X.<anonymous> (https://navi-next.vercel.app/_next/static/chunks/261cq39jf3lqt.js:2:375971)
    at Generator.next (<anonymous>)
    at https://navi-next.vercel.app/_next/static/chunks/261cq39jf3lqt.js:1:817
    at new Promise (<anonymous>)
    at Object.b [as _] (https://navi-next.vercel.app/_next/static/chunks/261cq39jf3lqt.js:1:566)
    at X.loadTile (https://navi-next.vercel.app/_next/static/chunks/261cq39jf3lqt.js:2:375913)
    at eC.<anonymous> (https://navi-next.vercel.app/_next/static/chunks/261cq39jf3lqt.js:2:414638)
    at Generator.next (<anonymous>)
    at https://navi-next.vercel.app/_next/static/chunks/261cq39jf3lqt.js:1:817 @ https://navi-next.vercel.app/_next/static/chunks/261cq39jf3lqt.js:0
[  216178ms] [ERROR] TypeError: Cannot read properties of undefined (reading 'replace')
    at hR.url (https://navi-next.vercel.app/_next/static/chunks/261cq39jf3lqt.js:2:204093)
    at X.<anonymous> (https://navi-next.vercel.app/_next/static/chunks/261cq39jf3lqt.js:2:375971)
    at Generator.next (<anonymous>)
    at https://navi-next.vercel.app/_next/static/chunks/261cq39jf3lqt.js:1:817
    at new Promise (<anonymous>)
    at Object.b [as _] (https://navi-next.vercel.app/_next/static/chunks/261cq39jf3lqt.js:1:566)
    at X.loadTile (https://navi-next.vercel.app/_next/static/chunks/261cq39jf3lqt.js:2:375913)
    at eC.<anonymous> (https://navi-next.vercel.app/_next/static/chunks/261cq39jf3lqt.js:2:414638)
    at Generator.next (<anonymous>)
    at https://navi-next.vercel.app/_next/static/chunks/261cq39jf3lqt.js:1:817 @ https://navi-next.vercel.app/_next/static/chunks/261cq39jf3lqt.js:0
[  216178ms] [ERROR] TypeError: Cannot read properties of undefined (reading 'replace')
    at hR.url (https://navi-next.vercel.app/_next/static/chunks/261cq39jf3lqt.js:2:204093)
    at X.<anonymous> (https://navi-next.vercel.app/_next/static/chunks/261cq39jf3lqt.js:2:375971)
    at Generator.next (<anonymous>)
    at https://navi-next.vercel.app/_next/static/chunks/261cq39jf3lqt.js:1:817
    at new Promise (<anonymous>)
    at Object.b [as _] (https://navi-next.vercel.app/_next/static/chunks/261cq39jf3lqt.js:1:566)
    at X.loadTile (https://navi-next.vercel.app/_next/static/chunks/261cq39jf3lqt.js:2:375913)
    at eC.<anonymous> (https://navi-next.vercel.app/_next/static/chunks/261cq39jf3lqt.js:2:414638)
    at Generator.next (<anonymous>)
    at https://navi-next.vercel.app/_next/static/chunks/261cq39jf3lqt.js:1:817 @ https://navi-next.vercel.app/_next/static/chunks/261cq39jf3lqt.js:0
[  216183ms] [ERROR] TypeError: Cannot read properties of undefined (reading 'replace')
    at hR.url (https://navi-next.vercel.app/_next/static/chunks/261cq39jf3lqt.js:2:204093)
    at X.<anonymous> (https://navi-next.vercel.app/_next/static/chunks/261cq39jf3lqt.js:2:375971)
    at Generator.next (<anonymous>)
    at https://navi-next.vercel.app/_next/static/chunks/261cq39jf3lqt.js:1:817
    at new Promise (<anonymous>)
    at Object.b [as _] (https://navi-next.vercel.app/_next/static/chunks/261cq39jf3lqt.js:1:566)
    at X.loadTile (https://navi-next.vercel.app/_next/static/chunks/261cq39jf3lqt.js:2:375913)
    at eC.<anonymous> (https://navi-next.vercel.app/_next/static/chunks/261cq39jf3lqt.js:2:414638)
    at Generator.next (<anonymous>)
    at https://navi-next.vercel.app/_next/static/chunks/261cq39jf3lqt.js:1:817 @ https://navi-next.vercel.app/_next/static/chunks/261cq39jf3lqt.js:0
[  216184ms] [ERROR] TypeError: Cannot read properties of undefined (reading 'replace')
    at hR.url (https://navi-next.vercel.app/_next/static/chunks/261cq39jf3lqt.js:2:204093)
    at X.<anonymous> (https://navi-next.vercel.app/_next/static/chunks/261cq39jf3lqt.js:2:375971)
    at Generator.next (<anonymous>)
    at https://navi-next.vercel.app/_next/static/chunks/261cq39jf3lqt.js:1:817
    at new Promise (<anonymous>)
    at Object.b [as _] (https://navi-next.vercel.app/_next/static/chunks/261cq39jf3lqt.js:1:566)
    at X.loadTile (https://navi-next.vercel.app/_next/static/chunks/261cq39jf3lqt.js:2:375913)
    at eC.<anonymous> (https://navi-next.vercel.app/_next/static/chunks/261cq39jf3lqt.js:2:414638)
    at Generator.next (<anonymous>)
    at https://navi-next.vercel.app/_next/static/chunks/261cq39jf3lqt.js:1:817 @ https://navi-next.vercel.app/_next/static/chunks/261cq39jf3lqt.js:0
[  216184ms] [ERROR] TypeError: Cannot read properties of undefined (reading 'replace')
    at hR.url (https://navi-next.vercel.app/_next/static/chunks/261cq39jf3lqt.js:2:204093)
    at X.<anonymous> (https://navi-next.vercel.app/_next/static/chunks/261cq39jf3lqt.js:2:375971)
    at Generator.next (<anonymous>)
    at https://navi-next.vercel.app/_next/static/chunks/261cq39jf3lqt.js:1:817
    at new Promise (<anonymous>)
    at Object.b [as _] (https://navi-next.vercel.app/_next/static/chunks/261cq39jf3lqt.js:1:566)
    at X.loadTile (https://navi-next.vercel.app/_next/static/chunks/261cq39jf3lqt.js:2:375913)
    at eC.<anonymous> (https://navi-next.vercel.app/_next/static/chunks/261cq39jf3lqt.js:2:414638)
    at Generator.next (<anonymous>)
    at https://navi-next.vercel.app/_next/static/chunks/261cq39jf3lqt.js:1:817 @ https://navi-next.vercel.app/_next/static/chunks/261cq39jf3lqt.js:0
[  216184ms] [ERROR] TypeError: Cannot read properties of undefined (reading 'replace')
    at hR.url (https://navi-next.vercel.app/_next/static/chunks/261cq39jf3lqt.js:2:204093)
    at X.<anonymous> (https://navi-next.vercel.app/_next/static/chunks/261cq39jf3lqt.js:2:375971)
    at Generator.next (<anonymous>)
    at https://navi-next.vercel.app/_next/static/chunks/261cq39jf3lqt.js:1:817
    at new Promise (<anonymous>)
    at Object.b [as _] (https://navi-next.vercel.app/_next/static/chunks/261cq39jf3lqt.js:1:566)
    at X.loadTile (https://navi-next.vercel.app/_next/static/chunks/261cq39jf3lqt.js:2:375913)
    at eC.<anonymous> (https://navi-next.vercel.app/_next/static/chunks/261cq39jf3lqt.js:2:414638)
    at Generator.next (<anonymous>)
    at https://navi-next.vercel.app/_next/static/chunks/261cq39jf3lqt.js:1:817 @ https://navi-next.vercel.app/_next/static/chunks/261cq39jf3lqt.js:0
[  216191ms] [ERROR] TypeError: Cannot read properties of undefined (reading 'replace')
    at hR.url (https://navi-next.vercel.app/_next/static/chunks/261cq39jf3lqt.js:2:204093)
    at X.<anonymous> (https://navi-next.vercel.app/_next/static/chunks/261cq39jf3lqt.js:2:375971)
    at Generator.next (<anonymous>)
    at https://navi-next.vercel.app/_next/static/chunks/261cq39jf3lqt.js:1:817
    at new Promise (<anonymous>)
    at Object.b [as _] (https://navi-next.vercel.app/_next/static/chunks/261cq39jf3lqt.js:1:566)
    at X.loadTile (https://navi-next.vercel.app/_next/static/chunks/261cq39jf3lqt.js:2:375913)
    at eC.<anonymous> (https://navi-next.vercel.app/_next/static/chunks/261cq39jf3lqt.js:2:414638)
    at Generator.next (<anonymous>)
    at https://navi-next.vercel.app/_next/static/chunks/261cq39jf3lqt.js:1:817 @ https://navi-next.vercel.app/_next/static/chunks/261cq39jf3lqt.js:0
[  216192ms] [ERROR] TypeError: Cannot read properties of undefined (reading 'replace')
    at hR.url (https://navi-next.vercel.app/_next/static/chunks/261cq39jf3lqt.js:2:204093)
    at X.<anonymous> (https://navi-next.vercel.app/_next/static/chunks/261cq39jf3lqt.js:2:375971)
    at Generator.next (<anonymous>)
    at https://navi-next.vercel.app/_next/static/chunks/261cq39jf3lqt.js:1:817
    at new Promise (<anonymous>)
    at Object.b [as _] (https://navi-next.vercel.app/_next/static/chunks/261cq39jf3lqt.js:1:566)
    at X.loadTile (https://navi-next.vercel.app/_next/static/chunks/261cq39jf3lqt.js:2:375913)
    at eC.<anonymous> (https://navi-next.vercel.app/_next/static/chunks/261cq39jf3lqt.js:2:414638)
    at Generator.next (<anonymous>)
    at https://navi-next.vercel.app/_next/static/chunks/261cq39jf3lqt.js:1:817 @ https://navi-next.vercel.app/_next/static/chunks/261cq39jf3lqt.js:0
[  216199ms] [ERROR] TypeError: Cannot read properties of undefined (reading 'replace')
    at hR.url (https://navi-next.vercel.app/_next/static/chunks/261cq39jf3lqt.js:2:204093)
    at X.<anonymous> (https://navi-next.vercel.app/_next/static/chunks/261cq39jf3lqt.js:2:375971)
    at Generator.next (<anonymous>)
    at https://navi-next.vercel.app/_next/static/chunks/261cq39jf3lqt.js:1:817
    at new Promise (<anonymous>)
    at Object.b [as _] (https://navi-next.vercel.app/_next/static/chunks/261cq39jf3lqt.js:1:566)
    at X.loadTile (https://navi-next.vercel.app/_next/static/chunks/261cq39jf3lqt.js:2:375913)
    at eC.<anonymous> (https://navi-next.vercel.app/_next/static/chunks/261cq39jf3lqt.js:2:414638)
    at Generator.next (<anonymous>)
    at https://navi-next.vercel.app/_next/static/chunks/261cq39jf3lqt.js:1:817 @ https://navi-next.vercel.app/_next/static/chunks/261cq39jf3lqt.js:0
[  216208ms] [ERROR] TypeError: Cannot read properties of undefined (reading 'replace')
    at hR.url (https://navi-next.vercel.app/_next/static/chunks/261cq39jf3lqt.js:2:204093)
    at X.<anonymous> (https://navi-next.vercel.app/_next/static/chunks/261cq39jf3lqt.js:2:375971)
    at Generator.next (<anonymous>)
    at https://navi-next.vercel.app/_next/static/chunks/261cq39jf3lqt.js:1:817
    at new Promise (<anonymous>)
    at Object.b [as _] (https://navi-next.vercel.app/_next/static/chunks/261cq39jf3lqt.js:1:566)
    at X.loadTile (https://navi-next.vercel.app/_next/static/chunks/261cq39jf3lqt.js:2:375913)
    at eC.<anonymous> (https://navi-next.vercel.app/_next/static/chunks/261cq39jf3lqt.js:2:414638)
    at Generator.next (<anonymous>)
    at https://navi-next.vercel.app/_next/static/chunks/261cq39jf3lqt.js:1:817 @ https://navi-next.vercel.app/_next/static/chunks/261cq39jf3lqt.js:0
[  216216ms] [ERROR] TypeError: Cannot read properties of undefined (reading 'replace')
    at hR.url (https://navi-next.vercel.app/_next/static/chunks/261cq39jf3lqt.js:2:204093)
    at X.<anonymous> (https://navi-next.vercel.app/_next/static/chunks/261cq39jf3lqt.js:2:375971)
    at Generator.next (<anonymous>)
    at https://navi-next.vercel.app/_next/static/chunks/261cq39jf3lqt.js:1:817
    at new Promise (<anonymous>)
    at Object.b [as _] (https://navi-next.vercel.app/_next/static/chunks/261cq39jf3lqt.js:1:566)
    at X.loadTile (https://navi-next.vercel.app/_next/static/chunks/261cq39jf3lqt.js:2:375913)
    at eC.<anonymous> (https://navi-next.vercel.app/_next/static/chunks/261cq39jf3lqt.js:2:414638)
    at Generator.next (<anonymous>)
    at https://navi-next.vercel.app/_next/static/chunks/261cq39jf3lqt.js:1:817 @ https://navi-next.vercel.app/_next/static/chunks/261cq39jf3lqt.js:0
[  216224ms] [ERROR] TypeError: Cannot read properties of undefined (reading 'replace')
    at hR.url (https://navi-next.vercel.app/_next/static/chunks/261cq39jf3lqt.js:2:204093)
    at X.<anonymous> (https://navi-next.vercel.app/_next/static/chunks/261cq39jf3lqt.js:2:375971)
    at Generator.next (<anonymous>)
    at https://navi-next.vercel.app/_next/static/chunks/261cq39jf3lqt.js:1:817
    at new Promise (<anonymous>)
    at Object.b [as _] (https://navi-next.vercel.app/_next/static/chunks/261cq39jf3lqt.js:1:566)
    at X.loadTile (https://navi-next.vercel.app/_next/static/chunks/261cq39jf3lqt.js:2:375913)
    at eC.<anonymous> (https://navi-next.vercel.app/_next/static/chunks/261cq39jf3lqt.js:2:414638)
    at Generator.next (<anonymous>)
    at https://navi-next.vercel.app/_next/static/chunks/261cq39jf3lqt.js:1:817 @ https://navi-next.vercel.app/_next/static/chunks/261cq39jf3lqt.js:0
[  216232ms] [ERROR] TypeError: Cannot read properties of undefined (reading 'replace')
    at hR.url (https://navi-next.vercel.app/_next/static/chunks/261cq39jf3lqt.js:2:204093)
    at X.<anonymous> (https://navi-next.vercel.app/_next/static/chunks/261cq39jf3lqt.js:2:375971)
    at Generator.next (<anonymous>)
    at https://navi-next.vercel.app/_next/static/chunks/261cq39jf3lqt.js:1:817
    at new Promise (<anonymous>)
    at Object.b [as _] (https://navi-next.vercel.app/_next/static/chunks/261cq39jf3lqt.js:1:566)
    at X.loadTile (https://navi-next.vercel.app/_next/static/chunks/261cq39jf3lqt.js:2:375913)
    at eC.<anonymous> (https://navi-next.vercel.app/_next/static/chunks/261cq39jf3lqt.js:2:414638)
    at Generator.next (<anonymous>)
    at https://navi-next.vercel.app/_next/static/chunks/261cq39jf3lqt.js:1:817 @ https://navi-next.vercel.app/_next/static/chunks/261cq39jf3lqt.js:0
[  216241ms] [ERROR] TypeError: Cannot read properties of undefined (reading 'replace')
    at hR.url (https://navi-next.vercel.app/_next/static/chunks/261cq39jf3lqt.js:2:204093)
    at X.<anonymous> (https://navi-next.vercel.app/_next/static/chunks/261cq39jf3lqt.js:2:375971)
    at Generator.next (<anonymous>)
    at https://navi-next.vercel.app/_next/static/chunks/261cq39jf3lqt.js:1:817
    at new Promise (<anonymous>)
    at Object.b [as _] (https://navi-next.vercel.app/_next/static/chunks/261cq39jf3lqt.js:1:566)
    at X.loadTile (https://navi-next.vercel.app/_next/static/chunks/261cq39jf3lqt.js:2:375913)
    at eC.<anonymous> (https://navi-next.vercel.app/_next/static/chunks/261cq39jf3lqt.js:2:414638)
    at Generator.next (<anonymous>)
    at https://navi-next.vercel.app/_next/static/chunks/261cq39jf3lqt.js:1:817 @ https://navi-next.vercel.app/_next/static/chunks/261cq39jf3lqt.js:0
[  216249ms] [ERROR] TypeError: Cannot read properties of undefined (reading 'replace')
    at hR.url (https://navi-next.vercel.app/_next/static/chunks/261cq39jf3lqt.js:2:204093)
    at X.<anonymous> (https://navi-next.vercel.app/_next/static/chunks/261cq39jf3lqt.js:2:375971)
    at Generator.next (<anonymous>)
    at https://navi-next.vercel.app/_next/static/chunks/261cq39jf3lqt.js:1:817
    at new Promise (<anonymous>)
    at Object.b [as _] (https://navi-next.vercel.app/_next/static/chunks/261cq39jf3lqt.js:1:566)
    at X.loadTile (https://navi-next.vercel.app/_next/static/chunks/261cq39jf3lqt.js:2:375913)
    at eC.<anonymous> (https://navi-next.vercel.app/_next/static/chunks/261cq39jf3lqt.js:2:414638)
    at Generator.next (<anonymous>)
    at https://navi-next.vercel.app/_next/static/chunks/261cq39jf3lqt.js:1:817 @ https://navi-next.vercel.app/_next/static/chunks/261cq39jf3lqt.js:0
[  217383ms] [ERROR] TypeError: Cannot read properties of undefined (reading 'replace')
    at hR.url (https://navi-next.vercel.app/_next/static/chunks/261cq39jf3lqt.js:2:204093)
    at X.<anonymous> (https://navi-next.vercel.app/_next/static/chunks/261cq39jf3lqt.js:2:375971)
    at Generator.next (<anonymous>)
    at https://navi-next.vercel.app/_next/static/chunks/261cq39jf3lqt.js:1:817
    at new Promise (<anonymous>)
    at Object.b [as _] (https://navi-next.vercel.app/_next/static/chunks/261cq39jf3lqt.js:1:566)
    at X.loadTile (https://navi-next.vercel.app/_next/static/chunks/261cq39jf3lqt.js:2:375913)
    at eC.<anonymous> (https://navi-next.vercel.app/_next/static/chunks/261cq39jf3lqt.js:2:414638)
    at Generator.next (<anonymous>)
    at https://navi-next.vercel.app/_next/static/chunks/261cq39jf3lqt.js:1:817 @ https://navi-next.vercel.app/_next/static/chunks/261cq39jf3lqt.js:0
[  217383ms] [ERROR] TypeError: Cannot read properties of undefined (reading 'replace')
    at hR.url (https://navi-next.vercel.app/_next/static/chunks/261cq39jf3lqt.js:2:204093)
    at X.<anonymous> (https://navi-next.vercel.app/_next/static/chunks/261cq39jf3lqt.js:2:375971)
    at Generator.next (<anonymous>)
    at https://navi-next.vercel.app/_next/static/chunks/261cq39jf3lqt.js:1:817
    at new Promise (<anonymous>)
    at Object.b [as _] (https://navi-next.vercel.app/_next/static/chunks/261cq39jf3lqt.js:1:566)
    at X.loadTile (https://navi-next.vercel.app/_next/static/chunks/261cq39jf3lqt.js:2:375913)
    at eC.<anonymous> (https://navi-next.vercel.app/_next/static/chunks/261cq39jf3lqt.js:2:414638)
    at Generator.next (<anonymous>)
    at https://navi-next.vercel.app/_next/static/chunks/261cq39jf3lqt.js:1:817 @ https://navi-next.vercel.app/_next/static/chunks/261cq39jf3lqt.js:0
[  217416ms] [ERROR] TypeError: Cannot read properties of undefined (reading 'replace')
    at hR.url (https://navi-next.vercel.app/_next/static/chunks/261cq39jf3lqt.js:2:204093)
    at X.<anonymous> (https://navi-next.vercel.app/_next/static/chunks/261cq39jf3lqt.js:2:375971)
    at Generator.next (<anonymous>)
    at https://navi-next.vercel.app/_next/static/chunks/261cq39jf3lqt.js:1:817
    at new Promise (<anonymous>)
    at Object.b [as _] (https://navi-next.vercel.app/_next/static/chunks/261cq39jf3lqt.js:1:566)
    at X.loadTile (https://navi-next.vercel.app/_next/static/chunks/261cq39jf3lqt.js:2:375913)
    at eC.<anonymous> (https://navi-next.vercel.app/_next/static/chunks/261cq39jf3lqt.js:2:414638)
    at Generator.next (<anonymous>)
    at https://navi-next.vercel.app/_next/static/chunks/261cq39jf3lqt.js:1:817 @ https://navi-next.vercel.app/_next/static/chunks/261cq39jf3lqt.js:0
[  217416ms] [ERROR] TypeError: Cannot read properties of undefined (reading 'replace')
    at hR.url (https://navi-next.vercel.app/_next/static/chunks/261cq39jf3lqt.js:2:204093)
    at X.<anonymous> (https://navi-next.vercel.app/_next/static/chunks/261cq39jf3lqt.js:2:375971)
    at Generator.next (<anonymous>)
    at https://navi-next.vercel.app/_next/static/chunks/261cq39jf3lqt.js:1:817
    at new Promise (<anonymous>)
    at Object.b [as _] (https://navi-next.vercel.app/_next/static/chunks/261cq39jf3lqt.js:1:566)
    at X.loadTile (https://navi-next.vercel.app/_next/static/chunks/261cq39jf3lqt.js:2:375913)
    at eC.<anonymous> (https://navi-next.vercel.app/_next/static/chunks/261cq39jf3lqt.js:2:414638)
    at Generator.next (<anonymous>)
    at https://navi-next.vercel.app/_next/static/chunks/261cq39jf3lqt.js:1:817 @ https://navi-next.vercel.app/_next/static/chunks/261cq39jf3lqt.js:0
[  217416ms] [ERROR] TypeError: Cannot read properties of undefined (reading 'replace')
    at hR.url (https://navi-next.vercel.app/_next/static/chunks/261cq39jf3lqt.js:2:204093)
    at X.<anonymous> (https://navi-next.vercel.app/_next/static/chunks/261cq39jf3lqt.js:2:375971)
    at Generator.next (<anonymous>)
    at https://navi-next.vercel.app/_next/static/chunks/261cq39jf3lqt.js:1:817
    at new Promise (<anonymous>)
    at Object.b [as _] (https://navi-next.vercel.app/_next/static/chunks/261cq39jf3lqt.js:1:566)
    at X.loadTile (https://navi-next.vercel.app/_next/static/chunks/261cq39jf3lqt.js:2:375913)
    at eC.<anonymous> (https://navi-next.vercel.app/_next/static/chunks/261cq39jf3lqt.js:2:414638)
    at Generator.next (<anonymous>)
    at https://navi-next.vercel.app/_next/static/chunks/261cq39jf3lqt.js:1:817 @ https://navi-next.vercel.app/_next/static/chunks/261cq39jf3lqt.js:0
[  217416ms] [ERROR] TypeError: Cannot read properties of undefined (reading 'replace')
    at hR.url (https://navi-next.vercel.app/_next/static/chunks/261cq39jf3lqt.js:2:204093)
    at X.<anonymous> (https://navi-next.vercel.app/_next/static/chunks/261cq39jf3lqt.js:2:375971)
    at Generator.next (<anonymous>)
    at https://navi-next.vercel.app/_next/static/chunks/261cq39jf3lqt.js:1:817
    at new Promise (<anonymous>)
    at Object.b [as _] (https://navi-next.vercel.app/_next/static/chunks/261cq39jf3lqt.js:1:566)
    at X.loadTile (https://navi-next.vercel.app/_next/static/chunks/261cq39jf3lqt.js:2:375913)
    at eC.<anonymous> (https://navi-next.vercel.app/_next/static/chunks/261cq39jf3lqt.js:2:414638)
    at Generator.next (<anonymous>)
    at https://navi-next.vercel.app/_next/static/chunks/261cq39jf3lqt.js:1:817 @ https://navi-next.vercel.app/_next/static/chunks/261cq39jf3lqt.js:0
[  217441ms] [ERROR] TypeError: Cannot read properties of undefined (reading 'replace')
    at hR.url (https://navi-next.vercel.app/_next/static/chunks/261cq39jf3lqt.js:2:204093)
    at X.<anonymous> (https://navi-next.vercel.app/_next/static/chunks/261cq39jf3lqt.js:2:375971)
    at Generator.next (<anonymous>)
    at https://navi-next.vercel.app/_next/static/chunks/261cq39jf3lqt.js:1:817
    at new Promise (<anonymous>)
    at Object.b [as _] (https://navi-next.vercel.app/_next/static/chunks/261cq39jf3lqt.js:1:566)
    at X.loadTile (https://navi-next.vercel.app/_next/static/chunks/261cq39jf3lqt.js:2:375913)
    at eC.<anonymous> (https://navi-next.vercel.app/_next/static/chunks/261cq39jf3lqt.js:2:414638)
    at Generator.next (<anonymous>)
    at https://navi-next.vercel.app/_next/static/chunks/261cq39jf3lqt.js:1:817 @ https://navi-next.vercel.app/_next/static/chunks/261cq39jf3lqt.js:0
[  217441ms] [ERROR] TypeError: Cannot read properties of undefined (reading 'replace')
    at hR.url (https://navi-next.vercel.app/_next/static/chunks/261cq39jf3lqt.js:2:204093)
    at X.<anonymous> (https://navi-next.vercel.app/_next/static/chunks/261cq39jf3lqt.js:2:375971)
    at Generator.next (<anonymous>)
    at https://navi-next.vercel.app/_next/static/chunks/261cq39jf3lqt.js:1:817
    at new Promise (<anonymous>)
    at Object.b [as _] (https://navi-next.vercel.app/_next/static/chunks/261cq39jf3lqt.js:1:566)
    at X.loadTile (https://navi-next.vercel.app/_next/static/chunks/261cq39jf3lqt.js:2:375913)
    at eC.<anonymous> (https://navi-next.vercel.app/_next/static/chunks/261cq39jf3lqt.js:2:414638)
    at Generator.next (<anonymous>)
    at https://navi-next.vercel.app/_next/static/chunks/261cq39jf3lqt.js:1:817 @ https://navi-next.vercel.app/_next/static/chunks/261cq39jf3lqt.js:0
[  217441ms] [ERROR] TypeError: Cannot read properties of undefined (reading 'replace')
    at hR.url (https://navi-next.vercel.app/_next/static/chunks/261cq39jf3lqt.js:2:204093)
    at X.<anonymous> (https://navi-next.vercel.app/_next/static/chunks/261cq39jf3lqt.js:2:375971)
    at Generator.next (<anonymous>)
    at https://navi-next.vercel.app/_next/static/chunks/261cq39jf3lqt.js:1:817
    at new Promise (<anonymous>)
    at Object.b [as _] (https://navi-next.vercel.app/_next/static/chunks/261cq39jf3lqt.js:1:566)
    at X.loadTile (https://navi-next.vercel.app/_next/static/chunks/261cq39jf3lqt.js:2:375913)
    at eC.<anonymous> (https://navi-next.vercel.app/_next/static/chunks/261cq39jf3lqt.js:2:414638)
    at Generator.next (<anonymous>)
    at https://navi-next.vercel.app/_next/static/chunks/261cq39jf3lqt.js:1:817 @ https://navi-next.vercel.app/_next/static/chunks/261cq39jf3lqt.js:0
[  217441ms] [ERROR] TypeError: Cannot read properties of undefined (reading 'replace')
    at hR.url (https://navi-next.vercel.app/_next/static/chunks/261cq39jf3lqt.js:2:204093)
    at X.<anonymous> (https://navi-next.vercel.app/_next/static/chunks/261cq39jf3lqt.js:2:375971)
    at Generator.next (<anonymous>)
    at https://navi-next.vercel.app/_next/static/chunks/261cq39jf3lqt.js:1:817
    at new Promise (<anonymous>)
    at Object.b [as _] (https://navi-next.vercel.app/_next/static/chunks/261cq39jf3lqt.js:1:566)
    at X.loadTile (https://navi-next.vercel.app/_next/static/chunks/261cq39jf3lqt.js:2:375913)
    at eC.<anonymous> (https://navi-next.vercel.app/_next/static/chunks/261cq39jf3lqt.js:2:414638)
    at Generator.next (<anonymous>)
    at https://navi-next.vercel.app/_next/static/chunks/261cq39jf3lqt.js:1:817 @ https://navi-next.vercel.app/_next/static/chunks/261cq39jf3lqt.js:0
[  217475ms] [ERROR] TypeError: Cannot read properties of undefined (reading 'replace')
    at hR.url (https://navi-next.vercel.app/_next/static/chunks/261cq39jf3lqt.js:2:204093)
    at X.<anonymous> (https://navi-next.vercel.app/_next/static/chunks/261cq39jf3lqt.js:2:375971)
    at Generator.next (<anonymous>)
    at https://navi-next.vercel.app/_next/static/chunks/261cq39jf3lqt.js:1:817
    at new Promise (<anonymous>)
    at Object.b [as _] (https://navi-next.vercel.app/_next/static/chunks/261cq39jf3lqt.js:1:566)
    at X.loadTile (https://navi-next.vercel.app/_next/static/chunks/261cq39jf3lqt.js:2:375913)
    at eC.<anonymous> (https://navi-next.vercel.app/_next/static/chunks/261cq39jf3lqt.js:2:414638)
    at Generator.next (<anonymous>)
    at https://navi-next.vercel.app/_next/static/chunks/261cq39jf3lqt.js:1:817 @ https://navi-next.vercel.app/_next/static/chunks/261cq39jf3lqt.js:0
[  217483ms] [ERROR] TypeError: Cannot read properties of undefined (reading 'replace')
    at hR.url (https://navi-next.vercel.app/_next/static/chunks/261cq39jf3lqt.js:2:204093)
    at X.<anonymous> (https://navi-next.vercel.app/_next/static/chunks/261cq39jf3lqt.js:2:375971)
    at Generator.next (<anonymous>)
    at https://navi-next.vercel.app/_next/static/chunks/261cq39jf3lqt.js:1:817
    at new Promise (<anonymous>)
    at Object.b [as _] (https://navi-next.vercel.app/_next/static/chunks/261cq39jf3lqt.js:1:566)
    at X.loadTile (https://navi-next.vercel.app/_next/static/chunks/261cq39jf3lqt.js:2:375913)
    at eC.<anonymous> (https://navi-next.vercel.app/_next/static/chunks/261cq39jf3lqt.js:2:414638)
    at Generator.next (<anonymous>)
    at https://navi-next.vercel.app/_next/static/chunks/261cq39jf3lqt.js:1:817 @ https://navi-next.vercel.app/_next/static/chunks/261cq39jf3lqt.js:0
[  217483ms] [ERROR] TypeError: Cannot read properties of undefined (reading 'replace')
    at hR.url (https://navi-next.vercel.app/_next/static/chunks/261cq39jf3lqt.js:2:204093)
    at X.<anonymous> (https://navi-next.vercel.app/_next/static/chunks/261cq39jf3lqt.js:2:375971)
    at Generator.next (<anonymous>)
    at https://navi-next.vercel.app/_next/static/chunks/261cq39jf3lqt.js:1:817
    at new Promise (<anonymous>)
    at Object.b [as _] (https://navi-next.vercel.app/_next/static/chunks/261cq39jf3lqt.js:1:566)
    at X.loadTile (https://navi-next.vercel.app/_next/static/chunks/261cq39jf3lqt.js:2:375913)
    at eC.<anonymous> (https://navi-next.vercel.app/_next/static/chunks/261cq39jf3lqt.js:2:414638)
    at Generator.next (<anonymous>)
    at https://navi-next.vercel.app/_next/static/chunks/261cq39jf3lqt.js:1:817 @ https://navi-next.vercel.app/_next/static/chunks/261cq39jf3lqt.js:0
[  217508ms] [ERROR] TypeError: Cannot read properties of undefined (reading 'replace')
    at hR.url (https://navi-next.vercel.app/_next/static/chunks/261cq39jf3lqt.js:2:204093)
    at X.<anonymous> (https://navi-next.vercel.app/_next/static/chunks/261cq39jf3lqt.js:2:375971)
    at Generator.next (<anonymous>)
    at https://navi-next.vercel.app/_next/static/chunks/261cq39jf3lqt.js:1:817
    at new Promise (<anonymous>)
    at Object.b [as _] (https://navi-next.vercel.app/_next/static/chunks/261cq39jf3lqt.js:1:566)
    at X.loadTile (https://navi-next.vercel.app/_next/static/chunks/261cq39jf3lqt.js:2:375913)
    at eC.<anonymous> (https://navi-next.vercel.app/_next/static/chunks/261cq39jf3lqt.js:2:414638)
    at Generator.next (<anonymous>)
    at https://navi-next.vercel.app/_next/static/chunks/261cq39jf3lqt.js:1:817 @ https://navi-next.vercel.app/_next/static/chunks/261cq39jf3lqt.js:0
[  217508ms] [ERROR] TypeError: Cannot read properties of undefined (reading 'replace')
    at hR.url (https://navi-next.vercel.app/_next/static/chunks/261cq39jf3lqt.js:2:204093)
    at X.<anonymous> (https://navi-next.vercel.app/_next/static/chunks/261cq39jf3lqt.js:2:375971)
    at Generator.next (<anonymous>)
    at https://navi-next.vercel.app/_next/static/chunks/261cq39jf3lqt.js:1:817
    at new Promise (<anonymous>)
    at Object.b [as _] (https://navi-next.vercel.app/_next/static/chunks/261cq39jf3lqt.js:1:566)
    at X.loadTile (https://navi-next.vercel.app/_next/static/chunks/261cq39jf3lqt.js:2:375913)
    at eC.<anonymous> (https://navi-next.vercel.app/_next/static/chunks/261cq39jf3lqt.js:2:414638)
    at Generator.next (<anonymous>)
    at https://navi-next.vercel.app/_next/static/chunks/261cq39jf3lqt.js:1:817 @ https://navi-next.vercel.app/_next/static/chunks/261cq39jf3lqt.js:0
[  217808ms] [ERROR] TypeError: Cannot read properties of undefined (reading 'replace')
    at hR.url (https://navi-next.vercel.app/_next/static/chunks/261cq39jf3lqt.js:2:204093)
    at X.<anonymous> (https://navi-next.vercel.app/_next/static/chunks/261cq39jf3lqt.js:2:375971)
    at Generator.next (<anonymous>)
    at https://navi-next.vercel.app/_next/static/chunks/261cq39jf3lqt.js:1:817
    at new Promise (<anonymous>)
    at Object.b [as _] (https://navi-next.vercel.app/_next/static/chunks/261cq39jf3lqt.js:1:566)
    at X.loadTile (https://navi-next.vercel.app/_next/static/chunks/261cq39jf3lqt.js:2:375913)
    at eC.<anonymous> (https://navi-next.vercel.app/_next/static/chunks/261cq39jf3lqt.js:2:414638)
    at Generator.next (<anonymous>)
    at https://navi-next.vercel.app/_next/static/chunks/261cq39jf3lqt.js:1:817 @ https://navi-next.vercel.app/_next/static/chunks/261cq39jf3lqt.js:0
[  217808ms] [ERROR] TypeError: Cannot read properties of undefined (reading 'replace')
    at hR.url (https://navi-next.vercel.app/_next/static/chunks/261cq39jf3lqt.js:2:204093)
    at X.<anonymous> (https://navi-next.vercel.app/_next/static/chunks/261cq39jf3lqt.js:2:375971)
    at Generator.next (<anonymous>)
    at https://navi-next.vercel.app/_next/static/chunks/261cq39jf3lqt.js:1:817
    at new Promise (<anonymous>)
    at Object.b [as _] (https://navi-next.vercel.app/_next/static/chunks/261cq39jf3lqt.js:1:566)
    at X.loadTile (https://navi-next.vercel.app/_next/static/chunks/261cq39jf3lqt.js:2:375913)
    at eC.<anonymous> (https://navi-next.vercel.app/_next/static/chunks/261cq39jf3lqt.js:2:414638)
    at Generator.next (<anonymous>)
    at https://navi-next.vercel.app/_next/static/chunks/261cq39jf3lqt.js:1:817 @ https://navi-next.vercel.app/_next/static/chunks/261cq39jf3lqt.js:0
[  217808ms] [ERROR] TypeError: Cannot read properties of undefined (reading 'replace')
    at hR.url (https://navi-next.vercel.app/_next/static/chunks/261cq39jf3lqt.js:2:204093)
    at X.<anonymous> (https://navi-next.vercel.app/_next/static/chunks/261cq39jf3lqt.js:2:375971)
    at Generator.next (<anonymous>)
    at https://navi-next.vercel.app/_next/static/chunks/261cq39jf3lqt.js:1:817
    at new Promise (<anonymous>)
    at Object.b [as _] (https://navi-next.vercel.app/_next/static/chunks/261cq39jf3lqt.js:1:566)
    at X.loadTile (https://navi-next.vercel.app/_next/static/chunks/261cq39jf3lqt.js:2:375913)
    at eC.<anonymous> (https://navi-next.vercel.app/_next/static/chunks/261cq39jf3lqt.js:2:414638)
    at Generator.next (<anonymous>)
    at https://navi-next.vercel.app/_next/static/chunks/261cq39jf3lqt.js:1:817 @ https://navi-next.vercel.app/_next/static/chunks/261cq39jf3lqt.js:0
[  217809ms] [ERROR] TypeError: Cannot read properties of undefined (reading 'replace')
    at hR.url (https://navi-next.vercel.app/_next/static/chunks/261cq39jf3lqt.js:2:204093)
    at X.<anonymous> (https://navi-next.vercel.app/_next/static/chunks/261cq39jf3lqt.js:2:375971)
    at Generator.next (<anonymous>)
    at https://navi-next.vercel.app/_next/static/chunks/261cq39jf3lqt.js:1:817
    at new Promise (<anonymous>)
    at Object.b [as _] (https://navi-next.vercel.app/_next/static/chunks/261cq39jf3lqt.js:1:566)
    at X.loadTile (https://navi-next.vercel.app/_next/static/chunks/261cq39jf3lqt.js:2:375913)
    at eC.<anonymous> (https://navi-next.vercel.app/_next/static/chunks/261cq39jf3lqt.js:2:414638)
    at Generator.next (<anonymous>)
    at https://navi-next.vercel.app/_next/static/chunks/261cq39jf3lqt.js:1:817 @ https://navi-next.vercel.app/_next/static/chunks/261cq39jf3lqt.js:0
[  217841ms] [ERROR] TypeError: Cannot read properties of undefined (reading 'replace')
    at hR.url (https://navi-next.vercel.app/_next/static/chunks/261cq39jf3lqt.js:2:204093)
    at X.<anonymous> (https://navi-next.vercel.app/_next/static/chunks/261cq39jf3lqt.js:2:375971)
    at Generator.next (<anonymous>)
    at https://navi-next.vercel.app/_next/static/chunks/261cq39jf3lqt.js:1:817
    at new Promise (<anonymous>)
    at Object.b [as _] (https://navi-next.vercel.app/_next/static/chunks/261cq39jf3lqt.js:1:566)
    at X.loadTile (https://navi-next.vercel.app/_next/static/chunks/261cq39jf3lqt.js:2:375913)
    at eC.<anonymous> (https://navi-next.vercel.app/_next/static/chunks/261cq39jf3lqt.js:2:414638)
    at Generator.next (<anonymous>)
    at https://navi-next.vercel.app/_next/static/chunks/261cq39jf3lqt.js:1:817 @ https://navi-next.vercel.app/_next/static/chunks/261cq39jf3lqt.js:0
[  217841ms] [ERROR] TypeError: Cannot read properties of undefined (reading 'replace')
    at hR.url (https://navi-next.vercel.app/_next/static/chunks/261cq39jf3lqt.js:2:204093)
    at X.<anonymous> (https://navi-next.vercel.app/_next/static/chunks/261cq39jf3lqt.js:2:375971)
    at Generator.next (<anonymous>)
    at https://navi-next.vercel.app/_next/static/chunks/261cq39jf3lqt.js:1:817
    at new Promise (<anonymous>)
    at Object.b [as _] (https://navi-next.vercel.app/_next/static/chunks/261cq39jf3lqt.js:1:566)
    at X.loadTile (https://navi-next.vercel.app/_next/static/chunks/261cq39jf3lqt.js:2:375913)
    at eC.<anonymous> (https://navi-next.vercel.app/_next/static/chunks/261cq39jf3lqt.js:2:414638)
    at Generator.next (<anonymous>)
    at https://navi-next.vercel.app/_next/static/chunks/261cq39jf3lqt.js:1:817 @ https://navi-next.vercel.app/_next/static/chunks/261cq39jf3lqt.js:0
[  217841ms] [ERROR] TypeError: Cannot read properties of undefined (reading 'replace')
    at hR.url (https://navi-next.vercel.app/_next/static/chunks/261cq39jf3lqt.js:2:204093)
    at X.<anonymous> (https://navi-next.vercel.app/_next/static/chunks/261cq39jf3lqt.js:2:375971)
    at Generator.next (<anonymous>)
    at https://navi-next.vercel.app/_next/static/chunks/261cq39jf3lqt.js:1:817
    at new Promise (<anonymous>)
    at Object.b [as _] (https://navi-next.vercel.app/_next/static/chunks/261cq39jf3lqt.js:1:566)
    at X.loadTile (https://navi-next.vercel.app/_next/static/chunks/261cq39jf3lqt.js:2:375913)
    at eC.<anonymous> (https://navi-next.vercel.app/_next/static/chunks/261cq39jf3lqt.js:2:414638)
    at Generator.next (<anonymous>)
    at https://navi-next.vercel.app/_next/static/chunks/261cq39jf3lqt.js:1:817 @ https://navi-next.vercel.app/_next/static/chunks/261cq39jf3lqt.js:0
[  217849ms] [ERROR] TypeError: Cannot read properties of undefined (reading 'replace')
    at hR.url (https://navi-next.vercel.app/_next/static/chunks/261cq39jf3lqt.js:2:204093)
    at X.<anonymous> (https://navi-next.vercel.app/_next/static/chunks/261cq39jf3lqt.js:2:375971)
    at Generator.next (<anonymous>)
    at https://navi-next.vercel.app/_next/static/chunks/261cq39jf3lqt.js:1:817
    at new Promise (<anonymous>)
    at Object.b [as _] (https://navi-next.vercel.app/_next/static/chunks/261cq39jf3lqt.js:1:566)
    at X.loadTile (https://navi-next.vercel.app/_next/static/chunks/261cq39jf3lqt.js:2:375913)
    at eC.<anonymous> (https://navi-next.vercel.app/_next/static/chunks/261cq39jf3lqt.js:2:414638)
    at Generator.next (<anonymous>)
    at https://navi-next.vercel.app/_next/static/chunks/261cq39jf3lqt.js:1:817 @ https://navi-next.vercel.app/_next/static/chunks/261cq39jf3lqt.js:0
[  217849ms] [ERROR] TypeError: Cannot read properties of undefined (reading 'replace')
    at hR.url (https://navi-next.vercel.app/_next/static/chunks/261cq39jf3lqt.js:2:204093)
    at X.<anonymous> (https://navi-next.vercel.app/_next/static/chunks/261cq39jf3lqt.js:2:375971)
    at Generator.next (<anonymous>)
    at https://navi-next.vercel.app/_next/static/chunks/261cq39jf3lqt.js:1:817
    at new Promise (<anonymous>)
    at Object.b [as _] (https://navi-next.vercel.app/_next/static/chunks/261cq39jf3lqt.js:1:566)
    at X.loadTile (https://navi-next.vercel.app/_next/static/chunks/261cq39jf3lqt.js:2:375913)
    at eC.<anonymous> (https://navi-next.vercel.app/_next/static/chunks/261cq39jf3lqt.js:2:414638)
    at Generator.next (<anonymous>)
    at https://navi-next.vercel.app/_next/static/chunks/261cq39jf3lqt.js:1:817 @ https://navi-next.vercel.app/_next/static/chunks/261cq39jf3lqt.js:0
[  217866ms] [ERROR] TypeError: Cannot read properties of undefined (reading 'replace')
    at hR.url (https://navi-next.vercel.app/_next/static/chunks/261cq39jf3lqt.js:2:204093)
    at X.<anonymous> (https://navi-next.vercel.app/_next/static/chunks/261cq39jf3lqt.js:2:375971)
    at Generator.next (<anonymous>)
    at https://navi-next.vercel.app/_next/static/chunks/261cq39jf3lqt.js:1:817
    at new Promise (<anonymous>)
    at Object.b [as _] (https://navi-next.vercel.app/_next/static/chunks/261cq39jf3lqt.js:1:566)
    at X.loadTile (https://navi-next.vercel.app/_next/static/chunks/261cq39jf3lqt.js:2:375913)
    at eC.<anonymous> (https://navi-next.vercel.app/_next/static/chunks/261cq39jf3lqt.js:2:414638)
    at Generator.next (<anonymous>)
    at https://navi-next.vercel.app/_next/static/chunks/261cq39jf3lqt.js:1:817 @ https://navi-next.vercel.app/_next/static/chunks/261cq39jf3lqt.js:0
[  219491ms] [ERROR] TypeError: Cannot read properties of undefined (reading 'replace')
    at hR.url (https://navi-next.vercel.app/_next/static/chunks/261cq39jf3lqt.js:2:204093)
    at X.<anonymous> (https://navi-next.vercel.app/_next/static/chunks/261cq39jf3lqt.js:2:375971)
    at Generator.next (<anonymous>)
    at https://navi-next.vercel.app/_next/static/chunks/261cq39jf3lqt.js:1:817
    at new Promise (<anonymous>)
    at Object.b [as _] (https://navi-next.vercel.app/_next/static/chunks/261cq39jf3lqt.js:1:566)
    at X.loadTile (https://navi-next.vercel.app/_next/static/chunks/261cq39jf3lqt.js:2:375913)
    at eC.<anonymous> (https://navi-next.vercel.app/_next/static/chunks/261cq39jf3lqt.js:2:414638)
    at Generator.next (<anonymous>)
    at https://navi-next.vercel.app/_next/static/chunks/261cq39jf3lqt.js:1:817 @ https://navi-next.vercel.app/_next/static/chunks/261cq39jf3lqt.js:0
[  219492ms] [ERROR] TypeError: Cannot read properties of undefined (reading 'replace')
    at hR.url (https://navi-next.vercel.app/_next/static/chunks/261cq39jf3lqt.js:2:204093)
    at X.<anonymous> (https://navi-next.vercel.app/_next/static/chunks/261cq39jf3lqt.js:2:375971)
    at Generator.next (<anonymous>)
    at https://navi-next.vercel.app/_next/static/chunks/261cq39jf3lqt.js:1:817
    at new Promise (<anonymous>)
    at Object.b [as _] (https://navi-next.vercel.app/_next/static/chunks/261cq39jf3lqt.js:1:566)
    at X.loadTile (https://navi-next.vercel.app/_next/static/chunks/261cq39jf3lqt.js:2:375913)
    at eC.<anonymous> (https://navi-next.vercel.app/_next/static/chunks/261cq39jf3lqt.js:2:414638)
    at Generator.next (<anonymous>)
    at https://navi-next.vercel.app/_next/static/chunks/261cq39jf3lqt.js:1:817 @ https://navi-next.vercel.app/_next/static/chunks/261cq39jf3lqt.js:0
[  219492ms] [ERROR] TypeError: Cannot read properties of undefined (reading 'replace')
    at hR.url (https://navi-next.vercel.app/_next/static/chunks/261cq39jf3lqt.js:2:204093)
    at X.<anonymous> (https://navi-next.vercel.app/_next/static/chunks/261cq39jf3lqt.js:2:375971)
    at Generator.next (<anonymous>)
    at https://navi-next.vercel.app/_next/static/chunks/261cq39jf3lqt.js:1:817
    at new Promise (<anonymous>)
    at Object.b [as _] (https://navi-next.vercel.app/_next/static/chunks/261cq39jf3lqt.js:1:566)
    at X.loadTile (https://navi-next.vercel.app/_next/static/chunks/261cq39jf3lqt.js:2:375913)
    at eC.<anonymous> (https://navi-next.vercel.app/_next/static/chunks/261cq39jf3lqt.js:2:414638)
    at Generator.next (<anonymous>)
    at https://navi-next.vercel.app/_next/static/chunks/261cq39jf3lqt.js:1:817 @ https://navi-next.vercel.app/_next/static/chunks/261cq39jf3lqt.js:0
[  219499ms] [ERROR] TypeError: Cannot read properties of undefined (reading 'replace')
    at hR.url (https://navi-next.vercel.app/_next/static/chunks/261cq39jf3lqt.js:2:204093)
    at X.<anonymous> (https://navi-next.vercel.app/_next/static/chunks/261cq39jf3lqt.js:2:375971)
    at Generator.next (<anonymous>)
    at https://navi-next.vercel.app/_next/static/chunks/261cq39jf3lqt.js:1:817
    at new Promise (<anonymous>)
    at Object.b [as _] (https://navi-next.vercel.app/_next/static/chunks/261cq39jf3lqt.js:1:566)
    at X.loadTile (https://navi-next.vercel.app/_next/static/chunks/261cq39jf3lqt.js:2:375913)
    at eC.<anonymous> (https://navi-next.vercel.app/_next/static/chunks/261cq39jf3lqt.js:2:414638)
    at Generator.next (<anonymous>)
    at https://navi-next.vercel.app/_next/static/chunks/261cq39jf3lqt.js:1:817 @ https://navi-next.vercel.app/_next/static/chunks/261cq39jf3lqt.js:0
[  219499ms] [ERROR] TypeError: Cannot read properties of undefined (reading 'replace')
    at hR.url (https://navi-next.vercel.app/_next/static/chunks/261cq39jf3lqt.js:2:204093)
    at X.<anonymous> (https://navi-next.vercel.app/_next/static/chunks/261cq39jf3lqt.js:2:375971)
    at Generator.next (<anonymous>)
    at https://navi-next.vercel.app/_next/static/chunks/261cq39jf3lqt.js:1:817
    at new Promise (<anonymous>)
    at Object.b [as _] (https://navi-next.vercel.app/_next/static/chunks/261cq39jf3lqt.js:1:566)
    at X.loadTile (https://navi-next.vercel.app/_next/static/chunks/261cq39jf3lqt.js:2:375913)
    at eC.<anonymous> (https://navi-next.vercel.app/_next/static/chunks/261cq39jf3lqt.js:2:414638)
    at Generator.next (<anonymous>)
    at https://navi-next.vercel.app/_next/static/chunks/261cq39jf3lqt.js:1:817 @ https://navi-next.vercel.app/_next/static/chunks/261cq39jf3lqt.js:0
[  219594ms] [ERROR] Access to fetch at 'https://tile.openstreetmap.org/20/880134/489617.png' from origin 'https://navi-next.vercel.app' has been blocked by CORS policy: No 'Access-Control-Allow-Origin' header is present on the requested resource. @ https://navi-next.vercel.app/studio/map-1782480639497-sb96j/edit/building/bldg-1782551969947-rjba2/floor/0:0
[  219595ms] [ERROR] Failed to load resource: net::ERR_FAILED @ https://tile.openstreetmap.org/20/880134/489617.png:0
[  219595ms] [ERROR] eZ: AJAXError: Failed to fetch (0): https://tile.openstreetmap.org/20/880134/489617.png
    at https://navi-next.vercel.app/_next/static/chunks/261cq39jf3lqt.js:1:10566
    at Generator.throw (<anonymous>)
    at l (https://navi-next.vercel.app/_next/static/chunks/261cq39jf3lqt.js:1:673) @ https://navi-next.vercel.app/_next/static/chunks/261cq39jf3lqt.js:0
[  219597ms] [ERROR] Access to fetch at 'https://tile.openstreetmap.org/20/880134/489618.png' from origin 'https://navi-next.vercel.app' has been blocked by CORS policy: No 'Access-Control-Allow-Origin' header is present on the requested resource. @ https://navi-next.vercel.app/studio/map-1782480639497-sb96j/edit/building/bldg-1782551969947-rjba2/floor/0:0
[  219597ms] [ERROR] Failed to load resource: net::ERR_FAILED @ https://tile.openstreetmap.org/20/880134/489618.png:0
[  219597ms] [ERROR] eZ: AJAXError: Failed to fetch (0): https://tile.openstreetmap.org/20/880134/489618.png
    at https://navi-next.vercel.app/_next/static/chunks/261cq39jf3lqt.js:1:10566
    at Generator.throw (<anonymous>)
    at l (https://navi-next.vercel.app/_next/static/chunks/261cq39jf3lqt.js:1:673) @ https://navi-next.vercel.app/_next/static/chunks/261cq39jf3lqt.js:0
[  219597ms] [ERROR] Access to fetch at 'https://tile.openstreetmap.org/20/880135/489618.png' from origin 'https://navi-next.vercel.app' has been blocked by CORS policy: No 'Access-Control-Allow-Origin' header is present on the requested resource. @ https://navi-next.vercel.app/studio/map-1782480639497-sb96j/edit/building/bldg-1782551969947-rjba2/floor/0:0
[  219598ms] [ERROR] Failed to load resource: net::ERR_FAILED @ https://tile.openstreetmap.org/20/880135/489618.png:0
[  219598ms] [ERROR] eZ: AJAXError: Failed to fetch (0): https://tile.openstreetmap.org/20/880135/489618.png
    at https://navi-next.vercel.app/_next/static/chunks/261cq39jf3lqt.js:1:10566
    at Generator.throw (<anonymous>)
    at l (https://navi-next.vercel.app/_next/static/chunks/261cq39jf3lqt.js:1:673) @ https://navi-next.vercel.app/_next/static/chunks/261cq39jf3lqt.js:0
[  219600ms] [ERROR] Access to fetch at 'https://tile.openstreetmap.org/20/880135/489617.png' from origin 'https://navi-next.vercel.app' has been blocked by CORS policy: No 'Access-Control-Allow-Origin' header is present on the requested resource. @ https://navi-next.vercel.app/studio/map-1782480639497-sb96j/edit/building/bldg-1782551969947-rjba2/floor/0:0
[  219600ms] [ERROR] Failed to load resource: net::ERR_FAILED @ https://tile.openstreetmap.org/20/880135/489617.png:0
[  219600ms] [ERROR] eZ: AJAXError: Failed to fetch (0): https://tile.openstreetmap.org/20/880135/489617.png
    at https://navi-next.vercel.app/_next/static/chunks/261cq39jf3lqt.js:1:10566
    at Generator.throw (<anonymous>)
    at l (https://navi-next.vercel.app/_next/static/chunks/261cq39jf3lqt.js:1:673) @ https://navi-next.vercel.app/_next/static/chunks/261cq39jf3lqt.js:0
[  219600ms] [ERROR] Access to fetch at 'https://tile.openstreetmap.org/20/880134/489619.png' from origin 'https://navi-next.vercel.app' has been blocked by CORS policy: No 'Access-Control-Allow-Origin' header is present on the requested resource. @ https://navi-next.vercel.app/studio/map-1782480639497-sb96j/edit/building/bldg-1782551969947-rjba2/floor/0:0
[  219600ms] [ERROR] Failed to load resource: net::ERR_FAILED @ https://tile.openstreetmap.org/20/880134/489619.png:0
[  219600ms] [ERROR] eZ: AJAXError: Failed to fetch (0): https://tile.openstreetmap.org/20/880134/489619.png
    at https://navi-next.vercel.app/_next/static/chunks/261cq39jf3lqt.js:1:10566
    at Generator.throw (<anonymous>)
    at l (https://navi-next.vercel.app/_next/static/chunks/261cq39jf3lqt.js:1:673) @ https://navi-next.vercel.app/_next/static/chunks/261cq39jf3lqt.js:0
[  219600ms] [ERROR] Access to fetch at 'https://tile.openstreetmap.org/20/880135/489619.png' from origin 'https://navi-next.vercel.app' has been blocked by CORS policy: No 'Access-Control-Allow-Origin' header is present on the requested resource. @ https://navi-next.vercel.app/studio/map-1782480639497-sb96j/edit/building/bldg-1782551969947-rjba2/floor/0:0
[  219601ms] [ERROR] Failed to load resource: net::ERR_FAILED @ https://tile.openstreetmap.org/20/880135/489619.png:0
[  219601ms] [ERROR] eZ: AJAXError: Failed to fetch (0): https://tile.openstreetmap.org/20/880135/489619.png
    at https://navi-next.vercel.app/_next/static/chunks/261cq39jf3lqt.js:1:10566
    at Generator.throw (<anonymous>)
    at l (https://navi-next.vercel.app/_next/static/chunks/261cq39jf3lqt.js:1:673) @ https://navi-next.vercel.app/_next/static/chunks/261cq39jf3lqt.js:0
[  220595ms] [ERROR] Access to fetch at 'https://tile.openstreetmap.org/20/880133/489618.png' from origin 'https://navi-next.vercel.app' has been blocked by CORS policy: No 'Access-Control-Allow-Origin' header is present on the requested resource. @ https://navi-next.vercel.app/studio/map-1782480639497-sb96j/edit/building/bldg-1782551969947-rjba2/floor/0:0
[  220595ms] [ERROR] Failed to load resource: net::ERR_FAILED @ https://tile.openstreetmap.org/20/880133/489618.png:0
[  220595ms] [ERROR] eZ: AJAXError: Failed to fetch (0): https://tile.openstreetmap.org/20/880133/489618.png
    at https://navi-next.vercel.app/_next/static/chunks/261cq39jf3lqt.js:1:10566
    at Generator.throw (<anonymous>)
    at l (https://navi-next.vercel.app/_next/static/chunks/261cq39jf3lqt.js:1:673) @ https://navi-next.vercel.app/_next/static/chunks/261cq39jf3lqt.js:0
[  220596ms] [ERROR] Access to fetch at 'https://tile.openstreetmap.org/20/880133/489617.png' from origin 'https://navi-next.vercel.app' has been blocked by CORS policy: No 'Access-Control-Allow-Origin' header is present on the requested resource. @ https://navi-next.vercel.app/studio/map-1782480639497-sb96j/edit/building/bldg-1782551969947-rjba2/floor/0:0
[  220596ms] [ERROR] Failed to load resource: net::ERR_FAILED @ https://tile.openstreetmap.org/20/880133/489617.png:0
[  220596ms] [ERROR] eZ: AJAXError: Failed to fetch (0): https://tile.openstreetmap.org/20/880133/489617.png
    at https://navi-next.vercel.app/_next/static/chunks/261cq39jf3lqt.js:1:10566
    at Generator.throw (<anonymous>)
    at l (https://navi-next.vercel.app/_next/static/chunks/261cq39jf3lqt.js:1:673) @ https://navi-next.vercel.app/_next/static/chunks/261cq39jf3lqt.js:0
[  221595ms] [ERROR] Access to fetch at 'https://tile.openstreetmap.org/20/880133/489619.png' from origin 'https://navi-next.vercel.app' has been blocked by CORS policy: No 'Access-Control-Allow-Origin' header is present on the requested resource. @ https://navi-next.vercel.app/studio/map-1782480639497-sb96j/edit/building/bldg-1782551969947-rjba2/floor/0:0
[  221595ms] [ERROR] Failed to load resource: net::ERR_FAILED @ https://tile.openstreetmap.org/20/880133/489619.png:0
[  221596ms] [ERROR] eZ: AJAXError: Failed to fetch (0): https://tile.openstreetmap.org/20/880133/489619.png
    at https://navi-next.vercel.app/_next/static/chunks/261cq39jf3lqt.js:1:10566
    at Generator.throw (<anonymous>)
    at l (https://navi-next.vercel.app/_next/static/chunks/261cq39jf3lqt.js:1:673) @ https://navi-next.vercel.app/_next/static/chunks/261cq39jf3lqt.js:0
[  225858ms] [ERROR] TypeError: Cannot read properties of undefined (reading 'replace')
    at hR.url (https://navi-next.vercel.app/_next/static/chunks/261cq39jf3lqt.js:2:204093)
    at X.<anonymous> (https://navi-next.vercel.app/_next/static/chunks/261cq39jf3lqt.js:2:375971)
    at Generator.next (<anonymous>)
    at https://navi-next.vercel.app/_next/static/chunks/261cq39jf3lqt.js:1:817
    at new Promise (<anonymous>)
    at Object.b [as _] (https://navi-next.vercel.app/_next/static/chunks/261cq39jf3lqt.js:1:566)
    at X.loadTile (https://navi-next.vercel.app/_next/static/chunks/261cq39jf3lqt.js:2:375913)
    at eC.<anonymous> (https://navi-next.vercel.app/_next/static/chunks/261cq39jf3lqt.js:2:414638)
    at Generator.next (<anonymous>)
    at https://navi-next.vercel.app/_next/static/chunks/261cq39jf3lqt.js:1:817 @ https://navi-next.vercel.app/_next/static/chunks/261cq39jf3lqt.js:0
[  225858ms] [ERROR] TypeError: Cannot read properties of undefined (reading 'replace')
    at hR.url (https://navi-next.vercel.app/_next/static/chunks/261cq39jf3lqt.js:2:204093)
    at X.<anonymous> (https://navi-next.vercel.app/_next/static/chunks/261cq39jf3lqt.js:2:375971)
    at Generator.next (<anonymous>)
    at https://navi-next.vercel.app/_next/static/chunks/261cq39jf3lqt.js:1:817
    at new Promise (<anonymous>)
    at Object.b [as _] (https://navi-next.vercel.app/_next/static/chunks/261cq39jf3lqt.js:1:566)
    at X.loadTile (https://navi-next.vercel.app/_next/static/chunks/261cq39jf3lqt.js:2:375913)
    at eC.<anonymous> (https://navi-next.vercel.app/_next/static/chunks/261cq39jf3lqt.js:2:414638)
    at Generator.next (<anonymous>)
    at https://navi-next.vercel.app/_next/static/chunks/261cq39jf3lqt.js:1:817 @ https://navi-next.vercel.app/_next/static/chunks/261cq39jf3lqt.js:0
[  225859ms] [ERROR] TypeError: Cannot read properties of undefined (reading 'replace')
    at hR.url (https://navi-next.vercel.app/_next/static/chunks/261cq39jf3lqt.js:2:204093)
    at X.<anonymous> (https://navi-next.vercel.app/_next/static/chunks/261cq39jf3lqt.js:2:375971)
    at Generator.next (<anonymous>)
    at https://navi-next.vercel.app/_next/static/chunks/261cq39jf3lqt.js:1:817
    at new Promise (<anonymous>)
    at Object.b [as _] (https://navi-next.vercel.app/_next/static/chunks/261cq39jf3lqt.js:1:566)
    at X.loadTile (https://navi-next.vercel.app/_next/static/chunks/261cq39jf3lqt.js:2:375913)
    at eC.<anonymous> (https://navi-next.vercel.app/_next/static/chunks/261cq39jf3lqt.js:2:414638)
    at Generator.next (<anonymous>)
    at https://navi-next.vercel.app/_next/static/chunks/261cq39jf3lqt.js:1:817 @ https://navi-next.vercel.app/_next/static/chunks/261cq39jf3lqt.js:0
[  225866ms] [ERROR] TypeError: Cannot read properties of undefined (reading 'replace')
    at hR.url (https://navi-next.vercel.app/_next/static/chunks/261cq39jf3lqt.js:2:204093)
    at X.<anonymous> (https://navi-next.vercel.app/_next/static/chunks/261cq39jf3lqt.js:2:375971)
    at Generator.next (<anonymous>)
    at https://navi-next.vercel.app/_next/static/chunks/261cq39jf3lqt.js:1:817
    at new Promise (<anonymous>)
    at Object.b [as _] (https://navi-next.vercel.app/_next/static/chunks/261cq39jf3lqt.js:1:566)
    at X.loadTile (https://navi-next.vercel.app/_next/static/chunks/261cq39jf3lqt.js:2:375913)
    at eC.<anonymous> (https://navi-next.vercel.app/_next/static/chunks/261cq39jf3lqt.js:2:414638)
    at Generator.next (<anonymous>)
    at https://navi-next.vercel.app/_next/static/chunks/261cq39jf3lqt.js:1:817 @ https://navi-next.vercel.app/_next/static/chunks/261cq39jf3lqt.js:0
[  225866ms] [ERROR] TypeError: Cannot read properties of undefined (reading 'replace')
    at hR.url (https://navi-next.vercel.app/_next/static/chunks/261cq39jf3lqt.js:2:204093)
    at X.<anonymous> (https://navi-next.vercel.app/_next/static/chunks/261cq39jf3lqt.js:2:375971)
    at Generator.next (<anonymous>)
    at https://navi-next.vercel.app/_next/static/chunks/261cq39jf3lqt.js:1:817
    at new Promise (<anonymous>)
    at Object.b [as _] (https://navi-next.vercel.app/_next/static/chunks/261cq39jf3lqt.js:1:566)
    at X.loadTile (https://navi-next.vercel.app/_next/static/chunks/261cq39jf3lqt.js:2:375913)
    at eC.<anonymous> (https://navi-next.vercel.app/_next/static/chunks/261cq39jf3lqt.js:2:414638)
    at Generator.next (<anonymous>)
    at https://navi-next.vercel.app/_next/static/chunks/261cq39jf3lqt.js:1:817 @ https://navi-next.vercel.app/_next/static/chunks/261cq39jf3lqt.js:0
[  225874ms] [ERROR] TypeError: Cannot read properties of undefined (reading 'replace')
    at hR.url (https://navi-next.vercel.app/_next/static/chunks/261cq39jf3lqt.js:2:204093)
    at X.<anonymous> (https://navi-next.vercel.app/_next/static/chunks/261cq39jf3lqt.js:2:375971)
    at Generator.next (<anonymous>)
    at https://navi-next.vercel.app/_next/static/chunks/261cq39jf3lqt.js:1:817
    at new Promise (<anonymous>)
    at Object.b [as _] (https://navi-next.vercel.app/_next/static/chunks/261cq39jf3lqt.js:1:566)
    at X.loadTile (https://navi-next.vercel.app/_next/static/chunks/261cq39jf3lqt.js:2:375913)
    at eC.<anonymous> (https://navi-next.vercel.app/_next/static/chunks/261cq39jf3lqt.js:2:414638)
    at Generator.next (<anonymous>)
    at https://navi-next.vercel.app/_next/static/chunks/261cq39jf3lqt.js:1:817 @ https://navi-next.vercel.app/_next/static/chunks/261cq39jf3lqt.js:0
[  225883ms] [ERROR] TypeError: Cannot read properties of undefined (reading 'replace')
    at hR.url (https://navi-next.vercel.app/_next/static/chunks/261cq39jf3lqt.js:2:204093)
    at X.<anonymous> (https://navi-next.vercel.app/_next/static/chunks/261cq39jf3lqt.js:2:375971)
    at Generator.next (<anonymous>)
    at https://navi-next.vercel.app/_next/static/chunks/261cq39jf3lqt.js:1:817
    at new Promise (<anonymous>)
    at Object.b [as _] (https://navi-next.vercel.app/_next/static/chunks/261cq39jf3lqt.js:1:566)
    at X.loadTile (https://navi-next.vercel.app/_next/static/chunks/261cq39jf3lqt.js:2:375913)
    at eC.<anonymous> (https://navi-next.vercel.app/_next/static/chunks/261cq39jf3lqt.js:2:414638)
    at Generator.next (<anonymous>)
    at https://navi-next.vercel.app/_next/static/chunks/261cq39jf3lqt.js:1:817 @ https://navi-next.vercel.app/_next/static/chunks/261cq39jf3lqt.js:0
[  227597ms] [ERROR] Access to fetch at 'https://tile.openstreetmap.org/20/880136/489619.png' from origin 'https://navi-next.vercel.app' has been blocked by CORS policy: No 'Access-Control-Allow-Origin' header is present on the requested resource. @ https://navi-next.vercel.app/studio/map-1782480639497-sb96j/edit/building/bldg-1782551969947-rjba2/floor/0:0
[  227597ms] [ERROR] Failed to load resource: net::ERR_FAILED @ https://tile.openstreetmap.org/20/880136/489619.png:0
[  227598ms] [ERROR] eZ: AJAXError: Failed to fetch (0): https://tile.openstreetmap.org/20/880136/489619.png
    at https://navi-next.vercel.app/_next/static/chunks/261cq39jf3lqt.js:1:10566
    at Generator.throw (<anonymous>)
    at l (https://navi-next.vercel.app/_next/static/chunks/261cq39jf3lqt.js:1:673) @ https://navi-next.vercel.app/_next/static/chunks/261cq39jf3lqt.js:0
[  227599ms] [ERROR] Access to fetch at 'https://tile.openstreetmap.org/20/880136/489618.png' from origin 'https://navi-next.vercel.app' has been blocked by CORS policy: No 'Access-Control-Allow-Origin' header is present on the requested resource. @ https://navi-next.vercel.app/studio/map-1782480639497-sb96j/edit/building/bldg-1782551969947-rjba2/floor/0:0
[  227599ms] [ERROR] Failed to load resource: net::ERR_FAILED @ https://tile.openstreetmap.org/20/880136/489618.png:0
[  227599ms] [ERROR] eZ: AJAXError: Failed to fetch (0): https://tile.openstreetmap.org/20/880136/489618.png
    at https://navi-next.vercel.app/_next/static/chunks/261cq39jf3lqt.js:1:10566
    at Generator.throw (<anonymous>)
    at l (https://navi-next.vercel.app/_next/static/chunks/261cq39jf3lqt.js:1:673) @ https://navi-next.vercel.app/_next/static/chunks/261cq39jf3lqt.js:0
[  227599ms] [ERROR] Access to fetch at 'https://tile.openstreetmap.org/20/880136/489617.png' from origin 'https://navi-next.vercel.app' has been blocked by CORS policy: No 'Access-Control-Allow-Origin' header is present on the requested resource. @ https://navi-next.vercel.app/studio/map-1782480639497-sb96j/edit/building/bldg-1782551969947-rjba2/floor/0:0
[  227599ms] [ERROR] Failed to load resource: net::ERR_FAILED @ https://tile.openstreetmap.org/20/880136/489617.png:0
[  227600ms] [ERROR] eZ: AJAXError: Failed to fetch (0): https://tile.openstreetmap.org/20/880136/489617.png
    at https://navi-next.vercel.app/_next/static/chunks/261cq39jf3lqt.js:1:10566
    at Generator.throw (<anonymous>)
    at l (https://navi-next.vercel.app/_next/static/chunks/261cq39jf3lqt.js:1:673) @ https://navi-next.vercel.app/_next/static/chunks/261cq39jf3lqt.js:0
[  234609ms] [ERROR] TypeError: Cannot read properties of undefined (reading 'replace')
    at hR.url (https://navi-next.vercel.app/_next/static/chunks/261cq39jf3lqt.js:2:204093)
    at X.<anonymous> (https://navi-next.vercel.app/_next/static/chunks/261cq39jf3lqt.js:2:375971)
    at Generator.next (<anonymous>)
    at https://navi-next.vercel.app/_next/static/chunks/261cq39jf3lqt.js:1:817
    at new Promise (<anonymous>)
    at Object.b [as _] (https://navi-next.vercel.app/_next/static/chunks/261cq39jf3lqt.js:1:566)
    at X.loadTile (https://navi-next.vercel.app/_next/static/chunks/261cq39jf3lqt.js:2:375913)
    at eC.<anonymous> (https://navi-next.vercel.app/_next/static/chunks/261cq39jf3lqt.js:2:414638)
    at Generator.next (<anonymous>)
    at https://navi-next.vercel.app/_next/static/chunks/261cq39jf3lqt.js:1:817 @ https://navi-next.vercel.app/_next/static/chunks/261cq39jf3lqt.js:0
[  234609ms] [ERROR] TypeError: Cannot read properties of undefined (reading 'replace')
    at hR.url (https://navi-next.vercel.app/_next/static/chunks/261cq39jf3lqt.js:2:204093)
    at X.<anonymous> (https://navi-next.vercel.app/_next/static/chunks/261cq39jf3lqt.js:2:375971)
    at Generator.next (<anonymous>)
    at https://navi-next.vercel.app/_next/static/chunks/261cq39jf3lqt.js:1:817
    at new Promise (<anonymous>)
    at Object.b [as _] (https://navi-next.vercel.app/_next/static/chunks/261cq39jf3lqt.js:1:566)
    at X.loadTile (https://navi-next.vercel.app/_next/static/chunks/261cq39jf3lqt.js:2:375913)
    at eC.<anonymous> (https://navi-next.vercel.app/_next/static/chunks/261cq39jf3lqt.js:2:414638)
    at Generator.next (<anonymous>)
    at https://navi-next.vercel.app/_next/static/chunks/261cq39jf3lqt.js:1:817 @ https://navi-next.vercel.app/_next/static/chunks/261cq39jf3lqt.js:0
[  234609ms] [ERROR] TypeError: Cannot read properties of undefined (reading 'replace')
    at hR.url (https://navi-next.vercel.app/_next/static/chunks/261cq39jf3lqt.js:2:204093)
    at X.<anonymous> (https://navi-next.vercel.app/_next/static/chunks/261cq39jf3lqt.js:2:375971)
    at Generator.next (<anonymous>)
    at https://navi-next.vercel.app/_next/static/chunks/261cq39jf3lqt.js:1:817
    at new Promise (<anonymous>)
    at Object.b [as _] (https://navi-next.vercel.app/_next/static/chunks/261cq39jf3lqt.js:1:566)
    at X.loadTile (https://navi-next.vercel.app/_next/static/chunks/261cq39jf3lqt.js:2:375913)
    at eC.<anonymous> (https://navi-next.vercel.app/_next/static/chunks/261cq39jf3lqt.js:2:414638)
    at Generator.next (<anonymous>)
    at https://navi-next.vercel.app/_next/static/chunks/261cq39jf3lqt.js:1:817 @ https://navi-next.vercel.app/_next/static/chunks/261cq39jf3lqt.js:0
[  234684ms] [ERROR] TypeError: Cannot read properties of undefined (reading 'replace')
    at hR.url (https://navi-next.vercel.app/_next/static/chunks/261cq39jf3lqt.js:2:204093)
    at X.<anonymous> (https://navi-next.vercel.app/_next/static/chunks/261cq39jf3lqt.js:2:375971)
    at Generator.next (<anonymous>)
    at https://navi-next.vercel.app/_next/static/chunks/261cq39jf3lqt.js:1:817
    at new Promise (<anonymous>)
    at Object.b [as _] (https://navi-next.vercel.app/_next/static/chunks/261cq39jf3lqt.js:1:566)
    at X.loadTile (https://navi-next.vercel.app/_next/static/chunks/261cq39jf3lqt.js:2:375913)
    at eC.<anonymous> (https://navi-next.vercel.app/_next/static/chunks/261cq39jf3lqt.js:2:414638)
    at Generator.next (<anonymous>)
    at https://navi-next.vercel.app/_next/static/chunks/261cq39jf3lqt.js:1:817 @ https://navi-next.vercel.app/_next/static/chunks/261cq39jf3lqt.js:0
[  234684ms] [ERROR] TypeError: Cannot read properties of undefined (reading 'replace')
    at hR.url (https://navi-next.vercel.app/_next/static/chunks/261cq39jf3lqt.js:2:204093)
    at X.<anonymous> (https://navi-next.vercel.app/_next/static/chunks/261cq39jf3lqt.js:2:375971)
    at Generator.next (<anonymous>)
    at https://navi-next.vercel.app/_next/static/chunks/261cq39jf3lqt.js:1:817
    at new Promise (<anonymous>)
    at Object.b [as _] (https://navi-next.vercel.app/_next/static/chunks/261cq39jf3lqt.js:1:566)
    at X.loadTile (https://navi-next.vercel.app/_next/static/chunks/261cq39jf3lqt.js:2:375913)
    at eC.<anonymous> (https://navi-next.vercel.app/_next/static/chunks/261cq39jf3lqt.js:2:414638)
    at Generator.next (<anonymous>)
    at https://navi-next.vercel.app/_next/static/chunks/261cq39jf3lqt.js:1:817 @ https://navi-next.vercel.app/_next/static/chunks/261cq39jf3lqt.js:0
[  234684ms] [ERROR] TypeError: Cannot read properties of undefined (reading 'replace')
    at hR.url (https://navi-next.vercel.app/_next/static/chunks/261cq39jf3lqt.js:2:204093)
    at X.<anonymous> (https://navi-next.vercel.app/_next/static/chunks/261cq39jf3lqt.js:2:375971)
    at Generator.next (<anonymous>)
    at https://navi-next.vercel.app/_next/static/chunks/261cq39jf3lqt.js:1:817
    at new Promise (<anonymous>)
    at Object.b [as _] (https://navi-next.vercel.app/_next/static/chunks/261cq39jf3lqt.js:1:566)
    at X.loadTile (https://navi-next.vercel.app/_next/static/chunks/261cq39jf3lqt.js:2:375913)
    at eC.<anonymous> (https://navi-next.vercel.app/_next/static/chunks/261cq39jf3lqt.js:2:414638)
    at Generator.next (<anonymous>)
    at https://navi-next.vercel.app/_next/static/chunks/261cq39jf3lqt.js:1:817 @ https://navi-next.vercel.app/_next/static/chunks/261cq39jf3lqt.js:0
[  234691ms] [ERROR] TypeError: Cannot read properties of undefined (reading 'replace')
    at hR.url (https://navi-next.vercel.app/_next/static/chunks/261cq39jf3lqt.js:2:204093)
    at X.<anonymous> (https://navi-next.vercel.app/_next/static/chunks/261cq39jf3lqt.js:2:375971)
    at Generator.next (<anonymous>)
    at https://navi-next.vercel.app/_next/static/chunks/261cq39jf3lqt.js:1:817
    at new Promise (<anonymous>)
    at Object.b [as _] (https://navi-next.vercel.app/_next/static/chunks/261cq39jf3lqt.js:1:566)
    at X.loadTile (https://navi-next.vercel.app/_next/static/chunks/261cq39jf3lqt.js:2:375913)
    at eC.<anonymous> (https://navi-next.vercel.app/_next/static/chunks/261cq39jf3lqt.js:2:414638)
    at Generator.next (<anonymous>)
    at https://navi-next.vercel.app/_next/static/chunks/261cq39jf3lqt.js:1:817 @ https://navi-next.vercel.app/_next/static/chunks/261cq39jf3lqt.js:0
[  234691ms] [ERROR] TypeError: Cannot read properties of undefined (reading 'replace')
    at hR.url (https://navi-next.vercel.app/_next/static/chunks/261cq39jf3lqt.js:2:204093)
    at X.<anonymous> (https://navi-next.vercel.app/_next/static/chunks/261cq39jf3lqt.js:2:375971)
    at Generator.next (<anonymous>)
    at https://navi-next.vercel.app/_next/static/chunks/261cq39jf3lqt.js:1:817
    at new Promise (<anonymous>)
    at Object.b [as _] (https://navi-next.vercel.app/_next/static/chunks/261cq39jf3lqt.js:1:566)
    at X.loadTile (https://navi-next.vercel.app/_next/static/chunks/261cq39jf3lqt.js:2:375913)
    at eC.<anonymous> (https://navi-next.vercel.app/_next/static/chunks/261cq39jf3lqt.js:2:414638)
    at Generator.next (<anonymous>)
    at https://navi-next.vercel.app/_next/static/chunks/261cq39jf3lqt.js:1:817 @ https://navi-next.vercel.app/_next/static/chunks/261cq39jf3lqt.js:0
[  234700ms] [ERROR] TypeError: Cannot read properties of undefined (reading 'replace')
    at hR.url (https://navi-next.vercel.app/_next/static/chunks/261cq39jf3lqt.js:2:204093)
    at X.<anonymous> (https://navi-next.vercel.app/_next/static/chunks/261cq39jf3lqt.js:2:375971)
    at Generator.next (<anonymous>)
    at https://navi-next.vercel.app/_next/static/chunks/261cq39jf3lqt.js:1:817
    at new Promise (<anonymous>)
    at Object.b [as _] (https://navi-next.vercel.app/_next/static/chunks/261cq39jf3lqt.js:1:566)
    at X.loadTile (https://navi-next.vercel.app/_next/static/chunks/261cq39jf3lqt.js:2:375913)
    at eC.<anonymous> (https://navi-next.vercel.app/_next/static/chunks/261cq39jf3lqt.js:2:414638)
    at Generator.next (<anonymous>)
    at https://navi-next.vercel.app/_next/static/chunks/261cq39jf3lqt.js:1:817 @ https://navi-next.vercel.app/_next/static/chunks/261cq39jf3lqt.js:0
[  234700ms] [ERROR] TypeError: Cannot read properties of undefined (reading 'replace')
    at hR.url (https://navi-next.vercel.app/_next/static/chunks/261cq39jf3lqt.js:2:204093)
    at X.<anonymous> (https://navi-next.vercel.app/_next/static/chunks/261cq39jf3lqt.js:2:375971)
    at Generator.next (<anonymous>)
    at https://navi-next.vercel.app/_next/static/chunks/261cq39jf3lqt.js:1:817
    at new Promise (<anonymous>)
    at Object.b [as _] (https://navi-next.vercel.app/_next/static/chunks/261cq39jf3lqt.js:1:566)
    at X.loadTile (https://navi-next.vercel.app/_next/static/chunks/261cq39jf3lqt.js:2:375913)
    at eC.<anonymous> (https://navi-next.vercel.app/_next/static/chunks/261cq39jf3lqt.js:2:414638)
    at Generator.next (<anonymous>)
    at https://navi-next.vercel.app/_next/static/chunks/261cq39jf3lqt.js:1:817 @ https://navi-next.vercel.app/_next/static/chunks/261cq39jf3lqt.js:0
[  234733ms] [ERROR] TypeError: Cannot read properties of undefined (reading 'replace')
    at hR.url (https://navi-next.vercel.app/_next/static/chunks/261cq39jf3lqt.js:2:204093)
    at X.<anonymous> (https://navi-next.vercel.app/_next/static/chunks/261cq39jf3lqt.js:2:375971)
    at Generator.next (<anonymous>)
    at https://navi-next.vercel.app/_next/static/chunks/261cq39jf3lqt.js:1:817
    at new Promise (<anonymous>)
    at Object.b [as _] (https://navi-next.vercel.app/_next/static/chunks/261cq39jf3lqt.js:1:566)
    at X.loadTile (https://navi-next.vercel.app/_next/static/chunks/261cq39jf3lqt.js:2:375913)
    at eC.<anonymous> (https://navi-next.vercel.app/_next/static/chunks/261cq39jf3lqt.js:2:414638)
    at Generator.next (<anonymous>)
    at https://navi-next.vercel.app/_next/static/chunks/261cq39jf3lqt.js:1:817 @ https://navi-next.vercel.app/_next/static/chunks/261cq39jf3lqt.js:0
[  235725ms] [ERROR] TypeError: Cannot read properties of undefined (reading 'replace')
    at hR.url (https://navi-next.vercel.app/_next/static/chunks/261cq39jf3lqt.js:2:204093)
    at X.<anonymous> (https://navi-next.vercel.app/_next/static/chunks/261cq39jf3lqt.js:2:375971)
    at Generator.next (<anonymous>)
    at https://navi-next.vercel.app/_next/static/chunks/261cq39jf3lqt.js:1:817
    at new Promise (<anonymous>)
    at Object.b [as _] (https://navi-next.vercel.app/_next/static/chunks/261cq39jf3lqt.js:1:566)
    at X.loadTile (https://navi-next.vercel.app/_next/static/chunks/261cq39jf3lqt.js:2:375913)
    at eC.<anonymous> (https://navi-next.vercel.app/_next/static/chunks/261cq39jf3lqt.js:2:414638)
    at Generator.next (<anonymous>)
    at https://navi-next.vercel.app/_next/static/chunks/261cq39jf3lqt.js:1:817 @ https://navi-next.vercel.app/_next/static/chunks/261cq39jf3lqt.js:0
[  235825ms] [ERROR] TypeError: Cannot read properties of undefined (reading 'replace')
    at hR.url (https://navi-next.vercel.app/_next/static/chunks/261cq39jf3lqt.js:2:204093)
    at X.<anonymous> (https://navi-next.vercel.app/_next/static/chunks/261cq39jf3lqt.js:2:375971)
    at Generator.next (<anonymous>)
    at https://navi-next.vercel.app/_next/static/chunks/261cq39jf3lqt.js:1:817
    at new Promise (<anonymous>)
    at Object.b [as _] (https://navi-next.vercel.app/_next/static/chunks/261cq39jf3lqt.js:1:566)
    at X.loadTile (https://navi-next.vercel.app/_next/static/chunks/261cq39jf3lqt.js:2:375913)
    at eC.<anonymous> (https://navi-next.vercel.app/_next/static/chunks/261cq39jf3lqt.js:2:414638)
    at Generator.next (<anonymous>)
    at https://navi-next.vercel.app/_next/static/chunks/261cq39jf3lqt.js:1:817 @ https://navi-next.vercel.app/_next/static/chunks/261cq39jf3lqt.js:0
[  235866ms] [ERROR] TypeError: Cannot read properties of undefined (reading 'replace')
    at hR.url (https://navi-next.vercel.app/_next/static/chunks/261cq39jf3lqt.js:2:204093)
    at X.<anonymous> (https://navi-next.vercel.app/_next/static/chunks/261cq39jf3lqt.js:2:375971)
    at Generator.next (<anonymous>)
    at https://navi-next.vercel.app/_next/static/chunks/261cq39jf3lqt.js:1:817
    at new Promise (<anonymous>)
    at Object.b [as _] (https://navi-next.vercel.app/_next/static/chunks/261cq39jf3lqt.js:1:566)
    at X.loadTile (https://navi-next.vercel.app/_next/static/chunks/261cq39jf3lqt.js:2:375913)
    at eC.<anonymous> (https://navi-next.vercel.app/_next/static/chunks/261cq39jf3lqt.js:2:414638)
    at Generator.next (<anonymous>)
    at https://navi-next.vercel.app/_next/static/chunks/261cq39jf3lqt.js:1:817 @ https://navi-next.vercel.app/_next/static/chunks/261cq39jf3lqt.js:0
[  236067ms] [ERROR] TypeError: Cannot read properties of undefined (reading 'replace')
    at hR.url (https://navi-next.vercel.app/_next/static/chunks/261cq39jf3lqt.js:2:204093)
    at X.<anonymous> (https://navi-next.vercel.app/_next/static/chunks/261cq39jf3lqt.js:2:375971)
    at Generator.next (<anonymous>)
    at https://navi-next.vercel.app/_next/static/chunks/261cq39jf3lqt.js:1:817
    at new Promise (<anonymous>)
    at Object.b [as _] (https://navi-next.vercel.app/_next/static/chunks/261cq39jf3lqt.js:1:566)
    at X.loadTile (https://navi-next.vercel.app/_next/static/chunks/261cq39jf3lqt.js:2:375913)
    at eC.<anonymous> (https://navi-next.vercel.app/_next/static/chunks/261cq39jf3lqt.js:2:414638)
    at Generator.next (<anonymous>)
    at https://navi-next.vercel.app/_next/static/chunks/261cq39jf3lqt.js:1:817 @ https://navi-next.vercel.app/_next/static/chunks/261cq39jf3lqt.js:0
[  236199ms] [ERROR] TypeError: Cannot read properties of undefined (reading 'replace')
    at hR.url (https://navi-next.vercel.app/_next/static/chunks/261cq39jf3lqt.js:2:204093)
    at X.<anonymous> (https://navi-next.vercel.app/_next/static/chunks/261cq39jf3lqt.js:2:375971)
    at Generator.next (<anonymous>)
    at https://navi-next.vercel.app/_next/static/chunks/261cq39jf3lqt.js:1:817
    at new Promise (<anonymous>)
    at Object.b [as _] (https://navi-next.vercel.app/_next/static/chunks/261cq39jf3lqt.js:1:566)
    at X.loadTile (https://navi-next.vercel.app/_next/static/chunks/261cq39jf3lqt.js:2:375913)
    at eC.<anonymous> (https://navi-next.vercel.app/_next/static/chunks/261cq39jf3lqt.js:2:414638)
    at Generator.next (<anonymous>)
    at https://navi-next.vercel.app/_next/static/chunks/261cq39jf3lqt.js:1:817 @ https://navi-next.vercel.app/_next/static/chunks/261cq39jf3lqt.js:0
[  236341ms] [ERROR] TypeError: Cannot read properties of undefined (reading 'replace')
    at hR.url (https://navi-next.vercel.app/_next/static/chunks/261cq39jf3lqt.js:2:204093)
    at X.<anonymous> (https://navi-next.vercel.app/_next/static/chunks/261cq39jf3lqt.js:2:375971)
    at Generator.next (<anonymous>)
    at https://navi-next.vercel.app/_next/static/chunks/261cq39jf3lqt.js:1:817
    at new Promise (<anonymous>)
    at Object.b [as _] (https://navi-next.vercel.app/_next/static/chunks/261cq39jf3lqt.js:1:566)
    at X.loadTile (https://navi-next.vercel.app/_next/static/chunks/261cq39jf3lqt.js:2:375913)
    at eC.<anonymous> (https://navi-next.vercel.app/_next/static/chunks/261cq39jf3lqt.js:2:414638)
    at Generator.next (<anonymous>)
    at https://navi-next.vercel.app/_next/static/chunks/261cq39jf3lqt.js:1:817 @ https://navi-next.vercel.app/_next/static/chunks/261cq39jf3lqt.js:0
[  236350ms] [ERROR] TypeError: Cannot read properties of undefined (reading 'replace')
    at hR.url (https://navi-next.vercel.app/_next/static/chunks/261cq39jf3lqt.js:2:204093)
    at X.<anonymous> (https://navi-next.vercel.app/_next/static/chunks/261cq39jf3lqt.js:2:375971)
    at Generator.next (<anonymous>)
    at https://navi-next.vercel.app/_next/static/chunks/261cq39jf3lqt.js:1:817
    at new Promise (<anonymous>)
    at Object.b [as _] (https://navi-next.vercel.app/_next/static/chunks/261cq39jf3lqt.js:1:566)
    at X.loadTile (https://navi-next.vercel.app/_next/static/chunks/261cq39jf3lqt.js:2:375913)
    at eC.<anonymous> (https://navi-next.vercel.app/_next/static/chunks/261cq39jf3lqt.js:2:414638)
    at Generator.next (<anonymous>)
    at https://navi-next.vercel.app/_next/static/chunks/261cq39jf3lqt.js:1:817 @ https://navi-next.vercel.app/_next/static/chunks/261cq39jf3lqt.js:0
[  236350ms] [ERROR] TypeError: Cannot read properties of undefined (reading 'replace')
    at hR.url (https://navi-next.vercel.app/_next/static/chunks/261cq39jf3lqt.js:2:204093)
    at X.<anonymous> (https://navi-next.vercel.app/_next/static/chunks/261cq39jf3lqt.js:2:375971)
    at Generator.next (<anonymous>)
    at https://navi-next.vercel.app/_next/static/chunks/261cq39jf3lqt.js:1:817
    at new Promise (<anonymous>)
    at Object.b [as _] (https://navi-next.vercel.app/_next/static/chunks/261cq39jf3lqt.js:1:566)
    at X.loadTile (https://navi-next.vercel.app/_next/static/chunks/261cq39jf3lqt.js:2:375913)
    at eC.<anonymous> (https://navi-next.vercel.app/_next/static/chunks/261cq39jf3lqt.js:2:414638)
    at Generator.next (<anonymous>)
    at https://navi-next.vercel.app/_next/static/chunks/261cq39jf3lqt.js:1:817 @ https://navi-next.vercel.app/_next/static/chunks/261cq39jf3lqt.js:0
[  236358ms] [ERROR] TypeError: Cannot read properties of undefined (reading 'replace')
    at hR.url (https://navi-next.vercel.app/_next/static/chunks/261cq39jf3lqt.js:2:204093)
    at X.<anonymous> (https://navi-next.vercel.app/_next/static/chunks/261cq39jf3lqt.js:2:375971)
    at Generator.next (<anonymous>)
    at https://navi-next.vercel.app/_next/static/chunks/261cq39jf3lqt.js:1:817
    at new Promise (<anonymous>)
    at Object.b [as _] (https://navi-next.vercel.app/_next/static/chunks/261cq39jf3lqt.js:1:566)
    at X.loadTile (https://navi-next.vercel.app/_next/static/chunks/261cq39jf3lqt.js:2:375913)
    at eC.<anonymous> (https://navi-next.vercel.app/_next/static/chunks/261cq39jf3lqt.js:2:414638)
    at Generator.next (<anonymous>)
    at https://navi-next.vercel.app/_next/static/chunks/261cq39jf3lqt.js:1:817 @ https://navi-next.vercel.app/_next/static/chunks/261cq39jf3lqt.js:0
[  236417ms] [ERROR] TypeError: Cannot read properties of undefined (reading 'replace')
    at hR.url (https://navi-next.vercel.app/_next/static/chunks/261cq39jf3lqt.js:2:204093)
    at X.<anonymous> (https://navi-next.vercel.app/_next/static/chunks/261cq39jf3lqt.js:2:375971)
    at Generator.next (<anonymous>)
    at https://navi-next.vercel.app/_next/static/chunks/261cq39jf3lqt.js:1:817
    at new Promise (<anonymous>)
    at Object.b [as _] (https://navi-next.vercel.app/_next/static/chunks/261cq39jf3lqt.js:1:566)
    at X.loadTile (https://navi-next.vercel.app/_next/static/chunks/261cq39jf3lqt.js:2:375913)
    at eC.<anonymous> (https://navi-next.vercel.app/_next/static/chunks/261cq39jf3lqt.js:2:414638)
    at Generator.next (<anonymous>)
    at https://navi-next.vercel.app/_next/static/chunks/261cq39jf3lqt.js:1:817 @ https://navi-next.vercel.app/_next/static/chunks/261cq39jf3lqt.js:0
[  236425ms] [ERROR] TypeError: Cannot read properties of undefined (reading 'replace')
    at hR.url (https://navi-next.vercel.app/_next/static/chunks/261cq39jf3lqt.js:2:204093)
    at X.<anonymous> (https://navi-next.vercel.app/_next/static/chunks/261cq39jf3lqt.js:2:375971)
    at Generator.next (<anonymous>)
    at https://navi-next.vercel.app/_next/static/chunks/261cq39jf3lqt.js:1:817
    at new Promise (<anonymous>)
    at Object.b [as _] (https://navi-next.vercel.app/_next/static/chunks/261cq39jf3lqt.js:1:566)
    at X.loadTile (https://navi-next.vercel.app/_next/static/chunks/261cq39jf3lqt.js:2:375913)
    at eC.<anonymous> (https://navi-next.vercel.app/_next/static/chunks/261cq39jf3lqt.js:2:414638)
    at Generator.next (<anonymous>)
    at https://navi-next.vercel.app/_next/static/chunks/261cq39jf3lqt.js:1:817 @ https://navi-next.vercel.app/_next/static/chunks/261cq39jf3lqt.js:0
[  238134ms] [ERROR] TypeError: Cannot read properties of undefined (reading 'replace')
    at hR.url (https://navi-next.vercel.app/_next/static/chunks/261cq39jf3lqt.js:2:204093)
    at X.<anonymous> (https://navi-next.vercel.app/_next/static/chunks/261cq39jf3lqt.js:2:375971)
    at Generator.next (<anonymous>)
    at https://navi-next.vercel.app/_next/static/chunks/261cq39jf3lqt.js:1:817
    at new Promise (<anonymous>)
    at Object.b [as _] (https://navi-next.vercel.app/_next/static/chunks/261cq39jf3lqt.js:1:566)
    at X.loadTile (https://navi-next.vercel.app/_next/static/chunks/261cq39jf3lqt.js:2:375913)
    at eC.<anonymous> (https://navi-next.vercel.app/_next/static/chunks/261cq39jf3lqt.js:2:414638)
    at Generator.next (<anonymous>)
    at https://navi-next.vercel.app/_next/static/chunks/261cq39jf3lqt.js:1:817 @ https://navi-next.vercel.app/_next/static/chunks/261cq39jf3lqt.js:0
[  238137ms] [ERROR] TypeError: Cannot read properties of undefined (reading 'replace')
    at hR.url (https://navi-next.vercel.app/_next/static/chunks/261cq39jf3lqt.js:2:204093)
    at X.<anonymous> (https://navi-next.vercel.app/_next/static/chunks/261cq39jf3lqt.js:2:375971)
    at Generator.next (<anonymous>)
    at https://navi-next.vercel.app/_next/static/chunks/261cq39jf3lqt.js:1:817
    at new Promise (<anonymous>)
    at Object.b [as _] (https://navi-next.vercel.app/_next/static/chunks/261cq39jf3lqt.js:1:566)
    at X.loadTile (https://navi-next.vercel.app/_next/static/chunks/261cq39jf3lqt.js:2:375913)
    at eC.<anonymous> (https://navi-next.vercel.app/_next/static/chunks/261cq39jf3lqt.js:2:414638)
    at Generator.next (<anonymous>)
    at https://navi-next.vercel.app/_next/static/chunks/261cq39jf3lqt.js:1:817 @ https://navi-next.vercel.app/_next/static/chunks/261cq39jf3lqt.js:0
[  238141ms] [ERROR] TypeError: Cannot read properties of undefined (reading 'replace')
    at hR.url (https://navi-next.vercel.app/_next/static/chunks/261cq39jf3lqt.js:2:204093)
    at X.<anonymous> (https://navi-next.vercel.app/_next/static/chunks/261cq39jf3lqt.js:2:375971)
    at Generator.next (<anonymous>)
    at https://navi-next.vercel.app/_next/static/chunks/261cq39jf3lqt.js:1:817
    at new Promise (<anonymous>)
    at Object.b [as _] (https://navi-next.vercel.app/_next/static/chunks/261cq39jf3lqt.js:1:566)
    at X.loadTile (https://navi-next.vercel.app/_next/static/chunks/261cq39jf3lqt.js:2:375913)
    at eC.<anonymous> (https://navi-next.vercel.app/_next/static/chunks/261cq39jf3lqt.js:2:414638)
    at Generator.next (<anonymous>)
    at https://navi-next.vercel.app/_next/static/chunks/261cq39jf3lqt.js:1:817 @ https://navi-next.vercel.app/_next/static/chunks/261cq39jf3lqt.js:0
[  238150ms] [ERROR] TypeError: Cannot read properties of undefined (reading 'replace')
    at hR.url (https://navi-next.vercel.app/_next/static/chunks/261cq39jf3lqt.js:2:204093)
    at X.<anonymous> (https://navi-next.vercel.app/_next/static/chunks/261cq39jf3lqt.js:2:375971)
    at Generator.next (<anonymous>)
    at https://navi-next.vercel.app/_next/static/chunks/261cq39jf3lqt.js:1:817
    at new Promise (<anonymous>)
    at Object.b [as _] (https://navi-next.vercel.app/_next/static/chunks/261cq39jf3lqt.js:1:566)
    at X.loadTile (https://navi-next.vercel.app/_next/static/chunks/261cq39jf3lqt.js:2:375913)
    at eC.<anonymous> (https://navi-next.vercel.app/_next/static/chunks/261cq39jf3lqt.js:2:414638)
    at Generator.next (<anonymous>)
    at https://navi-next.vercel.app/_next/static/chunks/261cq39jf3lqt.js:1:817 @ https://navi-next.vercel.app/_next/static/chunks/261cq39jf3lqt.js:0
[  238167ms] [ERROR] TypeError: Cannot read properties of undefined (reading 'replace')
    at hR.url (https://navi-next.vercel.app/_next/static/chunks/261cq39jf3lqt.js:2:204093)
    at X.<anonymous> (https://navi-next.vercel.app/_next/static/chunks/261cq39jf3lqt.js:2:375971)
    at Generator.next (<anonymous>)
    at https://navi-next.vercel.app/_next/static/chunks/261cq39jf3lqt.js:1:817
    at new Promise (<anonymous>)
    at Object.b [as _] (https://navi-next.vercel.app/_next/static/chunks/261cq39jf3lqt.js:1:566)
    at X.loadTile (https://navi-next.vercel.app/_next/static/chunks/261cq39jf3lqt.js:2:375913)
    at eC.<anonymous> (https://navi-next.vercel.app/_next/static/chunks/261cq39jf3lqt.js:2:414638)
    at Generator.next (<anonymous>)
    at https://navi-next.vercel.app/_next/static/chunks/261cq39jf3lqt.js:1:817 @ https://navi-next.vercel.app/_next/static/chunks/261cq39jf3lqt.js:0
[  238175ms] [ERROR] TypeError: Cannot read properties of undefined (reading 'replace')
    at hR.url (https://navi-next.vercel.app/_next/static/chunks/261cq39jf3lqt.js:2:204093)
    at X.<anonymous> (https://navi-next.vercel.app/_next/static/chunks/261cq39jf3lqt.js:2:375971)
    at Generator.next (<anonymous>)
    at https://navi-next.vercel.app/_next/static/chunks/261cq39jf3lqt.js:1:817
    at new Promise (<anonymous>)
    at Object.b [as _] (https://navi-next.vercel.app/_next/static/chunks/261cq39jf3lqt.js:1:566)
    at X.loadTile (https://navi-next.vercel.app/_next/static/chunks/261cq39jf3lqt.js:2:375913)
    at eC.<anonymous> (https://navi-next.vercel.app/_next/static/chunks/261cq39jf3lqt.js:2:414638)
    at Generator.next (<anonymous>)
    at https://navi-next.vercel.app/_next/static/chunks/261cq39jf3lqt.js:1:817 @ https://navi-next.vercel.app/_next/static/chunks/261cq39jf3lqt.js:0
[  238183ms] [ERROR] TypeError: Cannot read properties of undefined (reading 'replace')
    at hR.url (https://navi-next.vercel.app/_next/static/chunks/261cq39jf3lqt.js:2:204093)
    at X.<anonymous> (https://navi-next.vercel.app/_next/static/chunks/261cq39jf3lqt.js:2:375971)
    at Generator.next (<anonymous>)
    at https://navi-next.vercel.app/_next/static/chunks/261cq39jf3lqt.js:1:817
    at new Promise (<anonymous>)
    at Object.b [as _] (https://navi-next.vercel.app/_next/static/chunks/261cq39jf3lqt.js:1:566)
    at X.loadTile (https://navi-next.vercel.app/_next/static/chunks/261cq39jf3lqt.js:2:375913)
    at eC.<anonymous> (https://navi-next.vercel.app/_next/static/chunks/261cq39jf3lqt.js:2:414638)
    at Generator.next (<anonymous>)
    at https://navi-next.vercel.app/_next/static/chunks/261cq39jf3lqt.js:1:817 @ https://navi-next.vercel.app/_next/static/chunks/261cq39jf3lqt.js:0
[  238192ms] [ERROR] TypeError: Cannot read properties of undefined (reading 'replace')
    at hR.url (https://navi-next.vercel.app/_next/static/chunks/261cq39jf3lqt.js:2:204093)
    at X.<anonymous> (https://navi-next.vercel.app/_next/static/chunks/261cq39jf3lqt.js:2:375971)
    at Generator.next (<anonymous>)
    at https://navi-next.vercel.app/_next/static/chunks/261cq39jf3lqt.js:1:817
    at new Promise (<anonymous>)
    at Object.b [as _] (https://navi-next.vercel.app/_next/static/chunks/261cq39jf3lqt.js:1:566)
    at X.loadTile (https://navi-next.vercel.app/_next/static/chunks/261cq39jf3lqt.js:2:375913)
    at eC.<anonymous> (https://navi-next.vercel.app/_next/static/chunks/261cq39jf3lqt.js:2:414638)
    at Generator.next (<anonymous>)
    at https://navi-next.vercel.app/_next/static/chunks/261cq39jf3lqt.js:1:817 @ https://navi-next.vercel.app/_next/static/chunks/261cq39jf3lqt.js:0
[  238525ms] [ERROR] TypeError: Cannot read properties of undefined (reading 'replace')
    at hR.url (https://navi-next.vercel.app/_next/static/chunks/261cq39jf3lqt.js:2:204093)
    at X.<anonymous> (https://navi-next.vercel.app/_next/static/chunks/261cq39jf3lqt.js:2:375971)
    at Generator.next (<anonymous>)
    at https://navi-next.vercel.app/_next/static/chunks/261cq39jf3lqt.js:1:817
    at new Promise (<anonymous>)
    at Object.b [as _] (https://navi-next.vercel.app/_next/static/chunks/261cq39jf3lqt.js:1:566)
    at X.loadTile (https://navi-next.vercel.app/_next/static/chunks/261cq39jf3lqt.js:2:375913)
    at eC.<anonymous> (https://navi-next.vercel.app/_next/static/chunks/261cq39jf3lqt.js:2:414638)
    at Generator.next (<anonymous>)
    at https://navi-next.vercel.app/_next/static/chunks/261cq39jf3lqt.js:1:817 @ https://navi-next.vercel.app/_next/static/chunks/261cq39jf3lqt.js:0
[  238534ms] [ERROR] TypeError: Cannot read properties of undefined (reading 'replace')
    at hR.url (https://navi-next.vercel.app/_next/static/chunks/261cq39jf3lqt.js:2:204093)
    at X.<anonymous> (https://navi-next.vercel.app/_next/static/chunks/261cq39jf3lqt.js:2:375971)
    at Generator.next (<anonymous>)
    at https://navi-next.vercel.app/_next/static/chunks/261cq39jf3lqt.js:1:817
    at new Promise (<anonymous>)
    at Object.b [as _] (https://navi-next.vercel.app/_next/static/chunks/261cq39jf3lqt.js:1:566)
    at X.loadTile (https://navi-next.vercel.app/_next/static/chunks/261cq39jf3lqt.js:2:375913)
    at eC.<anonymous> (https://navi-next.vercel.app/_next/static/chunks/261cq39jf3lqt.js:2:414638)
    at Generator.next (<anonymous>)
    at https://navi-next.vercel.app/_next/static/chunks/261cq39jf3lqt.js:1:817 @ https://navi-next.vercel.app/_next/static/chunks/261cq39jf3lqt.js:0
[  238542ms] [ERROR] TypeError: Cannot read properties of undefined (reading 'replace')
    at hR.url (https://navi-next.vercel.app/_next/static/chunks/261cq39jf3lqt.js:2:204093)
    at X.<anonymous> (https://navi-next.vercel.app/_next/static/chunks/261cq39jf3lqt.js:2:375971)
    at Generator.next (<anonymous>)
    at https://navi-next.vercel.app/_next/static/chunks/261cq39jf3lqt.js:1:817
    at new Promise (<anonymous>)
    at Object.b [as _] (https://navi-next.vercel.app/_next/static/chunks/261cq39jf3lqt.js:1:566)
    at X.loadTile (https://navi-next.vercel.app/_next/static/chunks/261cq39jf3lqt.js:2:375913)
    at eC.<anonymous> (https://navi-next.vercel.app/_next/static/chunks/261cq39jf3lqt.js:2:414638)
    at Generator.next (<anonymous>)
    at https://navi-next.vercel.app/_next/static/chunks/261cq39jf3lqt.js:1:817 @ https://navi-next.vercel.app/_next/static/chunks/261cq39jf3lqt.js:0
[  238609ms] [ERROR] TypeError: Cannot read properties of undefined (reading 'replace')
    at hR.url (https://navi-next.vercel.app/_next/static/chunks/261cq39jf3lqt.js:2:204093)
    at X.<anonymous> (https://navi-next.vercel.app/_next/static/chunks/261cq39jf3lqt.js:2:375971)
    at Generator.next (<anonymous>)
    at https://navi-next.vercel.app/_next/static/chunks/261cq39jf3lqt.js:1:817
    at new Promise (<anonymous>)
    at Object.b [as _] (https://navi-next.vercel.app/_next/static/chunks/261cq39jf3lqt.js:1:566)
    at X.loadTile (https://navi-next.vercel.app/_next/static/chunks/261cq39jf3lqt.js:2:375913)
    at eC.<anonymous> (https://navi-next.vercel.app/_next/static/chunks/261cq39jf3lqt.js:2:414638)
    at Generator.next (<anonymous>)
    at https://navi-next.vercel.app/_next/static/chunks/261cq39jf3lqt.js:1:817 @ https://navi-next.vercel.app/_next/static/chunks/261cq39jf3lqt.js:0
[  238617ms] [ERROR] TypeError: Cannot read properties of undefined (reading 'replace')
    at hR.url (https://navi-next.vercel.app/_next/static/chunks/261cq39jf3lqt.js:2:204093)
    at X.<anonymous> (https://navi-next.vercel.app/_next/static/chunks/261cq39jf3lqt.js:2:375971)
    at Generator.next (<anonymous>)
    at https://navi-next.vercel.app/_next/static/chunks/261cq39jf3lqt.js:1:817
    at new Promise (<anonymous>)
    at Object.b [as _] (https://navi-next.vercel.app/_next/static/chunks/261cq39jf3lqt.js:1:566)
    at X.loadTile (https://navi-next.vercel.app/_next/static/chunks/261cq39jf3lqt.js:2:375913)
    at eC.<anonymous> (https://navi-next.vercel.app/_next/static/chunks/261cq39jf3lqt.js:2:414638)
    at Generator.next (<anonymous>)
    at https://navi-next.vercel.app/_next/static/chunks/261cq39jf3lqt.js:1:817 @ https://navi-next.vercel.app/_next/static/chunks/261cq39jf3lqt.js:0
[  238618ms] [ERROR] TypeError: Cannot read properties of undefined (reading 'replace')
    at hR.url (https://navi-next.vercel.app/_next/static/chunks/261cq39jf3lqt.js:2:204093)
    at X.<anonymous> (https://navi-next.vercel.app/_next/static/chunks/261cq39jf3lqt.js:2:375971)
    at Generator.next (<anonymous>)
    at https://navi-next.vercel.app/_next/static/chunks/261cq39jf3lqt.js:1:817
    at new Promise (<anonymous>)
    at Object.b [as _] (https://navi-next.vercel.app/_next/static/chunks/261cq39jf3lqt.js:1:566)
    at X.loadTile (https://navi-next.vercel.app/_next/static/chunks/261cq39jf3lqt.js:2:375913)
    at eC.<anonymous> (https://navi-next.vercel.app/_next/static/chunks/261cq39jf3lqt.js:2:414638)
    at Generator.next (<anonymous>)
    at https://navi-next.vercel.app/_next/static/chunks/261cq39jf3lqt.js:1:817 @ https://navi-next.vercel.app/_next/static/chunks/261cq39jf3lqt.js:0
[  238625ms] [ERROR] TypeError: Cannot read properties of undefined (reading 'replace')
    at hR.url (https://navi-next.vercel.app/_next/static/chunks/261cq39jf3lqt.js:2:204093)
    at X.<anonymous> (https://navi-next.vercel.app/_next/static/chunks/261cq39jf3lqt.js:2:375971)
    at Generator.next (<anonymous>)
    at https://navi-next.vercel.app/_next/static/chunks/261cq39jf3lqt.js:1:817
    at new Promise (<anonymous>)
    at Object.b [as _] (https://navi-next.vercel.app/_next/static/chunks/261cq39jf3lqt.js:1:566)
    at X.loadTile (https://navi-next.vercel.app/_next/static/chunks/261cq39jf3lqt.js:2:375913)
    at eC.<anonymous> (https://navi-next.vercel.app/_next/static/chunks/261cq39jf3lqt.js:2:414638)
    at Generator.next (<anonymous>)
    at https://navi-next.vercel.app/_next/static/chunks/261cq39jf3lqt.js:1:817 @ https://navi-next.vercel.app/_next/static/chunks/261cq39jf3lqt.js:0
[  238625ms] [ERROR] TypeError: Cannot read properties of undefined (reading 'replace')
    at hR.url (https://navi-next.vercel.app/_next/static/chunks/261cq39jf3lqt.js:2:204093)
    at X.<anonymous> (https://navi-next.vercel.app/_next/static/chunks/261cq39jf3lqt.js:2:375971)
    at Generator.next (<anonymous>)
    at https://navi-next.vercel.app/_next/static/chunks/261cq39jf3lqt.js:1:817
    at new Promise (<anonymous>)
    at Object.b [as _] (https://navi-next.vercel.app/_next/static/chunks/261cq39jf3lqt.js:1:566)
    at X.loadTile (https://navi-next.vercel.app/_next/static/chunks/261cq39jf3lqt.js:2:375913)
    at eC.<anonymous> (https://navi-next.vercel.app/_next/static/chunks/261cq39jf3lqt.js:2:414638)
    at Generator.next (<anonymous>)
    at https://navi-next.vercel.app/_next/static/chunks/261cq39jf3lqt.js:1:817 @ https://navi-next.vercel.app/_next/static/chunks/261cq39jf3lqt.js:0
[  238633ms] [ERROR] TypeError: Cannot read properties of undefined (reading 'replace')
    at hR.url (https://navi-next.vercel.app/_next/static/chunks/261cq39jf3lqt.js:2:204093)
    at X.<anonymous> (https://navi-next.vercel.app/_next/static/chunks/261cq39jf3lqt.js:2:375971)
    at Generator.next (<anonymous>)
    at https://navi-next.vercel.app/_next/static/chunks/261cq39jf3lqt.js:1:817
    at new Promise (<anonymous>)
    at Object.b [as _] (https://navi-next.vercel.app/_next/static/chunks/261cq39jf3lqt.js:1:566)
    at X.loadTile (https://navi-next.vercel.app/_next/static/chunks/261cq39jf3lqt.js:2:375913)
    at eC.<anonymous> (https://navi-next.vercel.app/_next/static/chunks/261cq39jf3lqt.js:2:414638)
    at Generator.next (<anonymous>)
    at https://navi-next.vercel.app/_next/static/chunks/261cq39jf3lqt.js:1:817 @ https://navi-next.vercel.app/_next/static/chunks/261cq39jf3lqt.js:0
[  238642ms] [ERROR] TypeError: Cannot read properties of undefined (reading 'replace')
    at hR.url (https://navi-next.vercel.app/_next/static/chunks/261cq39jf3lqt.js:2:204093)
    at X.<anonymous> (https://navi-next.vercel.app/_next/static/chunks/261cq39jf3lqt.js:2:375971)
    at Generator.next (<anonymous>)
    at https://navi-next.vercel.app/_next/static/chunks/261cq39jf3lqt.js:1:817
    at new Promise (<anonymous>)
    at Object.b [as _] (https://navi-next.vercel.app/_next/static/chunks/261cq39jf3lqt.js:1:566)
    at X.loadTile (https://navi-next.vercel.app/_next/static/chunks/261cq39jf3lqt.js:2:375913)
    at eC.<anonymous> (https://navi-next.vercel.app/_next/static/chunks/261cq39jf3lqt.js:2:414638)
    at Generator.next (<anonymous>)
    at https://navi-next.vercel.app/_next/static/chunks/261cq39jf3lqt.js:1:817 @ https://navi-next.vercel.app/_next/static/chunks/261cq39jf3lqt.js:0
[  239669ms] [ERROR] TypeError: Cannot read properties of undefined (reading 'replace')
    at hR.url (https://navi-next.vercel.app/_next/static/chunks/261cq39jf3lqt.js:2:204093)
    at X.<anonymous> (https://navi-next.vercel.app/_next/static/chunks/261cq39jf3lqt.js:2:375971)
    at Generator.next (<anonymous>)
    at https://navi-next.vercel.app/_next/static/chunks/261cq39jf3lqt.js:1:817
    at new Promise (<anonymous>)
    at Object.b [as _] (https://navi-next.vercel.app/_next/static/chunks/261cq39jf3lqt.js:1:566)
    at X.loadTile (https://navi-next.vercel.app/_next/static/chunks/261cq39jf3lqt.js:2:375913)
    at eC.<anonymous> (https://navi-next.vercel.app/_next/static/chunks/261cq39jf3lqt.js:2:414638)
    at Generator.next (<anonymous>)
    at https://navi-next.vercel.app/_next/static/chunks/261cq39jf3lqt.js:1:817 @ https://navi-next.vercel.app/_next/static/chunks/261cq39jf3lqt.js:0
[  239669ms] [ERROR] TypeError: Cannot read properties of undefined (reading 'replace')
    at hR.url (https://navi-next.vercel.app/_next/static/chunks/261cq39jf3lqt.js:2:204093)
    at X.<anonymous> (https://navi-next.vercel.app/_next/static/chunks/261cq39jf3lqt.js:2:375971)
    at Generator.next (<anonymous>)
    at https://navi-next.vercel.app/_next/static/chunks/261cq39jf3lqt.js:1:817
    at new Promise (<anonymous>)
    at Object.b [as _] (https://navi-next.vercel.app/_next/static/chunks/261cq39jf3lqt.js:1:566)
    at X.loadTile (https://navi-next.vercel.app/_next/static/chunks/261cq39jf3lqt.js:2:375913)
    at eC.<anonymous> (https://navi-next.vercel.app/_next/static/chunks/261cq39jf3lqt.js:2:414638)
    at Generator.next (<anonymous>)
    at https://navi-next.vercel.app/_next/static/chunks/261cq39jf3lqt.js:1:817 @ https://navi-next.vercel.app/_next/static/chunks/261cq39jf3lqt.js:0
[  239670ms] [ERROR] TypeError: Cannot read properties of undefined (reading 'replace')
    at hR.url (https://navi-next.vercel.app/_next/static/chunks/261cq39jf3lqt.js:2:204093)
    at X.<anonymous> (https://navi-next.vercel.app/_next/static/chunks/261cq39jf3lqt.js:2:375971)
    at Generator.next (<anonymous>)
    at https://navi-next.vercel.app/_next/static/chunks/261cq39jf3lqt.js:1:817
    at new Promise (<anonymous>)
    at Object.b [as _] (https://navi-next.vercel.app/_next/static/chunks/261cq39jf3lqt.js:1:566)
    at X.loadTile (https://navi-next.vercel.app/_next/static/chunks/261cq39jf3lqt.js:2:375913)
    at eC.<anonymous> (https://navi-next.vercel.app/_next/static/chunks/261cq39jf3lqt.js:2:414638)
    at Generator.next (<anonymous>)
    at https://navi-next.vercel.app/_next/static/chunks/261cq39jf3lqt.js:1:817 @ https://navi-next.vercel.app/_next/static/chunks/261cq39jf3lqt.js:0
[  239670ms] [ERROR] TypeError: Cannot read properties of undefined (reading 'replace')
    at hR.url (https://navi-next.vercel.app/_next/static/chunks/261cq39jf3lqt.js:2:204093)
    at X.<anonymous> (https://navi-next.vercel.app/_next/static/chunks/261cq39jf3lqt.js:2:375971)
    at Generator.next (<anonymous>)
    at https://navi-next.vercel.app/_next/static/chunks/261cq39jf3lqt.js:1:817
    at new Promise (<anonymous>)
    at Object.b [as _] (https://navi-next.vercel.app/_next/static/chunks/261cq39jf3lqt.js:1:566)
    at X.loadTile (https://navi-next.vercel.app/_next/static/chunks/261cq39jf3lqt.js:2:375913)
    at eC.<anonymous> (https://navi-next.vercel.app/_next/static/chunks/261cq39jf3lqt.js:2:414638)
    at Generator.next (<anonymous>)
    at https://navi-next.vercel.app/_next/static/chunks/261cq39jf3lqt.js:1:817 @ https://navi-next.vercel.app/_next/static/chunks/261cq39jf3lqt.js:0
[  239670ms] [ERROR] TypeError: Cannot read properties of undefined (reading 'replace')
    at hR.url (https://navi-next.vercel.app/_next/static/chunks/261cq39jf3lqt.js:2:204093)
    at X.<anonymous> (https://navi-next.vercel.app/_next/static/chunks/261cq39jf3lqt.js:2:375971)
    at Generator.next (<anonymous>)
    at https://navi-next.vercel.app/_next/static/chunks/261cq39jf3lqt.js:1:817
    at new Promise (<anonymous>)
    at Object.b [as _] (https://navi-next.vercel.app/_next/static/chunks/261cq39jf3lqt.js:1:566)
    at X.loadTile (https://navi-next.vercel.app/_next/static/chunks/261cq39jf3lqt.js:2:375913)
    at eC.<anonymous> (https://navi-next.vercel.app/_next/static/chunks/261cq39jf3lqt.js:2:414638)
    at Generator.next (<anonymous>)
    at https://navi-next.vercel.app/_next/static/chunks/261cq39jf3lqt.js:1:817 @ https://navi-next.vercel.app/_next/static/chunks/261cq39jf3lqt.js:0
[  239670ms] [ERROR] TypeError: Cannot read properties of undefined (reading 'replace')
    at hR.url (https://navi-next.vercel.app/_next/static/chunks/261cq39jf3lqt.js:2:204093)
    at X.<anonymous> (https://navi-next.vercel.app/_next/static/chunks/261cq39jf3lqt.js:2:375971)
    at Generator.next (<anonymous>)
    at https://navi-next.vercel.app/_next/static/chunks/261cq39jf3lqt.js:1:817
    at new Promise (<anonymous>)
    at Object.b [as _] (https://navi-next.vercel.app/_next/static/chunks/261cq39jf3lqt.js:1:566)
    at X.loadTile (https://navi-next.vercel.app/_next/static/chunks/261cq39jf3lqt.js:2:375913)
    at eC.<anonymous> (https://navi-next.vercel.app/_next/static/chunks/261cq39jf3lqt.js:2:414638)
    at Generator.next (<anonymous>)
    at https://navi-next.vercel.app/_next/static/chunks/261cq39jf3lqt.js:1:817 @ https://navi-next.vercel.app/_next/static/chunks/261cq39jf3lqt.js:0
[  239670ms] [ERROR] TypeError: Cannot read properties of undefined (reading 'replace')
    at hR.url (https://navi-next.vercel.app/_next/static/chunks/261cq39jf3lqt.js:2:204093)
    at X.<anonymous> (https://navi-next.vercel.app/_next/static/chunks/261cq39jf3lqt.js:2:375971)
    at Generator.next (<anonymous>)
    at https://navi-next.vercel.app/_next/static/chunks/261cq39jf3lqt.js:1:817
    at new Promise (<anonymous>)
    at Object.b [as _] (https://navi-next.vercel.app/_next/static/chunks/261cq39jf3lqt.js:1:566)
    at X.loadTile (https://navi-next.vercel.app/_next/static/chunks/261cq39jf3lqt.js:2:375913)
    at eC.<anonymous> (https://navi-next.vercel.app/_next/static/chunks/261cq39jf3lqt.js:2:414638)
    at Generator.next (<anonymous>)
    at https://navi-next.vercel.app/_next/static/chunks/261cq39jf3lqt.js:1:817 @ https://navi-next.vercel.app/_next/static/chunks/261cq39jf3lqt.js:0
[  239670ms] [ERROR] TypeError: Cannot read properties of undefined (reading 'replace')
    at hR.url (https://navi-next.vercel.app/_next/static/chunks/261cq39jf3lqt.js:2:204093)
    at X.<anonymous> (https://navi-next.vercel.app/_next/static/chunks/261cq39jf3lqt.js:2:375971)
    at Generator.next (<anonymous>)
    at https://navi-next.vercel.app/_next/static/chunks/261cq39jf3lqt.js:1:817
    at new Promise (<anonymous>)
    at Object.b [as _] (https://navi-next.vercel.app/_next/static/chunks/261cq39jf3lqt.js:1:566)
    at X.loadTile (https://navi-next.vercel.app/_next/static/chunks/261cq39jf3lqt.js:2:375913)
    at eC.<anonymous> (https://navi-next.vercel.app/_next/static/chunks/261cq39jf3lqt.js:2:414638)
    at Generator.next (<anonymous>)
    at https://navi-next.vercel.app/_next/static/chunks/261cq39jf3lqt.js:1:817 @ https://navi-next.vercel.app/_next/static/chunks/261cq39jf3lqt.js:0
[  239671ms] [ERROR] TypeError: Cannot read properties of undefined (reading 'replace')
    at hR.url (https://navi-next.vercel.app/_next/static/chunks/261cq39jf3lqt.js:2:204093)
    at X.<anonymous> (https://navi-next.vercel.app/_next/static/chunks/261cq39jf3lqt.js:2:375971)
    at Generator.next (<anonymous>)
    at https://navi-next.vercel.app/_next/static/chunks/261cq39jf3lqt.js:1:817
    at new Promise (<anonymous>)
    at Object.b [as _] (https://navi-next.vercel.app/_next/static/chunks/261cq39jf3lqt.js:1:566)
    at X.loadTile (https://navi-next.vercel.app/_next/static/chunks/261cq39jf3lqt.js:2:375913)
    at eC.<anonymous> (https://navi-next.vercel.app/_next/static/chunks/261cq39jf3lqt.js:2:414638)
    at Generator.next (<anonymous>)
    at https://navi-next.vercel.app/_next/static/chunks/261cq39jf3lqt.js:1:817 @ https://navi-next.vercel.app/_next/static/chunks/261cq39jf3lqt.js:0
[  239671ms] [ERROR] TypeError: Cannot read properties of undefined (reading 'replace')
    at hR.url (https://navi-next.vercel.app/_next/static/chunks/261cq39jf3lqt.js:2:204093)
    at X.<anonymous> (https://navi-next.vercel.app/_next/static/chunks/261cq39jf3lqt.js:2:375971)
    at Generator.next (<anonymous>)
    at https://navi-next.vercel.app/_next/static/chunks/261cq39jf3lqt.js:1:817
    at new Promise (<anonymous>)
    at Object.b [as _] (https://navi-next.vercel.app/_next/static/chunks/261cq39jf3lqt.js:1:566)
    at X.loadTile (https://navi-next.vercel.app/_next/static/chunks/261cq39jf3lqt.js:2:375913)
    at eC.<anonymous> (https://navi-next.vercel.app/_next/static/chunks/261cq39jf3lqt.js:2:414638)
    at Generator.next (<anonymous>)
    at https://navi-next.vercel.app/_next/static/chunks/261cq39jf3lqt.js:1:817 @ https://navi-next.vercel.app/_next/static/chunks/261cq39jf3lqt.js:0
[  239671ms] [ERROR] TypeError: Cannot read properties of undefined (reading 'replace')
    at hR.url (https://navi-next.vercel.app/_next/static/chunks/261cq39jf3lqt.js:2:204093)
    at X.<anonymous> (https://navi-next.vercel.app/_next/static/chunks/261cq39jf3lqt.js:2:375971)
    at Generator.next (<anonymous>)
    at https://navi-next.vercel.app/_next/static/chunks/261cq39jf3lqt.js:1:817
    at new Promise (<anonymous>)
    at Object.b [as _] (https://navi-next.vercel.app/_next/static/chunks/261cq39jf3lqt.js:1:566)
    at X.loadTile (https://navi-next.vercel.app/_next/static/chunks/261cq39jf3lqt.js:2:375913)
    at eC.<anonymous> (https://navi-next.vercel.app/_next/static/chunks/261cq39jf3lqt.js:2:414638)
    at Generator.next (<anonymous>)
    at https://navi-next.vercel.app/_next/static/chunks/261cq39jf3lqt.js:1:817 @ https://navi-next.vercel.app/_next/static/chunks/261cq39jf3lqt.js:0
[  239671ms] [ERROR] TypeError: Cannot read properties of undefined (reading 'replace')
    at hR.url (https://navi-next.vercel.app/_next/static/chunks/261cq39jf3lqt.js:2:204093)
    at X.<anonymous> (https://navi-next.vercel.app/_next/static/chunks/261cq39jf3lqt.js:2:375971)
    at Generator.next (<anonymous>)
    at https://navi-next.vercel.app/_next/static/chunks/261cq39jf3lqt.js:1:817
    at new Promise (<anonymous>)
    at Object.b [as _] (https://navi-next.vercel.app/_next/static/chunks/261cq39jf3lqt.js:1:566)
    at X.loadTile (https://navi-next.vercel.app/_next/static/chunks/261cq39jf3lqt.js:2:375913)
    at eC.<anonymous> (https://navi-next.vercel.app/_next/static/chunks/261cq39jf3lqt.js:2:414638)
    at Generator.next (<anonymous>)
    at https://navi-next.vercel.app/_next/static/chunks/261cq39jf3lqt.js:1:817 @ https://navi-next.vercel.app/_next/static/chunks/261cq39jf3lqt.js:0
[  239671ms] [ERROR] TypeError: Cannot read properties of undefined (reading 'replace')
    at hR.url (https://navi-next.vercel.app/_next/static/chunks/261cq39jf3lqt.js:2:204093)
    at X.<anonymous> (https://navi-next.vercel.app/_next/static/chunks/261cq39jf3lqt.js:2:375971)
    at Generator.next (<anonymous>)
    at https://navi-next.vercel.app/_next/static/chunks/261cq39jf3lqt.js:1:817
    at new Promise (<anonymous>)
    at Object.b [as _] (https://navi-next.vercel.app/_next/static/chunks/261cq39jf3lqt.js:1:566)
    at X.loadTile (https://navi-next.vercel.app/_next/static/chunks/261cq39jf3lqt.js:2:375913)
    at eC.<anonymous> (https://navi-next.vercel.app/_next/static/chunks/261cq39jf3lqt.js:2:414638)
    at Generator.next (<anonymous>)
    at https://navi-next.vercel.app/_next/static/chunks/261cq39jf3lqt.js:1:817 @ https://navi-next.vercel.app/_next/static/chunks/261cq39jf3lqt.js:0
[  239671ms] [ERROR] TypeError: Cannot read properties of undefined (reading 'replace')
    at hR.url (https://navi-next.vercel.app/_next/static/chunks/261cq39jf3lqt.js:2:204093)
    at X.<anonymous> (https://navi-next.vercel.app/_next/static/chunks/261cq39jf3lqt.js:2:375971)
    at Generator.next (<anonymous>)
    at https://navi-next.vercel.app/_next/static/chunks/261cq39jf3lqt.js:1:817
    at new Promise (<anonymous>)
    at Object.b [as _] (https://navi-next.vercel.app/_next/static/chunks/261cq39jf3lqt.js:1:566)
    at X.loadTile (https://navi-next.vercel.app/_next/static/chunks/261cq39jf3lqt.js:2:375913)
    at eC.<anonymous> (https://navi-next.vercel.app/_next/static/chunks/261cq39jf3lqt.js:2:414638)
    at Generator.next (<anonymous>)
    at https://navi-next.vercel.app/_next/static/chunks/261cq39jf3lqt.js:1:817 @ https://navi-next.vercel.app/_next/static/chunks/261cq39jf3lqt.js:0
[  239671ms] [ERROR] TypeError: Cannot read properties of undefined (reading 'replace')
    at hR.url (https://navi-next.vercel.app/_next/static/chunks/261cq39jf3lqt.js:2:204093)
    at X.<anonymous> (https://navi-next.vercel.app/_next/static/chunks/261cq39jf3lqt.js:2:375971)
    at Generator.next (<anonymous>)
    at https://navi-next.vercel.app/_next/static/chunks/261cq39jf3lqt.js:1:817
    at new Promise (<anonymous>)
    at Object.b [as _] (https://navi-next.vercel.app/_next/static/chunks/261cq39jf3lqt.js:1:566)
    at X.loadTile (https://navi-next.vercel.app/_next/static/chunks/261cq39jf3lqt.js:2:375913)
    at eC.<anonymous> (https://navi-next.vercel.app/_next/static/chunks/261cq39jf3lqt.js:2:414638)
    at Generator.next (<anonymous>)
    at https://navi-next.vercel.app/_next/static/chunks/261cq39jf3lqt.js:1:817 @ https://navi-next.vercel.app/_next/static/chunks/261cq39jf3lqt.js:0
[  239671ms] [ERROR] TypeError: Cannot read properties of undefined (reading 'replace')
    at hR.url (https://navi-next.vercel.app/_next/static/chunks/261cq39jf3lqt.js:2:204093)
    at X.<anonymous> (https://navi-next.vercel.app/_next/static/chunks/261cq39jf3lqt.js:2:375971)
    at Generator.next (<anonymous>)
    at https://navi-next.vercel.app/_next/static/chunks/261cq39jf3lqt.js:1:817
    at new Promise (<anonymous>)
    at Object.b [as _] (https://navi-next.vercel.app/_next/static/chunks/261cq39jf3lqt.js:1:566)
    at X.loadTile (https://navi-next.vercel.app/_next/static/chunks/261cq39jf3lqt.js:2:375913)
    at eC.<anonymous> (https://navi-next.vercel.app/_next/static/chunks/261cq39jf3lqt.js:2:414638)
    at Generator.next (<anonymous>)
    at https://navi-next.vercel.app/_next/static/chunks/261cq39jf3lqt.js:1:817 @ https://navi-next.vercel.app/_next/static/chunks/261cq39jf3lqt.js:0
[  239671ms] [ERROR] TypeError: Cannot read properties of undefined (reading 'replace')
    at hR.url (https://navi-next.vercel.app/_next/static/chunks/261cq39jf3lqt.js:2:204093)
    at X.<anonymous> (https://navi-next.vercel.app/_next/static/chunks/261cq39jf3lqt.js:2:375971)
    at Generator.next (<anonymous>)
    at https://navi-next.vercel.app/_next/static/chunks/261cq39jf3lqt.js:1:817
    at new Promise (<anonymous>)
    at Object.b [as _] (https://navi-next.vercel.app/_next/static/chunks/261cq39jf3lqt.js:1:566)
    at X.loadTile (https://navi-next.vercel.app/_next/static/chunks/261cq39jf3lqt.js:2:375913)
    at eC.<anonymous> (https://navi-next.vercel.app/_next/static/chunks/261cq39jf3lqt.js:2:414638)
    at Generator.next (<anonymous>)
    at https://navi-next.vercel.app/_next/static/chunks/261cq39jf3lqt.js:1:817 @ https://navi-next.vercel.app/_next/static/chunks/261cq39jf3lqt.js:0
[  239676ms] [ERROR] TypeError: Cannot read properties of undefined (reading 'replace')
    at hR.url (https://navi-next.vercel.app/_next/static/chunks/261cq39jf3lqt.js:2:204093)
    at X.<anonymous> (https://navi-next.vercel.app/_next/static/chunks/261cq39jf3lqt.js:2:375971)
    at Generator.next (<anonymous>)
    at https://navi-next.vercel.app/_next/static/chunks/261cq39jf3lqt.js:1:817
    at new Promise (<anonymous>)
    at Object.b [as _] (https://navi-next.vercel.app/_next/static/chunks/261cq39jf3lqt.js:1:566)
    at X.loadTile (https://navi-next.vercel.app/_next/static/chunks/261cq39jf3lqt.js:2:375913)
    at eC.<anonymous> (https://navi-next.vercel.app/_next/static/chunks/261cq39jf3lqt.js:2:414638)
    at Generator.next (<anonymous>)
    at https://navi-next.vercel.app/_next/static/chunks/261cq39jf3lqt.js:1:817 @ https://navi-next.vercel.app/_next/static/chunks/261cq39jf3lqt.js:0
[  239676ms] [ERROR] TypeError: Cannot read properties of undefined (reading 'replace')
    at hR.url (https://navi-next.vercel.app/_next/static/chunks/261cq39jf3lqt.js:2:204093)
    at X.<anonymous> (https://navi-next.vercel.app/_next/static/chunks/261cq39jf3lqt.js:2:375971)
    at Generator.next (<anonymous>)
    at https://navi-next.vercel.app/_next/static/chunks/261cq39jf3lqt.js:1:817
    at new Promise (<anonymous>)
    at Object.b [as _] (https://navi-next.vercel.app/_next/static/chunks/261cq39jf3lqt.js:1:566)
    at X.loadTile (https://navi-next.vercel.app/_next/static/chunks/261cq39jf3lqt.js:2:375913)
    at eC.<anonymous> (https://navi-next.vercel.app/_next/static/chunks/261cq39jf3lqt.js:2:414638)
    at Generator.next (<anonymous>)
    at https://navi-next.vercel.app/_next/static/chunks/261cq39jf3lqt.js:1:817 @ https://navi-next.vercel.app/_next/static/chunks/261cq39jf3lqt.js:0
[  239676ms] [ERROR] TypeError: Cannot read properties of undefined (reading 'replace')
    at hR.url (https://navi-next.vercel.app/_next/static/chunks/261cq39jf3lqt.js:2:204093)
    at X.<anonymous> (https://navi-next.vercel.app/_next/static/chunks/261cq39jf3lqt.js:2:375971)
    at Generator.next (<anonymous>)
    at https://navi-next.vercel.app/_next/static/chunks/261cq39jf3lqt.js:1:817
    at new Promise (<anonymous>)
    at Object.b [as _] (https://navi-next.vercel.app/_next/static/chunks/261cq39jf3lqt.js:1:566)
    at X.loadTile (https://navi-next.vercel.app/_next/static/chunks/261cq39jf3lqt.js:2:375913)
    at eC.<anonymous> (https://navi-next.vercel.app/_next/static/chunks/261cq39jf3lqt.js:2:414638)
    at Generator.next (<anonymous>)
    at https://navi-next.vercel.app/_next/static/chunks/261cq39jf3lqt.js:1:817 @ https://navi-next.vercel.app/_next/static/chunks/261cq39jf3lqt.js:0
[  239676ms] [ERROR] TypeError: Cannot read properties of undefined (reading 'replace')
    at hR.url (https://navi-next.vercel.app/_next/static/chunks/261cq39jf3lqt.js:2:204093)
    at X.<anonymous> (https://navi-next.vercel.app/_next/static/chunks/261cq39jf3lqt.js:2:375971)
    at Generator.next (<anonymous>)
    at https://navi-next.vercel.app/_next/static/chunks/261cq39jf3lqt.js:1:817
    at new Promise (<anonymous>)
    at Object.b [as _] (https://navi-next.vercel.app/_next/static/chunks/261cq39jf3lqt.js:1:566)
    at X.loadTile (https://navi-next.vercel.app/_next/static/chunks/261cq39jf3lqt.js:2:375913)
    at eC.<anonymous> (https://navi-next.vercel.app/_next/static/chunks/261cq39jf3lqt.js:2:414638)
    at Generator.next (<anonymous>)
    at https://navi-next.vercel.app/_next/static/chunks/261cq39jf3lqt.js:1:817 @ https://navi-next.vercel.app/_next/static/chunks/261cq39jf3lqt.js:0
[  239676ms] [ERROR] TypeError: Cannot read properties of undefined (reading 'replace')
    at hR.url (https://navi-next.vercel.app/_next/static/chunks/261cq39jf3lqt.js:2:204093)
    at X.<anonymous> (https://navi-next.vercel.app/_next/static/chunks/261cq39jf3lqt.js:2:375971)
    at Generator.next (<anonymous>)
    at https://navi-next.vercel.app/_next/static/chunks/261cq39jf3lqt.js:1:817
    at new Promise (<anonymous>)
    at Object.b [as _] (https://navi-next.vercel.app/_next/static/chunks/261cq39jf3lqt.js:1:566)
    at X.loadTile (https://navi-next.vercel.app/_next/static/chunks/261cq39jf3lqt.js:2:375913)
    at eC.<anonymous> (https://navi-next.vercel.app/_next/static/chunks/261cq39jf3lqt.js:2:414638)
    at Generator.next (<anonymous>)
    at https://navi-next.vercel.app/_next/static/chunks/261cq39jf3lqt.js:1:817 @ https://navi-next.vercel.app/_next/static/chunks/261cq39jf3lqt.js:0
[  239676ms] [ERROR] TypeError: Cannot read properties of undefined (reading 'replace')
    at hR.url (https://navi-next.vercel.app/_next/static/chunks/261cq39jf3lqt.js:2:204093)
    at X.<anonymous> (https://navi-next.vercel.app/_next/static/chunks/261cq39jf3lqt.js:2:375971)
    at Generator.next (<anonymous>)
    at https://navi-next.vercel.app/_next/static/chunks/261cq39jf3lqt.js:1:817
    at new Promise (<anonymous>)
    at Object.b [as _] (https://navi-next.vercel.app/_next/static/chunks/261cq39jf3lqt.js:1:566)
    at X.loadTile (https://navi-next.vercel.app/_next/static/chunks/261cq39jf3lqt.js:2:375913)
    at eC.<anonymous> (https://navi-next.vercel.app/_next/static/chunks/261cq39jf3lqt.js:2:414638)
    at Generator.next (<anonymous>)
    at https://navi-next.vercel.app/_next/static/chunks/261cq39jf3lqt.js:1:817 @ https://navi-next.vercel.app/_next/static/chunks/261cq39jf3lqt.js:0
[  239676ms] [ERROR] TypeError: Cannot read properties of undefined (reading 'replace')
    at hR.url (https://navi-next.vercel.app/_next/static/chunks/261cq39jf3lqt.js:2:204093)
    at X.<anonymous> (https://navi-next.vercel.app/_next/static/chunks/261cq39jf3lqt.js:2:375971)
    at Generator.next (<anonymous>)
    at https://navi-next.vercel.app/_next/static/chunks/261cq39jf3lqt.js:1:817
    at new Promise (<anonymous>)
    at Object.b [as _] (https://navi-next.vercel.app/_next/static/chunks/261cq39jf3lqt.js:1:566)
    at X.loadTile (https://navi-next.vercel.app/_next/static/chunks/261cq39jf3lqt.js:2:375913)
    at eC.<anonymous> (https://navi-next.vercel.app/_next/static/chunks/261cq39jf3lqt.js:2:414638)
    at Generator.next (<anonymous>)
    at https://navi-next.vercel.app/_next/static/chunks/261cq39jf3lqt.js:1:817 @ https://navi-next.vercel.app/_next/static/chunks/261cq39jf3lqt.js:0
[  239683ms] [ERROR] TypeError: Cannot read properties of undefined (reading 'replace')
    at hR.url (https://navi-next.vercel.app/_next/static/chunks/261cq39jf3lqt.js:2:204093)
    at X.<anonymous> (https://navi-next.vercel.app/_next/static/chunks/261cq39jf3lqt.js:2:375971)
    at Generator.next (<anonymous>)
    at https://navi-next.vercel.app/_next/static/chunks/261cq39jf3lqt.js:1:817
    at new Promise (<anonymous>)
    at Object.b [as _] (https://navi-next.vercel.app/_next/static/chunks/261cq39jf3lqt.js:1:566)
    at X.loadTile (https://navi-next.vercel.app/_next/static/chunks/261cq39jf3lqt.js:2:375913)
    at eC.<anonymous> (https://navi-next.vercel.app/_next/static/chunks/261cq39jf3lqt.js:2:414638)
    at Generator.next (<anonymous>)
    at https://navi-next.vercel.app/_next/static/chunks/261cq39jf3lqt.js:1:817 @ https://navi-next.vercel.app/_next/static/chunks/261cq39jf3lqt.js:0
[  239684ms] [ERROR] TypeError: Cannot read properties of undefined (reading 'replace')
    at hR.url (https://navi-next.vercel.app/_next/static/chunks/261cq39jf3lqt.js:2:204093)
    at X.<anonymous> (https://navi-next.vercel.app/_next/static/chunks/261cq39jf3lqt.js:2:375971)
    at Generator.next (<anonymous>)
    at https://navi-next.vercel.app/_next/static/chunks/261cq39jf3lqt.js:1:817
    at new Promise (<anonymous>)
    at Object.b [as _] (https://navi-next.vercel.app/_next/static/chunks/261cq39jf3lqt.js:1:566)
    at X.loadTile (https://navi-next.vercel.app/_next/static/chunks/261cq39jf3lqt.js:2:375913)
    at eC.<anonymous> (https://navi-next.vercel.app/_next/static/chunks/261cq39jf3lqt.js:2:414638)
    at Generator.next (<anonymous>)
    at https://navi-next.vercel.app/_next/static/chunks/261cq39jf3lqt.js:1:817 @ https://navi-next.vercel.app/_next/static/chunks/261cq39jf3lqt.js:0
[  239684ms] [ERROR] TypeError: Cannot read properties of undefined (reading 'replace')
    at hR.url (https://navi-next.vercel.app/_next/static/chunks/261cq39jf3lqt.js:2:204093)
    at X.<anonymous> (https://navi-next.vercel.app/_next/static/chunks/261cq39jf3lqt.js:2:375971)
    at Generator.next (<anonymous>)
    at https://navi-next.vercel.app/_next/static/chunks/261cq39jf3lqt.js:1:817
    at new Promise (<anonymous>)
    at Object.b [as _] (https://navi-next.vercel.app/_next/static/chunks/261cq39jf3lqt.js:1:566)
    at X.loadTile (https://navi-next.vercel.app/_next/static/chunks/261cq39jf3lqt.js:2:375913)
    at eC.<anonymous> (https://navi-next.vercel.app/_next/static/chunks/261cq39jf3lqt.js:2:414638)
    at Generator.next (<anonymous>)
    at https://navi-next.vercel.app/_next/static/chunks/261cq39jf3lqt.js:1:817 @ https://navi-next.vercel.app/_next/static/chunks/261cq39jf3lqt.js:0
[  239691ms] [ERROR] TypeError: Cannot read properties of undefined (reading 'replace')
    at hR.url (https://navi-next.vercel.app/_next/static/chunks/261cq39jf3lqt.js:2:204093)
    at X.<anonymous> (https://navi-next.vercel.app/_next/static/chunks/261cq39jf3lqt.js:2:375971)
    at Generator.next (<anonymous>)
    at https://navi-next.vercel.app/_next/static/chunks/261cq39jf3lqt.js:1:817
    at new Promise (<anonymous>)
    at Object.b [as _] (https://navi-next.vercel.app/_next/static/chunks/261cq39jf3lqt.js:1:566)
    at X.loadTile (https://navi-next.vercel.app/_next/static/chunks/261cq39jf3lqt.js:2:375913)
    at eC.<anonymous> (https://navi-next.vercel.app/_next/static/chunks/261cq39jf3lqt.js:2:414638)
    at Generator.next (<anonymous>)
    at https://navi-next.vercel.app/_next/static/chunks/261cq39jf3lqt.js:1:817 @ https://navi-next.vercel.app/_next/static/chunks/261cq39jf3lqt.js:0
[  239692ms] [ERROR] TypeError: Cannot read properties of undefined (reading 'replace')
    at hR.url (https://navi-next.vercel.app/_next/static/chunks/261cq39jf3lqt.js:2:204093)
    at X.<anonymous> (https://navi-next.vercel.app/_next/static/chunks/261cq39jf3lqt.js:2:375971)
    at Generator.next (<anonymous>)
    at https://navi-next.vercel.app/_next/static/chunks/261cq39jf3lqt.js:1:817
    at new Promise (<anonymous>)
    at Object.b [as _] (https://navi-next.vercel.app/_next/static/chunks/261cq39jf3lqt.js:1:566)
    at X.loadTile (https://navi-next.vercel.app/_next/static/chunks/261cq39jf3lqt.js:2:375913)
    at eC.<anonymous> (https://navi-next.vercel.app/_next/static/chunks/261cq39jf3lqt.js:2:414638)
    at Generator.next (<anonymous>)
    at https://navi-next.vercel.app/_next/static/chunks/261cq39jf3lqt.js:1:817 @ https://navi-next.vercel.app/_next/static/chunks/261cq39jf3lqt.js:0
[  239699ms] [ERROR] TypeError: Cannot read properties of undefined (reading 'replace')
    at hR.url (https://navi-next.vercel.app/_next/static/chunks/261cq39jf3lqt.js:2:204093)
    at X.<anonymous> (https://navi-next.vercel.app/_next/static/chunks/261cq39jf3lqt.js:2:375971)
    at Generator.next (<anonymous>)
    at https://navi-next.vercel.app/_next/static/chunks/261cq39jf3lqt.js:1:817
    at new Promise (<anonymous>)
    at Object.b [as _] (https://navi-next.vercel.app/_next/static/chunks/261cq39jf3lqt.js:1:566)
    at X.loadTile (https://navi-next.vercel.app/_next/static/chunks/261cq39jf3lqt.js:2:375913)
    at eC.<anonymous> (https://navi-next.vercel.app/_next/static/chunks/261cq39jf3lqt.js:2:414638)
    at Generator.next (<anonymous>)
    at https://navi-next.vercel.app/_next/static/chunks/261cq39jf3lqt.js:1:817 @ https://navi-next.vercel.app/_next/static/chunks/261cq39jf3lqt.js:0
[  239709ms] [ERROR] TypeError: Cannot read properties of undefined (reading 'replace')
    at hR.url (https://navi-next.vercel.app/_next/static/chunks/261cq39jf3lqt.js:2:204093)
    at X.<anonymous> (https://navi-next.vercel.app/_next/static/chunks/261cq39jf3lqt.js:2:375971)
    at Generator.next (<anonymous>)
    at https://navi-next.vercel.app/_next/static/chunks/261cq39jf3lqt.js:1:817
    at new Promise (<anonymous>)
    at Object.b [as _] (https://navi-next.vercel.app/_next/static/chunks/261cq39jf3lqt.js:1:566)
    at X.loadTile (https://navi-next.vercel.app/_next/static/chunks/261cq39jf3lqt.js:2:375913)
    at eC.<anonymous> (https://navi-next.vercel.app/_next/static/chunks/261cq39jf3lqt.js:2:414638)
    at Generator.next (<anonymous>)
    at https://navi-next.vercel.app/_next/static/chunks/261cq39jf3lqt.js:1:817 @ https://navi-next.vercel.app/_next/static/chunks/261cq39jf3lqt.js:0
[  239717ms] [ERROR] TypeError: Cannot read properties of undefined (reading 'replace')
    at hR.url (https://navi-next.vercel.app/_next/static/chunks/261cq39jf3lqt.js:2:204093)
    at X.<anonymous> (https://navi-next.vercel.app/_next/static/chunks/261cq39jf3lqt.js:2:375971)
    at Generator.next (<anonymous>)
    at https://navi-next.vercel.app/_next/static/chunks/261cq39jf3lqt.js:1:817
    at new Promise (<anonymous>)
    at Object.b [as _] (https://navi-next.vercel.app/_next/static/chunks/261cq39jf3lqt.js:1:566)
    at X.loadTile (https://navi-next.vercel.app/_next/static/chunks/261cq39jf3lqt.js:2:375913)
    at eC.<anonymous> (https://navi-next.vercel.app/_next/static/chunks/261cq39jf3lqt.js:2:414638)
    at Generator.next (<anonymous>)
    at https://navi-next.vercel.app/_next/static/chunks/261cq39jf3lqt.js:1:817 @ https://navi-next.vercel.app/_next/static/chunks/261cq39jf3lqt.js:0
[  239725ms] [ERROR] TypeError: Cannot read properties of undefined (reading 'replace')
    at hR.url (https://navi-next.vercel.app/_next/static/chunks/261cq39jf3lqt.js:2:204093)
    at X.<anonymous> (https://navi-next.vercel.app/_next/static/chunks/261cq39jf3lqt.js:2:375971)
    at Generator.next (<anonymous>)
    at https://navi-next.vercel.app/_next/static/chunks/261cq39jf3lqt.js:1:817
    at new Promise (<anonymous>)
    at Object.b [as _] (https://navi-next.vercel.app/_next/static/chunks/261cq39jf3lqt.js:1:566)
    at X.loadTile (https://navi-next.vercel.app/_next/static/chunks/261cq39jf3lqt.js:2:375913)
    at eC.<anonymous> (https://navi-next.vercel.app/_next/static/chunks/261cq39jf3lqt.js:2:414638)
    at Generator.next (<anonymous>)
    at https://navi-next.vercel.app/_next/static/chunks/261cq39jf3lqt.js:1:817 @ https://navi-next.vercel.app/_next/static/chunks/261cq39jf3lqt.js:0
[  239733ms] [ERROR] TypeError: Cannot read properties of undefined (reading 'replace')
    at hR.url (https://navi-next.vercel.app/_next/static/chunks/261cq39jf3lqt.js:2:204093)
    at X.<anonymous> (https://navi-next.vercel.app/_next/static/chunks/261cq39jf3lqt.js:2:375971)
    at Generator.next (<anonymous>)
    at https://navi-next.vercel.app/_next/static/chunks/261cq39jf3lqt.js:1:817
    at new Promise (<anonymous>)
    at Object.b [as _] (https://navi-next.vercel.app/_next/static/chunks/261cq39jf3lqt.js:1:566)
    at X.loadTile (https://navi-next.vercel.app/_next/static/chunks/261cq39jf3lqt.js:2:375913)
    at eC.<anonymous> (https://navi-next.vercel.app/_next/static/chunks/261cq39jf3lqt.js:2:414638)
    at Generator.next (<anonymous>)
    at https://navi-next.vercel.app/_next/static/chunks/261cq39jf3lqt.js:1:817 @ https://navi-next.vercel.app/_next/static/chunks/261cq39jf3lqt.js:0
[  239741ms] [ERROR] TypeError: Cannot read properties of undefined (reading 'replace')
    at hR.url (https://navi-next.vercel.app/_next/static/chunks/261cq39jf3lqt.js:2:204093)
    at X.<anonymous> (https://navi-next.vercel.app/_next/static/chunks/261cq39jf3lqt.js:2:375971)
    at Generator.next (<anonymous>)
    at https://navi-next.vercel.app/_next/static/chunks/261cq39jf3lqt.js:1:817
    at new Promise (<anonymous>)
    at Object.b [as _] (https://navi-next.vercel.app/_next/static/chunks/261cq39jf3lqt.js:1:566)
    at X.loadTile (https://navi-next.vercel.app/_next/static/chunks/261cq39jf3lqt.js:2:375913)
    at eC.<anonymous> (https://navi-next.vercel.app/_next/static/chunks/261cq39jf3lqt.js:2:414638)
    at Generator.next (<anonymous>)
    at https://navi-next.vercel.app/_next/static/chunks/261cq39jf3lqt.js:1:817 @ https://navi-next.vercel.app/_next/static/chunks/261cq39jf3lqt.js:0
[  239750ms] [ERROR] TypeError: Cannot read properties of undefined (reading 'replace')
    at hR.url (https://navi-next.vercel.app/_next/static/chunks/261cq39jf3lqt.js:2:204093)
    at X.<anonymous> (https://navi-next.vercel.app/_next/static/chunks/261cq39jf3lqt.js:2:375971)
    at Generator.next (<anonymous>)
    at https://navi-next.vercel.app/_next/static/chunks/261cq39jf3lqt.js:1:817
    at new Promise (<anonymous>)
    at Object.b [as _] (https://navi-next.vercel.app/_next/static/chunks/261cq39jf3lqt.js:1:566)
    at X.loadTile (https://navi-next.vercel.app/_next/static/chunks/261cq39jf3lqt.js:2:375913)
    at eC.<anonymous> (https://navi-next.vercel.app/_next/static/chunks/261cq39jf3lqt.js:2:414638)
    at Generator.next (<anonymous>)
    at https://navi-next.vercel.app/_next/static/chunks/261cq39jf3lqt.js:1:817 @ https://navi-next.vercel.app/_next/static/chunks/261cq39jf3lqt.js:0
[  240408ms] [ERROR] TypeError: Cannot read properties of undefined (reading 'replace')
    at hR.url (https://navi-next.vercel.app/_next/static/chunks/261cq39jf3lqt.js:2:204093)
    at X.<anonymous> (https://navi-next.vercel.app/_next/static/chunks/261cq39jf3lqt.js:2:375971)
    at Generator.next (<anonymous>)
    at https://navi-next.vercel.app/_next/static/chunks/261cq39jf3lqt.js:1:817
    at new Promise (<anonymous>)
    at Object.b [as _] (https://navi-next.vercel.app/_next/static/chunks/261cq39jf3lqt.js:1:566)
    at X.loadTile (https://navi-next.vercel.app/_next/static/chunks/261cq39jf3lqt.js:2:375913)
    at eC.<anonymous> (https://navi-next.vercel.app/_next/static/chunks/261cq39jf3lqt.js:2:414638)
    at Generator.next (<anonymous>)
    at https://navi-next.vercel.app/_next/static/chunks/261cq39jf3lqt.js:1:817 @ https://navi-next.vercel.app/_next/static/chunks/261cq39jf3lqt.js:0
[  240458ms] [ERROR] TypeError: Cannot read properties of undefined (reading 'replace')
    at hR.url (https://navi-next.vercel.app/_next/static/chunks/261cq39jf3lqt.js:2:204093)
    at X.<anonymous> (https://navi-next.vercel.app/_next/static/chunks/261cq39jf3lqt.js:2:375971)
    at Generator.next (<anonymous>)
    at https://navi-next.vercel.app/_next/static/chunks/261cq39jf3lqt.js:1:817
    at new Promise (<anonymous>)
    at Object.b [as _] (https://navi-next.vercel.app/_next/static/chunks/261cq39jf3lqt.js:1:566)
    at X.loadTile (https://navi-next.vercel.app/_next/static/chunks/261cq39jf3lqt.js:2:375913)
    at eC.<anonymous> (https://navi-next.vercel.app/_next/static/chunks/261cq39jf3lqt.js:2:414638)
    at Generator.next (<anonymous>)
    at https://navi-next.vercel.app/_next/static/chunks/261cq39jf3lqt.js:1:817 @ https://navi-next.vercel.app/_next/static/chunks/261cq39jf3lqt.js:0
[  240458ms] [ERROR] TypeError: Cannot read properties of undefined (reading 'replace')
    at hR.url (https://navi-next.vercel.app/_next/static/chunks/261cq39jf3lqt.js:2:204093)
    at X.<anonymous> (https://navi-next.vercel.app/_next/static/chunks/261cq39jf3lqt.js:2:375971)
    at Generator.next (<anonymous>)
    at https://navi-next.vercel.app/_next/static/chunks/261cq39jf3lqt.js:1:817
    at new Promise (<anonymous>)
    at Object.b [as _] (https://navi-next.vercel.app/_next/static/chunks/261cq39jf3lqt.js:1:566)
    at X.loadTile (https://navi-next.vercel.app/_next/static/chunks/261cq39jf3lqt.js:2:375913)
    at eC.<anonymous> (https://navi-next.vercel.app/_next/static/chunks/261cq39jf3lqt.js:2:414638)
    at Generator.next (<anonymous>)
    at https://navi-next.vercel.app/_next/static/chunks/261cq39jf3lqt.js:1:817 @ https://navi-next.vercel.app/_next/static/chunks/261cq39jf3lqt.js:0
[  240466ms] [ERROR] TypeError: Cannot read properties of undefined (reading 'replace')
    at hR.url (https://navi-next.vercel.app/_next/static/chunks/261cq39jf3lqt.js:2:204093)
    at X.<anonymous> (https://navi-next.vercel.app/_next/static/chunks/261cq39jf3lqt.js:2:375971)
    at Generator.next (<anonymous>)
    at https://navi-next.vercel.app/_next/static/chunks/261cq39jf3lqt.js:1:817
    at new Promise (<anonymous>)
    at Object.b [as _] (https://navi-next.vercel.app/_next/static/chunks/261cq39jf3lqt.js:1:566)
    at X.loadTile (https://navi-next.vercel.app/_next/static/chunks/261cq39jf3lqt.js:2:375913)
    at eC.<anonymous> (https://navi-next.vercel.app/_next/static/chunks/261cq39jf3lqt.js:2:414638)
    at Generator.next (<anonymous>)
    at https://navi-next.vercel.app/_next/static/chunks/261cq39jf3lqt.js:1:817 @ https://navi-next.vercel.app/_next/static/chunks/261cq39jf3lqt.js:0
[  240483ms] [ERROR] TypeError: Cannot read properties of undefined (reading 'replace')
    at hR.url (https://navi-next.vercel.app/_next/static/chunks/261cq39jf3lqt.js:2:204093)
    at X.<anonymous> (https://navi-next.vercel.app/_next/static/chunks/261cq39jf3lqt.js:2:375971)
    at Generator.next (<anonymous>)
    at https://navi-next.vercel.app/_next/static/chunks/261cq39jf3lqt.js:1:817
    at new Promise (<anonymous>)
    at Object.b [as _] (https://navi-next.vercel.app/_next/static/chunks/261cq39jf3lqt.js:1:566)
    at X.loadTile (https://navi-next.vercel.app/_next/static/chunks/261cq39jf3lqt.js:2:375913)
    at eC.<anonymous> (https://navi-next.vercel.app/_next/static/chunks/261cq39jf3lqt.js:2:414638)
    at Generator.next (<anonymous>)
    at https://navi-next.vercel.app/_next/static/chunks/261cq39jf3lqt.js:1:817 @ https://navi-next.vercel.app/_next/static/chunks/261cq39jf3lqt.js:0
[  240492ms] [ERROR] TypeError: Cannot read properties of undefined (reading 'replace')
    at hR.url (https://navi-next.vercel.app/_next/static/chunks/261cq39jf3lqt.js:2:204093)
    at X.<anonymous> (https://navi-next.vercel.app/_next/static/chunks/261cq39jf3lqt.js:2:375971)
    at Generator.next (<anonymous>)
    at https://navi-next.vercel.app/_next/static/chunks/261cq39jf3lqt.js:1:817
    at new Promise (<anonymous>)
    at Object.b [as _] (https://navi-next.vercel.app/_next/static/chunks/261cq39jf3lqt.js:1:566)
    at X.loadTile (https://navi-next.vercel.app/_next/static/chunks/261cq39jf3lqt.js:2:375913)
    at eC.<anonymous> (https://navi-next.vercel.app/_next/static/chunks/261cq39jf3lqt.js:2:414638)
    at Generator.next (<anonymous>)
    at https://navi-next.vercel.app/_next/static/chunks/261cq39jf3lqt.js:1:817 @ https://navi-next.vercel.app/_next/static/chunks/261cq39jf3lqt.js:0
[  240625ms] [ERROR] TypeError: Cannot read properties of undefined (reading 'replace')
    at hR.url (https://navi-next.vercel.app/_next/static/chunks/261cq39jf3lqt.js:2:204093)
    at X.<anonymous> (https://navi-next.vercel.app/_next/static/chunks/261cq39jf3lqt.js:2:375971)
    at Generator.next (<anonymous>)
    at https://navi-next.vercel.app/_next/static/chunks/261cq39jf3lqt.js:1:817
    at new Promise (<anonymous>)
    at Object.b [as _] (https://navi-next.vercel.app/_next/static/chunks/261cq39jf3lqt.js:1:566)
    at X.loadTile (https://navi-next.vercel.app/_next/static/chunks/261cq39jf3lqt.js:2:375913)
    at eC.<anonymous> (https://navi-next.vercel.app/_next/static/chunks/261cq39jf3lqt.js:2:414638)
    at Generator.next (<anonymous>)
    at https://navi-next.vercel.app/_next/static/chunks/261cq39jf3lqt.js:1:817 @ https://navi-next.vercel.app/_next/static/chunks/261cq39jf3lqt.js:0
[  240633ms] [ERROR] TypeError: Cannot read properties of undefined (reading 'replace')
    at hR.url (https://navi-next.vercel.app/_next/static/chunks/261cq39jf3lqt.js:2:204093)
    at X.<anonymous> (https://navi-next.vercel.app/_next/static/chunks/261cq39jf3lqt.js:2:375971)
    at Generator.next (<anonymous>)
    at https://navi-next.vercel.app/_next/static/chunks/261cq39jf3lqt.js:1:817
    at new Promise (<anonymous>)
    at Object.b [as _] (https://navi-next.vercel.app/_next/static/chunks/261cq39jf3lqt.js:1:566)
    at X.loadTile (https://navi-next.vercel.app/_next/static/chunks/261cq39jf3lqt.js:2:375913)
    at eC.<anonymous> (https://navi-next.vercel.app/_next/static/chunks/261cq39jf3lqt.js:2:414638)
    at Generator.next (<anonymous>)
    at https://navi-next.vercel.app/_next/static/chunks/261cq39jf3lqt.js:1:817 @ https://navi-next.vercel.app/_next/static/chunks/261cq39jf3lqt.js:0
[  240641ms] [ERROR] TypeError: Cannot read properties of undefined (reading 'replace')
    at hR.url (https://navi-next.vercel.app/_next/static/chunks/261cq39jf3lqt.js:2:204093)
    at X.<anonymous> (https://navi-next.vercel.app/_next/static/chunks/261cq39jf3lqt.js:2:375971)
    at Generator.next (<anonymous>)
    at https://navi-next.vercel.app/_next/static/chunks/261cq39jf3lqt.js:1:817
    at new Promise (<anonymous>)
    at Object.b [as _] (https://navi-next.vercel.app/_next/static/chunks/261cq39jf3lqt.js:1:566)
    at X.loadTile (https://navi-next.vercel.app/_next/static/chunks/261cq39jf3lqt.js:2:375913)
    at eC.<anonymous> (https://navi-next.vercel.app/_next/static/chunks/261cq39jf3lqt.js:2:414638)
    at Generator.next (<anonymous>)
    at https://navi-next.vercel.app/_next/static/chunks/261cq39jf3lqt.js:1:817 @ https://navi-next.vercel.app/_next/static/chunks/261cq39jf3lqt.js:0
[  240641ms] [ERROR] TypeError: Cannot read properties of undefined (reading 'replace')
    at hR.url (https://navi-next.vercel.app/_next/static/chunks/261cq39jf3lqt.js:2:204093)
    at X.<anonymous> (https://navi-next.vercel.app/_next/static/chunks/261cq39jf3lqt.js:2:375971)
    at Generator.next (<anonymous>)
    at https://navi-next.vercel.app/_next/static/chunks/261cq39jf3lqt.js:1:817
    at new Promise (<anonymous>)
    at Object.b [as _] (https://navi-next.vercel.app/_next/static/chunks/261cq39jf3lqt.js:1:566)
    at X.loadTile (https://navi-next.vercel.app/_next/static/chunks/261cq39jf3lqt.js:2:375913)
    at eC.<anonymous> (https://navi-next.vercel.app/_next/static/chunks/261cq39jf3lqt.js:2:414638)
    at Generator.next (<anonymous>)
    at https://navi-next.vercel.app/_next/static/chunks/261cq39jf3lqt.js:1:817 @ https://navi-next.vercel.app/_next/static/chunks/261cq39jf3lqt.js:0
[  240650ms] [ERROR] TypeError: Cannot read properties of undefined (reading 'replace')
    at hR.url (https://navi-next.vercel.app/_next/static/chunks/261cq39jf3lqt.js:2:204093)
    at X.<anonymous> (https://navi-next.vercel.app/_next/static/chunks/261cq39jf3lqt.js:2:375971)
    at Generator.next (<anonymous>)
    at https://navi-next.vercel.app/_next/static/chunks/261cq39jf3lqt.js:1:817
    at new Promise (<anonymous>)
    at Object.b [as _] (https://navi-next.vercel.app/_next/static/chunks/261cq39jf3lqt.js:1:566)
    at X.loadTile (https://navi-next.vercel.app/_next/static/chunks/261cq39jf3lqt.js:2:375913)
    at eC.<anonymous> (https://navi-next.vercel.app/_next/static/chunks/261cq39jf3lqt.js:2:414638)
    at Generator.next (<anonymous>)
    at https://navi-next.vercel.app/_next/static/chunks/261cq39jf3lqt.js:1:817 @ https://navi-next.vercel.app/_next/static/chunks/261cq39jf3lqt.js:0
[  240650ms] [ERROR] TypeError: Cannot read properties of undefined (reading 'replace')
    at hR.url (https://navi-next.vercel.app/_next/static/chunks/261cq39jf3lqt.js:2:204093)
    at X.<anonymous> (https://navi-next.vercel.app/_next/static/chunks/261cq39jf3lqt.js:2:375971)
    at Generator.next (<anonymous>)
    at https://navi-next.vercel.app/_next/static/chunks/261cq39jf3lqt.js:1:817
    at new Promise (<anonymous>)
    at Object.b [as _] (https://navi-next.vercel.app/_next/static/chunks/261cq39jf3lqt.js:1:566)
    at X.loadTile (https://navi-next.vercel.app/_next/static/chunks/261cq39jf3lqt.js:2:375913)
    at eC.<anonymous> (https://navi-next.vercel.app/_next/static/chunks/261cq39jf3lqt.js:2:414638)
    at Generator.next (<anonymous>)
    at https://navi-next.vercel.app/_next/static/chunks/261cq39jf3lqt.js:1:817 @ https://navi-next.vercel.app/_next/static/chunks/261cq39jf3lqt.js:0
[  240650ms] [ERROR] TypeError: Cannot read properties of undefined (reading 'replace')
    at hR.url (https://navi-next.vercel.app/_next/static/chunks/261cq39jf3lqt.js:2:204093)
    at X.<anonymous> (https://navi-next.vercel.app/_next/static/chunks/261cq39jf3lqt.js:2:375971)
    at Generator.next (<anonymous>)
    at https://navi-next.vercel.app/_next/static/chunks/261cq39jf3lqt.js:1:817
    at new Promise (<anonymous>)
    at Object.b [as _] (https://navi-next.vercel.app/_next/static/chunks/261cq39jf3lqt.js:1:566)
    at X.loadTile (https://navi-next.vercel.app/_next/static/chunks/261cq39jf3lqt.js:2:375913)
    at eC.<anonymous> (https://navi-next.vercel.app/_next/static/chunks/261cq39jf3lqt.js:2:414638)
    at Generator.next (<anonymous>)
    at https://navi-next.vercel.app/_next/static/chunks/261cq39jf3lqt.js:1:817 @ https://navi-next.vercel.app/_next/static/chunks/261cq39jf3lqt.js:0
[  240658ms] [ERROR] TypeError: Cannot read properties of undefined (reading 'replace')
    at hR.url (https://navi-next.vercel.app/_next/static/chunks/261cq39jf3lqt.js:2:204093)
    at X.<anonymous> (https://navi-next.vercel.app/_next/static/chunks/261cq39jf3lqt.js:2:375971)
    at Generator.next (<anonymous>)
    at https://navi-next.vercel.app/_next/static/chunks/261cq39jf3lqt.js:1:817
    at new Promise (<anonymous>)
    at Object.b [as _] (https://navi-next.vercel.app/_next/static/chunks/261cq39jf3lqt.js:1:566)
    at X.loadTile (https://navi-next.vercel.app/_next/static/chunks/261cq39jf3lqt.js:2:375913)
    at eC.<anonymous> (https://navi-next.vercel.app/_next/static/chunks/261cq39jf3lqt.js:2:414638)
    at Generator.next (<anonymous>)
    at https://navi-next.vercel.app/_next/static/chunks/261cq39jf3lqt.js:1:817 @ https://navi-next.vercel.app/_next/static/chunks/261cq39jf3lqt.js:0
[  240659ms] [ERROR] TypeError: Cannot read properties of undefined (reading 'replace')
    at hR.url (https://navi-next.vercel.app/_next/static/chunks/261cq39jf3lqt.js:2:204093)
    at X.<anonymous> (https://navi-next.vercel.app/_next/static/chunks/261cq39jf3lqt.js:2:375971)
    at Generator.next (<anonymous>)
    at https://navi-next.vercel.app/_next/static/chunks/261cq39jf3lqt.js:1:817
    at new Promise (<anonymous>)
    at Object.b [as _] (https://navi-next.vercel.app/_next/static/chunks/261cq39jf3lqt.js:1:566)
    at X.loadTile (https://navi-next.vercel.app/_next/static/chunks/261cq39jf3lqt.js:2:375913)
    at eC.<anonymous> (https://navi-next.vercel.app/_next/static/chunks/261cq39jf3lqt.js:2:414638)
    at Generator.next (<anonymous>)
    at https://navi-next.vercel.app/_next/static/chunks/261cq39jf3lqt.js:1:817 @ https://navi-next.vercel.app/_next/static/chunks/261cq39jf3lqt.js:0
[  240659ms] [ERROR] TypeError: Cannot read properties of undefined (reading 'replace')
    at hR.url (https://navi-next.vercel.app/_next/static/chunks/261cq39jf3lqt.js:2:204093)
    at X.<anonymous> (https://navi-next.vercel.app/_next/static/chunks/261cq39jf3lqt.js:2:375971)
    at Generator.next (<anonymous>)
    at https://navi-next.vercel.app/_next/static/chunks/261cq39jf3lqt.js:1:817
    at new Promise (<anonymous>)
    at Object.b [as _] (https://navi-next.vercel.app/_next/static/chunks/261cq39jf3lqt.js:1:566)
    at X.loadTile (https://navi-next.vercel.app/_next/static/chunks/261cq39jf3lqt.js:2:375913)
    at eC.<anonymous> (https://navi-next.vercel.app/_next/static/chunks/261cq39jf3lqt.js:2:414638)
    at Generator.next (<anonymous>)
    at https://navi-next.vercel.app/_next/static/chunks/261cq39jf3lqt.js:1:817 @ https://navi-next.vercel.app/_next/static/chunks/261cq39jf3lqt.js:0
[  240666ms] [ERROR] TypeError: Cannot read properties of undefined (reading 'replace')
    at hR.url (https://navi-next.vercel.app/_next/static/chunks/261cq39jf3lqt.js:2:204093)
    at X.<anonymous> (https://navi-next.vercel.app/_next/static/chunks/261cq39jf3lqt.js:2:375971)
    at Generator.next (<anonymous>)
    at https://navi-next.vercel.app/_next/static/chunks/261cq39jf3lqt.js:1:817
    at new Promise (<anonymous>)
    at Object.b [as _] (https://navi-next.vercel.app/_next/static/chunks/261cq39jf3lqt.js:1:566)
    at X.loadTile (https://navi-next.vercel.app/_next/static/chunks/261cq39jf3lqt.js:2:375913)
    at eC.<anonymous> (https://navi-next.vercel.app/_next/static/chunks/261cq39jf3lqt.js:2:414638)
    at Generator.next (<anonymous>)
    at https://navi-next.vercel.app/_next/static/chunks/261cq39jf3lqt.js:1:817 @ https://navi-next.vercel.app/_next/static/chunks/261cq39jf3lqt.js:0
[  240675ms] [ERROR] TypeError: Cannot read properties of undefined (reading 'replace')
    at hR.url (https://navi-next.vercel.app/_next/static/chunks/261cq39jf3lqt.js:2:204093)
    at X.<anonymous> (https://navi-next.vercel.app/_next/static/chunks/261cq39jf3lqt.js:2:375971)
    at Generator.next (<anonymous>)
    at https://navi-next.vercel.app/_next/static/chunks/261cq39jf3lqt.js:1:817
    at new Promise (<anonymous>)
    at Object.b [as _] (https://navi-next.vercel.app/_next/static/chunks/261cq39jf3lqt.js:1:566)
    at X.loadTile (https://navi-next.vercel.app/_next/static/chunks/261cq39jf3lqt.js:2:375913)
    at eC.<anonymous> (https://navi-next.vercel.app/_next/static/chunks/261cq39jf3lqt.js:2:414638)
    at Generator.next (<anonymous>)
    at https://navi-next.vercel.app/_next/static/chunks/261cq39jf3lqt.js:1:817 @ https://navi-next.vercel.app/_next/static/chunks/261cq39jf3lqt.js:0
[  240708ms] [ERROR] TypeError: Cannot read properties of undefined (reading 'replace')
    at hR.url (https://navi-next.vercel.app/_next/static/chunks/261cq39jf3lqt.js:2:204093)
    at X.<anonymous> (https://navi-next.vercel.app/_next/static/chunks/261cq39jf3lqt.js:2:375971)
    at Generator.next (<anonymous>)
    at https://navi-next.vercel.app/_next/static/chunks/261cq39jf3lqt.js:1:817
    at new Promise (<anonymous>)
    at Object.b [as _] (https://navi-next.vercel.app/_next/static/chunks/261cq39jf3lqt.js:1:566)
    at X.loadTile (https://navi-next.vercel.app/_next/static/chunks/261cq39jf3lqt.js:2:375913)
    at eC.<anonymous> (https://navi-next.vercel.app/_next/static/chunks/261cq39jf3lqt.js:2:414638)
    at Generator.next (<anonymous>)
    at https://navi-next.vercel.app/_next/static/chunks/261cq39jf3lqt.js:1:817 @ https://navi-next.vercel.app/_next/static/chunks/261cq39jf3lqt.js:0
[  240708ms] [ERROR] TypeError: Cannot read properties of undefined (reading 'replace')
    at hR.url (https://navi-next.vercel.app/_next/static/chunks/261cq39jf3lqt.js:2:204093)
    at X.<anonymous> (https://navi-next.vercel.app/_next/static/chunks/261cq39jf3lqt.js:2:375971)
    at Generator.next (<anonymous>)
    at https://navi-next.vercel.app/_next/static/chunks/261cq39jf3lqt.js:1:817
    at new Promise (<anonymous>)
    at Object.b [as _] (https://navi-next.vercel.app/_next/static/chunks/261cq39jf3lqt.js:1:566)
    at X.loadTile (https://navi-next.vercel.app/_next/static/chunks/261cq39jf3lqt.js:2:375913)
    at eC.<anonymous> (https://navi-next.vercel.app/_next/static/chunks/261cq39jf3lqt.js:2:414638)
    at Generator.next (<anonymous>)
    at https://navi-next.vercel.app/_next/static/chunks/261cq39jf3lqt.js:1:817 @ https://navi-next.vercel.app/_next/static/chunks/261cq39jf3lqt.js:0
[  240725ms] [ERROR] TypeError: Cannot read properties of undefined (reading 'replace')
    at hR.url (https://navi-next.vercel.app/_next/static/chunks/261cq39jf3lqt.js:2:204093)
    at X.<anonymous> (https://navi-next.vercel.app/_next/static/chunks/261cq39jf3lqt.js:2:375971)
    at Generator.next (<anonymous>)
    at https://navi-next.vercel.app/_next/static/chunks/261cq39jf3lqt.js:1:817
    at new Promise (<anonymous>)
    at Object.b [as _] (https://navi-next.vercel.app/_next/static/chunks/261cq39jf3lqt.js:1:566)
    at X.loadTile (https://navi-next.vercel.app/_next/static/chunks/261cq39jf3lqt.js:2:375913)
    at eC.<anonymous> (https://navi-next.vercel.app/_next/static/chunks/261cq39jf3lqt.js:2:414638)
    at Generator.next (<anonymous>)
    at https://navi-next.vercel.app/_next/static/chunks/261cq39jf3lqt.js:1:817 @ https://navi-next.vercel.app/_next/static/chunks/261cq39jf3lqt.js:0
[  240733ms] [ERROR] TypeError: Cannot read properties of undefined (reading 'replace')
    at hR.url (https://navi-next.vercel.app/_next/static/chunks/261cq39jf3lqt.js:2:204093)
    at X.<anonymous> (https://navi-next.vercel.app/_next/static/chunks/261cq39jf3lqt.js:2:375971)
    at Generator.next (<anonymous>)
    at https://navi-next.vercel.app/_next/static/chunks/261cq39jf3lqt.js:1:817
    at new Promise (<anonymous>)
    at Object.b [as _] (https://navi-next.vercel.app/_next/static/chunks/261cq39jf3lqt.js:1:566)
    at X.loadTile (https://navi-next.vercel.app/_next/static/chunks/261cq39jf3lqt.js:2:375913)
    at eC.<anonymous> (https://navi-next.vercel.app/_next/static/chunks/261cq39jf3lqt.js:2:414638)
    at Generator.next (<anonymous>)
    at https://navi-next.vercel.app/_next/static/chunks/261cq39jf3lqt.js:1:817 @ https://navi-next.vercel.app/_next/static/chunks/261cq39jf3lqt.js:0
[  240750ms] [ERROR] TypeError: Cannot read properties of undefined (reading 'replace')
    at hR.url (https://navi-next.vercel.app/_next/static/chunks/261cq39jf3lqt.js:2:204093)
    at X.<anonymous> (https://navi-next.vercel.app/_next/static/chunks/261cq39jf3lqt.js:2:375971)
    at Generator.next (<anonymous>)
    at https://navi-next.vercel.app/_next/static/chunks/261cq39jf3lqt.js:1:817
    at new Promise (<anonymous>)
    at Object.b [as _] (https://navi-next.vercel.app/_next/static/chunks/261cq39jf3lqt.js:1:566)
    at X.loadTile (https://navi-next.vercel.app/_next/static/chunks/261cq39jf3lqt.js:2:375913)
    at eC.<anonymous> (https://navi-next.vercel.app/_next/static/chunks/261cq39jf3lqt.js:2:414638)
    at Generator.next (<anonymous>)
    at https://navi-next.vercel.app/_next/static/chunks/261cq39jf3lqt.js:1:817 @ https://navi-next.vercel.app/_next/static/chunks/261cq39jf3lqt.js:0
[  240767ms] [ERROR] TypeError: Cannot read properties of undefined (reading 'replace')
    at hR.url (https://navi-next.vercel.app/_next/static/chunks/261cq39jf3lqt.js:2:204093)
    at X.<anonymous> (https://navi-next.vercel.app/_next/static/chunks/261cq39jf3lqt.js:2:375971)
    at Generator.next (<anonymous>)
    at https://navi-next.vercel.app/_next/static/chunks/261cq39jf3lqt.js:1:817
    at new Promise (<anonymous>)
    at Object.b [as _] (https://navi-next.vercel.app/_next/static/chunks/261cq39jf3lqt.js:1:566)
    at X.loadTile (https://navi-next.vercel.app/_next/static/chunks/261cq39jf3lqt.js:2:375913)
    at eC.<anonymous> (https://navi-next.vercel.app/_next/static/chunks/261cq39jf3lqt.js:2:414638)
    at Generator.next (<anonymous>)
    at https://navi-next.vercel.app/_next/static/chunks/261cq39jf3lqt.js:1:817 @ https://navi-next.vercel.app/_next/static/chunks/261cq39jf3lqt.js:0
[  240767ms] [ERROR] TypeError: Cannot read properties of undefined (reading 'replace')
    at hR.url (https://navi-next.vercel.app/_next/static/chunks/261cq39jf3lqt.js:2:204093)
    at X.<anonymous> (https://navi-next.vercel.app/_next/static/chunks/261cq39jf3lqt.js:2:375971)
    at Generator.next (<anonymous>)
    at https://navi-next.vercel.app/_next/static/chunks/261cq39jf3lqt.js:1:817
    at new Promise (<anonymous>)
    at Object.b [as _] (https://navi-next.vercel.app/_next/static/chunks/261cq39jf3lqt.js:1:566)
    at X.loadTile (https://navi-next.vercel.app/_next/static/chunks/261cq39jf3lqt.js:2:375913)
    at eC.<anonymous> (https://navi-next.vercel.app/_next/static/chunks/261cq39jf3lqt.js:2:414638)
    at Generator.next (<anonymous>)
    at https://navi-next.vercel.app/_next/static/chunks/261cq39jf3lqt.js:1:817 @ https://navi-next.vercel.app/_next/static/chunks/261cq39jf3lqt.js:0
[  240775ms] [ERROR] TypeError: Cannot read properties of undefined (reading 'replace')
    at hR.url (https://navi-next.vercel.app/_next/static/chunks/261cq39jf3lqt.js:2:204093)
    at X.<anonymous> (https://navi-next.vercel.app/_next/static/chunks/261cq39jf3lqt.js:2:375971)
    at Generator.next (<anonymous>)
    at https://navi-next.vercel.app/_next/static/chunks/261cq39jf3lqt.js:1:817
    at new Promise (<anonymous>)
    at Object.b [as _] (https://navi-next.vercel.app/_next/static/chunks/261cq39jf3lqt.js:1:566)
    at X.loadTile (https://navi-next.vercel.app/_next/static/chunks/261cq39jf3lqt.js:2:375913)
    at eC.<anonymous> (https://navi-next.vercel.app/_next/static/chunks/261cq39jf3lqt.js:2:414638)
    at Generator.next (<anonymous>)
    at https://navi-next.vercel.app/_next/static/chunks/261cq39jf3lqt.js:1:817 @ https://navi-next.vercel.app/_next/static/chunks/261cq39jf3lqt.js:0
[  240792ms] [ERROR] TypeError: Cannot read properties of undefined (reading 'replace')
    at hR.url (https://navi-next.vercel.app/_next/static/chunks/261cq39jf3lqt.js:2:204093)
    at X.<anonymous> (https://navi-next.vercel.app/_next/static/chunks/261cq39jf3lqt.js:2:375971)
    at Generator.next (<anonymous>)
    at https://navi-next.vercel.app/_next/static/chunks/261cq39jf3lqt.js:1:817
    at new Promise (<anonymous>)
    at Object.b [as _] (https://navi-next.vercel.app/_next/static/chunks/261cq39jf3lqt.js:1:566)
    at X.loadTile (https://navi-next.vercel.app/_next/static/chunks/261cq39jf3lqt.js:2:375913)
    at eC.<anonymous> (https://navi-next.vercel.app/_next/static/chunks/261cq39jf3lqt.js:2:414638)
    at Generator.next (<anonymous>)
    at https://navi-next.vercel.app/_next/static/chunks/261cq39jf3lqt.js:1:817 @ https://navi-next.vercel.app/_next/static/chunks/261cq39jf3lqt.js:0
[  240800ms] [ERROR] TypeError: Cannot read properties of undefined (reading 'replace')
    at hR.url (https://navi-next.vercel.app/_next/static/chunks/261cq39jf3lqt.js:2:204093)
    at X.<anonymous> (https://navi-next.vercel.app/_next/static/chunks/261cq39jf3lqt.js:2:375971)
    at Generator.next (<anonymous>)
    at https://navi-next.vercel.app/_next/static/chunks/261cq39jf3lqt.js:1:817
    at new Promise (<anonymous>)
    at Object.b [as _] (https://navi-next.vercel.app/_next/static/chunks/261cq39jf3lqt.js:1:566)
    at X.loadTile (https://navi-next.vercel.app/_next/static/chunks/261cq39jf3lqt.js:2:375913)
    at eC.<anonymous> (https://navi-next.vercel.app/_next/static/chunks/261cq39jf3lqt.js:2:414638)
    at Generator.next (<anonymous>)
    at https://navi-next.vercel.app/_next/static/chunks/261cq39jf3lqt.js:1:817 @ https://navi-next.vercel.app/_next/static/chunks/261cq39jf3lqt.js:0
[  240800ms] [ERROR] TypeError: Cannot read properties of undefined (reading 'replace')
    at hR.url (https://navi-next.vercel.app/_next/static/chunks/261cq39jf3lqt.js:2:204093)
    at X.<anonymous> (https://navi-next.vercel.app/_next/static/chunks/261cq39jf3lqt.js:2:375971)
    at Generator.next (<anonymous>)
    at https://navi-next.vercel.app/_next/static/chunks/261cq39jf3lqt.js:1:817
    at new Promise (<anonymous>)
    at Object.b [as _] (https://navi-next.vercel.app/_next/static/chunks/261cq39jf3lqt.js:1:566)
    at X.loadTile (https://navi-next.vercel.app/_next/static/chunks/261cq39jf3lqt.js:2:375913)
    at eC.<anonymous> (https://navi-next.vercel.app/_next/static/chunks/261cq39jf3lqt.js:2:414638)
    at Generator.next (<anonymous>)
    at https://navi-next.vercel.app/_next/static/chunks/261cq39jf3lqt.js:1:817 @ https://navi-next.vercel.app/_next/static/chunks/261cq39jf3lqt.js:0
[  240800ms] [ERROR] TypeError: Cannot read properties of undefined (reading 'replace')
    at hR.url (https://navi-next.vercel.app/_next/static/chunks/261cq39jf3lqt.js:2:204093)
    at X.<anonymous> (https://navi-next.vercel.app/_next/static/chunks/261cq39jf3lqt.js:2:375971)
    at Generator.next (<anonymous>)
    at https://navi-next.vercel.app/_next/static/chunks/261cq39jf3lqt.js:1:817
    at new Promise (<anonymous>)
    at Object.b [as _] (https://navi-next.vercel.app/_next/static/chunks/261cq39jf3lqt.js:1:566)
    at X.loadTile (https://navi-next.vercel.app/_next/static/chunks/261cq39jf3lqt.js:2:375913)
    at eC.<anonymous> (https://navi-next.vercel.app/_next/static/chunks/261cq39jf3lqt.js:2:414638)
    at Generator.next (<anonymous>)
    at https://navi-next.vercel.app/_next/static/chunks/261cq39jf3lqt.js:1:817 @ https://navi-next.vercel.app/_next/static/chunks/261cq39jf3lqt.js:0
[  240808ms] [ERROR] TypeError: Cannot read properties of undefined (reading 'replace')
    at hR.url (https://navi-next.vercel.app/_next/static/chunks/261cq39jf3lqt.js:2:204093)
    at X.<anonymous> (https://navi-next.vercel.app/_next/static/chunks/261cq39jf3lqt.js:2:375971)
    at Generator.next (<anonymous>)
    at https://navi-next.vercel.app/_next/static/chunks/261cq39jf3lqt.js:1:817
    at new Promise (<anonymous>)
    at Object.b [as _] (https://navi-next.vercel.app/_next/static/chunks/261cq39jf3lqt.js:1:566)
    at X.loadTile (https://navi-next.vercel.app/_next/static/chunks/261cq39jf3lqt.js:2:375913)
    at eC.<anonymous> (https://navi-next.vercel.app/_next/static/chunks/261cq39jf3lqt.js:2:414638)
    at Generator.next (<anonymous>)
    at https://navi-next.vercel.app/_next/static/chunks/261cq39jf3lqt.js:1:817 @ https://navi-next.vercel.app/_next/static/chunks/261cq39jf3lqt.js:0
[  240816ms] [ERROR] TypeError: Cannot read properties of undefined (reading 'replace')
    at hR.url (https://navi-next.vercel.app/_next/static/chunks/261cq39jf3lqt.js:2:204093)
    at X.<anonymous> (https://navi-next.vercel.app/_next/static/chunks/261cq39jf3lqt.js:2:375971)
    at Generator.next (<anonymous>)
    at https://navi-next.vercel.app/_next/static/chunks/261cq39jf3lqt.js:1:817
    at new Promise (<anonymous>)
    at Object.b [as _] (https://navi-next.vercel.app/_next/static/chunks/261cq39jf3lqt.js:1:566)
    at X.loadTile (https://navi-next.vercel.app/_next/static/chunks/261cq39jf3lqt.js:2:375913)
    at eC.<anonymous> (https://navi-next.vercel.app/_next/static/chunks/261cq39jf3lqt.js:2:414638)
    at Generator.next (<anonymous>)
    at https://navi-next.vercel.app/_next/static/chunks/261cq39jf3lqt.js:1:817 @ https://navi-next.vercel.app/_next/static/chunks/261cq39jf3lqt.js:0
[  240825ms] [ERROR] TypeError: Cannot read properties of undefined (reading 'replace')
    at hR.url (https://navi-next.vercel.app/_next/static/chunks/261cq39jf3lqt.js:2:204093)
    at X.<anonymous> (https://navi-next.vercel.app/_next/static/chunks/261cq39jf3lqt.js:2:375971)
    at Generator.next (<anonymous>)
    at https://navi-next.vercel.app/_next/static/chunks/261cq39jf3lqt.js:1:817
    at new Promise (<anonymous>)
    at Object.b [as _] (https://navi-next.vercel.app/_next/static/chunks/261cq39jf3lqt.js:1:566)
    at X.loadTile (https://navi-next.vercel.app/_next/static/chunks/261cq39jf3lqt.js:2:375913)
    at eC.<anonymous> (https://navi-next.vercel.app/_next/static/chunks/261cq39jf3lqt.js:2:414638)
    at Generator.next (<anonymous>)
    at https://navi-next.vercel.app/_next/static/chunks/261cq39jf3lqt.js:1:817 @ https://navi-next.vercel.app/_next/static/chunks/261cq39jf3lqt.js:0
[  240833ms] [ERROR] TypeError: Cannot read properties of undefined (reading 'replace')
    at hR.url (https://navi-next.vercel.app/_next/static/chunks/261cq39jf3lqt.js:2:204093)
    at X.<anonymous> (https://navi-next.vercel.app/_next/static/chunks/261cq39jf3lqt.js:2:375971)
    at Generator.next (<anonymous>)
    at https://navi-next.vercel.app/_next/static/chunks/261cq39jf3lqt.js:1:817
    at new Promise (<anonymous>)
    at Object.b [as _] (https://navi-next.vercel.app/_next/static/chunks/261cq39jf3lqt.js:1:566)
    at X.loadTile (https://navi-next.vercel.app/_next/static/chunks/261cq39jf3lqt.js:2:375913)
    at eC.<anonymous> (https://navi-next.vercel.app/_next/static/chunks/261cq39jf3lqt.js:2:414638)
    at Generator.next (<anonymous>)
    at https://navi-next.vercel.app/_next/static/chunks/261cq39jf3lqt.js:1:817 @ https://navi-next.vercel.app/_next/static/chunks/261cq39jf3lqt.js:0
[  240850ms] [ERROR] TypeError: Cannot read properties of undefined (reading 'replace')
    at hR.url (https://navi-next.vercel.app/_next/static/chunks/261cq39jf3lqt.js:2:204093)
    at X.<anonymous> (https://navi-next.vercel.app/_next/static/chunks/261cq39jf3lqt.js:2:375971)
    at Generator.next (<anonymous>)
    at https://navi-next.vercel.app/_next/static/chunks/261cq39jf3lqt.js:1:817
    at new Promise (<anonymous>)
    at Object.b [as _] (https://navi-next.vercel.app/_next/static/chunks/261cq39jf3lqt.js:1:566)
    at X.loadTile (https://navi-next.vercel.app/_next/static/chunks/261cq39jf3lqt.js:2:375913)
    at eC.<anonymous> (https://navi-next.vercel.app/_next/static/chunks/261cq39jf3lqt.js:2:414638)
    at Generator.next (<anonymous>)
    at https://navi-next.vercel.app/_next/static/chunks/261cq39jf3lqt.js:1:817 @ https://navi-next.vercel.app/_next/static/chunks/261cq39jf3lqt.js:0
[  240858ms] [ERROR] TypeError: Cannot read properties of undefined (reading 'replace')
    at hR.url (https://navi-next.vercel.app/_next/static/chunks/261cq39jf3lqt.js:2:204093)
    at X.<anonymous> (https://navi-next.vercel.app/_next/static/chunks/261cq39jf3lqt.js:2:375971)
    at Generator.next (<anonymous>)
    at https://navi-next.vercel.app/_next/static/chunks/261cq39jf3lqt.js:1:817
    at new Promise (<anonymous>)
    at Object.b [as _] (https://navi-next.vercel.app/_next/static/chunks/261cq39jf3lqt.js:1:566)
    at X.loadTile (https://navi-next.vercel.app/_next/static/chunks/261cq39jf3lqt.js:2:375913)
    at eC.<anonymous> (https://navi-next.vercel.app/_next/static/chunks/261cq39jf3lqt.js:2:414638)
    at Generator.next (<anonymous>)
    at https://navi-next.vercel.app/_next/static/chunks/261cq39jf3lqt.js:1:817 @ https://navi-next.vercel.app/_next/static/chunks/261cq39jf3lqt.js:0
[  240867ms] [ERROR] TypeError: Cannot read properties of undefined (reading 'replace')
    at hR.url (https://navi-next.vercel.app/_next/static/chunks/261cq39jf3lqt.js:2:204093)
    at X.<anonymous> (https://navi-next.vercel.app/_next/static/chunks/261cq39jf3lqt.js:2:375971)
    at Generator.next (<anonymous>)
    at https://navi-next.vercel.app/_next/static/chunks/261cq39jf3lqt.js:1:817
    at new Promise (<anonymous>)
    at Object.b [as _] (https://navi-next.vercel.app/_next/static/chunks/261cq39jf3lqt.js:1:566)
    at X.loadTile (https://navi-next.vercel.app/_next/static/chunks/261cq39jf3lqt.js:2:375913)
    at eC.<anonymous> (https://navi-next.vercel.app/_next/static/chunks/261cq39jf3lqt.js:2:414638)
    at Generator.next (<anonymous>)
    at https://navi-next.vercel.app/_next/static/chunks/261cq39jf3lqt.js:1:817 @ https://navi-next.vercel.app/_next/static/chunks/261cq39jf3lqt.js:0
[  241350ms] [ERROR] TypeError: Cannot read properties of undefined (reading 'replace')
    at hR.url (https://navi-next.vercel.app/_next/static/chunks/261cq39jf3lqt.js:2:204093)
    at X.<anonymous> (https://navi-next.vercel.app/_next/static/chunks/261cq39jf3lqt.js:2:375971)
    at Generator.next (<anonymous>)
    at https://navi-next.vercel.app/_next/static/chunks/261cq39jf3lqt.js:1:817
    at new Promise (<anonymous>)
    at Object.b [as _] (https://navi-next.vercel.app/_next/static/chunks/261cq39jf3lqt.js:1:566)
    at X.loadTile (https://navi-next.vercel.app/_next/static/chunks/261cq39jf3lqt.js:2:375913)
    at eC.<anonymous> (https://navi-next.vercel.app/_next/static/chunks/261cq39jf3lqt.js:2:414638)
    at Generator.next (<anonymous>)
    at https://navi-next.vercel.app/_next/static/chunks/261cq39jf3lqt.js:1:817 @ https://navi-next.vercel.app/_next/static/chunks/261cq39jf3lqt.js:0
[  241358ms] [ERROR] TypeError: Cannot read properties of undefined (reading 'replace')
    at hR.url (https://navi-next.vercel.app/_next/static/chunks/261cq39jf3lqt.js:2:204093)
    at X.<anonymous> (https://navi-next.vercel.app/_next/static/chunks/261cq39jf3lqt.js:2:375971)
    at Generator.next (<anonymous>)
    at https://navi-next.vercel.app/_next/static/chunks/261cq39jf3lqt.js:1:817
    at new Promise (<anonymous>)
    at Object.b [as _] (https://navi-next.vercel.app/_next/static/chunks/261cq39jf3lqt.js:1:566)
    at X.loadTile (https://navi-next.vercel.app/_next/static/chunks/261cq39jf3lqt.js:2:375913)
    at eC.<anonymous> (https://navi-next.vercel.app/_next/static/chunks/261cq39jf3lqt.js:2:414638)
    at Generator.next (<anonymous>)
    at https://navi-next.vercel.app/_next/static/chunks/261cq39jf3lqt.js:1:817 @ https://navi-next.vercel.app/_next/static/chunks/261cq39jf3lqt.js:0
[  241416ms] [ERROR] TypeError: Cannot read properties of undefined (reading 'replace')
    at hR.url (https://navi-next.vercel.app/_next/static/chunks/261cq39jf3lqt.js:2:204093)
    at X.<anonymous> (https://navi-next.vercel.app/_next/static/chunks/261cq39jf3lqt.js:2:375971)
    at Generator.next (<anonymous>)
    at https://navi-next.vercel.app/_next/static/chunks/261cq39jf3lqt.js:1:817
    at new Promise (<anonymous>)
    at Object.b [as _] (https://navi-next.vercel.app/_next/static/chunks/261cq39jf3lqt.js:1:566)
    at X.loadTile (https://navi-next.vercel.app/_next/static/chunks/261cq39jf3lqt.js:2:375913)
    at eC.<anonymous> (https://navi-next.vercel.app/_next/static/chunks/261cq39jf3lqt.js:2:414638)
    at Generator.next (<anonymous>)
    at https://navi-next.vercel.app/_next/static/chunks/261cq39jf3lqt.js:1:817 @ https://navi-next.vercel.app/_next/static/chunks/261cq39jf3lqt.js:0
[  241598ms] [ERROR] Access to fetch at 'https://tile.openstreetmap.org/20/880135/489618.png' from origin 'https://navi-next.vercel.app' has been blocked by CORS policy: No 'Access-Control-Allow-Origin' header is present on the requested resource. @ https://navi-next.vercel.app/studio/map-1782480639497-sb96j/edit/building/bldg-1782551969947-rjba2/floor/0:0
[  241598ms] [ERROR] Failed to load resource: net::ERR_FAILED @ https://tile.openstreetmap.org/20/880135/489618.png:0
[  241599ms] [ERROR] eZ: AJAXError: Failed to fetch (0): https://tile.openstreetmap.org/20/880135/489618.png
    at https://navi-next.vercel.app/_next/static/chunks/261cq39jf3lqt.js:1:10566
    at Generator.throw (<anonymous>)
    at l (https://navi-next.vercel.app/_next/static/chunks/261cq39jf3lqt.js:1:673) @ https://navi-next.vercel.app/_next/static/chunks/261cq39jf3lqt.js:0
[  241601ms] [ERROR] Access to fetch at 'https://tile.openstreetmap.org/20/880134/489618.png' from origin 'https://navi-next.vercel.app' has been blocked by CORS policy: No 'Access-Control-Allow-Origin' header is present on the requested resource. @ https://navi-next.vercel.app/studio/map-1782480639497-sb96j/edit/building/bldg-1782551969947-rjba2/floor/0:0
[  241601ms] [ERROR] Failed to load resource: net::ERR_FAILED @ https://tile.openstreetmap.org/20/880134/489618.png:0
[  241602ms] [ERROR] eZ: AJAXError: Failed to fetch (0): https://tile.openstreetmap.org/20/880134/489618.png
    at https://navi-next.vercel.app/_next/static/chunks/261cq39jf3lqt.js:1:10566
    at Generator.throw (<anonymous>)
    at l (https://navi-next.vercel.app/_next/static/chunks/261cq39jf3lqt.js:1:673) @ https://navi-next.vercel.app/_next/static/chunks/261cq39jf3lqt.js:0
[  241602ms] [ERROR] Access to fetch at 'https://tile.openstreetmap.org/20/880134/489617.png' from origin 'https://navi-next.vercel.app' has been blocked by CORS policy: No 'Access-Control-Allow-Origin' header is present on the requested resource. @ https://navi-next.vercel.app/studio/map-1782480639497-sb96j/edit/building/bldg-1782551969947-rjba2/floor/0:0
[  241602ms] [ERROR] Failed to load resource: net::ERR_FAILED @ https://tile.openstreetmap.org/20/880134/489617.png:0
[  241603ms] [ERROR] eZ: AJAXError: Failed to fetch (0): https://tile.openstreetmap.org/20/880134/489617.png
    at https://navi-next.vercel.app/_next/static/chunks/261cq39jf3lqt.js:1:10566
    at Generator.throw (<anonymous>)
    at l (https://navi-next.vercel.app/_next/static/chunks/261cq39jf3lqt.js:1:673) @ https://navi-next.vercel.app/_next/static/chunks/261cq39jf3lqt.js:0
[  241603ms] [ERROR] Access to fetch at 'https://tile.openstreetmap.org/20/880135/489617.png' from origin 'https://navi-next.vercel.app' has been blocked by CORS policy: No 'Access-Control-Allow-Origin' header is present on the requested resource. @ https://navi-next.vercel.app/studio/map-1782480639497-sb96j/edit/building/bldg-1782551969947-rjba2/floor/0:0
[  241603ms] [ERROR] Failed to load resource: net::ERR_FAILED @ https://tile.openstreetmap.org/20/880135/489617.png:0
[  241603ms] [ERROR] eZ: AJAXError: Failed to fetch (0): https://tile.openstreetmap.org/20/880135/489617.png
    at https://navi-next.vercel.app/_next/static/chunks/261cq39jf3lqt.js:1:10566
    at Generator.throw (<anonymous>)
    at l (https://navi-next.vercel.app/_next/static/chunks/261cq39jf3lqt.js:1:673) @ https://navi-next.vercel.app/_next/static/chunks/261cq39jf3lqt.js:0
[  241604ms] [ERROR] Access to fetch at 'https://tile.openstreetmap.org/20/880134/489619.png' from origin 'https://navi-next.vercel.app' has been blocked by CORS policy: No 'Access-Control-Allow-Origin' header is present on the requested resource. @ https://navi-next.vercel.app/studio/map-1782480639497-sb96j/edit/building/bldg-1782551969947-rjba2/floor/0:0
[  241604ms] [ERROR] Failed to load resource: net::ERR_FAILED @ https://tile.openstreetmap.org/20/880134/489619.png:0
[  241604ms] [ERROR] eZ: AJAXError: Failed to fetch (0): https://tile.openstreetmap.org/20/880134/489619.png
    at https://navi-next.vercel.app/_next/static/chunks/261cq39jf3lqt.js:1:10566
    at Generator.throw (<anonymous>)
    at l (https://navi-next.vercel.app/_next/static/chunks/261cq39jf3lqt.js:1:673) @ https://navi-next.vercel.app/_next/static/chunks/261cq39jf3lqt.js:0
[  241604ms] [ERROR] Access to fetch at 'https://tile.openstreetmap.org/20/880134/489616.png' from origin 'https://navi-next.vercel.app' has been blocked by CORS policy: No 'Access-Control-Allow-Origin' header is present on the requested resource. @ https://navi-next.vercel.app/studio/map-1782480639497-sb96j/edit/building/bldg-1782551969947-rjba2/floor/0:0
[  241604ms] [ERROR] Failed to load resource: net::ERR_FAILED @ https://tile.openstreetmap.org/20/880134/489616.png:0
[  241604ms] [ERROR] eZ: AJAXError: Failed to fetch (0): https://tile.openstreetmap.org/20/880134/489616.png
    at https://navi-next.vercel.app/_next/static/chunks/261cq39jf3lqt.js:1:10566
    at Generator.throw (<anonymous>)
    at l (https://navi-next.vercel.app/_next/static/chunks/261cq39jf3lqt.js:1:673) @ https://navi-next.vercel.app/_next/static/chunks/261cq39jf3lqt.js:0
[  241604ms] [ERROR] Access to fetch at 'https://tile.openstreetmap.org/20/880135/489619.png' from origin 'https://navi-next.vercel.app' has been blocked by CORS policy: No 'Access-Control-Allow-Origin' header is present on the requested resource. @ https://navi-next.vercel.app/studio/map-1782480639497-sb96j/edit/building/bldg-1782551969947-rjba2/floor/0:0
[  241604ms] [ERROR] Failed to load resource: net::ERR_FAILED @ https://tile.openstreetmap.org/20/880135/489619.png:0
[  241605ms] [ERROR] eZ: AJAXError: Failed to fetch (0): https://tile.openstreetmap.org/20/880135/489619.png
    at https://navi-next.vercel.app/_next/static/chunks/261cq39jf3lqt.js:1:10566
    at Generator.throw (<anonymous>)
    at l (https://navi-next.vercel.app/_next/static/chunks/261cq39jf3lqt.js:1:673) @ https://navi-next.vercel.app/_next/static/chunks/261cq39jf3lqt.js:0
[  241950ms] [ERROR] TypeError: Cannot read properties of undefined (reading 'replace')
    at hR.url (https://navi-next.vercel.app/_next/static/chunks/261cq39jf3lqt.js:2:204093)
    at X.<anonymous> (https://navi-next.vercel.app/_next/static/chunks/261cq39jf3lqt.js:2:375971)
    at Generator.next (<anonymous>)
    at https://navi-next.vercel.app/_next/static/chunks/261cq39jf3lqt.js:1:817
    at new Promise (<anonymous>)
    at Object.b [as _] (https://navi-next.vercel.app/_next/static/chunks/261cq39jf3lqt.js:1:566)
    at X.loadTile (https://navi-next.vercel.app/_next/static/chunks/261cq39jf3lqt.js:2:375913)
    at eC.<anonymous> (https://navi-next.vercel.app/_next/static/chunks/261cq39jf3lqt.js:2:414638)
    at Generator.next (<anonymous>)
    at https://navi-next.vercel.app/_next/static/chunks/261cq39jf3lqt.js:1:817 @ https://navi-next.vercel.app/_next/static/chunks/261cq39jf3lqt.js:0
[  241992ms] [ERROR] TypeError: Cannot read properties of undefined (reading 'replace')
    at hR.url (https://navi-next.vercel.app/_next/static/chunks/261cq39jf3lqt.js:2:204093)
    at X.<anonymous> (https://navi-next.vercel.app/_next/static/chunks/261cq39jf3lqt.js:2:375971)
    at Generator.next (<anonymous>)
    at https://navi-next.vercel.app/_next/static/chunks/261cq39jf3lqt.js:1:817
    at new Promise (<anonymous>)
    at Object.b [as _] (https://navi-next.vercel.app/_next/static/chunks/261cq39jf3lqt.js:1:566)
    at X.loadTile (https://navi-next.vercel.app/_next/static/chunks/261cq39jf3lqt.js:2:375913)
    at eC.<anonymous> (https://navi-next.vercel.app/_next/static/chunks/261cq39jf3lqt.js:2:414638)
    at Generator.next (<anonymous>)
    at https://navi-next.vercel.app/_next/static/chunks/261cq39jf3lqt.js:1:817 @ https://navi-next.vercel.app/_next/static/chunks/261cq39jf3lqt.js:0
[  242075ms] [ERROR] TypeError: Cannot read properties of undefined (reading 'replace')
    at hR.url (https://navi-next.vercel.app/_next/static/chunks/261cq39jf3lqt.js:2:204093)
    at X.<anonymous> (https://navi-next.vercel.app/_next/static/chunks/261cq39jf3lqt.js:2:375971)
    at Generator.next (<anonymous>)
    at https://navi-next.vercel.app/_next/static/chunks/261cq39jf3lqt.js:1:817
    at new Promise (<anonymous>)
    at Object.b [as _] (https://navi-next.vercel.app/_next/static/chunks/261cq39jf3lqt.js:1:566)
    at X.loadTile (https://navi-next.vercel.app/_next/static/chunks/261cq39jf3lqt.js:2:375913)
    at eC.<anonymous> (https://navi-next.vercel.app/_next/static/chunks/261cq39jf3lqt.js:2:414638)
    at Generator.next (<anonymous>)
    at https://navi-next.vercel.app/_next/static/chunks/261cq39jf3lqt.js:1:817 @ https://navi-next.vercel.app/_next/static/chunks/261cq39jf3lqt.js:0
[  242083ms] [ERROR] TypeError: Cannot read properties of undefined (reading 'replace')
    at hR.url (https://navi-next.vercel.app/_next/static/chunks/261cq39jf3lqt.js:2:204093)
    at X.<anonymous> (https://navi-next.vercel.app/_next/static/chunks/261cq39jf3lqt.js:2:375971)
    at Generator.next (<anonymous>)
    at https://navi-next.vercel.app/_next/static/chunks/261cq39jf3lqt.js:1:817
    at new Promise (<anonymous>)
    at Object.b [as _] (https://navi-next.vercel.app/_next/static/chunks/261cq39jf3lqt.js:1:566)
    at X.loadTile (https://navi-next.vercel.app/_next/static/chunks/261cq39jf3lqt.js:2:375913)
    at eC.<anonymous> (https://navi-next.vercel.app/_next/static/chunks/261cq39jf3lqt.js:2:414638)
    at Generator.next (<anonymous>)
    at https://navi-next.vercel.app/_next/static/chunks/261cq39jf3lqt.js:1:817 @ https://navi-next.vercel.app/_next/static/chunks/261cq39jf3lqt.js:0
[  242091ms] [ERROR] TypeError: Cannot read properties of undefined (reading 'replace')
    at hR.url (https://navi-next.vercel.app/_next/static/chunks/261cq39jf3lqt.js:2:204093)
    at X.<anonymous> (https://navi-next.vercel.app/_next/static/chunks/261cq39jf3lqt.js:2:375971)
    at Generator.next (<anonymous>)
    at https://navi-next.vercel.app/_next/static/chunks/261cq39jf3lqt.js:1:817
    at new Promise (<anonymous>)
    at Object.b [as _] (https://navi-next.vercel.app/_next/static/chunks/261cq39jf3lqt.js:1:566)
    at X.loadTile (https://navi-next.vercel.app/_next/static/chunks/261cq39jf3lqt.js:2:375913)
    at eC.<anonymous> (https://navi-next.vercel.app/_next/static/chunks/261cq39jf3lqt.js:2:414638)
    at Generator.next (<anonymous>)
    at https://navi-next.vercel.app/_next/static/chunks/261cq39jf3lqt.js:1:817 @ https://navi-next.vercel.app/_next/static/chunks/261cq39jf3lqt.js:0
[  242100ms] [ERROR] TypeError: Cannot read properties of undefined (reading 'replace')
    at hR.url (https://navi-next.vercel.app/_next/static/chunks/261cq39jf3lqt.js:2:204093)
    at X.<anonymous> (https://navi-next.vercel.app/_next/static/chunks/261cq39jf3lqt.js:2:375971)
    at Generator.next (<anonymous>)
    at https://navi-next.vercel.app/_next/static/chunks/261cq39jf3lqt.js:1:817
    at new Promise (<anonymous>)
    at Object.b [as _] (https://navi-next.vercel.app/_next/static/chunks/261cq39jf3lqt.js:1:566)
    at X.loadTile (https://navi-next.vercel.app/_next/static/chunks/261cq39jf3lqt.js:2:375913)
    at eC.<anonymous> (https://navi-next.vercel.app/_next/static/chunks/261cq39jf3lqt.js:2:414638)
    at Generator.next (<anonymous>)
    at https://navi-next.vercel.app/_next/static/chunks/261cq39jf3lqt.js:1:817 @ https://navi-next.vercel.app/_next/static/chunks/261cq39jf3lqt.js:0
[  243598ms] [ERROR] Access to fetch at 'https://tile.openstreetmap.org/20/880133/489618.png' from origin 'https://navi-next.vercel.app' has been blocked by CORS policy: No 'Access-Control-Allow-Origin' header is present on the requested resource. @ https://navi-next.vercel.app/studio/map-1782480639497-sb96j/edit/building/bldg-1782551969947-rjba2/floor/0:0
[  243598ms] [ERROR] Failed to load resource: net::ERR_FAILED @ https://tile.openstreetmap.org/20/880133/489618.png:0
[  243599ms] [ERROR] eZ: AJAXError: Failed to fetch (0): https://tile.openstreetmap.org/20/880133/489618.png
    at https://navi-next.vercel.app/_next/static/chunks/261cq39jf3lqt.js:1:10566
    at Generator.throw (<anonymous>)
    at l (https://navi-next.vercel.app/_next/static/chunks/261cq39jf3lqt.js:1:673) @ https://navi-next.vercel.app/_next/static/chunks/261cq39jf3lqt.js:0
[  243599ms] [ERROR] Access to fetch at 'https://tile.openstreetmap.org/20/880135/489616.png' from origin 'https://navi-next.vercel.app' has been blocked by CORS policy: No 'Access-Control-Allow-Origin' header is present on the requested resource. @ https://navi-next.vercel.app/studio/map-1782480639497-sb96j/edit/building/bldg-1782551969947-rjba2/floor/0:0
[  243600ms] [ERROR] Failed to load resource: net::ERR_FAILED @ https://tile.openstreetmap.org/20/880135/489616.png:0
[  243600ms] [ERROR] eZ: AJAXError: Failed to fetch (0): https://tile.openstreetmap.org/20/880135/489616.png
    at https://navi-next.vercel.app/_next/static/chunks/261cq39jf3lqt.js:1:10566
    at Generator.throw (<anonymous>)
    at l (https://navi-next.vercel.app/_next/static/chunks/261cq39jf3lqt.js:1:673) @ https://navi-next.vercel.app/_next/static/chunks/261cq39jf3lqt.js:0
[  243600ms] [ERROR] Access to fetch at 'https://tile.openstreetmap.org/20/880136/489617.png' from origin 'https://navi-next.vercel.app' has been blocked by CORS policy: No 'Access-Control-Allow-Origin' header is present on the requested resource. @ https://navi-next.vercel.app/studio/map-1782480639497-sb96j/edit/building/bldg-1782551969947-rjba2/floor/0:0
[  243600ms] [ERROR] Failed to load resource: net::ERR_FAILED @ https://tile.openstreetmap.org/20/880136/489617.png:0
[  243601ms] [ERROR] eZ: AJAXError: Failed to fetch (0): https://tile.openstreetmap.org/20/880136/489617.png
    at https://navi-next.vercel.app/_next/static/chunks/261cq39jf3lqt.js:1:10566
    at Generator.throw (<anonymous>)
    at l (https://navi-next.vercel.app/_next/static/chunks/261cq39jf3lqt.js:1:673) @ https://navi-next.vercel.app/_next/static/chunks/261cq39jf3lqt.js:0
