[     117ms] [LOG] [Fast Refresh] rebuilding @ http://localhost:3000/_next/static/chunks/node_modules_next_dist_1ybzpk2._.js:2477
[     272ms] [LOG] [Fast Refresh] done in 260ms @ http://localhost:3000/_next/static/chunks/node_modules_next_dist_1ybzpk2._.js:2477
[     381ms] [INFO] %cDownload the React DevTools for a better development experience: https://react.dev/link/react-devtools font-weight:bold @ http://localhost:3000/_next/static/chunks/node_modules_next_dist_1ybzpk2._.js:2477
[     405ms] [LOG] [HMR] connected @ http://localhost:3000/_next/static/chunks/node_modules_next_dist_1ybzpk2._.js:2477
[   32716ms] [LOG] [InteractionController] ToolRegistry → active: "draw-road" (tool: Draw Road) @ http://localhost:3000/_next/static/chunks/node_modules_next_dist_1ybzpk2._.js:2477
[   40493ms] [LOG] [InteractionController] registry:draw-road → onPointerDown(lat=40.00015, lng=-75.00026) @ http://localhost:3000/_next/static/chunks/node_modules_next_dist_1ybzpk2._.js:2477
[   40495ms] [LOG] [InteractionController] registry:draw-road → onPointerDown(lat=40.00015, lng=-74.99962) @ http://localhost:3000/_next/static/chunks/node_modules_next_dist_1ybzpk2._.js:2477
[   40498ms] [LOG] [InteractionController] registry:draw-road → onPointerDown(lat=40.00015, lng=-74.99962) @ http://localhost:3000/_next/static/chunks/node_modules_next_dist_1ybzpk2._.js:2477
[   40498ms] [LOG] [InteractionController] registry:draw-road → onPointerDown(lat=40.00015, lng=-74.99962) @ http://localhost:3000/_next/static/chunks/node_modules_next_dist_1ybzpk2._.js:2477
[   48514ms] [LOG] [InteractionController] ToolRegistry → active: "select" (tool: Select) @ http://localhost:3000/_next/static/chunks/node_modules_next_dist_1ybzpk2._.js:2477
[   56262ms] [LOG] [InteractionController] registry:select → onPointerDown(lat=40.00015, lng=-74.99978) @ http://localhost:3000/_next/static/chunks/node_modules_next_dist_1ybzpk2._.js:2477
[  461307ms] [ERROR] Failed to load resource: the server responded with a status of 500 (Internal Server Error) @ http://localhost:3000/api/graph:0
[  461307ms] [WARNING] [graph-store] syncToSupabase failed: TypeError: fetch failed @ http://localhost:3000/_next/static/chunks/node_modules_next_dist_1ybzpk2._.js:2477
[ 1036311ms] [LOG] [Fast Refresh] rebuilding @ http://localhost:3000/_next/static/chunks/node_modules_next_dist_1ybzpk2._.js:2477
[ 1036312ms] [LOG] [Fast Refresh] done in 103ms @ http://localhost:3000/_next/static/chunks/node_modules_next_dist_1ybzpk2._.js:2477
[ 1038794ms] [LOG] [Fast Refresh] rebuilding @ http://localhost:3000/_next/static/chunks/node_modules_next_dist_1ybzpk2._.js:2477
[ 1038795ms] [LOG] [Fast Refresh] done in 106ms @ http://localhost:3000/_next/static/chunks/node_modules_next_dist_1ybzpk2._.js:2477
[ 2692421ms] [LOG] [Fast Refresh] rebuilding @ http://localhost:3000/_next/static/chunks/node_modules_next_dist_1ybzpk2._.js:2477
[ 2692506ms] [LOG] [Fast Refresh] done in 153ms @ http://localhost:3000/_next/static/chunks/node_modules_next_dist_1ybzpk2._.js:2477
[ 2692615ms] [LOG] [Fast Refresh] rebuilding @ http://localhost:3000/_next/static/chunks/node_modules_next_dist_1ybzpk2._.js:2477
[ 2692733ms] [LOG] [Fast Refresh] done in 225ms @ http://localhost:3000/_next/static/chunks/node_modules_next_dist_1ybzpk2._.js:2477
[ 2693656ms] [LOG] [Fast Refresh] rebuilding @ http://localhost:3000/_next/static/chunks/node_modules_next_dist_1ybzpk2._.js:2477
[ 2693671ms] [LOG] [Fast Refresh] done in 123ms @ http://localhost:3000/_next/static/chunks/node_modules_next_dist_1ybzpk2._.js:2477
[ 2699545ms] [LOG] [Fast Refresh] rebuilding @ http://localhost:3000/_next/static/chunks/node_modules_next_dist_1ybzpk2._.js:2477
[ 2699584ms] [LOG] [Fast Refresh] done in 67ms @ http://localhost:3000/_next/static/chunks/node_modules_next_dist_1ybzpk2._.js:2477
[ 2699692ms] [LOG] [Fast Refresh] rebuilding @ http://localhost:3000/_next/static/chunks/node_modules_next_dist_1ybzpk2._.js:2477
[ 2699786ms] [LOG] [Fast Refresh] done in 196ms @ http://localhost:3000/_next/static/chunks/node_modules_next_dist_1ybzpk2._.js:2477
[ 2700009ms] [LOG] [Fast Refresh] rebuilding @ http://localhost:3000/_next/static/chunks/node_modules_next_dist_1ybzpk2._.js:2477
[ 2700193ms] [LOG] [Fast Refresh] done in 290ms @ http://localhost:3000/_next/static/chunks/node_modules_next_dist_1ybzpk2._.js:2477
[ 2710289ms] [LOG] [Fast Refresh] rebuilding @ http://localhost:3000/_next/static/chunks/node_modules_next_dist_1ybzpk2._.js:2477
[ 2710331ms] [LOG] [Fast Refresh] done in 79ms @ http://localhost:3000/_next/static/chunks/node_modules_next_dist_1ybzpk2._.js:2477
[ 2710458ms] [LOG] [Fast Refresh] rebuilding @ http://localhost:3000/_next/static/chunks/node_modules_next_dist_1ybzpk2._.js:2477
[ 2710570ms] [LOG] [Fast Refresh] done in 213ms @ http://localhost:3000/_next/static/chunks/node_modules_next_dist_1ybzpk2._.js:2477
[ 2732908ms] [LOG] [Fast Refresh] rebuilding @ http://localhost:3000/_next/static/chunks/node_modules_next_dist_1ybzpk2._.js:2477
[ 2733176ms] [LOG] [Fast Refresh] done in 368ms @ http://localhost:3000/_next/static/chunks/node_modules_next_dist_1ybzpk2._.js:2477
[ 2951292ms] [ERROR] Failed to load resource: the server responded with a status of 500 (Internal Server Error) @ http://localhost:3000/api/graph:0
[ 2951292ms] [WARNING] [graph-store] syncToSupabase failed: TypeError: fetch failed @ http://localhost:3000/_next/static/chunks/node_modules_next_dist_1ybzpk2._.js:2477
[ 3060972ms] [LOG] [Fast Refresh] rebuilding @ http://localhost:3000/_next/static/chunks/node_modules_next_dist_1ybzpk2._.js:2477
[ 3061422ms] [LOG] [Fast Refresh] done in 545ms @ http://localhost:3000/_next/static/chunks/node_modules_next_dist_1ybzpk2._.js:2477
[ 3061534ms] [LOG] [Fast Refresh] rebuilding @ http://localhost:3000/_next/static/chunks/node_modules_next_dist_1ybzpk2._.js:2477
[ 3061633ms] [LOG] [Fast Refresh] done in 201ms @ http://localhost:3000/_next/static/chunks/node_modules_next_dist_1ybzpk2._.js:2477
[ 3073088ms] [LOG] [Fast Refresh] rebuilding @ http://localhost:3000/_next/static/chunks/node_modules_next_dist_1ybzpk2._.js:2477
[ 3073134ms] [LOG] [Fast Refresh] done in 150ms @ http://localhost:3000/_next/static/chunks/node_modules_next_dist_1ybzpk2._.js:2477
[ 3087530ms] [LOG] [Fast Refresh] rebuilding @ http://localhost:3000/_next/static/chunks/node_modules_next_dist_1ybzpk2._.js:2477
[ 3087613ms] [INFO] [migration] Converted legacy graph → CampusDocument for "verify-campus": {"buildings":0,"roads":1,"panoramas":0,"qrCheckpoints":0} @ http://localhost:3000/_next/static/chunks/node_modules_next_dist_1ybzpk2._.js:2477
[ 3089099ms] [LOG] [Fast Refresh] done in 1136ms @ http://localhost:3000/_next/static/chunks/node_modules_next_dist_1ybzpk2._.js:2477
[ 3089203ms] [LOG] [Fast Refresh] rebuilding @ http://localhost:3000/_next/static/chunks/node_modules_next_dist_1ybzpk2._.js:2477
[ 3089223ms] [LOG] [Fast Refresh] done in 123ms @ http://localhost:3000/_next/static/chunks/node_modules_next_dist_1ybzpk2._.js:2477
[ 3096449ms] [LOG] [Fast Refresh] rebuilding @ http://localhost:3000/_next/static/chunks/node_modules_next_dist_1ybzpk2._.js:2477
[ 3096537ms] [INFO] [migration] Converted legacy graph → CampusDocument for "verify-campus": {"buildings":0,"roads":1,"panoramas":0,"qrCheckpoints":0} @ http://localhost:3000/_next/static/chunks/node_modules_next_dist_1ybzpk2._.js:2477
[ 3096542ms] [LOG] [Fast Refresh] done in 158ms @ http://localhost:3000/_next/static/chunks/node_modules_next_dist_1ybzpk2._.js:2477
[ 3096663ms] [LOG] [Fast Refresh] rebuilding @ http://localhost:3000/_next/static/chunks/node_modules_next_dist_1ybzpk2._.js:2477
[ 3096742ms] [LOG] [Fast Refresh] done in 192ms @ http://localhost:3000/_next/static/chunks/node_modules_next_dist_1ybzpk2._.js:2477
[ 3108494ms] [LOG] [Fast Refresh] rebuilding @ http://localhost:3000/_next/static/chunks/node_modules_next_dist_1ybzpk2._.js:2477
[ 3108517ms] [LOG] [Fast Refresh] done in 75ms @ http://localhost:3000/_next/static/chunks/node_modules_next_dist_1ybzpk2._.js:2477
[ 3108629ms] [LOG] [Fast Refresh] rebuilding @ http://localhost:3000/_next/static/chunks/node_modules_next_dist_1ybzpk2._.js:2477
[ 3108707ms] [LOG] [Fast Refresh] done in 186ms @ http://localhost:3000/_next/static/chunks/node_modules_next_dist_1ybzpk2._.js:2477
[ 3731375ms] [ERROR] Failed to load resource: the server responded with a status of 500 (Internal Server Error) @ http://localhost:3000/api/graph:0
[ 3731376ms] [WARNING] [graph-store] syncToSupabase failed: TypeError: fetch failed @ http://localhost:3000/_next/static/chunks/node_modules_next_dist_1ybzpk2._.js:2477
[ 3851339ms] [ERROR] Failed to load resource: the server responded with a status of 500 (Internal Server Error) @ http://localhost:3000/api/graph:0
[ 3851340ms] [WARNING] [graph-store] syncToSupabase failed: TypeError: fetch failed @ http://localhost:3000/_next/static/chunks/node_modules_next_dist_1ybzpk2._.js:2477
[ 6221334ms] [ERROR] Failed to load resource: the server responded with a status of 500 (Internal Server Error) @ http://localhost:3000/api/graph:0
[ 6221334ms] [WARNING] [graph-store] syncToSupabase failed: TypeError: fetch failed @ http://localhost:3000/_next/static/chunks/node_modules_next_dist_1ybzpk2._.js:2477
[ 7571247ms] [ERROR] Failed to load resource: the server responded with a status of 500 (Internal Server Error) @ http://localhost:3000/api/graph:0
[ 7571247ms] [WARNING] [graph-store] syncToSupabase failed: TypeError: fetch failed @ http://localhost:3000/_next/static/chunks/node_modules_next_dist_1ybzpk2._.js:2477
[ 7991249ms] [ERROR] Failed to load resource: the server responded with a status of 500 (Internal Server Error) @ http://localhost:3000/api/graph:0
[ 7991250ms] [WARNING] [graph-store] syncToSupabase failed: TypeError: fetch failed @ http://localhost:3000/_next/static/chunks/node_modules_next_dist_1ybzpk2._.js:2477
[ 8003163ms] [LOG] [Fast Refresh] rebuilding @ http://localhost:3000/_next/static/chunks/node_modules_next_dist_1ybzpk2._.js:2477
[ 8003180ms] [LOG] [Fast Refresh] done in 118ms @ http://localhost:3000/_next/static/chunks/node_modules_next_dist_1ybzpk2._.js:2477
[ 8008099ms] [LOG] [Fast Refresh] rebuilding @ http://localhost:3000/_next/static/chunks/node_modules_next_dist_1ybzpk2._.js:2477
[ 8008114ms] [LOG] [Fast Refresh] done in 79ms @ http://localhost:3000/_next/static/chunks/node_modules_next_dist_1ybzpk2._.js:2477
[ 8008237ms] [LOG] [Fast Refresh] rebuilding @ http://localhost:3000/_next/static/chunks/node_modules_next_dist_1ybzpk2._.js:2477
[ 8008383ms] [LOG] [Fast Refresh] done in 246ms @ http://localhost:3000/_next/static/chunks/node_modules_next_dist_1ybzpk2._.js:2477
[ 8008647ms] [LOG] [Fast Refresh] rebuilding @ http://localhost:3000/_next/static/chunks/node_modules_next_dist_1ybzpk2._.js:2477
[ 8008660ms] [LOG] [Fast Refresh] done in 117ms @ http://localhost:3000/_next/static/chunks/node_modules_next_dist_1ybzpk2._.js:2477
[ 8032964ms] [LOG] [Fast Refresh] rebuilding @ http://localhost:3000/_next/static/chunks/node_modules_next_dist_1ybzpk2._.js:2477
[ 8033000ms] [LOG] [Fast Refresh] done in 125ms @ http://localhost:3000/_next/static/chunks/node_modules_next_dist_1ybzpk2._.js:2477
[ 8033146ms] [LOG] [Fast Refresh] rebuilding @ http://localhost:3000/_next/static/chunks/node_modules_next_dist_1ybzpk2._.js:2477
[ 8033241ms] [LOG] [Fast Refresh] done in 206ms @ http://localhost:3000/_next/static/chunks/node_modules_next_dist_1ybzpk2._.js:2477
[ 8038803ms] [LOG] [Fast Refresh] rebuilding @ http://localhost:3000/_next/static/chunks/node_modules_next_dist_1ybzpk2._.js:2477
[ 8038826ms] [LOG] [Fast Refresh] done in 86ms @ http://localhost:3000/_next/static/chunks/node_modules_next_dist_1ybzpk2._.js:2477
[ 8038939ms] [LOG] [Fast Refresh] rebuilding @ http://localhost:3000/_next/static/chunks/node_modules_next_dist_1ybzpk2._.js:2477
[ 8039022ms] [LOG] [Fast Refresh] done in 192ms @ http://localhost:3000/_next/static/chunks/node_modules_next_dist_1ybzpk2._.js:2477
[ 8039341ms] [LOG] [Fast Refresh] rebuilding @ http://localhost:3000/_next/static/chunks/node_modules_next_dist_1ybzpk2._.js:2477
[ 8039377ms] [LOG] [Fast Refresh] done in 139ms @ http://localhost:3000/_next/static/chunks/node_modules_next_dist_1ybzpk2._.js:2477
[ 8045004ms] [LOG] [Fast Refresh] rebuilding @ http://localhost:3000/_next/static/chunks/node_modules_next_dist_1ybzpk2._.js:2477
[ 8045027ms] [LOG] [Fast Refresh] done in 75ms @ http://localhost:3000/_next/static/chunks/node_modules_next_dist_1ybzpk2._.js:2477
[ 8045147ms] [LOG] [Fast Refresh] rebuilding @ http://localhost:3000/_next/static/chunks/node_modules_next_dist_1ybzpk2._.js:2477
[ 8045222ms] [LOG] [Fast Refresh] done in 190ms @ http://localhost:3000/_next/static/chunks/node_modules_next_dist_1ybzpk2._.js:2477
[ 8051488ms] [LOG] [Fast Refresh] rebuilding @ http://localhost:3000/_next/static/chunks/node_modules_next_dist_1ybzpk2._.js:2477
[ 8051519ms] [LOG] [Fast Refresh] done in 102ms @ http://localhost:3000/_next/static/chunks/node_modules_next_dist_1ybzpk2._.js:2477
[ 8051631ms] [LOG] [Fast Refresh] rebuilding @ http://localhost:3000/_next/static/chunks/node_modules_next_dist_1ybzpk2._.js:2477
[ 8051717ms] [LOG] [Fast Refresh] done in 192ms @ http://localhost:3000/_next/static/chunks/node_modules_next_dist_1ybzpk2._.js:2477
[ 8057669ms] [LOG] [Fast Refresh] rebuilding @ http://localhost:3000/_next/static/chunks/node_modules_next_dist_1ybzpk2._.js:2477
[ 8057692ms] [LOG] [Fast Refresh] done in 74ms @ http://localhost:3000/_next/static/chunks/node_modules_next_dist_1ybzpk2._.js:2477
[ 8057798ms] [LOG] [Fast Refresh] rebuilding @ http://localhost:3000/_next/static/chunks/node_modules_next_dist_1ybzpk2._.js:2477
[ 8057880ms] [LOG] [Fast Refresh] done in 185ms @ http://localhost:3000/_next/static/chunks/node_modules_next_dist_1ybzpk2._.js:2477
[ 8063384ms] [LOG] [Fast Refresh] rebuilding @ http://localhost:3000/_next/static/chunks/node_modules_next_dist_1ybzpk2._.js:2477
[ 8063404ms] [LOG] [Fast Refresh] done in 72ms @ http://localhost:3000/_next/static/chunks/node_modules_next_dist_1ybzpk2._.js:2477
[ 8063531ms] [LOG] [Fast Refresh] rebuilding @ http://localhost:3000/_next/static/chunks/node_modules_next_dist_1ybzpk2._.js:2477
[ 8063585ms] [LOG] [Fast Refresh] done in 162ms @ http://localhost:3000/_next/static/chunks/node_modules_next_dist_1ybzpk2._.js:2477
[ 8069628ms] [LOG] [Fast Refresh] rebuilding @ http://localhost:3000/_next/static/chunks/node_modules_next_dist_1ybzpk2._.js:2477
[ 8069654ms] [LOG] [Fast Refresh] done in 76ms @ http://localhost:3000/_next/static/chunks/node_modules_next_dist_1ybzpk2._.js:2477
[ 8069771ms] [LOG] [Fast Refresh] rebuilding @ http://localhost:3000/_next/static/chunks/node_modules_next_dist_1ybzpk2._.js:2477
[ 8069839ms] [LOG] [Fast Refresh] done in 180ms @ http://localhost:3000/_next/static/chunks/node_modules_next_dist_1ybzpk2._.js:2477
[ 8075373ms] [LOG] [Fast Refresh] rebuilding @ http://localhost:3000/_next/static/chunks/node_modules_next_dist_1ybzpk2._.js:2477
[ 8075397ms] [LOG] [Fast Refresh] done in 77ms @ http://localhost:3000/_next/static/chunks/node_modules_next_dist_1ybzpk2._.js:2477
[ 8075507ms] [LOG] [Fast Refresh] rebuilding @ http://localhost:3000/_next/static/chunks/node_modules_next_dist_1ybzpk2._.js:2477
[ 8075597ms] [LOG] [Fast Refresh] done in 197ms @ http://localhost:3000/_next/static/chunks/node_modules_next_dist_1ybzpk2._.js:2477
[ 8092269ms] [LOG] [Fast Refresh] rebuilding @ http://localhost:3000/_next/static/chunks/node_modules_next_dist_1ybzpk2._.js:2477
[ 8092289ms] [LOG] [Fast Refresh] done in 65ms @ http://localhost:3000/_next/static/chunks/node_modules_next_dist_1ybzpk2._.js:2477
[ 8092397ms] [LOG] [Fast Refresh] rebuilding @ http://localhost:3000/_next/static/chunks/node_modules_next_dist_1ybzpk2._.js:2477
[ 8092493ms] [LOG] [Fast Refresh] done in 200ms @ http://localhost:3000/_next/static/chunks/node_modules_next_dist_1ybzpk2._.js:2477
[ 8099352ms] [LOG] [Fast Refresh] rebuilding @ http://localhost:3000/_next/static/chunks/node_modules_next_dist_1ybzpk2._.js:2477
[ 8099381ms] [LOG] [Fast Refresh] done in 65ms @ http://localhost:3000/_next/static/chunks/node_modules_next_dist_1ybzpk2._.js:2477
[ 8099507ms] [LOG] [Fast Refresh] rebuilding @ http://localhost:3000/_next/static/chunks/node_modules_next_dist_1ybzpk2._.js:2477
[ 8099588ms] [LOG] [Fast Refresh] done in 183ms @ http://localhost:3000/_next/static/chunks/node_modules_next_dist_1ybzpk2._.js:2477
[ 8107690ms] [LOG] [Fast Refresh] rebuilding @ http://localhost:3000/_next/static/chunks/node_modules_next_dist_1ybzpk2._.js:2477
[ 8107781ms] [INFO] [migration] Converted legacy graph → CampusDocument for "verify-campus": {"buildings":0,"roads":1,"panoramas":0,"qrCheckpoints":0} @ http://localhost:3000/_next/static/chunks/node_modules_next_dist_1ybzpk2._.js:2477
[ 8107785ms] [LOG] [Fast Refresh] done in 162ms @ http://localhost:3000/_next/static/chunks/node_modules_next_dist_1ybzpk2._.js:2477
[ 8107891ms] [LOG] [Fast Refresh] rebuilding @ http://localhost:3000/_next/static/chunks/node_modules_next_dist_1ybzpk2._.js:2477
[ 8107982ms] [LOG] [Fast Refresh] done in 194ms @ http://localhost:3000/_next/static/chunks/node_modules_next_dist_1ybzpk2._.js:2477
[ 8108116ms] [LOG] [Fast Refresh] rebuilding @ http://localhost:3000/_next/static/chunks/node_modules_next_dist_1ybzpk2._.js:2477
[ 8108446ms] [LOG] [Fast Refresh] done in 437ms @ http://localhost:3000/_next/static/chunks/node_modules_next_dist_1ybzpk2._.js:2477
[ 8108573ms] [LOG] [Fast Refresh] rebuilding @ http://localhost:3000/_next/static/chunks/node_modules_next_dist_1ybzpk2._.js:2477
[ 8108595ms] [LOG] [Fast Refresh] done in 125ms @ http://localhost:3000/_next/static/chunks/node_modules_next_dist_1ybzpk2._.js:2477
[ 8114410ms] [LOG] [Fast Refresh] rebuilding @ http://localhost:3000/_next/static/chunks/node_modules_next_dist_1ybzpk2._.js:2477
[ 8114486ms] [LOG] [Fast Refresh] done in 103ms @ http://localhost:3000/_next/static/chunks/node_modules_next_dist_1ybzpk2._.js:2477
[ 8114599ms] [LOG] [Fast Refresh] rebuilding @ http://localhost:3000/_next/static/chunks/node_modules_next_dist_1ybzpk2._.js:2477
[ 8114695ms] [LOG] [Fast Refresh] done in 201ms @ http://localhost:3000/_next/static/chunks/node_modules_next_dist_1ybzpk2._.js:2477
[ 8124961ms] [LOG] [Fast Refresh] rebuilding @ http://localhost:3000/_next/static/chunks/node_modules_next_dist_1ybzpk2._.js:2477
[ 8125060ms] [LOG] [Fast Refresh] done in 116ms @ http://localhost:3000/_next/static/chunks/node_modules_next_dist_1ybzpk2._.js:2477
[ 8125181ms] [LOG] [Fast Refresh] rebuilding @ http://localhost:3000/_next/static/chunks/node_modules_next_dist_1ybzpk2._.js:2477
[ 8125282ms] [LOG] [Fast Refresh] done in 204ms @ http://localhost:3000/_next/static/chunks/node_modules_next_dist_1ybzpk2._.js:2477
[ 8135146ms] [LOG] [Fast Refresh] rebuilding @ http://localhost:3000/_next/static/chunks/node_modules_next_dist_1ybzpk2._.js:2477
[ 8135253ms] [INFO] [migration] Converted legacy graph → CampusDocument for "verify-campus": {"buildings":0,"roads":1,"panoramas":0,"qrCheckpoints":0} @ http://localhost:3000/_next/static/chunks/node_modules_next_dist_1ybzpk2._.js:2477
[ 8135259ms] [LOG] [Fast Refresh] done in 134ms @ http://localhost:3000/_next/static/chunks/node_modules_next_dist_1ybzpk2._.js:2477
[ 8135375ms] [LOG] [Fast Refresh] rebuilding @ http://localhost:3000/_next/static/chunks/node_modules_next_dist_1ybzpk2._.js:2477
[ 8135491ms] [LOG] [Fast Refresh] done in 218ms @ http://localhost:3000/_next/static/chunks/node_modules_next_dist_1ybzpk2._.js:2477
[ 8136583ms] [LOG] [Fast Refresh] rebuilding @ http://localhost:3000/_next/static/chunks/node_modules_next_dist_1ybzpk2._.js:2477
[ 8136634ms] [LOG] [Fast Refresh] done in 154ms @ http://localhost:3000/_next/static/chunks/node_modules_next_dist_1ybzpk2._.js:2477
[ 8145271ms] [LOG] [Fast Refresh] rebuilding @ http://localhost:3000/_next/static/chunks/node_modules_next_dist_1ybzpk2._.js:2477
[ 8145355ms] [LOG] [Fast Refresh] done in 134ms @ http://localhost:3000/_next/static/chunks/node_modules_next_dist_1ybzpk2._.js:2477
[ 8145474ms] [LOG] [Fast Refresh] rebuilding @ http://localhost:3000/_next/static/chunks/node_modules_next_dist_1ybzpk2._.js:2477
[ 8145561ms] [LOG] [Fast Refresh] done in 188ms @ http://localhost:3000/_next/static/chunks/node_modules_next_dist_1ybzpk2._.js:2477
[ 8460797ms] [LOG] [Fast Refresh] rebuilding @ http://localhost:3000/_next/static/chunks/node_modules_next_dist_1ybzpk2._.js:2477
[ 8460825ms] [LOG] [Fast Refresh] done in 73ms @ http://localhost:3000/_next/static/chunks/node_modules_next_dist_1ybzpk2._.js:2477
[ 8460930ms] [LOG] [Fast Refresh] rebuilding @ http://localhost:3000/_next/static/chunks/node_modules_next_dist_1ybzpk2._.js:2477
[ 8461038ms] [LOG] [Fast Refresh] done in 211ms @ http://localhost:3000/_next/static/chunks/node_modules_next_dist_1ybzpk2._.js:2477
[ 8461058ms] ReferenceError: tooltip is not defined
    at InteractionController (http://localhost:3000/_next/static/chunks/src_1zk43l1._.js?id=%255Bproject%255D%252Fsrc%252Fcomponents%252Fstudio%252FInteractionController.tsx+%255Bapp-client%255D+%2528ecmascript%2529:681:19)
    at Object.react_stack_bottom_frame (http://localhost:3000/_next/static/chunks/node_modules_next_dist_compiled_react-dom_096_9a-._.js:15037:24)
    at renderWithHooks (http://localhost:3000/_next/static/chunks/node_modules_next_dist_compiled_react-dom_096_9a-._.js:4620:24)
    at updateFunctionComponent (http://localhost:3000/_next/static/chunks/node_modules_next_dist_compiled_react-dom_096_9a-._.js:6081:21)
    at beginWork (http://localhost:3000/_next/static/chunks/node_modules_next_dist_compiled_react-dom_096_9a-._.js:6691:24)
    at runWithFiberInDEV (http://localhost:3000/_next/static/chunks/node_modules_next_dist_compiled_react-dom_096_9a-._.js:965:74)
    at performUnitOfWork (http://localhost:3000/_next/static/chunks/node_modules_next_dist_compiled_react-dom_096_9a-._.js:9555:97)
    at workLoopSync (http://localhost:3000/_next/static/chunks/node_modules_next_dist_compiled_react-dom_096_9a-._.js:9449:40)
    at renderRootSync (http://localhost:3000/_next/static/chunks/node_modules_next_dist_compiled_react-dom_096_9a-._.js:9433:13)
    at performWorkOnRoot (http://localhost:3000/_next/static/chunks/node_modules_next_dist_compiled_react-dom_096_9a-._.js:9061:186)
    at performSyncWorkOnRoot (http://localhost:3000/_next/static/chunks/node_modules_next_dist_compiled_react-dom_096_9a-._.js:10263:9)
    at flushSyncWorkAcrossRoots_impl (http://localhost:3000/_next/static/chunks/node_modules_next_dist_compiled_react-dom_096_9a-._.js:10179:316)
    at processRootScheduleInMicrotask (http://localhost:3000/_next/static/chunks/node_modules_next_dist_compiled_react-dom_096_9a-._.js:10200:106)
    at http://localhost:3000/_next/static/chunks/node_modules_next_dist_compiled_react-dom_096_9a-._.js:10274:158
[ 8461632ms] [LOG] [Fast Refresh] rebuilding @ http://localhost:3000/_next/static/chunks/node_modules_next_dist_1ybzpk2._.js:2477
[ 8461635ms] [LOG] [Fast Refresh] done in 117ms @ http://localhost:3000/_next/static/chunks/node_modules_next_dist_1ybzpk2._.js:2477
[ 8471277ms] [LOG] [Fast Refresh] rebuilding @ http://localhost:3000/_next/static/chunks/node_modules_next_dist_1ybzpk2._.js:2477
[ 8471287ms] [WARNING] [Fast Refresh] performing full reload because your application had an unrecoverable error @ http://localhost:3000/_next/static/chunks/node_modules_next_dist_1ybzpk2._.js:2477
[ 8471309ms] [LOG] [Fast Refresh] done in 86ms @ http://localhost:3000/_next/static/chunks/node_modules_next_dist_1ybzpk2._.js:2477
[ 8471325ms] [INFO] [migration] Converted legacy graph → CampusDocument for "verify-campus": {"buildings":0,"roads":1,"panoramas":0,"qrCheckpoints":0} @ http://localhost:3000/_next/static/chunks/node_modules_next_dist_1ybzpk2._.js:2477
[ 8471418ms] [LOG] [Fast Refresh] rebuilding @ http://localhost:3000/_next/static/chunks/node_modules_next_dist_1ybzpk2._.js:2477
[ 8471516ms] [LOG] [Fast Refresh] done in 201ms @ http://localhost:3000/_next/static/chunks/node_modules_next_dist_1ybzpk2._.js:2477
[ 8471623ms] [LOG] [Fast Refresh] rebuilding @ http://localhost:3000/_next/static/chunks/node_modules_next_dist_1ybzpk2._.js:2477
[ 8472169ms] [LOG] [Fast Refresh] done in 653ms @ http://localhost:3000/_next/static/chunks/node_modules_next_dist_1ybzpk2._.js:2477
[ 8472334ms] [INFO] %cDownload the React DevTools for a better development experience: https://react.dev/link/react-devtools font-weight:bold @ http://localhost:3000/_next/static/chunks/node_modules_next_dist_1ybzpk2._.js:2477
[ 8472368ms] [LOG] [HMR] connected @ http://localhost:3000/_next/static/chunks/node_modules_next_dist_1ybzpk2._.js:2477
[ 8480315ms] [LOG] [Fast Refresh] rebuilding @ http://localhost:3000/_next/static/chunks/node_modules_next_dist_1ybzpk2._.js:2477
[ 8480344ms] [LOG] [Fast Refresh] done in 78ms @ http://localhost:3000/_next/static/chunks/node_modules_next_dist_1ybzpk2._.js:2477
[ 8480446ms] [LOG] [Fast Refresh] rebuilding @ http://localhost:3000/_next/static/chunks/node_modules_next_dist_1ybzpk2._.js:2477
[ 8480549ms] [LOG] [Fast Refresh] done in 203ms @ http://localhost:3000/_next/static/chunks/node_modules_next_dist_1ybzpk2._.js:2477
[ 8480570ms] ReferenceError: useState is not defined
    at InteractionController (http://localhost:3000/_next/static/chunks/src_1zk43l1._.js?id=%255Bproject%255D%252Fsrc%252Fcomponents%252Fstudio%252FInteractionController.tsx+%255Bapp-client%255D+%2528ecmascript%2529:41:49)
    at Object.react_stack_bottom_frame (http://localhost:3000/_next/static/chunks/node_modules_next_dist_compiled_react-dom_096_9a-._.js:15037:24)
    at renderWithHooks (http://localhost:3000/_next/static/chunks/node_modules_next_dist_compiled_react-dom_096_9a-._.js:4620:24)
    at updateFunctionComponent (http://localhost:3000/_next/static/chunks/node_modules_next_dist_compiled_react-dom_096_9a-._.js:6081:21)
    at beginWork (http://localhost:3000/_next/static/chunks/node_modules_next_dist_compiled_react-dom_096_9a-._.js:6691:24)
    at runWithFiberInDEV (http://localhost:3000/_next/static/chunks/node_modules_next_dist_compiled_react-dom_096_9a-._.js:965:74)
    at performUnitOfWork (http://localhost:3000/_next/static/chunks/node_modules_next_dist_compiled_react-dom_096_9a-._.js:9555:97)
    at workLoopSync (http://localhost:3000/_next/static/chunks/node_modules_next_dist_compiled_react-dom_096_9a-._.js:9449:40)
    at renderRootSync (http://localhost:3000/_next/static/chunks/node_modules_next_dist_compiled_react-dom_096_9a-._.js:9433:13)
    at performWorkOnRoot (http://localhost:3000/_next/static/chunks/node_modules_next_dist_compiled_react-dom_096_9a-._.js:9061:186)
    at performSyncWorkOnRoot (http://localhost:3000/_next/static/chunks/node_modules_next_dist_compiled_react-dom_096_9a-._.js:10263:9)
    at flushSyncWorkAcrossRoots_impl (http://localhost:3000/_next/static/chunks/node_modules_next_dist_compiled_react-dom_096_9a-._.js:10179:316)
    at processRootScheduleInMicrotask (http://localhost:3000/_next/static/chunks/node_modules_next_dist_compiled_react-dom_096_9a-._.js:10200:106)
    at http://localhost:3000/_next/static/chunks/node_modules_next_dist_compiled_react-dom_096_9a-._.js:10274:158
[ 8516367ms] [LOG] [Fast Refresh] rebuilding @ http://localhost:3000/_next/static/chunks/node_modules_next_dist_1ybzpk2._.js:2477
[ 8516380ms] [WARNING] [Fast Refresh] performing full reload because your application had an unrecoverable error @ http://localhost:3000/_next/static/chunks/node_modules_next_dist_1ybzpk2._.js:2477
[ 8516400ms] [LOG] [Fast Refresh] done in 80ms @ http://localhost:3000/_next/static/chunks/node_modules_next_dist_1ybzpk2._.js:2477
[ 8516520ms] [LOG] [Fast Refresh] rebuilding @ http://localhost:3000/_next/static/chunks/node_modules_next_dist_1ybzpk2._.js:2477
[ 8516589ms] [LOG] [Fast Refresh] done in 177ms @ http://localhost:3000/_next/static/chunks/node_modules_next_dist_1ybzpk2._.js:2477
[ 8516700ms] [LOG] [Fast Refresh] rebuilding @ http://localhost:3000/_next/static/chunks/node_modules_next_dist_1ybzpk2._.js:2477
[ 8516704ms] [LOG] [Fast Refresh] done in 110ms @ http://localhost:3000/_next/static/chunks/node_modules_next_dist_1ybzpk2._.js:2477
[ 8517050ms] [INFO] %cDownload the React DevTools for a better development experience: https://react.dev/link/react-devtools font-weight:bold @ http://localhost:3000/_next/static/chunks/node_modules_next_dist_1ybzpk2._.js:2477
[ 8517085ms] [LOG] [HMR] connected @ http://localhost:3000/_next/static/chunks/node_modules_next_dist_1ybzpk2._.js:2477
[ 9037852ms] [ERROR] Failed to load resource: the server responded with a status of 500 (Internal Server Error) @ http://localhost:3000/api/graph:0
[ 9037853ms] [WARNING] [graph-store] syncToSupabaseDocument failed: TypeError: fetch failed @ http://localhost:3000/_next/static/chunks/node_modules_next_dist_1ybzpk2._.js:2477
[ 9067792ms] [ERROR] Failed to load resource: the server responded with a status of 500 (Internal Server Error) @ http://localhost:3000/api/graph:0
[ 9067793ms] [WARNING] [graph-store] syncToSupabaseDocument failed: TypeError: fetch failed @ http://localhost:3000/_next/static/chunks/node_modules_next_dist_1ybzpk2._.js:2477
[ 9146716ms] [LOG] [Fast Refresh] rebuilding @ http://localhost:3000/_next/static/chunks/node_modules_next_dist_1ybzpk2._.js:2477
[ 9146773ms] [LOG] [Fast Refresh] done in 144ms @ http://localhost:3000/_next/static/chunks/node_modules_next_dist_1ybzpk2._.js:2477
[ 9146882ms] [LOG] [Fast Refresh] rebuilding @ http://localhost:3000/_next/static/chunks/node_modules_next_dist_1ybzpk2._.js:2477
[ 9147029ms] [LOG] [Fast Refresh] done in 249ms @ http://localhost:3000/_next/static/chunks/node_modules_next_dist_1ybzpk2._.js:2477
[ 9147305ms] [LOG] [Fast Refresh] rebuilding @ http://localhost:3000/_next/static/chunks/node_modules_next_dist_1ybzpk2._.js:2477
[ 9147334ms] [LOG] [Fast Refresh] done in 138ms @ http://localhost:3000/_next/static/chunks/node_modules_next_dist_1ybzpk2._.js:2477
[ 9172525ms] [LOG] [Fast Refresh] rebuilding @ http://localhost:3000/_next/static/chunks/node_modules_next_dist_1ybzpk2._.js:2477
[ 9172575ms] [LOG] [Fast Refresh] done in 136ms @ http://localhost:3000/_next/static/chunks/node_modules_next_dist_1ybzpk2._.js:2477
[ 9172683ms] [LOG] [Fast Refresh] rebuilding @ http://localhost:3000/_next/static/chunks/node_modules_next_dist_1ybzpk2._.js:2477
[ 9172858ms] [LOG] [Fast Refresh] done in 277ms @ http://localhost:3000/_next/static/chunks/node_modules_next_dist_1ybzpk2._.js:2477
[ 9179515ms] [LOG] [Fast Refresh] rebuilding @ http://localhost:3000/_next/static/chunks/node_modules_next_dist_1ybzpk2._.js:2477
[ 9179578ms] [LOG] [Fast Refresh] done in 137ms @ http://localhost:3000/_next/static/chunks/node_modules_next_dist_1ybzpk2._.js:2477
[ 9179691ms] [LOG] [Fast Refresh] rebuilding @ http://localhost:3000/_next/static/chunks/node_modules_next_dist_1ybzpk2._.js:2477
[ 9179810ms] [LOG] [Fast Refresh] done in 226ms @ http://localhost:3000/_next/static/chunks/node_modules_next_dist_1ybzpk2._.js:2477
[ 9187333ms] [LOG] [Fast Refresh] rebuilding @ http://localhost:3000/_next/static/chunks/node_modules_next_dist_1ybzpk2._.js:2477
[ 9187359ms] [LOG] [Fast Refresh] done in 70ms @ http://localhost:3000/_next/static/chunks/node_modules_next_dist_1ybzpk2._.js:2477
[ 9187470ms] [LOG] [Fast Refresh] rebuilding @ http://localhost:3000/_next/static/chunks/node_modules_next_dist_1ybzpk2._.js:2477
[ 9187588ms] [LOG] [Fast Refresh] done in 222ms @ http://localhost:3000/_next/static/chunks/node_modules_next_dist_1ybzpk2._.js:2477
[ 9188645ms] [LOG] [Fast Refresh] rebuilding @ http://localhost:3000/_next/static/chunks/node_modules_next_dist_1ybzpk2._.js:2477
[ 9188646ms] [LOG] [Fast Refresh] done in 106ms @ http://localhost:3000/_next/static/chunks/node_modules_next_dist_1ybzpk2._.js:2477
[ 9195076ms] [LOG] [Fast Refresh] rebuilding @ http://localhost:3000/_next/static/chunks/node_modules_next_dist_1ybzpk2._.js:2477
[ 9195095ms] [LOG] [Fast Refresh] done in 63ms @ http://localhost:3000/_next/static/chunks/node_modules_next_dist_1ybzpk2._.js:2477
[ 9195207ms] [LOG] [Fast Refresh] rebuilding @ http://localhost:3000/_next/static/chunks/node_modules_next_dist_1ybzpk2._.js:2477
[ 9195300ms] [LOG] [Fast Refresh] done in 200ms @ http://localhost:3000/_next/static/chunks/node_modules_next_dist_1ybzpk2._.js:2477
[ 9203890ms] [LOG] [Fast Refresh] rebuilding @ http://localhost:3000/_next/static/chunks/node_modules_next_dist_1ybzpk2._.js:2477
[ 9204105ms] [LOG] [Fast Refresh] done in 81ms @ http://localhost:3000/_next/static/chunks/node_modules_next_dist_1ybzpk2._.js:2477
[ 9212997ms] [LOG] [Fast Refresh] rebuilding @ http://localhost:3000/_next/static/chunks/node_modules_next_dist_1ybzpk2._.js:2477
[ 9213020ms] [LOG] [Fast Refresh] done in 81ms @ http://localhost:3000/_next/static/chunks/node_modules_next_dist_1ybzpk2._.js:2477
[ 9213134ms] [LOG] [Fast Refresh] rebuilding @ http://localhost:3000/_next/static/chunks/node_modules_next_dist_1ybzpk2._.js:2477
[ 9213215ms] [LOG] [Fast Refresh] done in 190ms @ http://localhost:3000/_next/static/chunks/node_modules_next_dist_1ybzpk2._.js:2477
[ 9221950ms] [LOG] [Fast Refresh] rebuilding @ http://localhost:3000/_next/static/chunks/node_modules_next_dist_1ybzpk2._.js:2477
[ 9221971ms] [LOG] [Fast Refresh] done in 82ms @ http://localhost:3000/_next/static/chunks/node_modules_next_dist_1ybzpk2._.js:2477
[ 9222086ms] [LOG] [Fast Refresh] rebuilding @ http://localhost:3000/_next/static/chunks/node_modules_next_dist_1ybzpk2._.js:2477
[ 9222178ms] [LOG] [Fast Refresh] done in 202ms @ http://localhost:3000/_next/static/chunks/node_modules_next_dist_1ybzpk2._.js:2477
[ 9228605ms] [LOG] [Fast Refresh] rebuilding @ http://localhost:3000/_next/static/chunks/node_modules_next_dist_1ybzpk2._.js:2477
[ 9228628ms] [LOG] [Fast Refresh] done in 77ms @ http://localhost:3000/_next/static/chunks/node_modules_next_dist_1ybzpk2._.js:2477
[ 9228742ms] [LOG] [Fast Refresh] rebuilding @ http://localhost:3000/_next/static/chunks/node_modules_next_dist_1ybzpk2._.js:2477
[ 9228827ms] [LOG] [Fast Refresh] done in 195ms @ http://localhost:3000/_next/static/chunks/node_modules_next_dist_1ybzpk2._.js:2477
[ 9487868ms] [ERROR] Failed to load resource: the server responded with a status of 500 (Internal Server Error) @ http://localhost:3000/api/graph:0
[ 9487869ms] [WARNING] [graph-store] syncToSupabaseDocument failed: TypeError: fetch failed @ http://localhost:3000/_next/static/chunks/node_modules_next_dist_1ybzpk2._.js:2477
[ 9767307ms] [ERROR] Failed to load resource: the server responded with a status of 500 (Internal Server Error) @ http://localhost:3000/api/graph:0
[ 9767307ms] [WARNING] [graph-store] syncToSupabaseDocument failed: <!DOCTYPE html>
<!--[if lt IE 7]> <html class="no-js ie6 oldie" lang="en-US"> <![endif]-->
<!--[if IE 7]>    <html class="no-js ie7 oldie" lang="en-US"> <![endif]-->
<!--[if IE 8]>    <html class="no-js ie8 oldie" lang="en-US"> <![endif]-->
<!--[if gt IE 8]><!--> <html class="no-js" lang="en-US"> <!--<![endif]-->
<head>

<title>supabase.co | 522: Connection timed out</title>
<meta charset="UTF-8" />
<meta http-equiv="Content-Type" content="text/html; charset=UTF-8" />
<meta http-equiv="X-UA-Compatible" content="IE=Edge" />
<meta name="robots" content="noindex, nofollow" />
<meta name="viewport" content="width=device-width,initial-scale=1" />
<link rel="stylesheet" id="cf_styles-css" href="/cdn-cgi/styles/main.css" />
</head>
<body>
<div id="cf-wrapper">
    <div id="cf-error-details" class="p-0">
        <header class="mx-auto pt-10 lg:pt-6 lg:px-8 w-240 lg:w-full mb-8">
            <h1 class="inline-block sm:block sm:mb-2 font-light text-60 lg:text-4xl text-black-dark leading-tight mr-2">
                <span class="inline-block">Connection timed out</span>
                <span class="code-label">Error code 522</span>
            </h1>
            <div>
                Visit <a href="https://www.cloudflare.com/5xx-error-landing?utm_source=errorcode_522&utm_campaign=oltfaepqcktrumfhadzb.supabase.co" target="_blank" rel="noopener noreferrer">cloudflare.com</a> for more information.
            </div>
            <div class="mt-3">2026-07-14 16:58:47 UTC</div>
        </header>
        <div class="my-8 bg-gradient-gray">
            <div class="w-240 lg:w-full mx-auto">
                <div class="clearfix md:px-8">
                    <div id="cf-browser-status" class=" relative w-1/3 md:w-full py-15 md:p-0 md:py-8 md:text-left md:border-solid md:border-0 md:border-b md:border-gray-400 overflow-hidden float-left md:float-none text-center">
  <div class="relative mb-10 md:m-0">
    
    <span class="cf-icon-browser block md:hidden h-20 bg-center bg-no-repeat"></span>
    <span class="cf-icon-ok w-12 h-12 absolute left-1/2 md:left-auto md:right-0 md:top-0 -ml-6 -bottom-4"></span>
    
  </div>
  <span class="md:block w-full truncate">You</span>
  <h3 class="md:inline-block mt-3 md:mt-0 text-2xl text-gray-600 font-light leading-1.3">
  
    Browser
  
  </h3>
  
  <span class="leading-1.3 text-2xl text-green-success">Working</span>
  
</div>
                    <div id="cf-cloudflare-status" class=" relative w-1/3 md:w-full py-15 md:p-0 md:py-8 md:text-left md:border-solid md:border-0 md:border-b md:border-gray-400 overflow-hidden float-left md:float-none text-center">
  <div class="relative mb-10 md:m-0">
    <a href="https://www.cloudflare.com/5xx-error-landing?utm_source=errorcode_522&#38;utm_campaign=oltfaepqcktrumfhadzb.supabase.co" target="_blank" rel="noopener noreferrer">
    <span class="cf-icon-cloud block md:hidden h-20 bg-center bg-no-repeat"></span>
    <span class="cf-icon-ok w-12 h-12 absolute left-1/2 md:left-auto md:right-0 md:top-0 -ml-6 -bottom-4"></span>
    </a>
  </div>
  <span class="md:block w-full truncate">Singapore</span>
  <h3 class="md:inline-block mt-3 md:mt-0 text-2xl text-gray-600 font-light leading-1.3">
  <a href="https://www.cloudflare.com/5xx-error-landing?utm_source=errorcode_522&utm_campaign=oltfaepqcktrumfhadzb.supabase.co" target="_blank" rel="noopener noreferrer">
    Cloudflare
  </a>
  </h3>
  
  <span class="leading-1.3 text-2xl text-green-success">Working</span>
  
</div>
                    <div id="cf-host-status" class="cf-error-source relative w-1/3 md:w-full py-15 md:p-0 md:py-8 md:text-left md:border-solid md:border-0 md:border-b md:border-gray-400 overflow-hidden float-left md:float-none text-center">
  <div class="relative mb-10 md:m-0">
    
    <span class="cf-icon-server block md:hidden h-20 bg-center bg-no-repeat"></span>
    <span class="cf-icon-error w-12 h-12 absolute left-1/2 md:left-auto md:right-0 md:top-0 -ml-6 -bottom-4"></span>
    
  </div>
  <span class="md:block w-full truncate">oltfaepqcktrumfhadzb.supabase.co</span>
  <h3 class="md:inline-block mt-3 md:mt-0 text-2xl text-gray-600 font-light leading-1.3">
  
    Host
  
  </h3>
  
  <span class="leading-1.3 text-2xl text-red-error">Error</span>
  
</div>
                </div>
            </div>
        </div>

        <div class="w-240 lg:w-full mx-auto mb-8 lg:px-8">
            <div class="clearfix">
                <div class="w-1/2 md:w-full float-left pr-6 md:pb-10 md:pr-0 leading-relaxed">
                    <h2 class="text-3xl font-normal leading-1.3 mb-4">What happened?</h2>
                    <p>The initial connection between Cloudflare's network and the origin web server timed out. As a result, the web page can not be displayed.</p>
                </div>
                <div class="w-1/2 md:w-full float-left leading-relaxed">
                    <h2 class="text-3xl font-normal leading-1.3 mb-4">What can I do?</h2>
                    
                <h3 class="text-15 font-semibold mb-2">If you're a visitor of this website:</h3>
                <p class="mb-6">Please try again in a few minutes.</p>

                <h3 class="text-15 font-semibold mb-2">If you're the owner of this website:</h3>
                <p><span>Contact your hosting provider letting them know your web server is not completing requests. An Error 522 means that the request was able to connect to your web server, but that the request didn't finish. The most likely cause is that something on your server is hogging resources.</span> <a rel="noopener noreferrer" href="https://developers.cloudflare.com/support/troubleshooting/http-status-codes/cloudflare-5xx-errors/error-522/">Additional troubleshooting information here.</a></p>
                </div>
            </div>
        </div>

        <div class="cf-error-footer cf-wrapper w-240 lg:w-full py-10 sm:py-4 sm:px-8 mx-auto text-center sm:text-left border-solid border-0 border-t border-gray-300">
    <p class="text-13">
      <span class="cf-footer-item sm:block sm:mb-1">Cloudflare Ray ID: <strong class="font-semibold">a1b212854b065941</strong></span>
      <span class="cf-footer-separator sm:hidden">&bull;</span>
      <span id="cf-footer-item-ip" class="cf-footer-item hidden sm:block sm:mb-1">
        Your IP:
        <button type="button" id="cf-footer-ip-reveal" class="cf-footer-ip-reveal-btn">Click to reveal</button>
        <span class="hidden" id="cf-footer-ip">103.229.188.253</span>
        <span class="cf-footer-separator sm:hidden">&bull;</span>
      </span>
      <span class="cf-footer-item sm:block sm:mb-1"><span>Performance &amp; security by</span> <a rel="noopener noreferrer" href="https://www.cloudflare.com/5xx-error-landing?utm_source=errorcode_522&#38;utm_campaign=oltfaepqcktrumfhadzb.supabase.co" id="brand_link" target="_blank">Cloudflare</a></span>
      
    </p>
    <script>(function(){function d(){var b=a.getElementById("cf-footer-item-ip"),c=a.getElementById("cf-footer-ip-reveal");b&&"classList"in b&&(b.classList.remove("hidden"),c.addEventListener("click",function(){c.classList.add("hidden");a.getElementById("cf-footer-ip").classList.remove("hidden")}))}var a=document;document.addEventListener&&a.addEventListener("DOMContentLoaded",d)})();</script>
  </div><!-- /.error-footer -->

    </div>
</div>
</body>
</html> @ http://localhost:3000/_next/static/chunks/node_modules_next_dist_1ybzpk2._.js:2477
[ 9847836ms] [ERROR] Failed to load resource: the server responded with a status of 500 (Internal Server Error) @ http://localhost:3000/api/graph:0
[ 9847836ms] [WARNING] [graph-store] syncToSupabaseDocument failed: TypeError: fetch failed @ http://localhost:3000/_next/static/chunks/node_modules_next_dist_1ybzpk2._.js:2477
[10010465ms] [ERROR] Failed to load resource: the server responded with a status of 500 (Internal Server Error) @ http://localhost:3000/api/graph:0
[10010465ms] [WARNING] [graph-store] syncToSupabaseDocument failed: <!DOCTYPE html>
<!--[if lt IE 7]> <html class="no-js ie6 oldie" lang="en-US"> <![endif]-->
<!--[if IE 7]>    <html class="no-js ie7 oldie" lang="en-US"> <![endif]-->
<!--[if IE 8]>    <html class="no-js ie8 oldie" lang="en-US"> <![endif]-->
<!--[if gt IE 8]><!--> <html class="no-js" lang="en-US"> <!--<![endif]-->
<head>

<title>supabase.co | 522: Connection timed out</title>
<meta charset="UTF-8" />
<meta http-equiv="Content-Type" content="text/html; charset=UTF-8" />
<meta http-equiv="X-UA-Compatible" content="IE=Edge" />
<meta name="robots" content="noindex, nofollow" />
<meta name="viewport" content="width=device-width,initial-scale=1" />
<link rel="stylesheet" id="cf_styles-css" href="/cdn-cgi/styles/main.css" />
</head>
<body>
<div id="cf-wrapper">
    <div id="cf-error-details" class="p-0">
        <header class="mx-auto pt-10 lg:pt-6 lg:px-8 w-240 lg:w-full mb-8">
            <h1 class="inline-block sm:block sm:mb-2 font-light text-60 lg:text-4xl text-black-dark leading-tight mr-2">
                <span class="inline-block">Connection timed out</span>
                <span class="code-label">Error code 522</span>
            </h1>
            <div>
                Visit <a href="https://www.cloudflare.com/5xx-error-landing?utm_source=errorcode_522&utm_campaign=oltfaepqcktrumfhadzb.supabase.co" target="_blank" rel="noopener noreferrer">cloudflare.com</a> for more information.
            </div>
            <div class="mt-3">2026-07-14 17:02:50 UTC</div>
        </header>
        <div class="my-8 bg-gradient-gray">
            <div class="w-240 lg:w-full mx-auto">
                <div class="clearfix md:px-8">
                    <div id="cf-browser-status" class=" relative w-1/3 md:w-full py-15 md:p-0 md:py-8 md:text-left md:border-solid md:border-0 md:border-b md:border-gray-400 overflow-hidden float-left md:float-none text-center">
  <div class="relative mb-10 md:m-0">
    
    <span class="cf-icon-browser block md:hidden h-20 bg-center bg-no-repeat"></span>
    <span class="cf-icon-ok w-12 h-12 absolute left-1/2 md:left-auto md:right-0 md:top-0 -ml-6 -bottom-4"></span>
    
  </div>
  <span class="md:block w-full truncate">You</span>
  <h3 class="md:inline-block mt-3 md:mt-0 text-2xl text-gray-600 font-light leading-1.3">
  
    Browser
  
  </h3>
  
  <span class="leading-1.3 text-2xl text-green-success">Working</span>
  
</div>
                    <div id="cf-cloudflare-status" class=" relative w-1/3 md:w-full py-15 md:p-0 md:py-8 md:text-left md:border-solid md:border-0 md:border-b md:border-gray-400 overflow-hidden float-left md:float-none text-center">
  <div class="relative mb-10 md:m-0">
    <a href="https://www.cloudflare.com/5xx-error-landing?utm_source=errorcode_522&#38;utm_campaign=oltfaepqcktrumfhadzb.supabase.co" target="_blank" rel="noopener noreferrer">
    <span class="cf-icon-cloud block md:hidden h-20 bg-center bg-no-repeat"></span>
    <span class="cf-icon-ok w-12 h-12 absolute left-1/2 md:left-auto md:right-0 md:top-0 -ml-6 -bottom-4"></span>
    </a>
  </div>
  <span class="md:block w-full truncate">Singapore</span>
  <h3 class="md:inline-block mt-3 md:mt-0 text-2xl text-gray-600 font-light leading-1.3">
  <a href="https://www.cloudflare.com/5xx-error-landing?utm_source=errorcode_522&utm_campaign=oltfaepqcktrumfhadzb.supabase.co" target="_blank" rel="noopener noreferrer">
    Cloudflare
  </a>
  </h3>
  
  <span class="leading-1.3 text-2xl text-green-success">Working</span>
  
</div>
                    <div id="cf-host-status" class="cf-error-source relative w-1/3 md:w-full py-15 md:p-0 md:py-8 md:text-left md:border-solid md:border-0 md:border-b md:border-gray-400 overflow-hidden float-left md:float-none text-center">
  <div class="relative mb-10 md:m-0">
    
    <span class="cf-icon-server block md:hidden h-20 bg-center bg-no-repeat"></span>
    <span class="cf-icon-error w-12 h-12 absolute left-1/2 md:left-auto md:right-0 md:top-0 -ml-6 -bottom-4"></span>
    
  </div>
  <span class="md:block w-full truncate">oltfaepqcktrumfhadzb.supabase.co</span>
  <h3 class="md:inline-block mt-3 md:mt-0 text-2xl text-gray-600 font-light leading-1.3">
  
    Host
  
  </h3>
  
  <span class="leading-1.3 text-2xl text-red-error">Error</span>
  
</div>
                </div>
            </div>
        </div>

        <div class="w-240 lg:w-full mx-auto mb-8 lg:px-8">
            <div class="clearfix">
                <div class="w-1/2 md:w-full float-left pr-6 md:pb-10 md:pr-0 leading-relaxed">
                    <h2 class="text-3xl font-normal leading-1.3 mb-4">What happened?</h2>
                    <p>The initial connection between Cloudflare's network and the origin web server timed out. As a result, the web page can not be displayed.</p>
                </div>
                <div class="w-1/2 md:w-full float-left leading-relaxed">
                    <h2 class="text-3xl font-normal leading-1.3 mb-4">What can I do?</h2>
                    
                <h3 class="text-15 font-semibold mb-2">If you're a visitor of this website:</h3>
                <p class="mb-6">Please try again in a few minutes.</p>

                <h3 class="text-15 font-semibold mb-2">If you're the owner of this website:</h3>
                <p><span>Contact your hosting provider letting them know your web server is not completing requests. An Error 522 means that the request was able to connect to your web server, but that the request didn't finish. The most likely cause is that something on your server is hogging resources.</span> <a rel="noopener noreferrer" href="https://developers.cloudflare.com/support/troubleshooting/http-status-codes/cloudflare-5xx-errors/error-522/">Additional troubleshooting information here.</a></p>
                </div>
            </div>
        </div>

        <div class="cf-error-footer cf-wrapper w-240 lg:w-full py-10 sm:py-4 sm:px-8 mx-auto text-center sm:text-left border-solid border-0 border-t border-gray-300">
    <p class="text-13">
      <span class="cf-footer-item sm:block sm:mb-1">Cloudflare Ray ID: <strong class="font-semibold">a1b218688f6632e2</strong></span>
      <span class="cf-footer-separator sm:hidden">&bull;</span>
      <span id="cf-footer-item-ip" class="cf-footer-item hidden sm:block sm:mb-1">
        Your IP:
        <button type="button" id="cf-footer-ip-reveal" class="cf-footer-ip-reveal-btn">Click to reveal</button>
        <span class="hidden" id="cf-footer-ip">103.229.188.253</span>
        <span class="cf-footer-separator sm:hidden">&bull;</span>
      </span>
      <span class="cf-footer-item sm:block sm:mb-1"><span>Performance &amp; security by</span> <a rel="noopener noreferrer" href="https://www.cloudflare.com/5xx-error-landing?utm_source=errorcode_522&#38;utm_campaign=oltfaepqcktrumfhadzb.supabase.co" id="brand_link" target="_blank">Cloudflare</a></span>
      
    </p>
    <script>(function(){function d(){var b=a.getElementById("cf-footer-item-ip"),c=a.getElementById("cf-footer-ip-reveal");b&&"classList"in b&&(b.classList.remove("hidden"),c.addEventListener("click",function(){c.classList.add("hidden");a.getElementById("cf-footer-ip").classList.remove("hidden")}))}var a=document;document.addEventListener&&a.addEventListener("DOMContentLoaded",d)})();</script>
  </div><!-- /.error-footer -->

    </div>
</div>
</body>
</html> @ http://localhost:3000/_next/static/chunks/node_modules_next_dist_1ybzpk2._.js:2477
[10366995ms] [LOG] [Fast Refresh] rebuilding @ http://localhost:3000/_next/static/chunks/node_modules_next_dist_1ybzpk2._.js:2477
[10367553ms] [LOG] [Fast Refresh] done in 663ms @ http://localhost:3000/_next/static/chunks/node_modules_next_dist_1ybzpk2._.js:2477
[10372233ms] [LOG] [Fast Refresh] rebuilding @ http://localhost:3000/_next/static/chunks/node_modules_next_dist_1ybzpk2._.js:2477
[10372349ms] [LOG] [Fast Refresh] done in 185ms @ http://localhost:3000/_next/static/chunks/node_modules_next_dist_1ybzpk2._.js:2477
[10372454ms] [LOG] [Fast Refresh] rebuilding @ http://localhost:3000/_next/static/chunks/node_modules_next_dist_1ybzpk2._.js:2477
[10372580ms] [LOG] [Fast Refresh] done in 227ms @ http://localhost:3000/_next/static/chunks/node_modules_next_dist_1ybzpk2._.js:2477
[10373579ms] [LOG] [Fast Refresh] rebuilding @ http://localhost:3000/_next/static/chunks/node_modules_next_dist_1ybzpk2._.js:2477
[10373624ms] [LOG] [Fast Refresh] done in 149ms @ http://localhost:3000/_next/static/chunks/node_modules_next_dist_1ybzpk2._.js:2477
[10383179ms] [LOG] [Fast Refresh] rebuilding @ http://localhost:3000/_next/static/chunks/node_modules_next_dist_1ybzpk2._.js:2477
[10383477ms] [ERROR] ./packages/editor/src/context/create-editor-context.ts:8:1
Export entityDeleteHandler doesn't exist in target module
   6 | ...ort { CommandDispatcher } from '../commands/dispatcher'
   7 | ...ort { HistoryStack } from '../history'
>  8 | ...ort { entityUpdateHandler, entityDeleteHandler } from '../commands/entity-update-handler'
     |    ^^^^^^^^^^^^^^^^^^^^^^^^^^^^^^^^^^^^^^^^^^^^^^^^^^^^^^^^^^^^^^^^^^^^^^^^^^^^^^^^^^^^^^^^^^
   9 | ...ort { roomCreateHandler, roomDeleteHandler } from '../commands/room-handlers'
  10 | ...ort { hallwayCreateHandler, hallwayDeleteHandler } from '../commands/hallway-handlers'
  11 | ...ort { staircaseCreateHandler, staircaseDeleteHandler } from '../commands/staircase-hand...

The export entityDeleteHandler was not found in module [project]/packages/editor/src/commands/entity-update-handler.ts [app-client] (ecmascript).
Did you mean to import entityUpdateHandler?
All exports of the module are statically known (It doesn't have dynamic exports). So it's known statically that the requested export doesn't exist.

Import traces:
  Client Component Browser:
    ./packages/editor/src/context/create-editor-context.ts [Client Component Browser]
    ./packages/editor/src/context/campus-loader.ts [Client Component Browser]
    ./src/store/graph-store.ts [Client Component Browser]
    ./src/components/studio/MapPreview.tsx [Client Component Browser]
    ./src/app/(admin)/studio/[id]/preview/page.tsx [Client Component Browser]
    ./src/app/(admin)/studio/[id]/preview/page.tsx [Server Component]

  Client Component SSR:
    ./packages/editor/src/context/create-editor-context.ts [Client Component SSR]
    ./packages/editor/src/context/campus-loader.ts [Client Component SSR]
    ./packages/editor/src/index.ts [Client Component SSR]
    ./src/store/graph-store.ts [Client Component SSR]
    ./src/components/studio/MapPreview.tsx [Client Component SSR]
    ./src/app/(admin)/studio/[id]/preview/page.tsx [Client Component SSR]
    ./src/app/(admin)/studio/[id]/preview/page.tsx [Server Component] @ http://localhost:3000/_next/static/chunks/node_modules_next_dist_1ybzpk2._.js:3318
[10383477ms] [ERROR] ./packages/editor/src/context/create-editor-context.ts:8:1
Export entityDeleteHandler doesn't exist in target module
   6 | ...ort { CommandDispatcher } from '../commands/dispatcher'
   7 | ...ort { HistoryStack } from '../history'
>  8 | ...ort { entityUpdateHandler, entityDeleteHandler } from '../commands/entity-update-handler'
     |    ^^^^^^^^^^^^^^^^^^^^^^^^^^^^^^^^^^^^^^^^^^^^^^^^^^^^^^^^^^^^^^^^^^^^^^^^^^^^^^^^^^^^^^^^^^
   9 | ...ort { roomCreateHandler, roomDeleteHandler } from '../commands/room-handlers'
  10 | ...ort { hallwayCreateHandler, hallwayDeleteHandler } from '../commands/hallway-handlers'
  11 | ...ort { staircaseCreateHandler, staircaseDeleteHandler } from '../commands/staircase-hand...

The export entityDeleteHandler was not found in module [project]/packages/editor/src/commands/entity-update-handler.ts [app-ssr] (ecmascript).
Did you mean to import entityUpdateHandler?
All exports of the module are statically known (It doesn't have dynamic exports). So it's known statically that the requested export doesn't exist.

Import traces:
  Client Component Browser:
    ./packages/editor/src/context/create-editor-context.ts [Client Component Browser]
    ./packages/editor/src/context/campus-loader.ts [Client Component Browser]
    ./src/store/graph-store.ts [Client Component Browser]
    ./src/components/studio/MapPreview.tsx [Client Component Browser]
    ./src/app/(admin)/studio/[id]/preview/page.tsx [Client Component Browser]
    ./src/app/(admin)/studio/[id]/preview/page.tsx [Server Component]

  Client Component SSR:
    ./packages/editor/src/context/create-editor-context.ts [Client Component SSR]
    ./packages/editor/src/context/campus-loader.ts [Client Component SSR]
    ./packages/editor/src/index.ts [Client Component SSR]
    ./src/store/graph-store.ts [Client Component SSR]
    ./src/components/studio/MapPreview.tsx [Client Component SSR]
    ./src/app/(admin)/studio/[id]/preview/page.tsx [Client Component SSR]
    ./src/app/(admin)/studio/[id]/preview/page.tsx [Server Component] @ http://localhost:3000/_next/static/chunks/node_modules_next_dist_1ybzpk2._.js:3318
[10383563ms] [ERROR] Failed to load resource: the server responded with a status of 500 (Internal Server Error) @ http://localhost:3000/studio/verify-campus/edit?_rsc=xtae1HkRNmSuAXvi:0
[10383566ms] [ERROR] ./packages/editor/src/context/create-editor-context.ts:8:1
Export entityDeleteHandler doesn't exist in target module
   6 | ...ort { CommandDispatcher } from '../commands/dispatcher'
   7 | ...ort { HistoryStack } from '../history'
>  8 | ...ort { entityUpdateHandler, entityDeleteHandler } from '../commands/entity-update-handler'
     |    ^^^^^^^^^^^^^^^^^^^^^^^^^^^^^^^^^^^^^^^^^^^^^^^^^^^^^^^^^^^^^^^^^^^^^^^^^^^^^^^^^^^^^^^^^^
   9 | ...ort { roomCreateHandler, roomDeleteHandler } from '../commands/room-handlers'
  10 | ...ort { hallwayCreateHandler, hallwayDeleteHandler } from '../commands/hallway-handlers'
  11 | ...ort { staircaseCreateHandler, staircaseDeleteHandler } from '../commands/staircase-hand...

The export entityDeleteHandler was not found in module [project]/packages/editor/src/commands/entity-update-handler.ts [app-client] (ecmascript).
Did you mean to import entityUpdateHandler?
All exports of the module are statically known (It doesn't have dynamic exports). So it's known statically that the requested export doesn't exist.

Import traces:
  Client Component Browser:
    ./packages/editor/src/context/create-editor-context.ts [Client Component Browser]
    ./packages/editor/src/context/campus-loader.ts [Client Component Browser]
    ./src/store/graph-store.ts [Client Component Browser]
    ./src/components/studio/MapPreview.tsx [Client Component Browser]
    ./src/app/(admin)/studio/[id]/preview/page.tsx [Client Component Browser]
    ./src/app/(admin)/studio/[id]/preview/page.tsx [Server Component]

  Client Component SSR:
    ./packages/editor/src/context/create-editor-context.ts [Client Component SSR]
    ./packages/editor/src/context/campus-loader.ts [Client Component SSR]
    ./packages/editor/src/index.ts [Client Component SSR]
    ./src/store/graph-store.ts [Client Component SSR]
    ./src/components/studio/MapPreview.tsx [Client Component SSR]
    ./src/app/(admin)/studio/[id]/preview/page.tsx [Client Component SSR]
    ./src/app/(admin)/studio/[id]/preview/page.tsx [Server Component] @ http://localhost:3000/_next/static/chunks/node_modules_next_dist_1ybzpk2._.js:3318
[10383566ms] [ERROR] ./packages/editor/src/context/create-editor-context.ts:8:1
Export entityDeleteHandler doesn't exist in target module
   6 | ...ort { CommandDispatcher } from '../commands/dispatcher'
   7 | ...ort { HistoryStack } from '../history'
>  8 | ...ort { entityUpdateHandler, entityDeleteHandler } from '../commands/entity-update-handler'
     |    ^^^^^^^^^^^^^^^^^^^^^^^^^^^^^^^^^^^^^^^^^^^^^^^^^^^^^^^^^^^^^^^^^^^^^^^^^^^^^^^^^^^^^^^^^^
   9 | ...ort { roomCreateHandler, roomDeleteHandler } from '../commands/room-handlers'
  10 | ...ort { hallwayCreateHandler, hallwayDeleteHandler } from '../commands/hallway-handlers'
  11 | ...ort { staircaseCreateHandler, staircaseDeleteHandler } from '../commands/staircase-hand...

The export entityDeleteHandler was not found in module [project]/packages/editor/src/commands/entity-update-handler.ts [app-ssr] (ecmascript).
Did you mean to import entityUpdateHandler?
All exports of the module are statically known (It doesn't have dynamic exports). So it's known statically that the requested export doesn't exist.

Import traces:
  Client Component Browser:
    ./packages/editor/src/context/create-editor-context.ts [Client Component Browser]
    ./packages/editor/src/context/campus-loader.ts [Client Component Browser]
    ./src/store/graph-store.ts [Client Component Browser]
    ./src/components/studio/MapPreview.tsx [Client Component Browser]
    ./src/app/(admin)/studio/[id]/preview/page.tsx [Client Component Browser]
    ./src/app/(admin)/studio/[id]/preview/page.tsx [Server Component]

  Client Component SSR:
    ./packages/editor/src/context/create-editor-context.ts [Client Component SSR]
    ./packages/editor/src/context/campus-loader.ts [Client Component SSR]
    ./packages/editor/src/index.ts [Client Component SSR]
    ./src/store/graph-store.ts [Client Component SSR]
    ./src/components/studio/MapPreview.tsx [Client Component SSR]
    ./src/app/(admin)/studio/[id]/preview/page.tsx [Client Component SSR]
    ./src/app/(admin)/studio/[id]/preview/page.tsx [Server Component] @ http://localhost:3000/_next/static/chunks/node_modules_next_dist_1ybzpk2._.js:3318
[10383586ms] [LOG] [Fast Refresh] rebuilding @ http://localhost:3000/_next/static/chunks/node_modules_next_dist_1ybzpk2._.js:2477
[10383619ms] [ERROR] Failed to load resource: the server responded with a status of 500 (Internal Server Error) @ http://localhost:3000/studio/verify-campus/edit?_rsc=xtae1HkRNmSuAXvi:0
[10383693ms] [ERROR] Failed to load resource: the server responded with a status of 500 (Internal Server Error) @ http://localhost:3000/studio/verify-campus/edit:0
[10383822ms] [INFO] %cDownload the React DevTools for a better development experience: https://react.dev/link/react-devtools font-weight:bold @ http://localhost:3000/_next/static/chunks/node_modules_react-dom_0kla17-._.js:15305
[10383895ms] Error: ./packages/editor/src/context/create-editor-context.ts:8:1
Export entityDeleteHandler doesn't exist in target module
   6 | ...ort { CommandDispatcher } from '../commands/dispatcher'
   7 | ...ort { HistoryStack } from '../history'
>  8 | ...ort { entityUpdateHandler, entityDeleteHandler } from '../commands/entity-update-handler'
     |    ^^^^^^^^^^^^^^^^^^^^^^^^^^^^^^^^^^^^^^^^^^^^^^^^^^^^^^^^^^^^^^^^^^^^^^^^^^^^^^^^^^^^^^^^^^
   9 | ...ort { roomCreateHandler, roomDeleteHandler } from '../commands/room-handlers'
  10 | ...ort { hallwayCreateHandler, hallwayDeleteHandler } from '../commands/hallway-handlers'
  11 | ...ort { staircaseCreateHandler, staircaseDeleteHandler } from '../commands/staircase-hand...

The export entityDeleteHandler was not found in module [project]/packages/editor/src/commands/entity-update-handler.ts [app-client] (ecmascript).
Did you mean to import entityUpdateHandler?
All exports of the module are statically known (It doesn't have dynamic exports). So it's known statically that the requested export doesn't exist.

Import traces:
  Client Component Browser:
    ./packages/editor/src/context/create-editor-context.ts [Client Component Browser]
    ./packages/editor/src/context/campus-loader.ts [Client Component Browser]
    ./src/store/graph-store.ts [Client Component Browser]
    ./src/components/studio/MapPreview.tsx [Client Component Browser]
    ./src/app/(admin)/studio/[id]/preview/page.tsx [Client Component Browser]
    ./src/app/(admin)/studio/[id]/preview/page.tsx [Server Component]

  Client Component SSR:
    ./packages/editor/src/context/create-editor-context.ts [Client Component SSR]
    ./packages/editor/src/context/campus-loader.ts [Client Component SSR]
    ./packages/editor/src/index.ts [Client Component SSR]
    ./src/store/graph-store.ts [Client Component SSR]
    ./src/components/studio/MapPreview.tsx [Client Component SSR]
    ./src/app/(admin)/studio/[id]/preview/page.tsx [Client Component SSR]
    ./src/app/(admin)/studio/[id]/preview/page.tsx [Server Component]


    at <unknown> (Error: ./packages/editor/src/context/create-editor-context.ts:8:1)
    at Object.getCompilationErrors (file://C:\Users\Administrator\Desktop\CODEme\Navi\navi-next\node_modules\next\dist\server\dev\hot-reloader-turbopack.js:1186:59)
    at DevBundlerService.getCompilationError (file://C:\Users\Administrator\Desktop\CODEme\Navi\navi-next\node_modules\next\dist\server\lib\dev-bundler-service.js:44:55)
    at DevServer.getCompilationError (file://C:\Users\Administrator\Desktop\CODEme\Navi\navi-next\node_modules\next\dist\server\dev\next-dev-server.js:720:42)
    at DevServer.findPageComponents (file://C:\Users\Administrator\Desktop\CODEme\Navi\navi-next\node_modules\next\dist\server\dev\next-dev-server.js:690:43)
    at async DevServer.renderErrorToResponseImpl (file://C:\Users\Administrator\Desktop\CODEme\Navi\navi-next\node_modules\next\dist\server\base-server.js:1753:26)
[10383899ms] [LOG] [HMR] connected @ http://localhost:3000/_next/static/chunks/node_modules_next_dist_1gdrd03._.js:1226
[10383903ms] [ERROR] ./packages/editor/src/context/create-editor-context.ts:8:1
Export entityDeleteHandler doesn't exist in target module
   6 | ...ort { CommandDispatcher } from '../commands/dispatcher'
   7 | ...ort { HistoryStack } from '../history'
>  8 | ...ort { entityUpdateHandler, entityDeleteHandler } from '../commands/entity-update-handler'
     |    ^^^^^^^^^^^^^^^^^^^^^^^^^^^^^^^^^^^^^^^^^^^^^^^^^^^^^^^^^^^^^^^^^^^^^^^^^^^^^^^^^^^^^^^^^^
   9 | ...ort { roomCreateHandler, roomDeleteHandler } from '../commands/room-handlers'
  10 | ...ort { hallwayCreateHandler, hallwayDeleteHandler } from '../commands/hallway-handlers'
  11 | ...ort { staircaseCreateHandler, staircaseDeleteHandler } from '../commands/staircase-hand...

The export entityDeleteHandler was not found in module [project]/packages/editor/src/commands/entity-update-handler.ts [app-client] (ecmascript).
Did you mean to import entityUpdateHandler?
All exports of the module are statically known (It doesn't have dynamic exports). So it's known statically that the requested export doesn't exist.

Import traces:
  Client Component Browser:
    ./packages/editor/src/context/create-editor-context.ts [Client Component Browser]
    ./packages/editor/src/context/campus-loader.ts [Client Component Browser]
    ./src/store/graph-store.ts [Client Component Browser]
    ./src/components/studio/MapPreview.tsx [Client Component Browser]
    ./src/app/(admin)/studio/[id]/preview/page.tsx [Client Component Browser]
    ./src/app/(admin)/studio/[id]/preview/page.tsx [Server Component]

  Client Component SSR:
    ./packages/editor/src/context/create-editor-context.ts [Client Component SSR]
    ./packages/editor/src/context/campus-loader.ts [Client Component SSR]
    ./packages/editor/src/index.ts [Client Component SSR]
    ./src/store/graph-store.ts [Client Component SSR]
    ./src/components/studio/MapPreview.tsx [Client Component SSR]
    ./src/app/(admin)/studio/[id]/preview/page.tsx [Client Component SSR]
    ./src/app/(admin)/studio/[id]/preview/page.tsx [Server Component] @ http://localhost:3000/_next/static/chunks/node_modules_next_dist_1gdrd03._.js:1945
[10383904ms] [ERROR] ./packages/editor/src/context/create-editor-context.ts:8:1
Export entityDeleteHandler doesn't exist in target module
   6 | ...ort { CommandDispatcher } from '../commands/dispatcher'
   7 | ...ort { HistoryStack } from '../history'
>  8 | ...ort { entityUpdateHandler, entityDeleteHandler } from '../commands/entity-update-handler'
     |    ^^^^^^^^^^^^^^^^^^^^^^^^^^^^^^^^^^^^^^^^^^^^^^^^^^^^^^^^^^^^^^^^^^^^^^^^^^^^^^^^^^^^^^^^^^
   9 | ...ort { roomCreateHandler, roomDeleteHandler } from '../commands/room-handlers'
  10 | ...ort { hallwayCreateHandler, hallwayDeleteHandler } from '../commands/hallway-handlers'
  11 | ...ort { staircaseCreateHandler, staircaseDeleteHandler } from '../commands/staircase-hand...

The export entityDeleteHandler was not found in module [project]/packages/editor/src/commands/entity-update-handler.ts [app-ssr] (ecmascript).
Did you mean to import entityUpdateHandler?
All exports of the module are statically known (It doesn't have dynamic exports). So it's known statically that the requested export doesn't exist.

Import traces:
  Client Component Browser:
    ./packages/editor/src/context/create-editor-context.ts [Client Component Browser]
    ./packages/editor/src/context/campus-loader.ts [Client Component Browser]
    ./src/store/graph-store.ts [Client Component Browser]
    ./src/components/studio/MapPreview.tsx [Client Component Browser]
    ./src/app/(admin)/studio/[id]/preview/page.tsx [Client Component Browser]
    ./src/app/(admin)/studio/[id]/preview/page.tsx [Server Component]

  Client Component SSR:
    ./packages/editor/src/context/create-editor-context.ts [Client Component SSR]
    ./packages/editor/src/context/campus-loader.ts [Client Component SSR]
    ./packages/editor/src/index.ts [Client Component SSR]
    ./src/store/graph-store.ts [Client Component SSR]
    ./src/components/studio/MapPreview.tsx [Client Component SSR]
    ./src/app/(admin)/studio/[id]/preview/page.tsx [Client Component SSR]
    ./src/app/(admin)/studio/[id]/preview/page.tsx [Server Component] @ http://localhost:3000/_next/static/chunks/node_modules_next_dist_1gdrd03._.js:1945
[10383904ms] [ERROR] ./packages/editor/src/context/create-editor-context.ts:8:1
Export entityDeleteHandler doesn't exist in target module
   6 | ...ort { CommandDispatcher } from '../commands/dispatcher'
   7 | ...ort { HistoryStack } from '../history'
>  8 | ...ort { entityUpdateHandler, entityDeleteHandler } from '../commands/entity-update-handler'
     |    ^^^^^^^^^^^^^^^^^^^^^^^^^^^^^^^^^^^^^^^^^^^^^^^^^^^^^^^^^^^^^^^^^^^^^^^^^^^^^^^^^^^^^^^^^^
   9 | ...ort { roomCreateHandler, roomDeleteHandler } from '../commands/room-handlers'
  10 | ...ort { hallwayCreateHandler, hallwayDeleteHandler } from '../commands/hallway-handlers'
  11 | ...ort { staircaseCreateHandler, staircaseDeleteHandler } from '../commands/staircase-hand...

The export entityDeleteHandler was not found in module [project]/packages/editor/src/commands/entity-update-handler.ts [app-client] (ecmascript).
Did you mean to import entityUpdateHandler?
All exports of the module are statically known (It doesn't have dynamic exports). So it's known statically that the requested export doesn't exist.

Import traces:
  Client Component Browser:
    ./packages/editor/src/context/create-editor-context.ts [Client Component Browser]
    ./packages/editor/src/context/campus-loader.ts [Client Component Browser]
    ./src/store/graph-store.ts [Client Component Browser]
    ./src/app/(admin)/studio/[id]/edit/page.tsx [Client Component Browser]
    ./src/app/(admin)/studio/[id]/edit/page.tsx [Server Component]

  Client Component SSR:
    ./packages/editor/src/context/create-editor-context.ts [Client Component SSR]
    ./src/components/studio/EditorBridge.tsx [Client Component SSR]
    ./src/components/studio/StudioWorkspace.tsx [Client Component SSR]
    ./src/app/(admin)/studio/[id]/edit/page.tsx [Client Component SSR]
    ./src/app/(admin)/studio/[id]/edit/page.tsx [Server Component] @ http://localhost:3000/_next/static/chunks/node_modules_next_dist_1gdrd03._.js:1945
[10383904ms] [ERROR] ./packages/editor/src/context/create-editor-context.ts:8:1
Export entityDeleteHandler doesn't exist in target module
   6 | ...ort { CommandDispatcher } from '../commands/dispatcher'
   7 | ...ort { HistoryStack } from '../history'
>  8 | ...ort { entityUpdateHandler, entityDeleteHandler } from '../commands/entity-update-handler'
     |    ^^^^^^^^^^^^^^^^^^^^^^^^^^^^^^^^^^^^^^^^^^^^^^^^^^^^^^^^^^^^^^^^^^^^^^^^^^^^^^^^^^^^^^^^^^
   9 | ...ort { roomCreateHandler, roomDeleteHandler } from '../commands/room-handlers'
  10 | ...ort { hallwayCreateHandler, hallwayDeleteHandler } from '../commands/hallway-handlers'
  11 | ...ort { staircaseCreateHandler, staircaseDeleteHandler } from '../commands/staircase-hand...

The export entityDeleteHandler was not found in module [project]/packages/editor/src/commands/entity-update-handler.ts [app-ssr] (ecmascript).
Did you mean to import entityUpdateHandler?
All exports of the module are statically known (It doesn't have dynamic exports). So it's known statically that the requested export doesn't exist.

Import traces:
  Client Component Browser:
    ./packages/editor/src/context/create-editor-context.ts [Client Component Browser]
    ./packages/editor/src/context/campus-loader.ts [Client Component Browser]
    ./src/store/graph-store.ts [Client Component Browser]
    ./src/app/(admin)/studio/[id]/edit/page.tsx [Client Component Browser]
    ./src/app/(admin)/studio/[id]/edit/page.tsx [Server Component]

  Client Component SSR:
    ./packages/editor/src/context/create-editor-context.ts [Client Component SSR]
    ./src/components/studio/EditorBridge.tsx [Client Component SSR]
    ./src/components/studio/StudioWorkspace.tsx [Client Component SSR]
    ./src/app/(admin)/studio/[id]/edit/page.tsx [Client Component SSR]
    ./src/app/(admin)/studio/[id]/edit/page.tsx [Server Component] @ http://localhost:3000/_next/static/chunks/node_modules_next_dist_1gdrd03._.js:1945
[10383904ms] [ERROR] ./packages/editor/src/context/create-editor-context.ts:8:1
Export entityDeleteHandler doesn't exist in target module
   6 | ...ort { CommandDispatcher } from '../commands/dispatcher'
   7 | ...ort { HistoryStack } from '../history'
>  8 | ...ort { entityUpdateHandler, entityDeleteHandler } from '../commands/entity-update-handler'
     |    ^^^^^^^^^^^^^^^^^^^^^^^^^^^^^^^^^^^^^^^^^^^^^^^^^^^^^^^^^^^^^^^^^^^^^^^^^^^^^^^^^^^^^^^^^^
   9 | ...ort { roomCreateHandler, roomDeleteHandler } from '../commands/room-handlers'
  10 | ...ort { hallwayCreateHandler, hallwayDeleteHandler } from '../commands/hallway-handlers'
  11 | ...ort { staircaseCreateHandler, staircaseDeleteHandler } from '../commands/staircase-hand...

The export entityDeleteHandler was not found in module [project]/packages/editor/src/commands/entity-update-handler.ts [app-client] (ecmascript).
Did you mean to import entityUpdateHandler?
All exports of the module are statically known (It doesn't have dynamic exports). So it's known statically that the requested export doesn't exist.

Import traces:
  Client Component Browser:
    ./packages/editor/src/context/create-editor-context.ts [Client Component Browser]
    ./src/app/(admin)/studio/[id]/edit/building/[buildingId]/floor/[floor]/page.tsx [Client Component Browser]
    ./src/app/(admin)/studio/[id]/edit/building/[buildingId]/floor/[floor]/page.tsx [Server Component]

  Client Component SSR:
    ./packages/editor/src/context/create-editor-context.ts [Client Component SSR]
    ./src/app/(admin)/studio/[id]/edit/building/[buildingId]/floor/[floor]/page.tsx [Client Component SSR]
    ./src/app/(admin)/studio/[id]/edit/building/[buildingId]/floor/[floor]/page.tsx [Server Component] @ http://localhost:3000/_next/static/chunks/node_modules_next_dist_1gdrd03._.js:1945
[10383904ms] [ERROR] ./packages/editor/src/context/create-editor-context.ts:8:1
Export entityDeleteHandler doesn't exist in target module
   6 | ...ort { CommandDispatcher } from '../commands/dispatcher'
   7 | ...ort { HistoryStack } from '../history'
>  8 | ...ort { entityUpdateHandler, entityDeleteHandler } from '../commands/entity-update-handler'
     |    ^^^^^^^^^^^^^^^^^^^^^^^^^^^^^^^^^^^^^^^^^^^^^^^^^^^^^^^^^^^^^^^^^^^^^^^^^^^^^^^^^^^^^^^^^^
   9 | ...ort { roomCreateHandler, roomDeleteHandler } from '../commands/room-handlers'
  10 | ...ort { hallwayCreateHandler, hallwayDeleteHandler } from '../commands/hallway-handlers'
  11 | ...ort { staircaseCreateHandler, staircaseDeleteHandler } from '../commands/staircase-hand...

The export entityDeleteHandler was not found in module [project]/packages/editor/src/commands/entity-update-handler.ts [app-ssr] (ecmascript).
Did you mean to import entityUpdateHandler?
All exports of the module are statically known (It doesn't have dynamic exports). So it's known statically that the requested export doesn't exist.

Import traces:
  Client Component Browser:
    ./packages/editor/src/context/create-editor-context.ts [Client Component Browser]
    ./src/app/(admin)/studio/[id]/edit/building/[buildingId]/floor/[floor]/page.tsx [Client Component Browser]
    ./src/app/(admin)/studio/[id]/edit/building/[buildingId]/floor/[floor]/page.tsx [Server Component]

  Client Component SSR:
    ./packages/editor/src/context/create-editor-context.ts [Client Component SSR]
    ./src/app/(admin)/studio/[id]/edit/building/[buildingId]/floor/[floor]/page.tsx [Client Component SSR]
    ./src/app/(admin)/studio/[id]/edit/building/[buildingId]/floor/[floor]/page.tsx [Server Component] @ http://localhost:3000/_next/static/chunks/node_modules_next_dist_1gdrd03._.js:1945
[10383905ms] [ERROR] ./packages/editor/src/context/create-editor-context.ts:8:1
Export entityDeleteHandler doesn't exist in target module
   6 | ...ort { CommandDispatcher } from '../commands/dispatcher'
   7 | ...ort { HistoryStack } from '../history'
>  8 | ...ort { entityUpdateHandler, entityDeleteHandler } from '../commands/entity-update-handler'
     |    ^^^^^^^^^^^^^^^^^^^^^^^^^^^^^^^^^^^^^^^^^^^^^^^^^^^^^^^^^^^^^^^^^^^^^^^^^^^^^^^^^^^^^^^^^^
   9 | ...ort { roomCreateHandler, roomDeleteHandler } from '../commands/room-handlers'
  10 | ...ort { hallwayCreateHandler, hallwayDeleteHandler } from '../commands/hallway-handlers'
  11 | ...ort { staircaseCreateHandler, staircaseDeleteHandler } from '../commands/staircase-hand...

The export entityDeleteHandler was not found in module [project]/packages/editor/src/commands/entity-update-handler.ts [app-client] (ecmascript).
Did you mean to import entityUpdateHandler?
All exports of the module are statically known (It doesn't have dynamic exports). So it's known statically that the requested export doesn't exist.

Import trace:
  Client Component Browser:
    ./packages/editor/src/context/create-editor-context.ts [Client Component Browser]
    ./packages/editor/src/context/campus-loader.ts [Client Component Browser]
    ./src/store/graph-store.ts [Client Component Browser]
    ./src/components/map/CampusMap.tsx [Client Component Browser]
    ./src/app/page.tsx [Client Component Browser]
    ./src/app/page.tsx [Server Component] @ http://localhost:3000/_next/static/chunks/node_modules_next_dist_1gdrd03._.js:1945
[10383905ms] [ERROR] ./packages/editor/src/context/create-editor-context.ts:8:1
Export entityDeleteHandler doesn't exist in target module
   6 | ...ort { CommandDispatcher } from '../commands/dispatcher'
   7 | ...ort { HistoryStack } from '../history'
>  8 | ...ort { entityUpdateHandler, entityDeleteHandler } from '../commands/entity-update-handler'
     |    ^^^^^^^^^^^^^^^^^^^^^^^^^^^^^^^^^^^^^^^^^^^^^^^^^^^^^^^^^^^^^^^^^^^^^^^^^^^^^^^^^^^^^^^^^^
   9 | ...ort { roomCreateHandler, roomDeleteHandler } from '../commands/room-handlers'
  10 | ...ort { hallwayCreateHandler, hallwayDeleteHandler } from '../commands/hallway-handlers'
  11 | ...ort { staircaseCreateHandler, staircaseDeleteHandler } from '../commands/staircase-hand...

The export entityDeleteHandler was not found in module [project]/packages/editor/src/commands/entity-update-handler.ts [app-client] (ecmascript).
Did you mean to import entityUpdateHandler?
All exports of the module are statically known (It doesn't have dynamic exports). So it's known statically that the requested export doesn't exist.

Import traces:
  Client Component Browser:
    ./packages/editor/src/context/create-editor-context.ts [Client Component Browser]
    ./packages/editor/src/context/campus-loader.ts [Client Component Browser]
    ./src/store/graph-store.ts [Client Component Browser]
    ./src/components/studio/CreateMapWizard.tsx [Client Component Browser]
    ./src/app/(admin)/studio/create/page.tsx [Client Component Browser]
    ./src/app/(admin)/studio/create/page.tsx [Server Component]

  Client Component SSR:
    ./packages/editor/src/context/create-editor-context.ts [Client Component SSR]
    ./packages/editor/src/context/campus-loader.ts [Client Component SSR]
    ./packages/editor/src/index.ts [Client Component SSR]
    ./src/store/graph-store.ts [Client Component SSR]
    ./src/components/studio/CreateMapWizard.tsx [Client Component SSR]
    ./src/app/(admin)/studio/create/page.tsx [Client Component SSR]
    ./src/app/(admin)/studio/create/page.tsx [Server Component] @ http://localhost:3000/_next/static/chunks/node_modules_next_dist_1gdrd03._.js:1945
[10383905ms] [ERROR] ./packages/editor/src/context/create-editor-context.ts:8:1
Export entityDeleteHandler doesn't exist in target module
   6 | ...ort { CommandDispatcher } from '../commands/dispatcher'
   7 | ...ort { HistoryStack } from '../history'
>  8 | ...ort { entityUpdateHandler, entityDeleteHandler } from '../commands/entity-update-handler'
     |    ^^^^^^^^^^^^^^^^^^^^^^^^^^^^^^^^^^^^^^^^^^^^^^^^^^^^^^^^^^^^^^^^^^^^^^^^^^^^^^^^^^^^^^^^^^
   9 | ...ort { roomCreateHandler, roomDeleteHandler } from '../commands/room-handlers'
  10 | ...ort { hallwayCreateHandler, hallwayDeleteHandler } from '../commands/hallway-handlers'
  11 | ...ort { staircaseCreateHandler, staircaseDeleteHandler } from '../commands/staircase-hand...

The export entityDeleteHandler was not found in module [project]/packages/editor/src/commands/entity-update-handler.ts [app-ssr] (ecmascript).
Did you mean to import entityUpdateHandler?
All exports of the module are statically known (It doesn't have dynamic exports). So it's known statically that the requested export doesn't exist.

Import traces:
  Client Component Browser:
    ./packages/editor/src/context/create-editor-context.ts [Client Component Browser]
    ./packages/editor/src/context/campus-loader.ts [Client Component Browser]
    ./src/store/graph-store.ts [Client Component Browser]
    ./src/components/studio/CreateMapWizard.tsx [Client Component Browser]
    ./src/app/(admin)/studio/create/page.tsx [Client Component Browser]
    ./src/app/(admin)/studio/create/page.tsx [Server Component]

  Client Component SSR:
    ./packages/editor/src/context/create-editor-context.ts [Client Component SSR]
    ./packages/editor/src/context/campus-loader.ts [Client Component SSR]
    ./packages/editor/src/index.ts [Client Component SSR]
    ./src/store/graph-store.ts [Client Component SSR]
    ./src/components/studio/CreateMapWizard.tsx [Client Component SSR]
    ./src/app/(admin)/studio/create/page.tsx [Client Component SSR]
    ./src/app/(admin)/studio/create/page.tsx [Server Component] @ http://localhost:3000/_next/static/chunks/node_modules_next_dist_1gdrd03._.js:1945
[10383907ms] [ERROR] ./packages/editor/src/context/create-editor-context.ts:8:1
Export entityDeleteHandler doesn't exist in target module
   6 | ...ort { CommandDispatcher } from '../commands/dispatcher'
   7 | ...ort { HistoryStack } from '../history'
>  8 | ...ort { entityUpdateHandler, entityDeleteHandler } from '../commands/entity-update-handler'
     |    ^^^^^^^^^^^^^^^^^^^^^^^^^^^^^^^^^^^^^^^^^^^^^^^^^^^^^^^^^^^^^^^^^^^^^^^^^^^^^^^^^^^^^^^^^^
   9 | ...ort { roomCreateHandler, roomDeleteHandler } from '../commands/room-handlers'
  10 | ...ort { hallwayCreateHandler, hallwayDeleteHandler } from '../commands/hallway-handlers'
  11 | ...ort { staircaseCreateHandler, staircaseDeleteHandler } from '../commands/staircase-hand...

The export entityDeleteHandler was not found in module [project]/packages/editor/src/commands/entity-update-handler.ts [app-client] (ecmascript).
Did you mean to import entityUpdateHandler?
All exports of the module are statically known (It doesn't have dynamic exports). So it's known statically that the requested export doesn't exist.

Import traces:
  Client Component Browser:
    ./packages/editor/src/context/create-editor-context.ts [Client Component Browser]
    ./packages/editor/src/context/campus-loader.ts [Client Component Browser]
    ./src/store/graph-store.ts [Client Component Browser]
    ./src/components/studio/MapPreview.tsx [Client Component Browser]
    ./src/app/(admin)/studio/[id]/preview/page.tsx [Client Component Browser]
    ./src/app/(admin)/studio/[id]/preview/page.tsx [Server Component]

  Client Component SSR:
    ./packages/editor/src/context/create-editor-context.ts [Client Component SSR]
    ./packages/editor/src/context/campus-loader.ts [Client Component SSR]
    ./packages/editor/src/index.ts [Client Component SSR]
    ./src/store/graph-store.ts [Client Component SSR]
    ./src/components/studio/MapPreview.tsx [Client Component SSR]
    ./src/app/(admin)/studio/[id]/preview/page.tsx [Client Component SSR]
    ./src/app/(admin)/studio/[id]/preview/page.tsx [Server Component] @ http://localhost:3000/_next/static/chunks/node_modules_next_dist_1gdrd03._.js:1945
[10383907ms] [ERROR] ./packages/editor/src/context/create-editor-context.ts:8:1
Export entityDeleteHandler doesn't exist in target module
   6 | ...ort { CommandDispatcher } from '../commands/dispatcher'
   7 | ...ort { HistoryStack } from '../history'
>  8 | ...ort { entityUpdateHandler, entityDeleteHandler } from '../commands/entity-update-handler'
     |    ^^^^^^^^^^^^^^^^^^^^^^^^^^^^^^^^^^^^^^^^^^^^^^^^^^^^^^^^^^^^^^^^^^^^^^^^^^^^^^^^^^^^^^^^^^
   9 | ...ort { roomCreateHandler, roomDeleteHandler } from '../commands/room-handlers'
  10 | ...ort { hallwayCreateHandler, hallwayDeleteHandler } from '../commands/hallway-handlers'
  11 | ...ort { staircaseCreateHandler, staircaseDeleteHandler } from '../commands/staircase-hand...

The export entityDeleteHandler was not found in module [project]/packages/editor/src/commands/entity-update-handler.ts [app-ssr] (ecmascript).
Did you mean to import entityUpdateHandler?
All exports of the module are statically known (It doesn't have dynamic exports). So it's known statically that the requested export doesn't exist.

Import traces:
  Client Component Browser:
    ./packages/editor/src/context/create-editor-context.ts [Client Component Browser]
    ./packages/editor/src/context/campus-loader.ts [Client Component Browser]
    ./src/store/graph-store.ts [Client Component Browser]
    ./src/components/studio/MapPreview.tsx [Client Component Browser]
    ./src/app/(admin)/studio/[id]/preview/page.tsx [Client Component Browser]
    ./src/app/(admin)/studio/[id]/preview/page.tsx [Server Component]

  Client Component SSR:
    ./packages/editor/src/context/create-editor-context.ts [Client Component SSR]
    ./packages/editor/src/context/campus-loader.ts [Client Component SSR]
    ./packages/editor/src/index.ts [Client Component SSR]
    ./src/store/graph-store.ts [Client Component SSR]
    ./src/components/studio/MapPreview.tsx [Client Component SSR]
    ./src/app/(admin)/studio/[id]/preview/page.tsx [Client Component SSR]
    ./src/app/(admin)/studio/[id]/preview/page.tsx [Server Component] @ http://localhost:3000/_next/static/chunks/node_modules_next_dist_1gdrd03._.js:1945
[10383981ms] [ERROR] ./packages/editor/src/context/create-editor-context.ts:8:1
Export entityDeleteHandler doesn't exist in target module
   6 | ...ort { CommandDispatcher } from '../commands/dispatcher'
   7 | ...ort { HistoryStack } from '../history'
>  8 | ...ort { entityUpdateHandler, entityDeleteHandler } from '../commands/entity-update-handler'
     |    ^^^^^^^^^^^^^^^^^^^^^^^^^^^^^^^^^^^^^^^^^^^^^^^^^^^^^^^^^^^^^^^^^^^^^^^^^^^^^^^^^^^^^^^^^^
   9 | ...ort { roomCreateHandler, roomDeleteHandler } from '../commands/room-handlers'
  10 | ...ort { hallwayCreateHandler, hallwayDeleteHandler } from '../commands/hallway-handlers'
  11 | ...ort { staircaseCreateHandler, staircaseDeleteHandler } from '../commands/staircase-hand...

The export entityDeleteHandler was not found in module [project]/packages/editor/src/commands/entity-update-handler.ts [app-client] (ecmascript).
Did you mean to import entityUpdateHandler?
All exports of the module are statically known (It doesn't have dynamic exports). So it's known statically that the requested export doesn't exist.

Import traces:
  Client Component Browser:
    ./packages/editor/src/context/create-editor-context.ts [Client Component Browser]
    ./packages/editor/src/context/campus-loader.ts [Client Component Browser]
    ./src/store/graph-store.ts [Client Component Browser]
    ./src/components/studio/MapPreview.tsx [Client Component Browser]
    ./src/app/(admin)/studio/[id]/preview/page.tsx [Client Component Browser]
    ./src/app/(admin)/studio/[id]/preview/page.tsx [Server Component]

  Client Component SSR:
    ./packages/editor/src/context/create-editor-context.ts [Client Component SSR]
    ./packages/editor/src/context/campus-loader.ts [Client Component SSR]
    ./packages/editor/src/index.ts [Client Component SSR]
    ./src/store/graph-store.ts [Client Component SSR]
    ./src/components/studio/MapPreview.tsx [Client Component SSR]
    ./src/app/(admin)/studio/[id]/preview/page.tsx [Client Component SSR]
    ./src/app/(admin)/studio/[id]/preview/page.tsx [Server Component] @ http://localhost:3000/_next/static/chunks/node_modules_next_dist_1gdrd03._.js:1945
[10383981ms] [ERROR] ./packages/editor/src/context/create-editor-context.ts:8:1
Export entityDeleteHandler doesn't exist in target module
   6 | ...ort { CommandDispatcher } from '../commands/dispatcher'
   7 | ...ort { HistoryStack } from '../history'
>  8 | ...ort { entityUpdateHandler, entityDeleteHandler } from '../commands/entity-update-handler'
     |    ^^^^^^^^^^^^^^^^^^^^^^^^^^^^^^^^^^^^^^^^^^^^^^^^^^^^^^^^^^^^^^^^^^^^^^^^^^^^^^^^^^^^^^^^^^
   9 | ...ort { roomCreateHandler, roomDeleteHandler } from '../commands/room-handlers'
  10 | ...ort { hallwayCreateHandler, hallwayDeleteHandler } from '../commands/hallway-handlers'
  11 | ...ort { staircaseCreateHandler, staircaseDeleteHandler } from '../commands/staircase-hand...

The export entityDeleteHandler was not found in module [project]/packages/editor/src/commands/entity-update-handler.ts [app-ssr] (ecmascript).
Did you mean to import entityUpdateHandler?
All exports of the module are statically known (It doesn't have dynamic exports). So it's known statically that the requested export doesn't exist.

Import traces:
  Client Component Browser:
    ./packages/editor/src/context/create-editor-context.ts [Client Component Browser]
    ./packages/editor/src/context/campus-loader.ts [Client Component Browser]
    ./src/store/graph-store.ts [Client Component Browser]
    ./src/components/studio/MapPreview.tsx [Client Component Browser]
    ./src/app/(admin)/studio/[id]/preview/page.tsx [Client Component Browser]
    ./src/app/(admin)/studio/[id]/preview/page.tsx [Server Component]

  Client Component SSR:
    ./packages/editor/src/context/create-editor-context.ts [Client Component SSR]
    ./packages/editor/src/context/campus-loader.ts [Client Component SSR]
    ./packages/editor/src/index.ts [Client Component SSR]
    ./src/store/graph-store.ts [Client Component SSR]
    ./src/components/studio/MapPreview.tsx [Client Component SSR]
    ./src/app/(admin)/studio/[id]/preview/page.tsx [Client Component SSR]
    ./src/app/(admin)/studio/[id]/preview/page.tsx [Server Component] @ http://localhost:3000/_next/static/chunks/node_modules_next_dist_1gdrd03._.js:1945
[10384013ms] [LOG] [Fast Refresh] rebuilding @ http://localhost:3000/_next/static/chunks/node_modules_next_dist_1gdrd03._.js:1226
[10384387ms] [ERROR] ./packages/editor/src/context/create-editor-context.ts:8:1
Export entityDeleteHandler doesn't exist in target module
   6 | ...ort { CommandDispatcher } from '../commands/dispatcher'
   7 | ...ort { HistoryStack } from '../history'
>  8 | ...ort { entityUpdateHandler, entityDeleteHandler } from '../commands/entity-update-handler'
     |    ^^^^^^^^^^^^^^^^^^^^^^^^^^^^^^^^^^^^^^^^^^^^^^^^^^^^^^^^^^^^^^^^^^^^^^^^^^^^^^^^^^^^^^^^^^
   9 | ...ort { roomCreateHandler, roomDeleteHandler } from '../commands/room-handlers'
  10 | ...ort { hallwayCreateHandler, hallwayDeleteHandler } from '../commands/hallway-handlers'
  11 | ...ort { staircaseCreateHandler, staircaseDeleteHandler } from '../commands/staircase-hand...

The export entityDeleteHandler was not found in module [project]/packages/editor/src/commands/entity-update-handler.ts [app-client] (ecmascript).
Did you mean to import entityUpdateHandler?
All exports of the module are statically known (It doesn't have dynamic exports). So it's known statically that the requested export doesn't exist.

Import traces:
  Client Component Browser:
    ./packages/editor/src/context/create-editor-context.ts [Client Component Browser]
    ./packages/editor/src/context/campus-loader.ts [Client Component Browser]
    ./src/store/graph-store.ts [Client Component Browser]
    ./src/components/studio/MapPreview.tsx [Client Component Browser]
    ./src/app/(admin)/studio/[id]/preview/page.tsx [Client Component Browser]
    ./src/app/(admin)/studio/[id]/preview/page.tsx [Server Component]

  Client Component SSR:
    ./packages/editor/src/context/create-editor-context.ts [Client Component SSR]
    ./packages/editor/src/context/campus-loader.ts [Client Component SSR]
    ./packages/editor/src/index.ts [Client Component SSR]
    ./src/store/graph-store.ts [Client Component SSR]
    ./src/components/studio/MapPreview.tsx [Client Component SSR]
    ./src/app/(admin)/studio/[id]/preview/page.tsx [Client Component SSR]
    ./src/app/(admin)/studio/[id]/preview/page.tsx [Server Component] @ http://localhost:3000/_next/static/chunks/node_modules_next_dist_1gdrd03._.js:1945
[10384388ms] [ERROR] ./packages/editor/src/context/create-editor-context.ts:8:1
Export entityDeleteHandler doesn't exist in target module
   6 | ...ort { CommandDispatcher } from '../commands/dispatcher'
   7 | ...ort { HistoryStack } from '../history'
>  8 | ...ort { entityUpdateHandler, entityDeleteHandler } from '../commands/entity-update-handler'
     |    ^^^^^^^^^^^^^^^^^^^^^^^^^^^^^^^^^^^^^^^^^^^^^^^^^^^^^^^^^^^^^^^^^^^^^^^^^^^^^^^^^^^^^^^^^^
   9 | ...ort { roomCreateHandler, roomDeleteHandler } from '../commands/room-handlers'
  10 | ...ort { hallwayCreateHandler, hallwayDeleteHandler } from '../commands/hallway-handlers'
  11 | ...ort { staircaseCreateHandler, staircaseDeleteHandler } from '../commands/staircase-hand...

The export entityDeleteHandler was not found in module [project]/packages/editor/src/commands/entity-update-handler.ts [app-ssr] (ecmascript).
Did you mean to import entityUpdateHandler?
All exports of the module are statically known (It doesn't have dynamic exports). So it's known statically that the requested export doesn't exist.

Import traces:
  Client Component Browser:
    ./packages/editor/src/context/create-editor-context.ts [Client Component Browser]
    ./packages/editor/src/context/campus-loader.ts [Client Component Browser]
    ./src/store/graph-store.ts [Client Component Browser]
    ./src/components/studio/MapPreview.tsx [Client Component Browser]
    ./src/app/(admin)/studio/[id]/preview/page.tsx [Client Component Browser]
    ./src/app/(admin)/studio/[id]/preview/page.tsx [Server Component]

  Client Component SSR:
    ./packages/editor/src/context/create-editor-context.ts [Client Component SSR]
    ./packages/editor/src/context/campus-loader.ts [Client Component SSR]
    ./packages/editor/src/index.ts [Client Component SSR]
    ./src/store/graph-store.ts [Client Component SSR]
    ./src/components/studio/MapPreview.tsx [Client Component SSR]
    ./src/app/(admin)/studio/[id]/preview/page.tsx [Client Component SSR]
    ./src/app/(admin)/studio/[id]/preview/page.tsx [Server Component] @ http://localhost:3000/_next/static/chunks/node_modules_next_dist_1gdrd03._.js:1945
[10384422ms] [LOG] [Fast Refresh] rebuilding @ http://localhost:3000/_next/static/chunks/node_modules_next_dist_1gdrd03._.js:1226
[10384539ms] [ERROR] ./packages/editor/src/context/create-editor-context.ts:8:1
Export entityDeleteHandler doesn't exist in target module
   6 | ...ort { CommandDispatcher } from '../commands/dispatcher'
   7 | ...ort { HistoryStack } from '../history'
>  8 | ...ort { entityUpdateHandler, entityDeleteHandler } from '../commands/entity-update-handler'
     |    ^^^^^^^^^^^^^^^^^^^^^^^^^^^^^^^^^^^^^^^^^^^^^^^^^^^^^^^^^^^^^^^^^^^^^^^^^^^^^^^^^^^^^^^^^^
   9 | ...ort { roomCreateHandler, roomDeleteHandler } from '../commands/room-handlers'
  10 | ...ort { hallwayCreateHandler, hallwayDeleteHandler } from '../commands/hallway-handlers'
  11 | ...ort { staircaseCreateHandler, staircaseDeleteHandler } from '../commands/staircase-hand...

The export entityDeleteHandler was not found in module [project]/packages/editor/src/commands/entity-update-handler.ts [app-client] (ecmascript).
Did you mean to import entityUpdateHandler?
All exports of the module are statically known (It doesn't have dynamic exports). So it's known statically that the requested export doesn't exist.

Import traces:
  Client Component Browser:
    ./packages/editor/src/context/create-editor-context.ts [Client Component Browser]
    ./packages/editor/src/context/campus-loader.ts [Client Component Browser]
    ./src/store/graph-store.ts [Client Component Browser]
    ./src/components/studio/MapPreview.tsx [Client Component Browser]
    ./src/app/(admin)/studio/[id]/preview/page.tsx [Client Component Browser]
    ./src/app/(admin)/studio/[id]/preview/page.tsx [Server Component]

  Client Component SSR:
    ./packages/editor/src/context/create-editor-context.ts [Client Component SSR]
    ./packages/editor/src/context/campus-loader.ts [Client Component SSR]
    ./packages/editor/src/index.ts [Client Component SSR]
    ./src/store/graph-store.ts [Client Component SSR]
    ./src/components/studio/MapPreview.tsx [Client Component SSR]
    ./src/app/(admin)/studio/[id]/preview/page.tsx [Client Component SSR]
    ./src/app/(admin)/studio/[id]/preview/page.tsx [Server Component] @ http://localhost:3000/_next/static/chunks/node_modules_next_dist_1gdrd03._.js:1945
[10384539ms] [ERROR] ./packages/editor/src/context/create-editor-context.ts:8:1
Export entityDeleteHandler doesn't exist in target module
   6 | ...ort { CommandDispatcher } from '../commands/dispatcher'
   7 | ...ort { HistoryStack } from '../history'
>  8 | ...ort { entityUpdateHandler, entityDeleteHandler } from '../commands/entity-update-handler'
     |    ^^^^^^^^^^^^^^^^^^^^^^^^^^^^^^^^^^^^^^^^^^^^^^^^^^^^^^^^^^^^^^^^^^^^^^^^^^^^^^^^^^^^^^^^^^
   9 | ...ort { roomCreateHandler, roomDeleteHandler } from '../commands/room-handlers'
  10 | ...ort { hallwayCreateHandler, hallwayDeleteHandler } from '../commands/hallway-handlers'
  11 | ...ort { staircaseCreateHandler, staircaseDeleteHandler } from '../commands/staircase-hand...

The export entityDeleteHandler was not found in module [project]/packages/editor/src/commands/entity-update-handler.ts [app-ssr] (ecmascript).
Did you mean to import entityUpdateHandler?
All exports of the module are statically known (It doesn't have dynamic exports). So it's known statically that the requested export doesn't exist.

Import traces:
  Client Component Browser:
    ./packages/editor/src/context/create-editor-context.ts [Client Component Browser]
    ./packages/editor/src/context/campus-loader.ts [Client Component Browser]
    ./src/store/graph-store.ts [Client Component Browser]
    ./src/components/studio/MapPreview.tsx [Client Component Browser]
    ./src/app/(admin)/studio/[id]/preview/page.tsx [Client Component Browser]
    ./src/app/(admin)/studio/[id]/preview/page.tsx [Server Component]

  Client Component SSR:
    ./packages/editor/src/context/create-editor-context.ts [Client Component SSR]
    ./packages/editor/src/context/campus-loader.ts [Client Component SSR]
    ./packages/editor/src/index.ts [Client Component SSR]
    ./src/store/graph-store.ts [Client Component SSR]
    ./src/components/studio/MapPreview.tsx [Client Component SSR]
    ./src/app/(admin)/studio/[id]/preview/page.tsx [Client Component SSR]
    ./src/app/(admin)/studio/[id]/preview/page.tsx [Server Component] @ http://localhost:3000/_next/static/chunks/node_modules_next_dist_1gdrd03._.js:1945
[10384571ms] [LOG] [Fast Refresh] rebuilding @ http://localhost:3000/_next/static/chunks/node_modules_next_dist_1gdrd03._.js:1226
[10392104ms] [LOG] [Fast Refresh] rebuilding @ http://localhost:3000/_next/static/chunks/node_modules_next_dist_1gdrd03._.js:1226
[10393138ms] [LOG] [Fast Refresh] done in 737ms @ http://localhost:3000/_next/static/chunks/node_modules_next_dist_1gdrd03._.js:1226
[10393738ms] [LOG] [Fast Refresh] rebuilding @ http://localhost:3000/_next/static/chunks/node_modules_next_dist_1gdrd03._.js:1226
[10393850ms] [LOG] [Fast Refresh] done in 214ms @ http://localhost:3000/_next/static/chunks/node_modules_next_dist_1gdrd03._.js:1226
[10393962ms] [INFO] %cDownload the React DevTools for a better development experience: https://react.dev/link/react-devtools font-weight:bold @ http://localhost:3000/_next/static/chunks/node_modules_next_dist_1ybzpk2._.js:2477
[10393994ms] [LOG] [HMR] connected @ http://localhost:3000/_next/static/chunks/node_modules_next_dist_1ybzpk2._.js:2477
[10394197ms] [LOG] [Fast Refresh] rebuilding @ http://localhost:3000/_next/static/chunks/node_modules_next_dist_1ybzpk2._.js:2477
[10394201ms] [LOG] [Fast Refresh] done in 105ms @ http://localhost:3000/_next/static/chunks/node_modules_next_dist_1ybzpk2._.js:2477
[10445321ms] [LOG] [Fast Refresh] rebuilding @ http://localhost:3000/_next/static/chunks/node_modules_next_dist_1ybzpk2._.js:2477
[10445345ms] [LOG] [Fast Refresh] done in 85ms @ http://localhost:3000/_next/static/chunks/node_modules_next_dist_1ybzpk2._.js:2477
[10445460ms] [LOG] [Fast Refresh] rebuilding @ http://localhost:3000/_next/static/chunks/node_modules_next_dist_1ybzpk2._.js:2477
[10445550ms] [LOG] [Fast Refresh] done in 199ms @ http://localhost:3000/_next/static/chunks/node_modules_next_dist_1ybzpk2._.js:2477
[10452497ms] [LOG] [Fast Refresh] rebuilding @ http://localhost:3000/_next/static/chunks/node_modules_next_dist_1ybzpk2._.js:2477
[10452518ms] [LOG] [Fast Refresh] done in 73ms @ http://localhost:3000/_next/static/chunks/node_modules_next_dist_1ybzpk2._.js:2477
[10452622ms] [LOG] [Fast Refresh] rebuilding @ http://localhost:3000/_next/static/chunks/node_modules_next_dist_1ybzpk2._.js:2477
[10452713ms] [LOG] [Fast Refresh] done in 191ms @ http://localhost:3000/_next/static/chunks/node_modules_next_dist_1ybzpk2._.js:2477
[10459145ms] [LOG] [Fast Refresh] rebuilding @ http://localhost:3000/_next/static/chunks/node_modules_next_dist_1ybzpk2._.js:2477
[10459171ms] [LOG] [Fast Refresh] done in 87ms @ http://localhost:3000/_next/static/chunks/node_modules_next_dist_1ybzpk2._.js:2477
[10459297ms] [LOG] [Fast Refresh] rebuilding @ http://localhost:3000/_next/static/chunks/node_modules_next_dist_1ybzpk2._.js:2477
[10459385ms] [LOG] [Fast Refresh] done in 196ms @ http://localhost:3000/_next/static/chunks/node_modules_next_dist_1ybzpk2._.js:2477
[10484998ms] [LOG] [Fast Refresh] rebuilding @ http://localhost:3000/_next/static/chunks/node_modules_next_dist_1ybzpk2._.js:2477
[10485022ms] [LOG] [Fast Refresh] done in 75ms @ http://localhost:3000/_next/static/chunks/node_modules_next_dist_1ybzpk2._.js:2477
[10485130ms] [LOG] [Fast Refresh] rebuilding @ http://localhost:3000/_next/static/chunks/node_modules_next_dist_1ybzpk2._.js:2477
[10485212ms] [LOG] [Fast Refresh] done in 184ms @ http://localhost:3000/_next/static/chunks/node_modules_next_dist_1ybzpk2._.js:2477
[10492538ms] [LOG] [Fast Refresh] rebuilding @ http://localhost:3000/_next/static/chunks/node_modules_next_dist_1ybzpk2._.js:2477
[10492569ms] [LOG] [Fast Refresh] done in 80ms @ http://localhost:3000/_next/static/chunks/node_modules_next_dist_1ybzpk2._.js:2477
[10492681ms] [LOG] [Fast Refresh] rebuilding @ http://localhost:3000/_next/static/chunks/node_modules_next_dist_1ybzpk2._.js:2477
[10492760ms] [LOG] [Fast Refresh] done in 187ms @ http://localhost:3000/_next/static/chunks/node_modules_next_dist_1ybzpk2._.js:2477
[10907964ms] [LOG] [Fast Refresh] rebuilding @ http://localhost:3000/_next/static/chunks/node_modules_next_dist_1ybzpk2._.js:2477
[10908230ms] [LOG] [Fast Refresh] done in 372ms @ http://localhost:3000/_next/static/chunks/node_modules_next_dist_1ybzpk2._.js:2477
[11083688ms] [LOG] [Fast Refresh] rebuilding @ http://localhost:3000/_next/static/chunks/node_modules_next_dist_1ybzpk2._.js:2477
[11083714ms] [LOG] [Fast Refresh] done in 75ms @ http://localhost:3000/_next/static/chunks/node_modules_next_dist_1ybzpk2._.js:2477
[11083837ms] [LOG] [Fast Refresh] rebuilding @ http://localhost:3000/_next/static/chunks/node_modules_next_dist_1ybzpk2._.js:2477
[11083901ms] [LOG] [Fast Refresh] done in 180ms @ http://localhost:3000/_next/static/chunks/node_modules_next_dist_1ybzpk2._.js:2477
[11084342ms] [LOG] [Fast Refresh] rebuilding @ http://localhost:3000/_next/static/chunks/node_modules_next_dist_1ybzpk2._.js:2477
[11084366ms] [LOG] [Fast Refresh] done in 79ms @ http://localhost:3000/_next/static/chunks/node_modules_next_dist_1ybzpk2._.js:2477
[11084471ms] [LOG] [Fast Refresh] rebuilding @ http://localhost:3000/_next/static/chunks/node_modules_next_dist_1ybzpk2._.js:2477
[11084549ms] [LOG] [Fast Refresh] done in 180ms @ http://localhost:3000/_next/static/chunks/node_modules_next_dist_1ybzpk2._.js:2477
[11084579ms] ReferenceError: tool is not defined
    at InteractionController (http://localhost:3000/_next/static/chunks/src_1zk43l1._.js?id=%255Bproject%255D%252Fsrc%252Fcomponents%252Fstudio%252FInteractionController.tsx+%255Bapp-client%255D+%2528ecmascript%2529:95:9)
    at Object.react_stack_bottom_frame (http://localhost:3000/_next/static/chunks/node_modules_next_dist_compiled_react-dom_096_9a-._.js:15037:24)
    at renderWithHooks (http://localhost:3000/_next/static/chunks/node_modules_next_dist_compiled_react-dom_096_9a-._.js:4620:24)
    at updateFunctionComponent (http://localhost:3000/_next/static/chunks/node_modules_next_dist_compiled_react-dom_096_9a-._.js:6081:21)
    at beginWork (http://localhost:3000/_next/static/chunks/node_modules_next_dist_compiled_react-dom_096_9a-._.js:6691:24)
    at runWithFiberInDEV (http://localhost:3000/_next/static/chunks/node_modules_next_dist_compiled_react-dom_096_9a-._.js:965:74)
    at performUnitOfWork (http://localhost:3000/_next/static/chunks/node_modules_next_dist_compiled_react-dom_096_9a-._.js:9555:97)
    at workLoopSync (http://localhost:3000/_next/static/chunks/node_modules_next_dist_compiled_react-dom_096_9a-._.js:9449:40)
    at renderRootSync (http://localhost:3000/_next/static/chunks/node_modules_next_dist_compiled_react-dom_096_9a-._.js:9433:13)
    at performWorkOnRoot (http://localhost:3000/_next/static/chunks/node_modules_next_dist_compiled_react-dom_096_9a-._.js:9061:186)
    at performSyncWorkOnRoot (http://localhost:3000/_next/static/chunks/node_modules_next_dist_compiled_react-dom_096_9a-._.js:10263:9)
    at flushSyncWorkAcrossRoots_impl (http://localhost:3000/_next/static/chunks/node_modules_next_dist_compiled_react-dom_096_9a-._.js:10179:316)
    at processRootScheduleInMicrotask (http://localhost:3000/_next/static/chunks/node_modules_next_dist_compiled_react-dom_096_9a-._.js:10200:106)
    at http://localhost:3000/_next/static/chunks/node_modules_next_dist_compiled_react-dom_096_9a-._.js:10274:158
[11087785ms] [LOG] [Fast Refresh] rebuilding @ http://localhost:3000/_next/static/chunks/node_modules_next_dist_1ybzpk2._.js:2477
[11087794ms] [WARNING] [Fast Refresh] performing full reload because your application had an unrecoverable error @ http://localhost:3000/_next/static/chunks/node_modules_next_dist_1ybzpk2._.js:2477
[11087827ms] [LOG] [Fast Refresh] done in 78ms @ http://localhost:3000/_next/static/chunks/node_modules_next_dist_1ybzpk2._.js:2477
[11087935ms] [LOG] [Fast Refresh] rebuilding @ http://localhost:3000/_next/static/chunks/node_modules_next_dist_1ybzpk2._.js:2477
[11088118ms] [LOG] [Fast Refresh] done in 284ms @ http://localhost:3000/_next/static/chunks/node_modules_next_dist_1ybzpk2._.js:2477
[11088552ms] [INFO] %cDownload the React DevTools for a better development experience: https://react.dev/link/react-devtools font-weight:bold @ http://localhost:3000/_next/static/chunks/node_modules_next_dist_1ybzpk2._.js:2477
[11088584ms] [LOG] [HMR] connected @ http://localhost:3000/_next/static/chunks/node_modules_next_dist_1ybzpk2._.js:2477
[11090751ms] [LOG] [Fast Refresh] rebuilding @ http://localhost:3000/_next/static/chunks/node_modules_next_dist_1ybzpk2._.js:2477
[11090773ms] [LOG] [Fast Refresh] done in 88ms @ http://localhost:3000/_next/static/chunks/node_modules_next_dist_1ybzpk2._.js:2477
[11090880ms] [LOG] [Fast Refresh] rebuilding @ http://localhost:3000/_next/static/chunks/node_modules_next_dist_1ybzpk2._.js:2477
[11090974ms] [LOG] [Fast Refresh] done in 195ms @ http://localhost:3000/_next/static/chunks/node_modules_next_dist_1ybzpk2._.js:2477
[11092990ms] [LOG] [Fast Refresh] rebuilding @ http://localhost:3000/_next/static/chunks/node_modules_next_dist_1ybzpk2._.js:2477
[11093162ms] [LOG] [Fast Refresh] done in 276ms @ http://localhost:3000/_next/static/chunks/node_modules_next_dist_1ybzpk2._.js:2477
[11093696ms] [LOG] [Fast Refresh] rebuilding @ http://localhost:3000/_next/static/chunks/node_modules_next_dist_1ybzpk2._.js:2477
[11093738ms] [LOG] [Fast Refresh] done in 144ms @ http://localhost:3000/_next/static/chunks/node_modules_next_dist_1ybzpk2._.js:2477
[11139691ms] [LOG] [Fast Refresh] rebuilding @ http://localhost:3000/_next/static/chunks/node_modules_next_dist_1ybzpk2._.js:2477
[11139716ms] [LOG] [Fast Refresh] done in 76ms @ http://localhost:3000/_next/static/chunks/node_modules_next_dist_1ybzpk2._.js:2477
[11139822ms] [LOG] [Fast Refresh] rebuilding @ http://localhost:3000/_next/static/chunks/node_modules_next_dist_1ybzpk2._.js:2477
[11139912ms] [LOG] [Fast Refresh] done in 192ms @ http://localhost:3000/_next/static/chunks/node_modules_next_dist_1ybzpk2._.js:2477
[11168780ms] [LOG] [Fast Refresh] rebuilding @ http://localhost:3000/_next/static/chunks/node_modules_next_dist_1ybzpk2._.js:2477
[11168803ms] [LOG] [Fast Refresh] done in 76ms @ http://localhost:3000/_next/static/chunks/node_modules_next_dist_1ybzpk2._.js:2477
[11168922ms] [LOG] [Fast Refresh] rebuilding @ http://localhost:3000/_next/static/chunks/node_modules_next_dist_1ybzpk2._.js:2477
[11168976ms] [LOG] [Fast Refresh] done in 168ms @ http://localhost:3000/_next/static/chunks/node_modules_next_dist_1ybzpk2._.js:2477
[11169398ms] [LOG] [Fast Refresh] rebuilding @ http://localhost:3000/_next/static/chunks/node_modules_next_dist_1ybzpk2._.js:2477
[11169422ms] [LOG] [Fast Refresh] done in 74ms @ http://localhost:3000/_next/static/chunks/node_modules_next_dist_1ybzpk2._.js:2477
[11169528ms] [LOG] [Fast Refresh] rebuilding @ http://localhost:3000/_next/static/chunks/node_modules_next_dist_1ybzpk2._.js:2477
[11169604ms] [LOG] [Fast Refresh] done in 178ms @ http://localhost:3000/_next/static/chunks/node_modules_next_dist_1ybzpk2._.js:2477
[11173951ms] [LOG] [Fast Refresh] rebuilding @ http://localhost:3000/_next/static/chunks/node_modules_next_dist_1ybzpk2._.js:2477
[11173976ms] [LOG] [Fast Refresh] done in 74ms @ http://localhost:3000/_next/static/chunks/node_modules_next_dist_1ybzpk2._.js:2477
[11174097ms] [LOG] [Fast Refresh] rebuilding @ http://localhost:3000/_next/static/chunks/node_modules_next_dist_1ybzpk2._.js:2477
[11174173ms] [LOG] [Fast Refresh] done in 192ms @ http://localhost:3000/_next/static/chunks/node_modules_next_dist_1ybzpk2._.js:2477
[11182392ms] [LOG] [Fast Refresh] rebuilding @ http://localhost:3000/_next/static/chunks/node_modules_next_dist_1ybzpk2._.js:2477
[11182411ms] [LOG] [Fast Refresh] done in 68ms @ http://localhost:3000/_next/static/chunks/node_modules_next_dist_1ybzpk2._.js:2477
[11182523ms] [LOG] [Fast Refresh] rebuilding @ http://localhost:3000/_next/static/chunks/node_modules_next_dist_1ybzpk2._.js:2477
[11182611ms] [LOG] [Fast Refresh] done in 194ms @ http://localhost:3000/_next/static/chunks/node_modules_next_dist_1ybzpk2._.js:2477
[11211629ms] [LOG] [Fast Refresh] rebuilding @ http://localhost:3000/_next/static/chunks/node_modules_next_dist_1ybzpk2._.js:2477
[11211658ms] [LOG] [Fast Refresh] done in 75ms @ http://localhost:3000/_next/static/chunks/node_modules_next_dist_1ybzpk2._.js:2477
[11211769ms] [LOG] [Fast Refresh] rebuilding @ http://localhost:3000/_next/static/chunks/node_modules_next_dist_1ybzpk2._.js:2477
[11211864ms] [LOG] [Fast Refresh] done in 199ms @ http://localhost:3000/_next/static/chunks/node_modules_next_dist_1ybzpk2._.js:2477
[11218434ms] [LOG] [Fast Refresh] rebuilding @ http://localhost:3000/_next/static/chunks/node_modules_next_dist_1ybzpk2._.js:2477
[11218463ms] [LOG] [Fast Refresh] done in 95ms @ http://localhost:3000/_next/static/chunks/node_modules_next_dist_1ybzpk2._.js:2477
[11218575ms] [LOG] [Fast Refresh] rebuilding @ http://localhost:3000/_next/static/chunks/node_modules_next_dist_1ybzpk2._.js:2477
[11218698ms] [LOG] [Fast Refresh] done in 228ms @ http://localhost:3000/_next/static/chunks/node_modules_next_dist_1ybzpk2._.js:2477
[11238208ms] [LOG] [Fast Refresh] rebuilding @ http://localhost:3000/_next/static/chunks/node_modules_next_dist_1ybzpk2._.js:2477
[11238235ms] [LOG] [Fast Refresh] done in 80ms @ http://localhost:3000/_next/static/chunks/node_modules_next_dist_1ybzpk2._.js:2477
[11238363ms] [LOG] [Fast Refresh] rebuilding @ http://localhost:3000/_next/static/chunks/node_modules_next_dist_1ybzpk2._.js:2477
[11238461ms] [LOG] [Fast Refresh] done in 204ms @ http://localhost:3000/_next/static/chunks/node_modules_next_dist_1ybzpk2._.js:2477
[11238881ms] [LOG] [Fast Refresh] rebuilding @ http://localhost:3000/_next/static/chunks/node_modules_next_dist_1ybzpk2._.js:2477
[11238893ms] [LOG] [Fast Refresh] done in 116ms @ http://localhost:3000/_next/static/chunks/node_modules_next_dist_1ybzpk2._.js:2477
[11327439ms] [LOG] [Fast Refresh] rebuilding @ http://localhost:3000/_next/static/chunks/node_modules_next_dist_1ybzpk2._.js:2477
[11327459ms] [LOG] [Fast Refresh] done in 71ms @ http://localhost:3000/_next/static/chunks/node_modules_next_dist_1ybzpk2._.js:2477
[11327572ms] [LOG] [Fast Refresh] rebuilding @ http://localhost:3000/_next/static/chunks/node_modules_next_dist_1ybzpk2._.js:2477
[11327648ms] [LOG] [Fast Refresh] done in 185ms @ http://localhost:3000/_next/static/chunks/node_modules_next_dist_1ybzpk2._.js:2477
[11328090ms] [LOG] [Fast Refresh] rebuilding @ http://localhost:3000/_next/static/chunks/node_modules_next_dist_1ybzpk2._.js:2477
[11328109ms] [LOG] [Fast Refresh] done in 73ms @ http://localhost:3000/_next/static/chunks/node_modules_next_dist_1ybzpk2._.js:2477
[11328220ms] [LOG] [Fast Refresh] rebuilding @ http://localhost:3000/_next/static/chunks/node_modules_next_dist_1ybzpk2._.js:2477
[11328316ms] [LOG] [Fast Refresh] done in 202ms @ http://localhost:3000/_next/static/chunks/node_modules_next_dist_1ybzpk2._.js:2477
[11328616ms] [LOG] [Fast Refresh] rebuilding @ http://localhost:3000/_next/static/chunks/node_modules_next_dist_1ybzpk2._.js:2477
[11328708ms] [LOG] [Fast Refresh] done in 207ms @ http://localhost:3000/_next/static/chunks/node_modules_next_dist_1ybzpk2._.js:2477
[11328819ms] [LOG] [Fast Refresh] rebuilding @ http://localhost:3000/_next/static/chunks/node_modules_next_dist_1ybzpk2._.js:2477
[11329137ms] [LOG] [Fast Refresh] done in 427ms @ http://localhost:3000/_next/static/chunks/node_modules_next_dist_1ybzpk2._.js:2477
[11355980ms] [LOG] [Fast Refresh] rebuilding @ http://localhost:3000/_next/static/chunks/node_modules_next_dist_1ybzpk2._.js:2477
[11356007ms] [LOG] [Fast Refresh] done in 83ms @ http://localhost:3000/_next/static/chunks/node_modules_next_dist_1ybzpk2._.js:2477
[11356117ms] [LOG] [Fast Refresh] rebuilding @ http://localhost:3000/_next/static/chunks/node_modules_next_dist_1ybzpk2._.js:2477
[11356244ms] [LOG] [Fast Refresh] done in 229ms @ http://localhost:3000/_next/static/chunks/node_modules_next_dist_1ybzpk2._.js:2477
[11366401ms] [LOG] [Fast Refresh] rebuilding @ http://localhost:3000/_next/static/chunks/node_modules_next_dist_1ybzpk2._.js:2477
[11366424ms] [LOG] [Fast Refresh] done in 69ms @ http://localhost:3000/_next/static/chunks/node_modules_next_dist_1ybzpk2._.js:2477
[11366536ms] [LOG] [Fast Refresh] rebuilding @ http://localhost:3000/_next/static/chunks/node_modules_next_dist_1ybzpk2._.js:2477
[11366641ms] [LOG] [Fast Refresh] done in 213ms @ http://localhost:3000/_next/static/chunks/node_modules_next_dist_1ybzpk2._.js:2477
[11367620ms] [LOG] [Fast Refresh] rebuilding @ http://localhost:3000/_next/static/chunks/node_modules_next_dist_1ybzpk2._.js:2477
[11367627ms] [LOG] [Fast Refresh] done in 113ms @ http://localhost:3000/_next/static/chunks/node_modules_next_dist_1ybzpk2._.js:2477
[11373188ms] [LOG] [Fast Refresh] rebuilding @ http://localhost:3000/_next/static/chunks/node_modules_next_dist_1ybzpk2._.js:2477
[11373208ms] [LOG] [Fast Refresh] done in 67ms @ http://localhost:3000/_next/static/chunks/node_modules_next_dist_1ybzpk2._.js:2477
[11373317ms] [LOG] [Fast Refresh] rebuilding @ http://localhost:3000/_next/static/chunks/node_modules_next_dist_1ybzpk2._.js:2477
[11373409ms] [LOG] [Fast Refresh] done in 196ms @ http://localhost:3000/_next/static/chunks/node_modules_next_dist_1ybzpk2._.js:2477
[11513900ms] [LOG] [Fast Refresh] rebuilding @ http://localhost:3000/_next/static/chunks/node_modules_next_dist_1ybzpk2._.js:2477
[11514081ms] [LOG] [Fast Refresh] done in 288ms @ http://localhost:3000/_next/static/chunks/node_modules_next_dist_1ybzpk2._.js:2477
[12453643ms] [LOG] [Fast Refresh] rebuilding @ http://localhost:3000/_next/static/chunks/node_modules_next_dist_1ybzpk2._.js:2477
[12453733ms] [LOG] [Fast Refresh] done in 117ms @ http://localhost:3000/_next/static/chunks/node_modules_next_dist_1ybzpk2._.js:2477
[12453847ms] [LOG] [Fast Refresh] rebuilding @ http://localhost:3000/_next/static/chunks/node_modules_next_dist_1ybzpk2._.js:2477
[12453940ms] [LOG] [Fast Refresh] done in 202ms @ http://localhost:3000/_next/static/chunks/node_modules_next_dist_1ybzpk2._.js:2477
[12454055ms] [LOG] [Fast Refresh] rebuilding @ http://localhost:3000/_next/static/chunks/node_modules_next_dist_1ybzpk2._.js:2477
[12454087ms] [LOG] [Fast Refresh] done in 134ms @ http://localhost:3000/_next/static/chunks/node_modules_next_dist_1ybzpk2._.js:2477
[12455512ms] [LOG] [Fast Refresh] rebuilding @ http://localhost:3000/_next/static/chunks/node_modules_next_dist_1ybzpk2._.js:2477
[12455579ms] [LOG] [Fast Refresh] done in 109ms @ http://localhost:3000/_next/static/chunks/node_modules_next_dist_1ybzpk2._.js:2477
[12455714ms] [LOG] [Fast Refresh] rebuilding @ http://localhost:3000/_next/static/chunks/node_modules_next_dist_1ybzpk2._.js:2477
[12455812ms] [LOG] [Fast Refresh] done in 201ms @ http://localhost:3000/_next/static/chunks/node_modules_next_dist_1ybzpk2._.js:2477
[12463320ms] [LOG] [Fast Refresh] rebuilding @ http://localhost:3000/_next/static/chunks/node_modules_next_dist_1ybzpk2._.js:2477
[12463411ms] [LOG] [Fast Refresh] done in 148ms @ http://localhost:3000/_next/static/chunks/node_modules_next_dist_1ybzpk2._.js:2477
[12463522ms] [LOG] [Fast Refresh] rebuilding @ http://localhost:3000/_next/static/chunks/node_modules_next_dist_1ybzpk2._.js:2477
[12463626ms] [LOG] [Fast Refresh] done in 205ms @ http://localhost:3000/_next/static/chunks/node_modules_next_dist_1ybzpk2._.js:2477
[12464101ms] [LOG] [Fast Refresh] rebuilding @ http://localhost:3000/_next/static/chunks/node_modules_next_dist_1ybzpk2._.js:2477
[12464193ms] [LOG] [Fast Refresh] done in 136ms @ http://localhost:3000/_next/static/chunks/node_modules_next_dist_1ybzpk2._.js:2477
[12464305ms] [LOG] [Fast Refresh] rebuilding @ http://localhost:3000/_next/static/chunks/node_modules_next_dist_1ybzpk2._.js:2477
[12464420ms] [LOG] [Fast Refresh] done in 217ms @ http://localhost:3000/_next/static/chunks/node_modules_next_dist_1ybzpk2._.js:2477
[12464626ms] [LOG] [Fast Refresh] rebuilding @ http://localhost:3000/_next/static/chunks/node_modules_next_dist_1ybzpk2._.js:2477
[12464647ms] [LOG] [Fast Refresh] done in 126ms @ http://localhost:3000/_next/static/chunks/node_modules_next_dist_1ybzpk2._.js:2477
[12471084ms] [LOG] [Fast Refresh] rebuilding @ http://localhost:3000/_next/static/chunks/node_modules_next_dist_1ybzpk2._.js:2477
[12471103ms] [LOG] [Fast Refresh] done in 65ms @ http://localhost:3000/_next/static/chunks/node_modules_next_dist_1ybzpk2._.js:2477
[12471214ms] [LOG] [Fast Refresh] rebuilding @ http://localhost:3000/_next/static/chunks/node_modules_next_dist_1ybzpk2._.js:2477
[12471308ms] [LOG] [Fast Refresh] done in 200ms @ http://localhost:3000/_next/static/chunks/node_modules_next_dist_1ybzpk2._.js:2477
[12511248ms] [LOG] [Fast Refresh] rebuilding @ http://localhost:3000/_next/static/chunks/node_modules_next_dist_1ybzpk2._.js:2477
[12513528ms] [ERROR] ./packages/compiler/src/publisher/index.ts:1:1
Module not found: Can't resolve 'fs'
> 1 | import { writeFileSync, mkdirSync, existsSync, readFileSync } from 'fs'
    | ^^^^^^^^^^^^^^^^^^^^^^^^^^^^^^^^^^^^^^^^^^^^^^^^^^^^^^^^^^^^^^^^^^^^^^^
  2 | import { join } from 'path'
  3 | import { createHash } from 'crypto'
  4 | import type { CampusDocument } from '@navi/core'

Import traces:
  Client Component Browser:
    ./packages/compiler/src/publisher/index.ts [Client Component Browser]
    ./packages/compiler/src/index.ts [Client Component Browser]
    ./src/services/compiler-adapter.ts [Client Component Browser]
    ./src/components/studio/EditorBridge.tsx [Client Component Browser]
    ./src/components/studio/StudioWorkspace.tsx [Client Component Browser]
    ./src/app/(admin)/studio/[id]/edit/page.tsx [Client Component Browser]
    ./src/app/(admin)/studio/[id]/edit/page.tsx [Server Component]

  Client Component SSR:
    ./packages/compiler/src/publisher/index.ts [Client Component SSR]
    ./packages/compiler/src/index.ts [Client Component SSR]
    ./src/services/compiler-adapter.ts [Client Component SSR]
    ./src/components/studio/EditorBridge.tsx [Client Component SSR]
    ./src/components/studio/StudioWorkspace.tsx [Client Component SSR]
    ./src/app/(admin)/studio/[id]/edit/page.tsx [Client Component SSR]
    ./src/app/(admin)/studio/[id]/edit/page.tsx [Server Component]

https://nextjs.org/docs/messages/module-not-found @ http://localhost:3000/_next/static/chunks/node_modules_next_dist_1ybzpk2._.js:3318
[12513547ms] [ERROR] ./packages/compiler/src/publisher/index.ts:1:1
Module not found: Can't resolve 'fs'
> 1 | import { writeFileSync, mkdirSync, existsSync, readFileSync } from 'fs'
    | ^^^^^^^^^^^^^^^^^^^^^^^^^^^^^^^^^^^^^^^^^^^^^^^^^^^^^^^^^^^^^^^^^^^^^^^
  2 | import { join } from 'path'
  3 | import { createHash } from 'crypto'
  4 | import type { CampusDocument } from '@navi/core'

Import traces:
  Client Component Browser:
    ./packages/compiler/src/publisher/index.ts [Client Component Browser]
    ./packages/compiler/src/index.ts [Client Component Browser]
    ./src/services/compiler-adapter.ts [Client Component Browser]
    ./src/components/studio/EditorBridge.tsx [Client Component Browser]
    ./src/components/studio/StudioWorkspace.tsx [Client Component Browser]
    ./src/app/(admin)/studio/[id]/edit/page.tsx [Client Component Browser]
    ./src/app/(admin)/studio/[id]/edit/page.tsx [Server Component]

  Client Component SSR:
    ./packages/compiler/src/publisher/index.ts [Client Component SSR]
    ./packages/compiler/src/index.ts [Client Component SSR]
    ./src/services/compiler-adapter.ts [Client Component SSR]
    ./src/components/studio/EditorBridge.tsx [Client Component SSR]
    ./src/components/studio/StudioWorkspace.tsx [Client Component SSR]
    ./src/app/(admin)/studio/[id]/edit/page.tsx [Client Component SSR]
    ./src/app/(admin)/studio/[id]/edit/page.tsx [Server Component]

https://nextjs.org/docs/messages/module-not-found @ http://localhost:3000/_next/static/chunks/node_modules_next_dist_1ybzpk2._.js:3318
[12513577ms] [ERROR] Failed to load resource: the server responded with a status of 500 (Internal Server Error) @ http://localhost:3000/studio/verify-campus/edit?_rsc=xtae1HkRNmSuAXvi:0
[12513648ms] [LOG] [Fast Refresh] rebuilding @ http://localhost:3000/_next/static/chunks/node_modules_next_dist_1ybzpk2._.js:2477
[12513651ms] [ERROR] ./packages/compiler/src/publisher/index.ts:1:1
Module not found: Can't resolve 'fs'
> 1 | import { writeFileSync, mkdirSync, existsSync, readFileSync } from 'fs'
    | ^^^^^^^^^^^^^^^^^^^^^^^^^^^^^^^^^^^^^^^^^^^^^^^^^^^^^^^^^^^^^^^^^^^^^^^
  2 | import { join } from 'path'
  3 | import { createHash } from 'crypto'
  4 | import type { CampusDocument } from '@navi/core'

Import traces:
  Client Component Browser:
    ./packages/compiler/src/publisher/index.ts [Client Component Browser]
    ./packages/compiler/src/index.ts [Client Component Browser]
    ./src/services/compiler-adapter.ts [Client Component Browser]
    ./src/components/studio/EditorBridge.tsx [Client Component Browser]
    ./src/components/studio/StudioWorkspace.tsx [Client Component Browser]
    ./src/app/(admin)/studio/[id]/edit/page.tsx [Client Component Browser]
    ./src/app/(admin)/studio/[id]/edit/page.tsx [Server Component]

  Client Component SSR:
    ./packages/compiler/src/publisher/index.ts [Client Component SSR]
    ./packages/compiler/src/index.ts [Client Component SSR]
    ./src/services/compiler-adapter.ts [Client Component SSR]
    ./src/components/studio/EditorBridge.tsx [Client Component SSR]
    ./src/components/studio/StudioWorkspace.tsx [Client Component SSR]
    ./src/app/(admin)/studio/[id]/edit/page.tsx [Client Component SSR]
    ./src/app/(admin)/studio/[id]/edit/page.tsx [Server Component]

https://nextjs.org/docs/messages/module-not-found @ http://localhost:3000/_next/static/chunks/node_modules_next_dist_1ybzpk2._.js:3318
[12513756ms] [ERROR] Failed to load resource: the server responded with a status of 500 (Internal Server Error) @ http://localhost:3000/login:0
[12513776ms] [ERROR] ./packages/compiler/src/publisher/index.ts:1:1
Module not found: Can't resolve 'fs'
> 1 | import { writeFileSync, mkdirSync, existsSync, readFileSync } from 'fs'
    | ^^^^^^^^^^^^^^^^^^^^^^^^^^^^^^^^^^^^^^^^^^^^^^^^^^^^^^^^^^^^^^^^^^^^^^^
  2 | import { join } from 'path'
  3 | import { createHash } from 'crypto'
  4 | import type { CampusDocument } from '@navi/core'

Import traces:
  Client Component Browser:
    ./packages/compiler/src/publisher/index.ts [Client Component Browser]
    ./packages/compiler/src/index.ts [Client Component Browser]
    ./src/services/compiler-adapter.ts [Client Component Browser]
    ./src/components/studio/EditorBridge.tsx [Client Component Browser]
    ./src/components/studio/StudioWorkspace.tsx [Client Component Browser]
    ./src/app/(admin)/studio/[id]/edit/page.tsx [Client Component Browser]
    ./src/app/(admin)/studio/[id]/edit/page.tsx [Server Component]

  Client Component SSR:
    ./packages/compiler/src/publisher/index.ts [Client Component SSR]
    ./packages/compiler/src/index.ts [Client Component SSR]
    ./src/services/compiler-adapter.ts [Client Component SSR]
    ./src/components/studio/EditorBridge.tsx [Client Component SSR]
    ./src/components/studio/StudioWorkspace.tsx [Client Component SSR]
    ./src/app/(admin)/studio/[id]/edit/page.tsx [Client Component SSR]
    ./src/app/(admin)/studio/[id]/edit/page.tsx [Server Component]

https://nextjs.org/docs/messages/module-not-found @ http://localhost:3000/_next/static/chunks/node_modules_next_dist_1ybzpk2._.js:3318
[12513812ms] [ERROR] Failed to load resource: the server responded with a status of 500 (Internal Server Error) @ http://localhost:3000/login:0
[12513835ms] [ERROR] ./packages/compiler/src/publisher/index.ts:1:1
Module not found: Can't resolve 'fs'
> 1 | import { writeFileSync, mkdirSync, existsSync, readFileSync } from 'fs'
    | ^^^^^^^^^^^^^^^^^^^^^^^^^^^^^^^^^^^^^^^^^^^^^^^^^^^^^^^^^^^^^^^^^^^^^^^
  2 | import { join } from 'path'
  3 | import { createHash } from 'crypto'
  4 | import type { CampusDocument } from '@navi/core'

Import traces:
  Client Component Browser:
    ./packages/compiler/src/publisher/index.ts [Client Component Browser]
    ./packages/compiler/src/index.ts [Client Component Browser]
    ./src/services/compiler-adapter.ts [Client Component Browser]
    ./src/components/studio/EditorBridge.tsx [Client Component Browser]
    ./src/components/studio/StudioWorkspace.tsx [Client Component Browser]
    ./src/app/(admin)/studio/[id]/edit/page.tsx [Client Component Browser]
    ./src/app/(admin)/studio/[id]/edit/page.tsx [Server Component]

  Client Component SSR:
    ./packages/compiler/src/publisher/index.ts [Client Component SSR]
    ./packages/compiler/src/index.ts [Client Component SSR]
    ./src/services/compiler-adapter.ts [Client Component SSR]
    ./src/components/studio/EditorBridge.tsx [Client Component SSR]
    ./src/components/studio/StudioWorkspace.tsx [Client Component SSR]
    ./src/app/(admin)/studio/[id]/edit/page.tsx [Client Component SSR]
    ./src/app/(admin)/studio/[id]/edit/page.tsx [Server Component]

https://nextjs.org/docs/messages/module-not-found @ http://localhost:3000/_next/static/chunks/node_modules_next_dist_1ybzpk2._.js:3318
[12513873ms] [ERROR] Failed to load resource: the server responded with a status of 500 (Internal Server Error) @ http://localhost:3000/login:0
[12513889ms] [ERROR] ./packages/compiler/src/publisher/index.ts:1:1
Module not found: Can't resolve 'fs'
> 1 | import { writeFileSync, mkdirSync, existsSync, readFileSync } from 'fs'
    | ^^^^^^^^^^^^^^^^^^^^^^^^^^^^^^^^^^^^^^^^^^^^^^^^^^^^^^^^^^^^^^^^^^^^^^^
  2 | import { join } from 'path'
  3 | import { createHash } from 'crypto'
  4 | import type { CampusDocument } from '@navi/core'

Import traces:
  Client Component Browser:
    ./packages/compiler/src/publisher/index.ts [Client Component Browser]
    ./packages/compiler/src/index.ts [Client Component Browser]
    ./src/services/compiler-adapter.ts [Client Component Browser]
    ./src/components/studio/EditorBridge.tsx [Client Component Browser]
    ./src/components/studio/StudioWorkspace.tsx [Client Component Browser]
    ./src/app/(admin)/studio/[id]/edit/page.tsx [Client Component Browser]
    ./src/app/(admin)/studio/[id]/edit/page.tsx [Server Component]

  Client Component SSR:
    ./packages/compiler/src/publisher/index.ts [Client Component SSR]
    ./packages/compiler/src/index.ts [Client Component SSR]
    ./src/services/compiler-adapter.ts [Client Component SSR]
    ./src/components/studio/EditorBridge.tsx [Client Component SSR]
    ./src/components/studio/StudioWorkspace.tsx [Client Component SSR]
    ./src/app/(admin)/studio/[id]/edit/page.tsx [Client Component SSR]
    ./src/app/(admin)/studio/[id]/edit/page.tsx [Server Component]

https://nextjs.org/docs/messages/module-not-found @ http://localhost:3000/_next/static/chunks/node_modules_next_dist_1ybzpk2._.js:3318
[12513912ms] [ERROR] Failed to load resource: the server responded with a status of 500 (Internal Server Error) @ http://localhost:3000/login:0
[12513935ms] [ERROR] Failed to load resource: the server responded with a status of 500 (Internal Server Error) @ http://localhost:3000/login:0
[12513959ms] [ERROR] Failed to load resource: the server responded with a status of 500 (Internal Server Error) @ http://localhost:3000/login:0
[12513982ms] [ERROR] Failed to load resource: the server responded with a status of 500 (Internal Server Error) @ http://localhost:3000/login:0
[12513997ms] [LOG] [Fast Refresh] rebuilding @ http://localhost:3000/_next/static/chunks/node_modules_next_dist_1ybzpk2._.js:2477
[12514030ms] [ERROR] Failed to load resource: the server responded with a status of 500 (Internal Server Error) @ http://localhost:3000/login:0
[12514103ms] [INFO] %cDownload the React DevTools for a better development experience: https://react.dev/link/react-devtools font-weight:bold @ http://localhost:3000/_next/static/chunks/node_modules_react-dom_0kla17-._.js:15305
[12514156ms] Error: ./packages/compiler/src/publisher/index.ts:1:1
Module not found: Can't resolve 'fs'
> 1 | import { writeFileSync, mkdirSync, existsSync, readFileSync } from 'fs'
    | ^^^^^^^^^^^^^^^^^^^^^^^^^^^^^^^^^^^^^^^^^^^^^^^^^^^^^^^^^^^^^^^^^^^^^^^
  2 | import { join } from 'path'
  3 | import { createHash } from 'crypto'
  4 | import type { CampusDocument } from '@navi/core'



Import traces:
  Client Component Browser:
    ./packages/compiler/src/publisher/index.ts [Client Component Browser]
    ./packages/compiler/src/index.ts [Client Component Browser]
    ./src/services/compiler-adapter.ts [Client Component Browser]
    ./src/components/studio/EditorBridge.tsx [Client Component Browser]
    ./src/components/studio/StudioWorkspace.tsx [Client Component Browser]
    ./src/app/(admin)/studio/[id]/edit/page.tsx [Client Component Browser]
    ./src/app/(admin)/studio/[id]/edit/page.tsx [Server Component]

  Client Component SSR:
    ./packages/compiler/src/publisher/index.ts [Client Component SSR]
    ./packages/compiler/src/index.ts [Client Component SSR]
    ./src/services/compiler-adapter.ts [Client Component SSR]
    ./src/components/studio/EditorBridge.tsx [Client Component SSR]
    ./src/components/studio/StudioWorkspace.tsx [Client Component SSR]
    ./src/app/(admin)/studio/[id]/edit/page.tsx [Client Component SSR]
    ./src/app/(admin)/studio/[id]/edit/page.tsx [Server Component]

https://nextjs.org/docs/messages/module-not-found


    at <unknown> (Error: ./packages/compiler/src/publisher/index.ts:1:1)
    at <unknown> (https://nextjs.org/docs/messages/module-not-found)
    at Object.getCompilationErrors (file://C:\Users\Administrator\Desktop\CODEme\Navi\navi-next\node_modules\next\dist\server\dev\hot-reloader-turbopack.js:1186:59)
    at DevBundlerService.getCompilationError (file://C:\Users\Administrator\Desktop\CODEme\Navi\navi-next\node_modules\next\dist\server\lib\dev-bundler-service.js:44:55)
    at DevServer.getCompilationError (file://C:\Users\Administrator\Desktop\CODEme\Navi\navi-next\node_modules\next\dist\server\dev\next-dev-server.js:720:42)
    at DevServer.findPageComponents (file://C:\Users\Administrator\Desktop\CODEme\Navi\navi-next\node_modules\next\dist\server\dev\next-dev-server.js:690:43)
    at async DevServer.renderErrorToResponseImpl (file://C:\Users\Administrator\Desktop\CODEme\Navi\navi-next\node_modules\next\dist\server\base-server.js:1753:26)
[12514158ms] [LOG] [HMR] connected @ http://localhost:3000/_next/static/chunks/node_modules_next_dist_1gdrd03._.js:1226
[12514163ms] [ERROR] ./packages/compiler/src/publisher/index.ts:1:1
Module not found: Can't resolve 'fs'
> 1 | import { writeFileSync, mkdirSync, existsSync, readFileSync } from 'fs'
    | ^^^^^^^^^^^^^^^^^^^^^^^^^^^^^^^^^^^^^^^^^^^^^^^^^^^^^^^^^^^^^^^^^^^^^^^
  2 | import { join } from 'path'
  3 | import { createHash } from 'crypto'
  4 | import type { CampusDocument } from '@navi/core'

Import traces:
  Client Component Browser:
    ./packages/compiler/src/publisher/index.ts [Client Component Browser]
    ./packages/compiler/src/index.ts [Client Component Browser]
    ./src/services/compiler-adapter.ts [Client Component Browser]
    ./src/components/studio/EditorBridge.tsx [Client Component Browser]
    ./src/components/studio/StudioWorkspace.tsx [Client Component Browser]
    ./src/app/(admin)/studio/[id]/edit/page.tsx [Client Component Browser]
    ./src/app/(admin)/studio/[id]/edit/page.tsx [Server Component]

  Client Component SSR:
    ./packages/compiler/src/publisher/index.ts [Client Component SSR]
    ./packages/compiler/src/index.ts [Client Component SSR]
    ./src/services/compiler-adapter.ts [Client Component SSR]
    ./src/components/studio/EditorBridge.tsx [Client Component SSR]
    ./src/components/studio/StudioWorkspace.tsx [Client Component SSR]
    ./src/app/(admin)/studio/[id]/edit/page.tsx [Client Component SSR]
    ./src/app/(admin)/studio/[id]/edit/page.tsx [Server Component]

https://nextjs.org/docs/messages/module-not-found @ http://localhost:3000/_next/static/chunks/node_modules_next_dist_1gdrd03._.js:1945
[12514163ms] [ERROR] ./packages/compiler/src/publisher/index.ts:1:1
Module not found: Can't resolve 'fs'
> 1 | import { writeFileSync, mkdirSync, existsSync, readFileSync } from 'fs'
    | ^^^^^^^^^^^^^^^^^^^^^^^^^^^^^^^^^^^^^^^^^^^^^^^^^^^^^^^^^^^^^^^^^^^^^^^
  2 | import { join } from 'path'
  3 | import { createHash } from 'crypto'
  4 | import type { CampusDocument } from '@navi/core'

Import traces:
  Client Component Browser:
    ./packages/compiler/src/publisher/index.ts [Client Component Browser]
    ./packages/compiler/src/index.ts [Client Component Browser]
    ./src/services/compiler-adapter.ts [Client Component Browser]
    ./src/app/(admin)/studio/[id]/edit/building/[buildingId]/floor/[floor]/page.tsx [Client Component Browser]
    ./src/app/(admin)/studio/[id]/edit/building/[buildingId]/floor/[floor]/page.tsx [Server Component]

  Client Component SSR:
    ./packages/compiler/src/publisher/index.ts [Client Component SSR]
    ./packages/compiler/src/index.ts [Client Component SSR]
    ./src/services/compiler-adapter.ts [Client Component SSR]
    ./src/app/(admin)/studio/[id]/edit/building/[buildingId]/floor/[floor]/page.tsx [Client Component SSR]
    ./src/app/(admin)/studio/[id]/edit/building/[buildingId]/floor/[floor]/page.tsx [Server Component]

https://nextjs.org/docs/messages/module-not-found @ http://localhost:3000/_next/static/chunks/node_modules_next_dist_1gdrd03._.js:1945
[12514219ms] [ERROR] ./packages/compiler/src/publisher/index.ts:1:1
Module not found: Can't resolve 'fs'
> 1 | import { writeFileSync, mkdirSync, existsSync, readFileSync } from 'fs'
    | ^^^^^^^^^^^^^^^^^^^^^^^^^^^^^^^^^^^^^^^^^^^^^^^^^^^^^^^^^^^^^^^^^^^^^^^
  2 | import { join } from 'path'
  3 | import { createHash } from 'crypto'
  4 | import type { CampusDocument } from '@navi/core'

Import traces:
  Client Component Browser:
    ./packages/compiler/src/publisher/index.ts [Client Component Browser]
    ./packages/compiler/src/index.ts [Client Component Browser]
    ./src/services/compiler-adapter.ts [Client Component Browser]
    ./src/components/studio/EditorBridge.tsx [Client Component Browser]
    ./src/components/studio/StudioWorkspace.tsx [Client Component Browser]
    ./src/app/(admin)/studio/[id]/edit/page.tsx [Client Component Browser]
    ./src/app/(admin)/studio/[id]/edit/page.tsx [Server Component]

  Client Component SSR:
    ./packages/compiler/src/publisher/index.ts [Client Component SSR]
    ./packages/compiler/src/index.ts [Client Component SSR]
    ./src/services/compiler-adapter.ts [Client Component SSR]
    ./src/components/studio/EditorBridge.tsx [Client Component SSR]
    ./src/components/studio/StudioWorkspace.tsx [Client Component SSR]
    ./src/app/(admin)/studio/[id]/edit/page.tsx [Client Component SSR]
    ./src/app/(admin)/studio/[id]/edit/page.tsx [Server Component]

https://nextjs.org/docs/messages/module-not-found @ http://localhost:3000/_next/static/chunks/node_modules_next_dist_1gdrd03._.js:1945
[12514273ms] [LOG] [Fast Refresh] rebuilding @ http://localhost:3000/_next/static/chunks/node_modules_next_dist_1gdrd03._.js:1226
[12514335ms] [ERROR] ./packages/compiler/src/publisher/index.ts:1:1
Module not found: Can't resolve 'fs'
> 1 | import { writeFileSync, mkdirSync, existsSync, readFileSync } from 'fs'
    | ^^^^^^^^^^^^^^^^^^^^^^^^^^^^^^^^^^^^^^^^^^^^^^^^^^^^^^^^^^^^^^^^^^^^^^^
  2 | import { join } from 'path'
  3 | import { createHash } from 'crypto'
  4 | import type { CampusDocument } from '@navi/core'

Import traces:
  Client Component Browser:
    ./packages/compiler/src/publisher/index.ts [Client Component Browser]
    ./packages/compiler/src/index.ts [Client Component Browser]
    ./src/services/compiler-adapter.ts [Client Component Browser]
    ./src/components/studio/EditorBridge.tsx [Client Component Browser]
    ./src/components/studio/StudioWorkspace.tsx [Client Component Browser]
    ./src/app/(admin)/studio/[id]/edit/page.tsx [Client Component Browser]
    ./src/app/(admin)/studio/[id]/edit/page.tsx [Server Component]

  Client Component SSR:
    ./packages/compiler/src/publisher/index.ts [Client Component SSR]
    ./packages/compiler/src/index.ts [Client Component SSR]
    ./src/services/compiler-adapter.ts [Client Component SSR]
    ./src/components/studio/EditorBridge.tsx [Client Component SSR]
    ./src/components/studio/StudioWorkspace.tsx [Client Component SSR]
    ./src/app/(admin)/studio/[id]/edit/page.tsx [Client Component SSR]
    ./src/app/(admin)/studio/[id]/edit/page.tsx [Server Component]

https://nextjs.org/docs/messages/module-not-found @ http://localhost:3000/_next/static/chunks/node_modules_next_dist_1gdrd03._.js:1945
[12514397ms] [LOG] [Fast Refresh] rebuilding @ http://localhost:3000/_next/static/chunks/node_modules_next_dist_1gdrd03._.js:1226
[12514503ms] [ERROR] ./packages/compiler/src/publisher/index.ts:1:1
Module not found: Can't resolve 'fs'
> 1 | import { writeFileSync, mkdirSync, existsSync, readFileSync } from 'fs'
    | ^^^^^^^^^^^^^^^^^^^^^^^^^^^^^^^^^^^^^^^^^^^^^^^^^^^^^^^^^^^^^^^^^^^^^^^
  2 | import { join } from 'path'
  3 | import { createHash } from 'crypto'
  4 | import type { CampusDocument } from '@navi/core'

Import traces:
  Client Component Browser:
    ./packages/compiler/src/publisher/index.ts [Client Component Browser]
    ./packages/compiler/src/index.ts [Client Component Browser]
    ./src/services/compiler-adapter.ts [Client Component Browser]
    ./src/components/studio/EditorBridge.tsx [Client Component Browser]
    ./src/components/studio/StudioWorkspace.tsx [Client Component Browser]
    ./src/app/(admin)/studio/[id]/edit/page.tsx [Client Component Browser]
    ./src/app/(admin)/studio/[id]/edit/page.tsx [Server Component]

  Client Component SSR:
    ./packages/compiler/src/publisher/index.ts [Client Component SSR]
    ./packages/compiler/src/index.ts [Client Component SSR]
    ./src/services/compiler-adapter.ts [Client Component SSR]
    ./src/components/studio/EditorBridge.tsx [Client Component SSR]
    ./src/components/studio/StudioWorkspace.tsx [Client Component SSR]
    ./src/app/(admin)/studio/[id]/edit/page.tsx [Client Component SSR]
    ./src/app/(admin)/studio/[id]/edit/page.tsx [Server Component]

https://nextjs.org/docs/messages/module-not-found @ http://localhost:3000/_next/static/chunks/node_modules_next_dist_1gdrd03._.js:1945
[12514555ms] [LOG] [Fast Refresh] rebuilding @ http://localhost:3000/_next/static/chunks/node_modules_next_dist_1gdrd03._.js:1226
[12514625ms] [ERROR] ./packages/compiler/src/publisher/index.ts:1:1
Module not found: Can't resolve 'fs'
> 1 | import { writeFileSync, mkdirSync, existsSync, readFileSync } from 'fs'
    | ^^^^^^^^^^^^^^^^^^^^^^^^^^^^^^^^^^^^^^^^^^^^^^^^^^^^^^^^^^^^^^^^^^^^^^^
  2 | import { join } from 'path'
  3 | import { createHash } from 'crypto'
  4 | import type { CampusDocument } from '@navi/core'

Import traces:
  Client Component Browser:
    ./packages/compiler/src/publisher/index.ts [Client Component Browser]
    ./packages/compiler/src/index.ts [Client Component Browser]
    ./src/services/compiler-adapter.ts [Client Component Browser]
    ./src/components/studio/EditorBridge.tsx [Client Component Browser]
    ./src/components/studio/StudioWorkspace.tsx [Client Component Browser]
    ./src/app/(admin)/studio/[id]/edit/page.tsx [Client Component Browser]
    ./src/app/(admin)/studio/[id]/edit/page.tsx [Server Component]

  Client Component SSR:
    ./packages/compiler/src/publisher/index.ts [Client Component SSR]
    ./packages/compiler/src/index.ts [Client Component SSR]
    ./src/services/compiler-adapter.ts [Client Component SSR]
    ./src/components/studio/EditorBridge.tsx [Client Component SSR]
    ./src/components/studio/StudioWorkspace.tsx [Client Component SSR]
    ./src/app/(admin)/studio/[id]/edit/page.tsx [Client Component SSR]
    ./src/app/(admin)/studio/[id]/edit/page.tsx [Server Component]

https://nextjs.org/docs/messages/module-not-found @ http://localhost:3000/_next/static/chunks/node_modules_next_dist_1gdrd03._.js:1945
[12514690ms] [LOG] [Fast Refresh] rebuilding @ http://localhost:3000/_next/static/chunks/node_modules_next_dist_1gdrd03._.js:1226
[12515749ms] [ERROR] ./packages/compiler/src/publisher/index.ts:1:1
Module not found: Can't resolve 'fs'
> 1 | import { writeFileSync, mkdirSync, existsSync, readFileSync } from 'fs'
    | ^^^^^^^^^^^^^^^^^^^^^^^^^^^^^^^^^^^^^^^^^^^^^^^^^^^^^^^^^^^^^^^^^^^^^^^
  2 | import { join } from 'path'
  3 | import { createHash } from 'crypto'
  4 | import type { CampusDocument } from '@navi/core'

Import traces:
  Client Component Browser:
    ./packages/compiler/src/publisher/index.ts [Client Component Browser]
    ./packages/compiler/src/index.ts [Client Component Browser]
    ./src/services/compiler-adapter.ts [Client Component Browser]
    ./src/components/studio/EditorBridge.tsx [Client Component Browser]
    ./src/components/studio/StudioWorkspace.tsx [Client Component Browser]
    ./src/app/(admin)/studio/[id]/edit/page.tsx [Client Component Browser]
    ./src/app/(admin)/studio/[id]/edit/page.tsx [Server Component]

  Client Component SSR:
    ./packages/compiler/src/publisher/index.ts [Client Component SSR]
    ./packages/compiler/src/index.ts [Client Component SSR]
    ./src/services/compiler-adapter.ts [Client Component SSR]
    ./src/components/studio/EditorBridge.tsx [Client Component SSR]
    ./src/components/studio/StudioWorkspace.tsx [Client Component SSR]
    ./src/app/(admin)/studio/[id]/edit/page.tsx [Client Component SSR]
    ./src/app/(admin)/studio/[id]/edit/page.tsx [Server Component]

https://nextjs.org/docs/messages/module-not-found @ http://localhost:3000/_next/static/chunks/node_modules_next_dist_1gdrd03._.js:1945
[12515916ms] [ERROR] ./packages/compiler/src/publisher/index.ts:1:1
Module not found: Can't resolve 'fs'
> 1 | import { writeFileSync, mkdirSync, existsSync, readFileSync } from 'fs'
    | ^^^^^^^^^^^^^^^^^^^^^^^^^^^^^^^^^^^^^^^^^^^^^^^^^^^^^^^^^^^^^^^^^^^^^^^
  2 | import { join } from 'path'
  3 | import { createHash } from 'crypto'
  4 | import type { CampusDocument } from '@navi/core'

Import traces:
  Client Component Browser:
    ./packages/compiler/src/publisher/index.ts [Client Component Browser]
    ./packages/compiler/src/index.ts [Client Component Browser]
    ./src/services/compiler-adapter.ts [Client Component Browser]
    ./src/components/studio/EditorBridge.tsx [Client Component Browser]
    ./src/components/studio/StudioWorkspace.tsx [Client Component Browser]
    ./src/app/(admin)/studio/[id]/edit/page.tsx [Client Component Browser]
    ./src/app/(admin)/studio/[id]/edit/page.tsx [Server Component]

  Client Component SSR:
    ./packages/compiler/src/publisher/index.ts [Client Component SSR]
    ./packages/compiler/src/index.ts [Client Component SSR]
    ./src/services/compiler-adapter.ts [Client Component SSR]
    ./src/components/studio/EditorBridge.tsx [Client Component SSR]
    ./src/components/studio/StudioWorkspace.tsx [Client Component SSR]
    ./src/app/(admin)/studio/[id]/edit/page.tsx [Client Component SSR]
    ./src/app/(admin)/studio/[id]/edit/page.tsx [Server Component]

https://nextjs.org/docs/messages/module-not-found @ http://localhost:3000/_next/static/chunks/node_modules_next_dist_1gdrd03._.js:1945
[12515923ms] [LOG] [Fast Refresh] rebuilding @ http://localhost:3000/_next/static/chunks/node_modules_next_dist_1gdrd03._.js:1226
[12516083ms] [ERROR] ./packages/compiler/src/publisher/index.ts:1:1
Module not found: Can't resolve 'fs'
> 1 | import { writeFileSync, mkdirSync, existsSync, readFileSync } from 'fs'
    | ^^^^^^^^^^^^^^^^^^^^^^^^^^^^^^^^^^^^^^^^^^^^^^^^^^^^^^^^^^^^^^^^^^^^^^^
  2 | import { join } from 'path'
  3 | import { createHash } from 'crypto'
  4 | import type { CampusDocument } from '@navi/core'

Import traces:
  Client Component Browser:
    ./packages/compiler/src/publisher/index.ts [Client Component Browser]
    ./packages/compiler/src/index.ts [Client Component Browser]
    ./src/services/compiler-adapter.ts [Client Component Browser]
    ./src/components/studio/EditorBridge.tsx [Client Component Browser]
    ./src/components/studio/StudioWorkspace.tsx [Client Component Browser]
    ./src/app/(admin)/studio/[id]/edit/page.tsx [Client Component Browser]
    ./src/app/(admin)/studio/[id]/edit/page.tsx [Server Component]

  Client Component SSR:
    ./packages/compiler/src/publisher/index.ts [Client Component SSR]
    ./packages/compiler/src/index.ts [Client Component SSR]
    ./src/services/compiler-adapter.ts [Client Component SSR]
    ./src/components/studio/EditorBridge.tsx [Client Component SSR]
    ./src/components/studio/StudioWorkspace.tsx [Client Component SSR]
    ./src/app/(admin)/studio/[id]/edit/page.tsx [Client Component SSR]
    ./src/app/(admin)/studio/[id]/edit/page.tsx [Server Component]

https://nextjs.org/docs/messages/module-not-found @ http://localhost:3000/_next/static/chunks/node_modules_next_dist_1gdrd03._.js:1945
[12516106ms] [LOG] [Fast Refresh] rebuilding @ http://localhost:3000/_next/static/chunks/node_modules_next_dist_1gdrd03._.js:1226
[12516241ms] [ERROR] ./packages/compiler/src/publisher/index.ts:1:1
Module not found: Can't resolve 'fs'
> 1 | import { writeFileSync, mkdirSync, existsSync, readFileSync } from 'fs'
    | ^^^^^^^^^^^^^^^^^^^^^^^^^^^^^^^^^^^^^^^^^^^^^^^^^^^^^^^^^^^^^^^^^^^^^^^
  2 | import { join } from 'path'
  3 | import { createHash } from 'crypto'
  4 | import type { CampusDocument } from '@navi/core'

Import traces:
  Client Component Browser:
    ./packages/compiler/src/publisher/index.ts [Client Component Browser]
    ./packages/compiler/src/index.ts [Client Component Browser]
    ./src/services/compiler-adapter.ts [Client Component Browser]
    ./src/components/studio/EditorBridge.tsx [Client Component Browser]
    ./src/components/studio/StudioWorkspace.tsx [Client Component Browser]
    ./src/app/(admin)/studio/[id]/edit/page.tsx [Client Component Browser]
    ./src/app/(admin)/studio/[id]/edit/page.tsx [Server Component]

  Client Component SSR:
    ./packages/compiler/src/publisher/index.ts [Client Component SSR]
    ./packages/compiler/src/index.ts [Client Component SSR]
    ./src/services/compiler-adapter.ts [Client Component SSR]
    ./src/components/studio/EditorBridge.tsx [Client Component SSR]
    ./src/components/studio/StudioWorkspace.tsx [Client Component SSR]
    ./src/app/(admin)/studio/[id]/edit/page.tsx [Client Component SSR]
    ./src/app/(admin)/studio/[id]/edit/page.tsx [Server Component]

https://nextjs.org/docs/messages/module-not-found @ http://localhost:3000/_next/static/chunks/node_modules_next_dist_1gdrd03._.js:1945
[12516282ms] [LOG] [Fast Refresh] rebuilding @ http://localhost:3000/_next/static/chunks/node_modules_next_dist_1gdrd03._.js:1226
[12516457ms] [ERROR] ./packages/compiler/src/publisher/index.ts:1:1
Module not found: Can't resolve 'fs'
> 1 | import { writeFileSync, mkdirSync, existsSync, readFileSync } from 'fs'
    | ^^^^^^^^^^^^^^^^^^^^^^^^^^^^^^^^^^^^^^^^^^^^^^^^^^^^^^^^^^^^^^^^^^^^^^^
  2 | import { join } from 'path'
  3 | import { createHash } from 'crypto'
  4 | import type { CampusDocument } from '@navi/core'

Import traces:
  Client Component Browser:
    ./packages/compiler/src/publisher/index.ts [Client Component Browser]
    ./packages/compiler/src/index.ts [Client Component Browser]
    ./src/services/compiler-adapter.ts [Client Component Browser]
    ./src/components/studio/EditorBridge.tsx [Client Component Browser]
    ./src/components/studio/StudioWorkspace.tsx [Client Component Browser]
    ./src/app/(admin)/studio/[id]/edit/page.tsx [Client Component Browser]
    ./src/app/(admin)/studio/[id]/edit/page.tsx [Server Component]

  Client Component SSR:
    ./packages/compiler/src/publisher/index.ts [Client Component SSR]
    ./packages/compiler/src/index.ts [Client Component SSR]
    ./src/services/compiler-adapter.ts [Client Component SSR]
    ./src/components/studio/EditorBridge.tsx [Client Component SSR]
    ./src/components/studio/StudioWorkspace.tsx [Client Component SSR]
    ./src/app/(admin)/studio/[id]/edit/page.tsx [Client Component SSR]
    ./src/app/(admin)/studio/[id]/edit/page.tsx [Server Component]

https://nextjs.org/docs/messages/module-not-found @ http://localhost:3000/_next/static/chunks/node_modules_next_dist_1gdrd03._.js:1945
[12516489ms] [LOG] [Fast Refresh] rebuilding @ http://localhost:3000/_next/static/chunks/node_modules_next_dist_1gdrd03._.js:1226
[12516624ms] [ERROR] ./packages/compiler/src/publisher/index.ts:1:1
Module not found: Can't resolve 'fs'
> 1 | import { writeFileSync, mkdirSync, existsSync, readFileSync } from 'fs'
    | ^^^^^^^^^^^^^^^^^^^^^^^^^^^^^^^^^^^^^^^^^^^^^^^^^^^^^^^^^^^^^^^^^^^^^^^
  2 | import { join } from 'path'
  3 | import { createHash } from 'crypto'
  4 | import type { CampusDocument } from '@navi/core'

Import traces:
  Client Component Browser:
    ./packages/compiler/src/publisher/index.ts [Client Component Browser]
    ./packages/compiler/src/index.ts [Client Component Browser]
    ./src/services/compiler-adapter.ts [Client Component Browser]
    ./src/components/studio/EditorBridge.tsx [Client Component Browser]
    ./src/components/studio/StudioWorkspace.tsx [Client Component Browser]
    ./src/app/(admin)/studio/[id]/edit/page.tsx [Client Component Browser]
    ./src/app/(admin)/studio/[id]/edit/page.tsx [Server Component]

  Client Component SSR:
    ./packages/compiler/src/publisher/index.ts [Client Component SSR]
    ./packages/compiler/src/index.ts [Client Component SSR]
    ./src/services/compiler-adapter.ts [Client Component SSR]
    ./src/components/studio/EditorBridge.tsx [Client Component SSR]
    ./src/components/studio/StudioWorkspace.tsx [Client Component SSR]
    ./src/app/(admin)/studio/[id]/edit/page.tsx [Client Component SSR]
    ./src/app/(admin)/studio/[id]/edit/page.tsx [Server Component]

https://nextjs.org/docs/messages/module-not-found @ http://localhost:3000/_next/static/chunks/node_modules_next_dist_1gdrd03._.js:1945
[12516663ms] [LOG] [Fast Refresh] rebuilding @ http://localhost:3000/_next/static/chunks/node_modules_next_dist_1gdrd03._.js:1226
[12517080ms] [ERROR] ./packages/compiler/src/publisher/index.ts:1:1
Module not found: Can't resolve 'fs'
> 1 | import { writeFileSync, mkdirSync, existsSync, readFileSync } from 'fs'
    | ^^^^^^^^^^^^^^^^^^^^^^^^^^^^^^^^^^^^^^^^^^^^^^^^^^^^^^^^^^^^^^^^^^^^^^^
  2 | import { join } from 'path'
  3 | import { createHash } from 'crypto'
  4 | import type { CampusDocument } from '@navi/core'

Import traces:
  Client Component Browser:
    ./packages/compiler/src/publisher/index.ts [Client Component Browser]
    ./packages/compiler/src/index.ts [Client Component Browser]
    ./src/services/compiler-adapter.ts [Client Component Browser]
    ./src/components/studio/EditorBridge.tsx [Client Component Browser]
    ./src/components/studio/StudioWorkspace.tsx [Client Component Browser]
    ./src/app/(admin)/studio/[id]/edit/page.tsx [Client Component Browser]
    ./src/app/(admin)/studio/[id]/edit/page.tsx [Server Component]

  Client Component SSR:
    ./packages/compiler/src/publisher/index.ts [Client Component SSR]
    ./packages/compiler/src/index.ts [Client Component SSR]
    ./src/services/compiler-adapter.ts [Client Component SSR]
    ./src/components/studio/EditorBridge.tsx [Client Component SSR]
    ./src/components/studio/StudioWorkspace.tsx [Client Component SSR]
    ./src/app/(admin)/studio/[id]/edit/page.tsx [Client Component SSR]
    ./src/app/(admin)/studio/[id]/edit/page.tsx [Server Component]

https://nextjs.org/docs/messages/module-not-found @ http://localhost:3000/_next/static/chunks/node_modules_next_dist_1gdrd03._.js:1945
[12517107ms] [LOG] [Fast Refresh] rebuilding @ http://localhost:3000/_next/static/chunks/node_modules_next_dist_1gdrd03._.js:1226
[12517237ms] [ERROR] ./packages/compiler/src/publisher/index.ts:1:1
Module not found: Can't resolve 'fs'
> 1 | import { writeFileSync, mkdirSync, existsSync, readFileSync } from 'fs'
    | ^^^^^^^^^^^^^^^^^^^^^^^^^^^^^^^^^^^^^^^^^^^^^^^^^^^^^^^^^^^^^^^^^^^^^^^
  2 | import { join } from 'path'
  3 | import { createHash } from 'crypto'
  4 | import type { CampusDocument } from '@navi/core'

Import traces:
  Client Component Browser:
    ./packages/compiler/src/publisher/index.ts [Client Component Browser]
    ./packages/compiler/src/index.ts [Client Component Browser]
    ./src/services/compiler-adapter.ts [Client Component Browser]
    ./src/components/studio/EditorBridge.tsx [Client Component Browser]
    ./src/components/studio/StudioWorkspace.tsx [Client Component Browser]
    ./src/app/(admin)/studio/[id]/edit/page.tsx [Client Component Browser]
    ./src/app/(admin)/studio/[id]/edit/page.tsx [Server Component]

  Client Component SSR:
    ./packages/compiler/src/publisher/index.ts [Client Component SSR]
    ./packages/compiler/src/index.ts [Client Component SSR]
    ./src/services/compiler-adapter.ts [Client Component SSR]
    ./src/components/studio/EditorBridge.tsx [Client Component SSR]
    ./src/components/studio/StudioWorkspace.tsx [Client Component SSR]
    ./src/app/(admin)/studio/[id]/edit/page.tsx [Client Component SSR]
    ./src/app/(admin)/studio/[id]/edit/page.tsx [Server Component]

https://nextjs.org/docs/messages/module-not-found @ http://localhost:3000/_next/static/chunks/node_modules_next_dist_1gdrd03._.js:1945
[12517265ms] [LOG] [Fast Refresh] rebuilding @ http://localhost:3000/_next/static/chunks/node_modules_next_dist_1gdrd03._.js:1226
[12526708ms] [ERROR] ./packages/compiler/src/publisher/index.ts:1:1
Module not found: Can't resolve 'fs'
> 1 | import { writeFileSync, mkdirSync, existsSync, readFileSync } from 'fs'
    | ^^^^^^^^^^^^^^^^^^^^^^^^^^^^^^^^^^^^^^^^^^^^^^^^^^^^^^^^^^^^^^^^^^^^^^^
  2 | import { join } from 'path'
  3 | import { createHash } from 'crypto'
  4 | import type { CampusDocument } from '@navi/core'

Import traces:
  Client Component Browser:
    ./packages/compiler/src/publisher/index.ts [Client Component Browser]
    ./packages/compiler/src/index.ts [Client Component Browser]
    ./src/services/compiler-adapter.ts [Client Component Browser]
    ./src/components/studio/EditorBridge.tsx [Client Component Browser]
    ./src/components/studio/StudioWorkspace.tsx [Client Component Browser]
    ./src/app/(admin)/studio/[id]/edit/page.tsx [Client Component Browser]
    ./src/app/(admin)/studio/[id]/edit/page.tsx [Server Component]

  Client Component SSR:
    ./packages/compiler/src/publisher/index.ts [Client Component SSR]
    ./packages/compiler/src/index.ts [Client Component SSR]
    ./src/services/compiler-adapter.ts [Client Component SSR]
    ./src/components/studio/EditorBridge.tsx [Client Component SSR]
    ./src/components/studio/StudioWorkspace.tsx [Client Component SSR]
    ./src/app/(admin)/studio/[id]/edit/page.tsx [Client Component SSR]
    ./src/app/(admin)/studio/[id]/edit/page.tsx [Server Component]

https://nextjs.org/docs/messages/module-not-found @ http://localhost:3000/_next/static/chunks/node_modules_next_dist_1gdrd03._.js:1945
[12526775ms] [ERROR] ./packages/compiler/src/publisher/index.ts:1:1
Module not found: Can't resolve 'fs'
> 1 | import { writeFileSync, mkdirSync, existsSync, readFileSync } from 'fs'
    | ^^^^^^^^^^^^^^^^^^^^^^^^^^^^^^^^^^^^^^^^^^^^^^^^^^^^^^^^^^^^^^^^^^^^^^^
  2 | import { join } from 'path'
  3 | import { createHash } from 'crypto'
  4 | import type { CampusDocument } from '@navi/core'

Import traces:
  Client Component Browser:
    ./packages/compiler/src/publisher/index.ts [Client Component Browser]
    ./packages/compiler/src/index.ts [Client Component Browser]
    ./src/services/compiler-adapter.ts [Client Component Browser]
    ./src/components/studio/EditorBridge.tsx [Client Component Browser]
    ./src/components/studio/StudioWorkspace.tsx [Client Component Browser]
    ./src/app/(admin)/studio/[id]/edit/page.tsx [Client Component Browser]
    ./src/app/(admin)/studio/[id]/edit/page.tsx [Server Component]

  Client Component SSR:
    ./packages/compiler/src/publisher/index.ts [Client Component SSR]
    ./packages/compiler/src/index.ts [Client Component SSR]
    ./src/services/compiler-adapter.ts [Client Component SSR]
    ./src/components/studio/EditorBridge.tsx [Client Component SSR]
    ./src/components/studio/StudioWorkspace.tsx [Client Component SSR]
    ./src/app/(admin)/studio/[id]/edit/page.tsx [Client Component SSR]
    ./src/app/(admin)/studio/[id]/edit/page.tsx [Server Component]

https://nextjs.org/docs/messages/module-not-found @ http://localhost:3000/_next/static/chunks/node_modules_next_dist_1gdrd03._.js:1945
[12526828ms] [ERROR] ./packages/compiler/src/publisher/index.ts:1:1
Module not found: Can't resolve 'fs'
> 1 | import { writeFileSync, mkdirSync, existsSync, readFileSync } from 'fs'
    | ^^^^^^^^^^^^^^^^^^^^^^^^^^^^^^^^^^^^^^^^^^^^^^^^^^^^^^^^^^^^^^^^^^^^^^^
  2 | import { join } from 'path'
  3 | import { createHash } from 'crypto'
  4 | import type { CampusDocument } from '@navi/core'

Import traces:
  Client Component Browser:
    ./packages/compiler/src/publisher/index.ts [Client Component Browser]
    ./packages/compiler/src/index.ts [Client Component Browser]
    ./src/services/compiler-adapter.ts [Client Component Browser]
    ./src/components/studio/EditorBridge.tsx [Client Component Browser]
    ./src/components/studio/StudioWorkspace.tsx [Client Component Browser]
    ./src/app/(admin)/studio/[id]/edit/page.tsx [Client Component Browser]
    ./src/app/(admin)/studio/[id]/edit/page.tsx [Server Component]

  Client Component SSR:
    ./packages/compiler/src/publisher/index.ts [Client Component SSR]
    ./packages/compiler/src/index.ts [Client Component SSR]
    ./src/services/compiler-adapter.ts [Client Component SSR]
    ./src/components/studio/EditorBridge.tsx [Client Component SSR]
    ./src/components/studio/StudioWorkspace.tsx [Client Component SSR]
    ./src/app/(admin)/studio/[id]/edit/page.tsx [Client Component SSR]
    ./src/app/(admin)/studio/[id]/edit/page.tsx [Server Component]

https://nextjs.org/docs/messages/module-not-found @ http://localhost:3000/_next/static/chunks/node_modules_next_dist_1gdrd03._.js:1945
[12526897ms] [LOG] [Fast Refresh] rebuilding @ http://localhost:3000/_next/static/chunks/node_modules_next_dist_1gdrd03._.js:1226
[12526974ms] [ERROR] ./packages/compiler/src/publisher/index.ts:1:1
Module not found: Can't resolve 'fs'
> 1 | import { writeFileSync, mkdirSync, existsSync, readFileSync } from 'fs'
    | ^^^^^^^^^^^^^^^^^^^^^^^^^^^^^^^^^^^^^^^^^^^^^^^^^^^^^^^^^^^^^^^^^^^^^^^
  2 | import { join } from 'path'
  3 | import { createHash } from 'crypto'
  4 | import type { CampusDocument } from '@navi/core'

Import traces:
  Client Component Browser:
    ./packages/compiler/src/publisher/index.ts [Client Component Browser]
    ./packages/compiler/src/index.ts [Client Component Browser]
    ./src/services/compiler-adapter.ts [Client Component Browser]
    ./src/components/studio/EditorBridge.tsx [Client Component Browser]
    ./src/components/studio/StudioWorkspace.tsx [Client Component Browser]
    ./src/app/(admin)/studio/[id]/edit/page.tsx [Client Component Browser]
    ./src/app/(admin)/studio/[id]/edit/page.tsx [Server Component]

  Client Component SSR:
    ./packages/compiler/src/publisher/index.ts [Client Component SSR]
    ./packages/compiler/src/index.ts [Client Component SSR]
    ./src/services/compiler-adapter.ts [Client Component SSR]
    ./src/components/studio/EditorBridge.tsx [Client Component SSR]
    ./src/components/studio/StudioWorkspace.tsx [Client Component SSR]
    ./src/app/(admin)/studio/[id]/edit/page.tsx [Client Component SSR]
    ./src/app/(admin)/studio/[id]/edit/page.tsx [Server Component]

https://nextjs.org/docs/messages/module-not-found @ http://localhost:3000/_next/static/chunks/node_modules_next_dist_1gdrd03._.js:1945
[12527032ms] [LOG] [Fast Refresh] rebuilding @ http://localhost:3000/_next/static/chunks/node_modules_next_dist_1gdrd03._.js:1226
[12527141ms] [ERROR] ./packages/compiler/src/publisher/index.ts:1:1
Module not found: Can't resolve 'fs'
> 1 | import { writeFileSync, mkdirSync, existsSync, readFileSync } from 'fs'
    | ^^^^^^^^^^^^^^^^^^^^^^^^^^^^^^^^^^^^^^^^^^^^^^^^^^^^^^^^^^^^^^^^^^^^^^^
  2 | import { join } from 'path'
  3 | import { createHash } from 'crypto'
  4 | import type { CampusDocument } from '@navi/core'

Import traces:
  Client Component Browser:
    ./packages/compiler/src/publisher/index.ts [Client Component Browser]
    ./packages/compiler/src/index.ts [Client Component Browser]
    ./src/services/compiler-adapter.ts [Client Component Browser]
    ./src/components/studio/EditorBridge.tsx [Client Component Browser]
    ./src/components/studio/StudioWorkspace.tsx [Client Component Browser]
    ./src/app/(admin)/studio/[id]/edit/page.tsx [Client Component Browser]
    ./src/app/(admin)/studio/[id]/edit/page.tsx [Server Component]

  Client Component SSR:
    ./packages/compiler/src/publisher/index.ts [Client Component SSR]
    ./packages/compiler/src/index.ts [Client Component SSR]
    ./src/services/compiler-adapter.ts [Client Component SSR]
    ./src/components/studio/EditorBridge.tsx [Client Component SSR]
    ./src/components/studio/StudioWorkspace.tsx [Client Component SSR]
    ./src/app/(admin)/studio/[id]/edit/page.tsx [Client Component SSR]
    ./src/app/(admin)/studio/[id]/edit/page.tsx [Server Component]

https://nextjs.org/docs/messages/module-not-found @ http://localhost:3000/_next/static/chunks/node_modules_next_dist_1gdrd03._.js:1945
[12527201ms] [LOG] [Fast Refresh] rebuilding @ http://localhost:3000/_next/static/chunks/node_modules_next_dist_1gdrd03._.js:1226
[12527351ms] [ERROR] ./packages/compiler/src/publisher/index.ts:1:1
Module not found: Can't resolve 'fs'
> 1 | import { writeFileSync, mkdirSync, existsSync, readFileSync } from 'fs'
    | ^^^^^^^^^^^^^^^^^^^^^^^^^^^^^^^^^^^^^^^^^^^^^^^^^^^^^^^^^^^^^^^^^^^^^^^
  2 | import { join } from 'path'
  3 | import { createHash } from 'crypto'
  4 | import type { CampusDocument } from '@navi/core'

Import traces:
  Client Component Browser:
    ./packages/compiler/src/publisher/index.ts [Client Component Browser]
    ./packages/compiler/src/index.ts [Client Component Browser]
    ./src/services/compiler-adapter.ts [Client Component Browser]
    ./src/components/studio/EditorBridge.tsx [Client Component Browser]
    ./src/components/studio/StudioWorkspace.tsx [Client Component Browser]
    ./src/app/(admin)/studio/[id]/edit/page.tsx [Client Component Browser]
    ./src/app/(admin)/studio/[id]/edit/page.tsx [Server Component]

  Client Component SSR:
    ./packages/compiler/src/publisher/index.ts [Client Component SSR]
    ./packages/compiler/src/index.ts [Client Component SSR]
    ./src/services/compiler-adapter.ts [Client Component SSR]
    ./src/components/studio/EditorBridge.tsx [Client Component SSR]
    ./src/components/studio/StudioWorkspace.tsx [Client Component SSR]
    ./src/app/(admin)/studio/[id]/edit/page.tsx [Client Component SSR]
    ./src/app/(admin)/studio/[id]/edit/page.tsx [Server Component]

https://nextjs.org/docs/messages/module-not-found @ http://localhost:3000/_next/static/chunks/node_modules_next_dist_1gdrd03._.js:1945
[12527398ms] [LOG] [Fast Refresh] rebuilding @ http://localhost:3000/_next/static/chunks/node_modules_next_dist_1gdrd03._.js:1226
[12527516ms] [ERROR] ./packages/compiler/src/publisher/index.ts:1:1
Module not found: Can't resolve 'fs'
> 1 | import { writeFileSync, mkdirSync, existsSync, readFileSync } from 'fs'
    | ^^^^^^^^^^^^^^^^^^^^^^^^^^^^^^^^^^^^^^^^^^^^^^^^^^^^^^^^^^^^^^^^^^^^^^^
  2 | import { join } from 'path'
  3 | import { createHash } from 'crypto'
  4 | import type { CampusDocument } from '@navi/core'

Import traces:
  Client Component Browser:
    ./packages/compiler/src/publisher/index.ts [Client Component Browser]
    ./packages/compiler/src/index.ts [Client Component Browser]
    ./src/services/compiler-adapter.ts [Client Component Browser]
    ./src/components/studio/EditorBridge.tsx [Client Component Browser]
    ./src/components/studio/StudioWorkspace.tsx [Client Component Browser]
    ./src/app/(admin)/studio/[id]/edit/page.tsx [Client Component Browser]
    ./src/app/(admin)/studio/[id]/edit/page.tsx [Server Component]

  Client Component SSR:
    ./packages/compiler/src/publisher/index.ts [Client Component SSR]
    ./packages/compiler/src/index.ts [Client Component SSR]
    ./src/services/compiler-adapter.ts [Client Component SSR]
    ./src/components/studio/EditorBridge.tsx [Client Component SSR]
    ./src/components/studio/StudioWorkspace.tsx [Client Component SSR]
    ./src/app/(admin)/studio/[id]/edit/page.tsx [Client Component SSR]
    ./src/app/(admin)/studio/[id]/edit/page.tsx [Server Component]

https://nextjs.org/docs/messages/module-not-found @ http://localhost:3000/_next/static/chunks/node_modules_next_dist_1gdrd03._.js:1945
[12527581ms] [LOG] [Fast Refresh] rebuilding @ http://localhost:3000/_next/static/chunks/node_modules_next_dist_1gdrd03._.js:1226
[12527915ms] [ERROR] ./packages/compiler/src/publisher/index.ts:1:1
Module not found: Can't resolve 'fs'
> 1 | import { writeFileSync, mkdirSync, existsSync, readFileSync } from 'fs'
    | ^^^^^^^^^^^^^^^^^^^^^^^^^^^^^^^^^^^^^^^^^^^^^^^^^^^^^^^^^^^^^^^^^^^^^^^
  2 | import { join } from 'path'
  3 | import { createHash } from 'crypto'
  4 | import type { CampusDocument } from '@navi/core'

Import traces:
  Client Component Browser:
    ./packages/compiler/src/publisher/index.ts [Client Component Browser]
    ./packages/compiler/src/index.ts [Client Component Browser]
    ./src/services/compiler-adapter.ts [Client Component Browser]
    ./src/components/studio/EditorBridge.tsx [Client Component Browser]
    ./src/components/studio/StudioWorkspace.tsx [Client Component Browser]
    ./src/app/(admin)/studio/[id]/edit/page.tsx [Client Component Browser]
    ./src/app/(admin)/studio/[id]/edit/page.tsx [Server Component]

  Client Component SSR:
    ./packages/compiler/src/publisher/index.ts [Client Component SSR]
    ./packages/compiler/src/index.ts [Client Component SSR]
    ./src/services/compiler-adapter.ts [Client Component SSR]
    ./src/components/studio/EditorBridge.tsx [Client Component SSR]
    ./src/components/studio/StudioWorkspace.tsx [Client Component SSR]
    ./src/app/(admin)/studio/[id]/edit/page.tsx [Client Component SSR]
    ./src/app/(admin)/studio/[id]/edit/page.tsx [Server Component]

https://nextjs.org/docs/messages/module-not-found @ http://localhost:3000/_next/static/chunks/node_modules_next_dist_1gdrd03._.js:1945
[12527989ms] [LOG] [Fast Refresh] rebuilding @ http://localhost:3000/_next/static/chunks/node_modules_next_dist_1gdrd03._.js:1226
[12528098ms] [ERROR] ./packages/compiler/src/publisher/index.ts:1:1
Module not found: Can't resolve 'fs'
> 1 | import { writeFileSync, mkdirSync, existsSync, readFileSync } from 'fs'
    | ^^^^^^^^^^^^^^^^^^^^^^^^^^^^^^^^^^^^^^^^^^^^^^^^^^^^^^^^^^^^^^^^^^^^^^^
  2 | import { join } from 'path'
  3 | import { createHash } from 'crypto'
  4 | import type { CampusDocument } from '@navi/core'

Import traces:
  Client Component Browser:
    ./packages/compiler/src/publisher/index.ts [Client Component Browser]
    ./packages/compiler/src/index.ts [Client Component Browser]
    ./src/services/compiler-adapter.ts [Client Component Browser]
    ./src/components/studio/EditorBridge.tsx [Client Component Browser]
    ./src/components/studio/StudioWorkspace.tsx [Client Component Browser]
    ./src/app/(admin)/studio/[id]/edit/page.tsx [Client Component Browser]
    ./src/app/(admin)/studio/[id]/edit/page.tsx [Server Component]

  Client Component SSR:
    ./packages/compiler/src/publisher/index.ts [Client Component SSR]
    ./packages/compiler/src/index.ts [Client Component SSR]
    ./src/services/compiler-adapter.ts [Client Component SSR]
    ./src/components/studio/EditorBridge.tsx [Client Component SSR]
    ./src/components/studio/StudioWorkspace.tsx [Client Component SSR]
    ./src/app/(admin)/studio/[id]/edit/page.tsx [Client Component SSR]
    ./src/app/(admin)/studio/[id]/edit/page.tsx [Server Component]

https://nextjs.org/docs/messages/module-not-found @ http://localhost:3000/_next/static/chunks/node_modules_next_dist_1gdrd03._.js:1945
[12528149ms] [LOG] [Fast Refresh] rebuilding @ http://localhost:3000/_next/static/chunks/node_modules_next_dist_1gdrd03._.js:1226
[12535364ms] [ERROR] ./packages/compiler/src/publisher/index.ts:1:1
Module not found: Can't resolve 'fs'
> 1 | import { writeFileSync, mkdirSync, existsSync, readFileSync } from 'fs'
    | ^^^^^^^^^^^^^^^^^^^^^^^^^^^^^^^^^^^^^^^^^^^^^^^^^^^^^^^^^^^^^^^^^^^^^^^
  2 | import { join } from 'path'
  3 | import { createHash } from 'crypto'
  4 | import type { CampusDocument } from '@navi/core'

Import traces:
  Client Component Browser:
    ./packages/compiler/src/publisher/index.ts [Client Component Browser]
    ./packages/compiler/src/index.ts [Client Component Browser]
    ./src/services/compiler-adapter.ts [Client Component Browser]
    ./src/components/studio/EditorBridge.tsx [Client Component Browser]
    ./src/components/studio/StudioWorkspace.tsx [Client Component Browser]
    ./src/app/(admin)/studio/[id]/edit/page.tsx [Client Component Browser]
    ./src/app/(admin)/studio/[id]/edit/page.tsx [Server Component]

  Client Component SSR:
    ./packages/compiler/src/publisher/index.ts [Client Component SSR]
    ./packages/compiler/src/index.ts [Client Component SSR]
    ./src/services/compiler-adapter.ts [Client Component SSR]
    ./src/components/studio/EditorBridge.tsx [Client Component SSR]
    ./src/components/studio/StudioWorkspace.tsx [Client Component SSR]
    ./src/app/(admin)/studio/[id]/edit/page.tsx [Client Component SSR]
    ./src/app/(admin)/studio/[id]/edit/page.tsx [Server Component]

https://nextjs.org/docs/messages/module-not-found @ http://localhost:3000/_next/static/chunks/node_modules_next_dist_1gdrd03._.js:1945
[12535425ms] [LOG] [Fast Refresh] rebuilding @ http://localhost:3000/_next/static/chunks/node_modules_next_dist_1gdrd03._.js:1226
[12535508ms] [ERROR] ./packages/compiler/src/publisher/index.ts:1:1
Module not found: Can't resolve 'fs'
> 1 | import { writeFileSync, mkdirSync, existsSync, readFileSync } from 'fs'
    | ^^^^^^^^^^^^^^^^^^^^^^^^^^^^^^^^^^^^^^^^^^^^^^^^^^^^^^^^^^^^^^^^^^^^^^^
  2 | import { join } from 'path'
  3 | import { createHash } from 'crypto'
  4 | import type { CampusDocument } from '@navi/core'

Import traces:
  Client Component Browser:
    ./packages/compiler/src/publisher/index.ts [Client Component Browser]
    ./packages/compiler/src/index.ts [Client Component Browser]
    ./src/services/compiler-adapter.ts [Client Component Browser]
    ./src/components/studio/EditorBridge.tsx [Client Component Browser]
    ./src/components/studio/StudioWorkspace.tsx [Client Component Browser]
    ./src/app/(admin)/studio/[id]/edit/page.tsx [Client Component Browser]
    ./src/app/(admin)/studio/[id]/edit/page.tsx [Server Component]

  Client Component SSR:
    ./packages/compiler/src/publisher/index.ts [Client Component SSR]
    ./packages/compiler/src/index.ts [Client Component SSR]
    ./src/services/compiler-adapter.ts [Client Component SSR]
    ./src/components/studio/EditorBridge.tsx [Client Component SSR]
    ./src/components/studio/StudioWorkspace.tsx [Client Component SSR]
    ./src/app/(admin)/studio/[id]/edit/page.tsx [Client Component SSR]
    ./src/app/(admin)/studio/[id]/edit/page.tsx [Server Component]

https://nextjs.org/docs/messages/module-not-found @ http://localhost:3000/_next/static/chunks/node_modules_next_dist_1gdrd03._.js:1945
[12535573ms] [LOG] [Fast Refresh] rebuilding @ http://localhost:3000/_next/static/chunks/node_modules_next_dist_1gdrd03._.js:1226
[12535664ms] [ERROR] ./packages/compiler/src/publisher/index.ts:1:1
Module not found: Can't resolve 'fs'
> 1 | import { writeFileSync, mkdirSync, existsSync, readFileSync } from 'fs'
    | ^^^^^^^^^^^^^^^^^^^^^^^^^^^^^^^^^^^^^^^^^^^^^^^^^^^^^^^^^^^^^^^^^^^^^^^
  2 | import { join } from 'path'
  3 | import { createHash } from 'crypto'
  4 | import type { CampusDocument } from '@navi/core'

Import traces:
  Client Component Browser:
    ./packages/compiler/src/publisher/index.ts [Client Component Browser]
    ./packages/compiler/src/index.ts [Client Component Browser]
    ./src/services/compiler-adapter.ts [Client Component Browser]
    ./src/components/studio/EditorBridge.tsx [Client Component Browser]
    ./src/components/studio/StudioWorkspace.tsx [Client Component Browser]
    ./src/app/(admin)/studio/[id]/edit/page.tsx [Client Component Browser]
    ./src/app/(admin)/studio/[id]/edit/page.tsx [Server Component]

  Client Component SSR:
    ./packages/compiler/src/publisher/index.ts [Client Component SSR]
    ./packages/compiler/src/index.ts [Client Component SSR]
    ./src/services/compiler-adapter.ts [Client Component SSR]
    ./src/components/studio/EditorBridge.tsx [Client Component SSR]
    ./src/components/studio/StudioWorkspace.tsx [Client Component SSR]
    ./src/app/(admin)/studio/[id]/edit/page.tsx [Client Component SSR]
    ./src/app/(admin)/studio/[id]/edit/page.tsx [Server Component]

https://nextjs.org/docs/messages/module-not-found @ http://localhost:3000/_next/static/chunks/node_modules_next_dist_1gdrd03._.js:1945
[12535724ms] [LOG] [Fast Refresh] rebuilding @ http://localhost:3000/_next/static/chunks/node_modules_next_dist_1gdrd03._.js:1226
[12535861ms] [ERROR] ./packages/compiler/src/publisher/index.ts:1:1
Module not found: Can't resolve 'fs'
> 1 | import { writeFileSync, mkdirSync, existsSync, readFileSync } from 'fs'
    | ^^^^^^^^^^^^^^^^^^^^^^^^^^^^^^^^^^^^^^^^^^^^^^^^^^^^^^^^^^^^^^^^^^^^^^^
  2 | import { join } from 'path'
  3 | import { createHash } from 'crypto'
  4 | import type { CampusDocument } from '@navi/core'

Import traces:
  Client Component Browser:
    ./packages/compiler/src/publisher/index.ts [Client Component Browser]
    ./packages/compiler/src/index.ts [Client Component Browser]
    ./src/services/compiler-adapter.ts [Client Component Browser]
    ./src/components/studio/EditorBridge.tsx [Client Component Browser]
    ./src/components/studio/StudioWorkspace.tsx [Client Component Browser]
    ./src/app/(admin)/studio/[id]/edit/page.tsx [Client Component Browser]
    ./src/app/(admin)/studio/[id]/edit/page.tsx [Server Component]

  Client Component SSR:
    ./packages/compiler/src/publisher/index.ts [Client Component SSR]
    ./packages/compiler/src/index.ts [Client Component SSR]
    ./src/services/compiler-adapter.ts [Client Component SSR]
    ./src/components/studio/EditorBridge.tsx [Client Component SSR]
    ./src/components/studio/StudioWorkspace.tsx [Client Component SSR]
    ./src/app/(admin)/studio/[id]/edit/page.tsx [Client Component SSR]
    ./src/app/(admin)/studio/[id]/edit/page.tsx [Server Component]

https://nextjs.org/docs/messages/module-not-found @ http://localhost:3000/_next/static/chunks/node_modules_next_dist_1gdrd03._.js:1945
[12535907ms] [LOG] [Fast Refresh] rebuilding @ http://localhost:3000/_next/static/chunks/node_modules_next_dist_1gdrd03._.js:1226
[12536049ms] [ERROR] ./packages/compiler/src/publisher/index.ts:1:1
Module not found: Can't resolve 'fs'
> 1 | import { writeFileSync, mkdirSync, existsSync, readFileSync } from 'fs'
    | ^^^^^^^^^^^^^^^^^^^^^^^^^^^^^^^^^^^^^^^^^^^^^^^^^^^^^^^^^^^^^^^^^^^^^^^
  2 | import { join } from 'path'
  3 | import { createHash } from 'crypto'
  4 | import type { CampusDocument } from '@navi/core'

Import traces:
  Client Component Browser:
    ./packages/compiler/src/publisher/index.ts [Client Component Browser]
    ./packages/compiler/src/index.ts [Client Component Browser]
    ./src/services/compiler-adapter.ts [Client Component Browser]
    ./src/components/studio/EditorBridge.tsx [Client Component Browser]
    ./src/components/studio/StudioWorkspace.tsx [Client Component Browser]
    ./src/app/(admin)/studio/[id]/edit/page.tsx [Client Component Browser]
    ./src/app/(admin)/studio/[id]/edit/page.tsx [Server Component]

  Client Component SSR:
    ./packages/compiler/src/publisher/index.ts [Client Component SSR]
    ./packages/compiler/src/index.ts [Client Component SSR]
    ./src/services/compiler-adapter.ts [Client Component SSR]
    ./src/components/studio/EditorBridge.tsx [Client Component SSR]
    ./src/components/studio/StudioWorkspace.tsx [Client Component SSR]
    ./src/app/(admin)/studio/[id]/edit/page.tsx [Client Component SSR]
    ./src/app/(admin)/studio/[id]/edit/page.tsx [Server Component]

https://nextjs.org/docs/messages/module-not-found @ http://localhost:3000/_next/static/chunks/node_modules_next_dist_1gdrd03._.js:1945
[12536105ms] [LOG] [Fast Refresh] rebuilding @ http://localhost:3000/_next/static/chunks/node_modules_next_dist_1gdrd03._.js:1226
[12536177ms] [ERROR] ./packages/compiler/src/publisher/index.ts:1:1
Module not found: Can't resolve 'fs'
> 1 | import { writeFileSync, mkdirSync, existsSync, readFileSync } from 'fs'
    | ^^^^^^^^^^^^^^^^^^^^^^^^^^^^^^^^^^^^^^^^^^^^^^^^^^^^^^^^^^^^^^^^^^^^^^^
  2 | import { join } from 'path'
  3 | import { createHash } from 'crypto'
  4 | import type { CampusDocument } from '@navi/core'

Import traces:
  Client Component Browser:
    ./packages/compiler/src/publisher/index.ts [Client Component Browser]
    ./packages/compiler/src/index.ts [Client Component Browser]
    ./src/services/compiler-adapter.ts [Client Component Browser]
    ./src/components/studio/EditorBridge.tsx [Client Component Browser]
    ./src/components/studio/StudioWorkspace.tsx [Client Component Browser]
    ./src/app/(admin)/studio/[id]/edit/page.tsx [Client Component Browser]
    ./src/app/(admin)/studio/[id]/edit/page.tsx [Server Component]

  Client Component SSR:
    ./packages/compiler/src/publisher/index.ts [Client Component SSR]
    ./packages/compiler/src/index.ts [Client Component SSR]
    ./src/services/compiler-adapter.ts [Client Component SSR]
    ./src/components/studio/EditorBridge.tsx [Client Component SSR]
    ./src/components/studio/StudioWorkspace.tsx [Client Component SSR]
    ./src/app/(admin)/studio/[id]/edit/page.tsx [Client Component SSR]
    ./src/app/(admin)/studio/[id]/edit/page.tsx [Server Component]

https://nextjs.org/docs/messages/module-not-found @ http://localhost:3000/_next/static/chunks/node_modules_next_dist_1gdrd03._.js:1945
[12536227ms] [ERROR] ./packages/compiler/src/publisher/index.ts:1:1
Module not found: Can't resolve 'fs'
> 1 | import { writeFileSync, mkdirSync, existsSync, readFileSync } from 'fs'
    | ^^^^^^^^^^^^^^^^^^^^^^^^^^^^^^^^^^^^^^^^^^^^^^^^^^^^^^^^^^^^^^^^^^^^^^^
  2 | import { join } from 'path'
  3 | import { createHash } from 'crypto'
  4 | import type { CampusDocument } from '@navi/core'

Import traces:
  Client Component Browser:
    ./packages/compiler/src/publisher/index.ts [Client Component Browser]
    ./packages/compiler/src/index.ts [Client Component Browser]
    ./src/services/compiler-adapter.ts [Client Component Browser]
    ./src/components/studio/EditorBridge.tsx [Client Component Browser]
    ./src/components/studio/StudioWorkspace.tsx [Client Component Browser]
    ./src/app/(admin)/studio/[id]/edit/page.tsx [Client Component Browser]
    ./src/app/(admin)/studio/[id]/edit/page.tsx [Server Component]

  Client Component SSR:
    ./packages/compiler/src/publisher/index.ts [Client Component SSR]
    ./packages/compiler/src/index.ts [Client Component SSR]
    ./src/services/compiler-adapter.ts [Client Component SSR]
    ./src/components/studio/EditorBridge.tsx [Client Component SSR]
    ./src/components/studio/StudioWorkspace.tsx [Client Component SSR]
    ./src/app/(admin)/studio/[id]/edit/page.tsx [Client Component SSR]
    ./src/app/(admin)/studio/[id]/edit/page.tsx [Server Component]

https://nextjs.org/docs/messages/module-not-found @ http://localhost:3000/_next/static/chunks/node_modules_next_dist_1gdrd03._.js:1945
[12536289ms] [LOG] [Fast Refresh] rebuilding @ http://localhost:3000/_next/static/chunks/node_modules_next_dist_1gdrd03._.js:1226
[12536690ms] [ERROR] ./packages/compiler/src/publisher/index.ts:1:1
Module not found: Can't resolve 'fs'
> 1 | import { writeFileSync, mkdirSync, existsSync, readFileSync } from 'fs'
    | ^^^^^^^^^^^^^^^^^^^^^^^^^^^^^^^^^^^^^^^^^^^^^^^^^^^^^^^^^^^^^^^^^^^^^^^
  2 | import { join } from 'path'
  3 | import { createHash } from 'crypto'
  4 | import type { CampusDocument } from '@navi/core'

Import traces:
  Client Component Browser:
    ./packages/compiler/src/publisher/index.ts [Client Component Browser]
    ./packages/compiler/src/index.ts [Client Component Browser]
    ./src/services/compiler-adapter.ts [Client Component Browser]
    ./src/components/studio/EditorBridge.tsx [Client Component Browser]
    ./src/components/studio/StudioWorkspace.tsx [Client Component Browser]
    ./src/app/(admin)/studio/[id]/edit/page.tsx [Client Component Browser]
    ./src/app/(admin)/studio/[id]/edit/page.tsx [Server Component]

  Client Component SSR:
    ./packages/compiler/src/publisher/index.ts [Client Component SSR]
    ./packages/compiler/src/index.ts [Client Component SSR]
    ./src/services/compiler-adapter.ts [Client Component SSR]
    ./src/components/studio/EditorBridge.tsx [Client Component SSR]
    ./src/components/studio/StudioWorkspace.tsx [Client Component SSR]
    ./src/app/(admin)/studio/[id]/edit/page.tsx [Client Component SSR]
    ./src/app/(admin)/studio/[id]/edit/page.tsx [Server Component]

https://nextjs.org/docs/messages/module-not-found @ http://localhost:3000/_next/static/chunks/node_modules_next_dist_1gdrd03._.js:1945
[12536715ms] [LOG] [Fast Refresh] rebuilding @ http://localhost:3000/_next/static/chunks/node_modules_next_dist_1gdrd03._.js:1226
[12536865ms] [ERROR] ./packages/compiler/src/publisher/index.ts:1:1
Module not found: Can't resolve 'fs'
> 1 | import { writeFileSync, mkdirSync, existsSync, readFileSync } from 'fs'
    | ^^^^^^^^^^^^^^^^^^^^^^^^^^^^^^^^^^^^^^^^^^^^^^^^^^^^^^^^^^^^^^^^^^^^^^^
  2 | import { join } from 'path'
  3 | import { createHash } from 'crypto'
  4 | import type { CampusDocument } from '@navi/core'

Import traces:
  Client Component Browser:
    ./packages/compiler/src/publisher/index.ts [Client Component Browser]
    ./packages/compiler/src/index.ts [Client Component Browser]
    ./src/services/compiler-adapter.ts [Client Component Browser]
    ./src/components/studio/EditorBridge.tsx [Client Component Browser]
    ./src/components/studio/StudioWorkspace.tsx [Client Component Browser]
    ./src/app/(admin)/studio/[id]/edit/page.tsx [Client Component Browser]
    ./src/app/(admin)/studio/[id]/edit/page.tsx [Server Component]

  Client Component SSR:
    ./packages/compiler/src/publisher/index.ts [Client Component SSR]
    ./packages/compiler/src/index.ts [Client Component SSR]
    ./src/services/compiler-adapter.ts [Client Component SSR]
    ./src/components/studio/EditorBridge.tsx [Client Component SSR]
    ./src/components/studio/StudioWorkspace.tsx [Client Component SSR]
    ./src/app/(admin)/studio/[id]/edit/page.tsx [Client Component SSR]
    ./src/app/(admin)/studio/[id]/edit/page.tsx [Server Component]

https://nextjs.org/docs/messages/module-not-found @ http://localhost:3000/_next/static/chunks/node_modules_next_dist_1gdrd03._.js:1945
[12536890ms] [LOG] [Fast Refresh] rebuilding @ http://localhost:3000/_next/static/chunks/node_modules_next_dist_1gdrd03._.js:1226
[12559491ms] [ERROR] ./packages/compiler/src/publisher/index.ts:1:1
Module not found: Can't resolve 'fs'
> 1 | import { writeFileSync, mkdirSync, existsSync, readFileSync } from 'fs'
    | ^^^^^^^^^^^^^^^^^^^^^^^^^^^^^^^^^^^^^^^^^^^^^^^^^^^^^^^^^^^^^^^^^^^^^^^
  2 | import { join } from 'path'
  3 | import { createHash } from 'crypto'
  4 | import type { CampusDocument } from '@navi/core'

Import traces:
  Client Component Browser:
    ./packages/compiler/src/publisher/index.ts [Client Component Browser]
    ./packages/compiler/src/index.ts [Client Component Browser]
    ./src/services/compiler-adapter.ts [Client Component Browser]
    ./src/components/studio/EditorBridge.tsx [Client Component Browser]
    ./src/components/studio/StudioWorkspace.tsx [Client Component Browser]
    ./src/app/(admin)/studio/[id]/edit/page.tsx [Client Component Browser]
    ./src/app/(admin)/studio/[id]/edit/page.tsx [Server Component]

  Client Component SSR:
    ./packages/compiler/src/publisher/index.ts [Client Component SSR]
    ./packages/compiler/src/index.ts [Client Component SSR]
    ./src/services/compiler-adapter.ts [Client Component SSR]
    ./src/components/studio/EditorBridge.tsx [Client Component SSR]
    ./src/components/studio/StudioWorkspace.tsx [Client Component SSR]
    ./src/app/(admin)/studio/[id]/edit/page.tsx [Client Component SSR]
    ./src/app/(admin)/studio/[id]/edit/page.tsx [Server Component]

https://nextjs.org/docs/messages/module-not-found @ http://localhost:3000/_next/static/chunks/node_modules_next_dist_1gdrd03._.js:1945
[12559559ms] [ERROR] ./packages/compiler/src/publisher/index.ts:1:1
Module not found: Can't resolve 'fs'
> 1 | import { writeFileSync, mkdirSync, existsSync, readFileSync } from 'fs'
    | ^^^^^^^^^^^^^^^^^^^^^^^^^^^^^^^^^^^^^^^^^^^^^^^^^^^^^^^^^^^^^^^^^^^^^^^
  2 | import { join } from 'path'
  3 | import { createHash } from 'crypto'
  4 | import type { CampusDocument } from '@navi/core'

Import traces:
  Client Component Browser:
    ./packages/compiler/src/publisher/index.ts [Client Component Browser]
    ./packages/compiler/src/index.ts [Client Component Browser]
    ./src/services/compiler-adapter.ts [Client Component Browser]
    ./src/components/studio/EditorBridge.tsx [Client Component Browser]
    ./src/components/studio/StudioWorkspace.tsx [Client Component Browser]
    ./src/app/(admin)/studio/[id]/edit/page.tsx [Client Component Browser]
    ./src/app/(admin)/studio/[id]/edit/page.tsx [Server Component]

  Client Component SSR:
    ./packages/compiler/src/publisher/index.ts [Client Component SSR]
    ./packages/compiler/src/index.ts [Client Component SSR]
    ./src/services/compiler-adapter.ts [Client Component SSR]
    ./src/components/studio/EditorBridge.tsx [Client Component SSR]
    ./src/components/studio/StudioWorkspace.tsx [Client Component SSR]
    ./src/app/(admin)/studio/[id]/edit/page.tsx [Client Component SSR]
    ./src/app/(admin)/studio/[id]/edit/page.tsx [Server Component]

https://nextjs.org/docs/messages/module-not-found @ http://localhost:3000/_next/static/chunks/node_modules_next_dist_1gdrd03._.js:1945
[12559619ms] [LOG] [Fast Refresh] rebuilding @ http://localhost:3000/_next/static/chunks/node_modules_next_dist_1gdrd03._.js:1226
[12559734ms] [ERROR] ./packages/compiler/src/publisher/index.ts:1:1
Module not found: Can't resolve 'fs'
> 1 | import { writeFileSync, mkdirSync, existsSync, readFileSync } from 'fs'
    | ^^^^^^^^^^^^^^^^^^^^^^^^^^^^^^^^^^^^^^^^^^^^^^^^^^^^^^^^^^^^^^^^^^^^^^^
  2 | import { join } from 'path'
  3 | import { createHash } from 'crypto'
  4 | import type { CampusDocument } from '@navi/core'

Import traces:
  Client Component Browser:
    ./packages/compiler/src/publisher/index.ts [Client Component Browser]
    ./packages/compiler/src/index.ts [Client Component Browser]
    ./src/services/compiler-adapter.ts [Client Component Browser]
    ./src/components/studio/EditorBridge.tsx [Client Component Browser]
    ./src/components/studio/StudioWorkspace.tsx [Client Component Browser]
    ./src/app/(admin)/studio/[id]/edit/page.tsx [Client Component Browser]
    ./src/app/(admin)/studio/[id]/edit/page.tsx [Server Component]

  Client Component SSR:
    ./packages/compiler/src/publisher/index.ts [Client Component SSR]
    ./packages/compiler/src/index.ts [Client Component SSR]
    ./src/services/compiler-adapter.ts [Client Component SSR]
    ./src/components/studio/EditorBridge.tsx [Client Component SSR]
    ./src/components/studio/StudioWorkspace.tsx [Client Component SSR]
    ./src/app/(admin)/studio/[id]/edit/page.tsx [Client Component SSR]
    ./src/app/(admin)/studio/[id]/edit/page.tsx [Server Component]

https://nextjs.org/docs/messages/module-not-found @ http://localhost:3000/_next/static/chunks/node_modules_next_dist_1gdrd03._.js:1945
[12559791ms] [LOG] [Fast Refresh] rebuilding @ http://localhost:3000/_next/static/chunks/node_modules_next_dist_1gdrd03._.js:1226
[12559901ms] [ERROR] ./packages/compiler/src/publisher/index.ts:1:1
Module not found: Can't resolve 'fs'
> 1 | import { writeFileSync, mkdirSync, existsSync, readFileSync } from 'fs'
    | ^^^^^^^^^^^^^^^^^^^^^^^^^^^^^^^^^^^^^^^^^^^^^^^^^^^^^^^^^^^^^^^^^^^^^^^
  2 | import { join } from 'path'
  3 | import { createHash } from 'crypto'
  4 | import type { CampusDocument } from '@navi/core'

Import traces:
  Client Component Browser:
    ./packages/compiler/src/publisher/index.ts [Client Component Browser]
    ./packages/compiler/src/index.ts [Client Component Browser]
    ./src/services/compiler-adapter.ts [Client Component Browser]
    ./src/components/studio/EditorBridge.tsx [Client Component Browser]
    ./src/components/studio/StudioWorkspace.tsx [Client Component Browser]
    ./src/app/(admin)/studio/[id]/edit/page.tsx [Client Component Browser]
    ./src/app/(admin)/studio/[id]/edit/page.tsx [Server Component]

  Client Component SSR:
    ./packages/compiler/src/publisher/index.ts [Client Component SSR]
    ./packages/compiler/src/index.ts [Client Component SSR]
    ./src/services/compiler-adapter.ts [Client Component SSR]
    ./src/components/studio/EditorBridge.tsx [Client Component SSR]
    ./src/components/studio/StudioWorkspace.tsx [Client Component SSR]
    ./src/app/(admin)/studio/[id]/edit/page.tsx [Client Component SSR]
    ./src/app/(admin)/studio/[id]/edit/page.tsx [Server Component]

https://nextjs.org/docs/messages/module-not-found @ http://localhost:3000/_next/static/chunks/node_modules_next_dist_1gdrd03._.js:1945
[12559931ms] [LOG] [Fast Refresh] rebuilding @ http://localhost:3000/_next/static/chunks/node_modules_next_dist_1gdrd03._.js:1226
[12560103ms] [ERROR] ./packages/compiler/src/publisher/index.ts:1:1
Module not found: Can't resolve 'fs'
> 1 | import { writeFileSync, mkdirSync, existsSync, readFileSync } from 'fs'
    | ^^^^^^^^^^^^^^^^^^^^^^^^^^^^^^^^^^^^^^^^^^^^^^^^^^^^^^^^^^^^^^^^^^^^^^^
  2 | import { join } from 'path'
  3 | import { createHash } from 'crypto'
  4 | import type { CampusDocument } from '@navi/core'

Import traces:
  Client Component Browser:
    ./packages/compiler/src/publisher/index.ts [Client Component Browser]
    ./packages/compiler/src/index.ts [Client Component Browser]
    ./src/services/compiler-adapter.ts [Client Component Browser]
    ./src/components/studio/EditorBridge.tsx [Client Component Browser]
    ./src/components/studio/StudioWorkspace.tsx [Client Component Browser]
    ./src/app/(admin)/studio/[id]/edit/page.tsx [Client Component Browser]
    ./src/app/(admin)/studio/[id]/edit/page.tsx [Server Component]

  Client Component SSR:
    ./packages/compiler/src/publisher/index.ts [Client Component SSR]
    ./packages/compiler/src/index.ts [Client Component SSR]
    ./src/services/compiler-adapter.ts [Client Component SSR]
    ./src/components/studio/EditorBridge.tsx [Client Component SSR]
    ./src/components/studio/StudioWorkspace.tsx [Client Component SSR]
    ./src/app/(admin)/studio/[id]/edit/page.tsx [Client Component SSR]
    ./src/app/(admin)/studio/[id]/edit/page.tsx [Server Component]

https://nextjs.org/docs/messages/module-not-found @ http://localhost:3000/_next/static/chunks/node_modules_next_dist_1gdrd03._.js:1945
[12560133ms] [LOG] [Fast Refresh] rebuilding @ http://localhost:3000/_next/static/chunks/node_modules_next_dist_1gdrd03._.js:1226
[12560269ms] [ERROR] ./packages/compiler/src/publisher/index.ts:1:1
Module not found: Can't resolve 'fs'
> 1 | import { writeFileSync, mkdirSync, existsSync, readFileSync } from 'fs'
    | ^^^^^^^^^^^^^^^^^^^^^^^^^^^^^^^^^^^^^^^^^^^^^^^^^^^^^^^^^^^^^^^^^^^^^^^
  2 | import { join } from 'path'
  3 | import { createHash } from 'crypto'
  4 | import type { CampusDocument } from '@navi/core'

Import traces:
  Client Component Browser:
    ./packages/compiler/src/publisher/index.ts [Client Component Browser]
    ./packages/compiler/src/index.ts [Client Component Browser]
    ./src/services/compiler-adapter.ts [Client Component Browser]
    ./src/components/studio/EditorBridge.tsx [Client Component Browser]
    ./src/components/studio/StudioWorkspace.tsx [Client Component Browser]
    ./src/app/(admin)/studio/[id]/edit/page.tsx [Client Component Browser]
    ./src/app/(admin)/studio/[id]/edit/page.tsx [Server Component]

  Client Component SSR:
    ./packages/compiler/src/publisher/index.ts [Client Component SSR]
    ./packages/compiler/src/index.ts [Client Component SSR]
    ./src/services/compiler-adapter.ts [Client Component SSR]
    ./src/components/studio/EditorBridge.tsx [Client Component SSR]
    ./src/components/studio/StudioWorkspace.tsx [Client Component SSR]
    ./src/app/(admin)/studio/[id]/edit/page.tsx [Client Component SSR]
    ./src/app/(admin)/studio/[id]/edit/page.tsx [Server Component]

https://nextjs.org/docs/messages/module-not-found @ http://localhost:3000/_next/static/chunks/node_modules_next_dist_1gdrd03._.js:1945
[12560300ms] [LOG] [Fast Refresh] rebuilding @ http://localhost:3000/_next/static/chunks/node_modules_next_dist_1gdrd03._.js:1226
[12560687ms] [ERROR] ./packages/compiler/src/publisher/index.ts:1:1
Module not found: Can't resolve 'fs'
> 1 | import { writeFileSync, mkdirSync, existsSync, readFileSync } from 'fs'
    | ^^^^^^^^^^^^^^^^^^^^^^^^^^^^^^^^^^^^^^^^^^^^^^^^^^^^^^^^^^^^^^^^^^^^^^^
  2 | import { join } from 'path'
  3 | import { createHash } from 'crypto'
  4 | import type { CampusDocument } from '@navi/core'

Import traces:
  Client Component Browser:
    ./packages/compiler/src/publisher/index.ts [Client Component Browser]
    ./packages/compiler/src/index.ts [Client Component Browser]
    ./src/services/compiler-adapter.ts [Client Component Browser]
    ./src/components/studio/EditorBridge.tsx [Client Component Browser]
    ./src/components/studio/StudioWorkspace.tsx [Client Component Browser]
    ./src/app/(admin)/studio/[id]/edit/page.tsx [Client Component Browser]
    ./src/app/(admin)/studio/[id]/edit/page.tsx [Server Component]

  Client Component SSR:
    ./packages/compiler/src/publisher/index.ts [Client Component SSR]
    ./packages/compiler/src/index.ts [Client Component SSR]
    ./src/services/compiler-adapter.ts [Client Component SSR]
    ./src/components/studio/EditorBridge.tsx [Client Component SSR]
    ./src/components/studio/StudioWorkspace.tsx [Client Component SSR]
    ./src/app/(admin)/studio/[id]/edit/page.tsx [Client Component SSR]
    ./src/app/(admin)/studio/[id]/edit/page.tsx [Server Component]

https://nextjs.org/docs/messages/module-not-found @ http://localhost:3000/_next/static/chunks/node_modules_next_dist_1gdrd03._.js:1945
[12560749ms] [LOG] [Fast Refresh] rebuilding @ http://localhost:3000/_next/static/chunks/node_modules_next_dist_1gdrd03._.js:1226
[12560875ms] [ERROR] ./packages/compiler/src/publisher/index.ts:1:1
Module not found: Can't resolve 'fs'
> 1 | import { writeFileSync, mkdirSync, existsSync, readFileSync } from 'fs'
    | ^^^^^^^^^^^^^^^^^^^^^^^^^^^^^^^^^^^^^^^^^^^^^^^^^^^^^^^^^^^^^^^^^^^^^^^
  2 | import { join } from 'path'
  3 | import { createHash } from 'crypto'
  4 | import type { CampusDocument } from '@navi/core'

Import traces:
  Client Component Browser:
    ./packages/compiler/src/publisher/index.ts [Client Component Browser]
    ./packages/compiler/src/index.ts [Client Component Browser]
    ./src/services/compiler-adapter.ts [Client Component Browser]
    ./src/components/studio/EditorBridge.tsx [Client Component Browser]
    ./src/components/studio/StudioWorkspace.tsx [Client Component Browser]
    ./src/app/(admin)/studio/[id]/edit/page.tsx [Client Component Browser]
    ./src/app/(admin)/studio/[id]/edit/page.tsx [Server Component]

  Client Component SSR:
    ./packages/compiler/src/publisher/index.ts [Client Component SSR]
    ./packages/compiler/src/index.ts [Client Component SSR]
    ./src/services/compiler-adapter.ts [Client Component SSR]
    ./src/components/studio/EditorBridge.tsx [Client Component SSR]
    ./src/components/studio/StudioWorkspace.tsx [Client Component SSR]
    ./src/app/(admin)/studio/[id]/edit/page.tsx [Client Component SSR]
    ./src/app/(admin)/studio/[id]/edit/page.tsx [Server Component]

https://nextjs.org/docs/messages/module-not-found @ http://localhost:3000/_next/static/chunks/node_modules_next_dist_1gdrd03._.js:1945
[12560916ms] [LOG] [Fast Refresh] rebuilding @ http://localhost:3000/_next/static/chunks/node_modules_next_dist_1gdrd03._.js:1226
[12573817ms] [ERROR] ./packages/compiler/src/publisher/index.ts:1:1
Module not found: Can't resolve 'fs'
> 1 | import { writeFileSync, mkdirSync, existsSync, readFileSync } from 'fs'
    | ^^^^^^^^^^^^^^^^^^^^^^^^^^^^^^^^^^^^^^^^^^^^^^^^^^^^^^^^^^^^^^^^^^^^^^^
  2 | import { join } from 'path'
  3 | import { createHash } from 'crypto'
  4 | import type { CampusDocument } from '@navi/core'

Import traces:
  Client Component Browser:
    ./packages/compiler/src/publisher/index.ts [Client Component Browser]
    ./packages/compiler/src/index.ts [Client Component Browser]
    ./src/services/compiler-adapter.ts [Client Component Browser]
    ./src/components/studio/EditorBridge.tsx [Client Component Browser]
    ./src/components/studio/StudioWorkspace.tsx [Client Component Browser]
    ./src/app/(admin)/studio/[id]/edit/page.tsx [Client Component Browser]
    ./src/app/(admin)/studio/[id]/edit/page.tsx [Server Component]

  Client Component SSR:
    ./packages/compiler/src/publisher/index.ts [Client Component SSR]
    ./packages/compiler/src/index.ts [Client Component SSR]
    ./src/services/compiler-adapter.ts [Client Component SSR]
    ./src/components/studio/EditorBridge.tsx [Client Component SSR]
    ./src/components/studio/StudioWorkspace.tsx [Client Component SSR]
    ./src/app/(admin)/studio/[id]/edit/page.tsx [Client Component SSR]
    ./src/app/(admin)/studio/[id]/edit/page.tsx [Server Component]

https://nextjs.org/docs/messages/module-not-found @ http://localhost:3000/_next/static/chunks/node_modules_next_dist_1gdrd03._.js:1945
[12573850ms] [LOG] [Fast Refresh] rebuilding @ http://localhost:3000/_next/static/chunks/node_modules_next_dist_1gdrd03._.js:1226
[12573976ms] [ERROR] ./packages/compiler/src/publisher/index.ts:1:1
Module not found: Can't resolve 'fs'
> 1 | import { writeFileSync, mkdirSync, existsSync, readFileSync } from 'fs'
    | ^^^^^^^^^^^^^^^^^^^^^^^^^^^^^^^^^^^^^^^^^^^^^^^^^^^^^^^^^^^^^^^^^^^^^^^
  2 | import { join } from 'path'
  3 | import { createHash } from 'crypto'
  4 | import type { CampusDocument } from '@navi/core'

Import traces:
  Client Component Browser:
    ./packages/compiler/src/publisher/index.ts [Client Component Browser]
    ./packages/compiler/src/index.ts [Client Component Browser]
    ./src/services/compiler-adapter.ts [Client Component Browser]
    ./src/components/studio/EditorBridge.tsx [Client Component Browser]
    ./src/components/studio/StudioWorkspace.tsx [Client Component Browser]
    ./src/app/(admin)/studio/[id]/edit/page.tsx [Client Component Browser]
    ./src/app/(admin)/studio/[id]/edit/page.tsx [Server Component]

  Client Component SSR:
    ./packages/compiler/src/publisher/index.ts [Client Component SSR]
    ./packages/compiler/src/index.ts [Client Component SSR]
    ./src/services/compiler-adapter.ts [Client Component SSR]
    ./src/components/studio/EditorBridge.tsx [Client Component SSR]
    ./src/components/studio/StudioWorkspace.tsx [Client Component SSR]
    ./src/app/(admin)/studio/[id]/edit/page.tsx [Client Component SSR]
    ./src/app/(admin)/studio/[id]/edit/page.tsx [Server Component]

https://nextjs.org/docs/messages/module-not-found @ http://localhost:3000/_next/static/chunks/node_modules_next_dist_1gdrd03._.js:1945
[12574024ms] [LOG] [Fast Refresh] rebuilding @ http://localhost:3000/_next/static/chunks/node_modules_next_dist_1gdrd03._.js:1226
[12575809ms] [ERROR] ./packages/compiler/src/publisher/index.ts:1:1
Module not found: Can't resolve 'fs'
> 1 | import { writeFileSync, mkdirSync, existsSync, readFileSync } from 'fs'
    | ^^^^^^^^^^^^^^^^^^^^^^^^^^^^^^^^^^^^^^^^^^^^^^^^^^^^^^^^^^^^^^^^^^^^^^^
  2 | import { join } from 'path'
  3 | import { createHash } from 'crypto'
  4 | import type { CampusDocument } from '@navi/core'

Import traces:
  Client Component Browser:
    ./packages/compiler/src/publisher/index.ts [Client Component Browser]
    ./packages/compiler/src/index.ts [Client Component Browser]
    ./src/services/compiler-adapter.ts [Client Component Browser]
    ./src/components/studio/EditorBridge.tsx [Client Component Browser]
    ./src/components/studio/StudioWorkspace.tsx [Client Component Browser]
    ./src/app/(admin)/studio/[id]/edit/page.tsx [Client Component Browser]
    ./src/app/(admin)/studio/[id]/edit/page.tsx [Server Component]

  Client Component SSR:
    ./packages/compiler/src/publisher/index.ts [Client Component SSR]
    ./packages/compiler/src/index.ts [Client Component SSR]
    ./src/services/compiler-adapter.ts [Client Component SSR]
    ./src/components/studio/EditorBridge.tsx [Client Component SSR]
    ./src/components/studio/StudioWorkspace.tsx [Client Component SSR]
    ./src/app/(admin)/studio/[id]/edit/page.tsx [Client Component SSR]
    ./src/app/(admin)/studio/[id]/edit/page.tsx [Server Component]

https://nextjs.org/docs/messages/module-not-found @ http://localhost:3000/_next/static/chunks/node_modules_next_dist_1gdrd03._.js:1945
[12575842ms] [LOG] [Fast Refresh] rebuilding @ http://localhost:3000/_next/static/chunks/node_modules_next_dist_1gdrd03._.js:1226
[12575975ms] [ERROR] ./packages/compiler/src/publisher/index.ts:1:1
Module not found: Can't resolve 'fs'
> 1 | import { writeFileSync, mkdirSync, existsSync, readFileSync } from 'fs'
    | ^^^^^^^^^^^^^^^^^^^^^^^^^^^^^^^^^^^^^^^^^^^^^^^^^^^^^^^^^^^^^^^^^^^^^^^
  2 | import { join } from 'path'
  3 | import { createHash } from 'crypto'
  4 | import type { CampusDocument } from '@navi/core'

Import traces:
  Client Component Browser:
    ./packages/compiler/src/publisher/index.ts [Client Component Browser]
    ./packages/compiler/src/index.ts [Client Component Browser]
    ./src/services/compiler-adapter.ts [Client Component Browser]
    ./src/components/studio/EditorBridge.tsx [Client Component Browser]
    ./src/components/studio/StudioWorkspace.tsx [Client Component Browser]
    ./src/app/(admin)/studio/[id]/edit/page.tsx [Client Component Browser]
    ./src/app/(admin)/studio/[id]/edit/page.tsx [Server Component]

  Client Component SSR:
    ./packages/compiler/src/publisher/index.ts [Client Component SSR]
    ./packages/compiler/src/index.ts [Client Component SSR]
    ./src/services/compiler-adapter.ts [Client Component SSR]
    ./src/components/studio/EditorBridge.tsx [Client Component SSR]
    ./src/components/studio/StudioWorkspace.tsx [Client Component SSR]
    ./src/app/(admin)/studio/[id]/edit/page.tsx [Client Component SSR]
    ./src/app/(admin)/studio/[id]/edit/page.tsx [Server Component]

https://nextjs.org/docs/messages/module-not-found @ http://localhost:3000/_next/static/chunks/node_modules_next_dist_1gdrd03._.js:1945
[12576017ms] [LOG] [Fast Refresh] rebuilding @ http://localhost:3000/_next/static/chunks/node_modules_next_dist_1gdrd03._.js:1226
[12576429ms] [ERROR] ./packages/compiler/src/publisher/index.ts:1:1
Module not found: Can't resolve 'fs'
> 1 | import { writeFileSync, mkdirSync, existsSync, readFileSync } from 'fs'
    | ^^^^^^^^^^^^^^^^^^^^^^^^^^^^^^^^^^^^^^^^^^^^^^^^^^^^^^^^^^^^^^^^^^^^^^^
  2 | import { join } from 'path'
  3 | import { createHash } from 'crypto'
  4 | import type { CampusDocument } from '@navi/core'

Import traces:
  Client Component Browser:
    ./packages/compiler/src/publisher/index.ts [Client Component Browser]
    ./packages/compiler/src/index.ts [Client Component Browser]
    ./src/services/compiler-adapter.ts [Client Component Browser]
    ./src/components/studio/EditorBridge.tsx [Client Component Browser]
    ./src/components/studio/StudioWorkspace.tsx [Client Component Browser]
    ./src/app/(admin)/studio/[id]/edit/page.tsx [Client Component Browser]
    ./src/app/(admin)/studio/[id]/edit/page.tsx [Server Component]

  Client Component SSR:
    ./packages/compiler/src/publisher/index.ts [Client Component SSR]
    ./packages/compiler/src/index.ts [Client Component SSR]
    ./src/services/compiler-adapter.ts [Client Component SSR]
    ./src/components/studio/EditorBridge.tsx [Client Component SSR]
    ./src/components/studio/StudioWorkspace.tsx [Client Component SSR]
    ./src/app/(admin)/studio/[id]/edit/page.tsx [Client Component SSR]
    ./src/app/(admin)/studio/[id]/edit/page.tsx [Server Component]

https://nextjs.org/docs/messages/module-not-found @ http://localhost:3000/_next/static/chunks/node_modules_next_dist_1gdrd03._.js:1945
[12576466ms] [LOG] [Fast Refresh] rebuilding @ http://localhost:3000/_next/static/chunks/node_modules_next_dist_1gdrd03._.js:1226
[12576595ms] [ERROR] ./packages/compiler/src/publisher/index.ts:1:1
Module not found: Can't resolve 'fs'
> 1 | import { writeFileSync, mkdirSync, existsSync, readFileSync } from 'fs'
    | ^^^^^^^^^^^^^^^^^^^^^^^^^^^^^^^^^^^^^^^^^^^^^^^^^^^^^^^^^^^^^^^^^^^^^^^
  2 | import { join } from 'path'
  3 | import { createHash } from 'crypto'
  4 | import type { CampusDocument } from '@navi/core'

Import traces:
  Client Component Browser:
    ./packages/compiler/src/publisher/index.ts [Client Component Browser]
    ./packages/compiler/src/index.ts [Client Component Browser]
    ./src/services/compiler-adapter.ts [Client Component Browser]
    ./src/components/studio/EditorBridge.tsx [Client Component Browser]
    ./src/components/studio/StudioWorkspace.tsx [Client Component Browser]
    ./src/app/(admin)/studio/[id]/edit/page.tsx [Client Component Browser]
    ./src/app/(admin)/studio/[id]/edit/page.tsx [Server Component]

  Client Component SSR:
    ./packages/compiler/src/publisher/index.ts [Client Component SSR]
    ./packages/compiler/src/index.ts [Client Component SSR]
    ./src/services/compiler-adapter.ts [Client Component SSR]
    ./src/components/studio/EditorBridge.tsx [Client Component SSR]
    ./src/components/studio/StudioWorkspace.tsx [Client Component SSR]
    ./src/app/(admin)/studio/[id]/edit/page.tsx [Client Component SSR]
    ./src/app/(admin)/studio/[id]/edit/page.tsx [Server Component]

https://nextjs.org/docs/messages/module-not-found @ http://localhost:3000/_next/static/chunks/node_modules_next_dist_1gdrd03._.js:1945
[12576633ms] [LOG] [Fast Refresh] rebuilding @ http://localhost:3000/_next/static/chunks/node_modules_next_dist_1gdrd03._.js:1226
[12605034ms] [ERROR] ./packages/compiler/src/publisher/index.ts:1:1
Module not found: Can't resolve 'fs'
> 1 | import { writeFileSync, mkdirSync, existsSync, readFileSync } from 'fs'
    | ^^^^^^^^^^^^^^^^^^^^^^^^^^^^^^^^^^^^^^^^^^^^^^^^^^^^^^^^^^^^^^^^^^^^^^^
  2 | import { join } from 'path'
  3 | import { createHash } from 'crypto'
  4 | import type { CampusDocument } from '@navi/core'

Import traces:
  Client Component Browser:
    ./packages/compiler/src/publisher/index.ts [Client Component Browser]
    ./packages/compiler/src/index.ts [Client Component Browser]
    ./src/services/compiler-adapter.ts [Client Component Browser]
    ./src/components/studio/EditorBridge.tsx [Client Component Browser]
    ./src/components/studio/StudioWorkspace.tsx [Client Component Browser]
    ./src/app/(admin)/studio/[id]/edit/page.tsx [Client Component Browser]
    ./src/app/(admin)/studio/[id]/edit/page.tsx [Server Component]

  Client Component SSR:
    ./packages/compiler/src/publisher/index.ts [Client Component SSR]
    ./packages/compiler/src/index.ts [Client Component SSR]
    ./src/services/compiler-adapter.ts [Client Component SSR]
    ./src/components/studio/EditorBridge.tsx [Client Component SSR]
    ./src/components/studio/StudioWorkspace.tsx [Client Component SSR]
    ./src/app/(admin)/studio/[id]/edit/page.tsx [Client Component SSR]
    ./src/app/(admin)/studio/[id]/edit/page.tsx [Server Component]

https://nextjs.org/docs/messages/module-not-found @ http://localhost:3000/_next/static/chunks/node_modules_next_dist_1gdrd03._.js:1945
[12605067ms] [LOG] [Fast Refresh] rebuilding @ http://localhost:3000/_next/static/chunks/node_modules_next_dist_1gdrd03._.js:1226
[12605185ms] [ERROR] ./packages/compiler/src/publisher/index.ts:1:1
Module not found: Can't resolve 'fs'
> 1 | import { writeFileSync, mkdirSync, existsSync, readFileSync } from 'fs'
    | ^^^^^^^^^^^^^^^^^^^^^^^^^^^^^^^^^^^^^^^^^^^^^^^^^^^^^^^^^^^^^^^^^^^^^^^
  2 | import { join } from 'path'
  3 | import { createHash } from 'crypto'
  4 | import type { CampusDocument } from '@navi/core'

Import traces:
  Client Component Browser:
    ./packages/compiler/src/publisher/index.ts [Client Component Browser]
    ./packages/compiler/src/index.ts [Client Component Browser]
    ./src/services/compiler-adapter.ts [Client Component Browser]
    ./src/components/studio/EditorBridge.tsx [Client Component Browser]
    ./src/components/studio/StudioWorkspace.tsx [Client Component Browser]
    ./src/app/(admin)/studio/[id]/edit/page.tsx [Client Component Browser]
    ./src/app/(admin)/studio/[id]/edit/page.tsx [Server Component]

  Client Component SSR:
    ./packages/compiler/src/publisher/index.ts [Client Component SSR]
    ./packages/compiler/src/index.ts [Client Component SSR]
    ./src/services/compiler-adapter.ts [Client Component SSR]
    ./src/components/studio/EditorBridge.tsx [Client Component SSR]
    ./src/components/studio/StudioWorkspace.tsx [Client Component SSR]
    ./src/app/(admin)/studio/[id]/edit/page.tsx [Client Component SSR]
    ./src/app/(admin)/studio/[id]/edit/page.tsx [Server Component]

https://nextjs.org/docs/messages/module-not-found @ http://localhost:3000/_next/static/chunks/node_modules_next_dist_1gdrd03._.js:1945
[12605242ms] [LOG] [Fast Refresh] rebuilding @ http://localhost:3000/_next/static/chunks/node_modules_next_dist_1gdrd03._.js:1226
[12605593ms] [ERROR] ./packages/compiler/src/publisher/index.ts:1:1
Module not found: Can't resolve 'fs'
> 1 | import { writeFileSync, mkdirSync, existsSync, readFileSync } from 'fs'
    | ^^^^^^^^^^^^^^^^^^^^^^^^^^^^^^^^^^^^^^^^^^^^^^^^^^^^^^^^^^^^^^^^^^^^^^^
  2 | import { join } from 'path'
  3 | import { createHash } from 'crypto'
  4 | import type { CampusDocument } from '@navi/core'

Import traces:
  Client Component Browser:
    ./packages/compiler/src/publisher/index.ts [Client Component Browser]
    ./packages/compiler/src/index.ts [Client Component Browser]
    ./src/services/compiler-adapter.ts [Client Component Browser]
    ./src/components/studio/EditorBridge.tsx [Client Component Browser]
    ./src/components/studio/StudioWorkspace.tsx [Client Component Browser]
    ./src/app/(admin)/studio/[id]/edit/page.tsx [Client Component Browser]
    ./src/app/(admin)/studio/[id]/edit/page.tsx [Server Component]

  Client Component SSR:
    ./packages/compiler/src/publisher/index.ts [Client Component SSR]
    ./packages/compiler/src/index.ts [Client Component SSR]
    ./src/services/compiler-adapter.ts [Client Component SSR]
    ./src/components/studio/EditorBridge.tsx [Client Component SSR]
    ./src/components/studio/StudioWorkspace.tsx [Client Component SSR]
    ./src/app/(admin)/studio/[id]/edit/page.tsx [Client Component SSR]
    ./src/app/(admin)/studio/[id]/edit/page.tsx [Server Component]

https://nextjs.org/docs/messages/module-not-found @ http://localhost:3000/_next/static/chunks/node_modules_next_dist_1gdrd03._.js:1945
[12605608ms] [LOG] [Fast Refresh] rebuilding @ http://localhost:3000/_next/static/chunks/node_modules_next_dist_1gdrd03._.js:1226
[12605736ms] [ERROR] ./packages/compiler/src/publisher/index.ts:1:1
Module not found: Can't resolve 'fs'
> 1 | import { writeFileSync, mkdirSync, existsSync, readFileSync } from 'fs'
    | ^^^^^^^^^^^^^^^^^^^^^^^^^^^^^^^^^^^^^^^^^^^^^^^^^^^^^^^^^^^^^^^^^^^^^^^
  2 | import { join } from 'path'
  3 | import { createHash } from 'crypto'
  4 | import type { CampusDocument } from '@navi/core'

Import traces:
  Client Component Browser:
    ./packages/compiler/src/publisher/index.ts [Client Component Browser]
    ./packages/compiler/src/index.ts [Client Component Browser]
    ./src/services/compiler-adapter.ts [Client Component Browser]
    ./src/components/studio/EditorBridge.tsx [Client Component Browser]
    ./src/components/studio/StudioWorkspace.tsx [Client Component Browser]
    ./src/app/(admin)/studio/[id]/edit/page.tsx [Client Component Browser]
    ./src/app/(admin)/studio/[id]/edit/page.tsx [Server Component]

  Client Component SSR:
    ./packages/compiler/src/publisher/index.ts [Client Component SSR]
    ./packages/compiler/src/index.ts [Client Component SSR]
    ./src/services/compiler-adapter.ts [Client Component SSR]
    ./src/components/studio/EditorBridge.tsx [Client Component SSR]
    ./src/components/studio/StudioWorkspace.tsx [Client Component SSR]
    ./src/app/(admin)/studio/[id]/edit/page.tsx [Client Component SSR]
    ./src/app/(admin)/studio/[id]/edit/page.tsx [Server Component]

https://nextjs.org/docs/messages/module-not-found @ http://localhost:3000/_next/static/chunks/node_modules_next_dist_1gdrd03._.js:1945
[12605783ms] [LOG] [Fast Refresh] rebuilding @ http://localhost:3000/_next/static/chunks/node_modules_next_dist_1gdrd03._.js:1226
[12606311ms] [ERROR] ./packages/compiler/src/publisher/index.ts:1:1
Module not found: Can't resolve 'fs'
> 1 | import { writeFileSync, mkdirSync, existsSync, readFileSync } from 'fs'
    | ^^^^^^^^^^^^^^^^^^^^^^^^^^^^^^^^^^^^^^^^^^^^^^^^^^^^^^^^^^^^^^^^^^^^^^^
  2 | import { join } from 'path'
  3 | import { createHash } from 'crypto'
  4 | import type { CampusDocument } from '@navi/core'

Import traces:
  Client Component Browser:
    ./packages/compiler/src/publisher/index.ts [Client Component Browser]
    ./packages/compiler/src/index.ts [Client Component Browser]
    ./src/services/compiler-adapter.ts [Client Component Browser]
    ./src/components/studio/EditorBridge.tsx [Client Component Browser]
    ./src/components/studio/StudioWorkspace.tsx [Client Component Browser]
    ./src/app/(admin)/studio/[id]/edit/page.tsx [Client Component Browser]
    ./src/app/(admin)/studio/[id]/edit/page.tsx [Server Component]

  Client Component SSR:
    ./packages/compiler/src/publisher/index.ts [Client Component SSR]
    ./packages/compiler/src/index.ts [Client Component SSR]
    ./src/services/compiler-adapter.ts [Client Component SSR]
    ./src/components/studio/EditorBridge.tsx [Client Component SSR]
    ./src/components/studio/StudioWorkspace.tsx [Client Component SSR]
    ./src/app/(admin)/studio/[id]/edit/page.tsx [Client Component SSR]
    ./src/app/(admin)/studio/[id]/edit/page.tsx [Server Component]

https://nextjs.org/docs/messages/module-not-found @ http://localhost:3000/_next/static/chunks/node_modules_next_dist_1gdrd03._.js:1945
[12606339ms] [LOG] [Fast Refresh] rebuilding @ http://localhost:3000/_next/static/chunks/node_modules_next_dist_1gdrd03._.js:1226
[12606501ms] [ERROR] ./packages/compiler/src/publisher/index.ts:1:1
Module not found: Can't resolve 'fs'
> 1 | import { writeFileSync, mkdirSync, existsSync, readFileSync } from 'fs'
    | ^^^^^^^^^^^^^^^^^^^^^^^^^^^^^^^^^^^^^^^^^^^^^^^^^^^^^^^^^^^^^^^^^^^^^^^
  2 | import { join } from 'path'
  3 | import { createHash } from 'crypto'
  4 | import type { CampusDocument } from '@navi/core'

Import traces:
  Client Component Browser:
    ./packages/compiler/src/publisher/index.ts [Client Component Browser]
    ./packages/compiler/src/index.ts [Client Component Browser]
    ./src/services/compiler-adapter.ts [Client Component Browser]
    ./src/components/studio/EditorBridge.tsx [Client Component Browser]
    ./src/components/studio/StudioWorkspace.tsx [Client Component Browser]
    ./src/app/(admin)/studio/[id]/edit/page.tsx [Client Component Browser]
    ./src/app/(admin)/studio/[id]/edit/page.tsx [Server Component]

  Client Component SSR:
    ./packages/compiler/src/publisher/index.ts [Client Component SSR]
    ./packages/compiler/src/index.ts [Client Component SSR]
    ./src/services/compiler-adapter.ts [Client Component SSR]
    ./src/components/studio/EditorBridge.tsx [Client Component SSR]
    ./src/components/studio/StudioWorkspace.tsx [Client Component SSR]
    ./src/app/(admin)/studio/[id]/edit/page.tsx [Client Component SSR]
    ./src/app/(admin)/studio/[id]/edit/page.tsx [Server Component]

https://nextjs.org/docs/messages/module-not-found @ http://localhost:3000/_next/static/chunks/node_modules_next_dist_1gdrd03._.js:1945
[12606525ms] [LOG] [Fast Refresh] rebuilding @ http://localhost:3000/_next/static/chunks/node_modules_next_dist_1gdrd03._.js:1226
[12626010ms] [ERROR] ./packages/compiler/src/publisher/index.ts:1:1
Module not found: Can't resolve 'fs'
> 1 | import { writeFileSync, mkdirSync, existsSync, readFileSync } from 'fs'
    | ^^^^^^^^^^^^^^^^^^^^^^^^^^^^^^^^^^^^^^^^^^^^^^^^^^^^^^^^^^^^^^^^^^^^^^^
  2 | import { join } from 'path'
  3 | import { createHash } from 'crypto'
  4 | import type { CampusDocument } from '@navi/core'

Import traces:
  Client Component Browser:
    ./packages/compiler/src/publisher/index.ts [Client Component Browser]
    ./packages/compiler/src/index.ts [Client Component Browser]
    ./src/services/compiler-adapter.ts [Client Component Browser]
    ./src/components/studio/EditorBridge.tsx [Client Component Browser]
    ./src/components/studio/StudioWorkspace.tsx [Client Component Browser]
    ./src/app/(admin)/studio/[id]/edit/page.tsx [Client Component Browser]
    ./src/app/(admin)/studio/[id]/edit/page.tsx [Server Component]

  Client Component SSR:
    ./packages/compiler/src/publisher/index.ts [Client Component SSR]
    ./packages/compiler/src/index.ts [Client Component SSR]
    ./src/services/compiler-adapter.ts [Client Component SSR]
    ./src/components/studio/EditorBridge.tsx [Client Component SSR]
    ./src/components/studio/StudioWorkspace.tsx [Client Component SSR]
    ./src/app/(admin)/studio/[id]/edit/page.tsx [Client Component SSR]
    ./src/app/(admin)/studio/[id]/edit/page.tsx [Server Component]

https://nextjs.org/docs/messages/module-not-found @ http://localhost:3000/_next/static/chunks/node_modules_next_dist_1gdrd03._.js:1945
[12626028ms] [LOG] [Fast Refresh] rebuilding @ http://localhost:3000/_next/static/chunks/node_modules_next_dist_1gdrd03._.js:1226
[12626172ms] [ERROR] ./packages/compiler/src/publisher/index.ts:1:1
Module not found: Can't resolve 'fs'
> 1 | import { writeFileSync, mkdirSync, existsSync, readFileSync } from 'fs'
    | ^^^^^^^^^^^^^^^^^^^^^^^^^^^^^^^^^^^^^^^^^^^^^^^^^^^^^^^^^^^^^^^^^^^^^^^
  2 | import { join } from 'path'
  3 | import { createHash } from 'crypto'
  4 | import type { CampusDocument } from '@navi/core'

Import traces:
  Client Component Browser:
    ./packages/compiler/src/publisher/index.ts [Client Component Browser]
    ./packages/compiler/src/index.ts [Client Component Browser]
    ./src/services/compiler-adapter.ts [Client Component Browser]
    ./src/components/studio/EditorBridge.tsx [Client Component Browser]
    ./src/components/studio/StudioWorkspace.tsx [Client Component Browser]
    ./src/app/(admin)/studio/[id]/edit/page.tsx [Client Component Browser]
    ./src/app/(admin)/studio/[id]/edit/page.tsx [Server Component]

  Client Component SSR:
    ./packages/compiler/src/publisher/index.ts [Client Component SSR]
    ./packages/compiler/src/index.ts [Client Component SSR]
    ./src/services/compiler-adapter.ts [Client Component SSR]
    ./src/components/studio/EditorBridge.tsx [Client Component SSR]
    ./src/components/studio/StudioWorkspace.tsx [Client Component SSR]
    ./src/app/(admin)/studio/[id]/edit/page.tsx [Client Component SSR]
    ./src/app/(admin)/studio/[id]/edit/page.tsx [Server Component]

https://nextjs.org/docs/messages/module-not-found @ http://localhost:3000/_next/static/chunks/node_modules_next_dist_1gdrd03._.js:1945
[12626210ms] [LOG] [Fast Refresh] rebuilding @ http://localhost:3000/_next/static/chunks/node_modules_next_dist_1gdrd03._.js:1226
[12626371ms] [ERROR] ./packages/compiler/src/publisher/index.ts:1:1
Module not found: Can't resolve 'fs'
> 1 | import { writeFileSync, mkdirSync, existsSync, readFileSync } from 'fs'
    | ^^^^^^^^^^^^^^^^^^^^^^^^^^^^^^^^^^^^^^^^^^^^^^^^^^^^^^^^^^^^^^^^^^^^^^^
  2 | import { join } from 'path'
  3 | import { createHash } from 'crypto'
  4 | import type { CampusDocument } from '@navi/core'

Import traces:
  Client Component Browser:
    ./packages/compiler/src/publisher/index.ts [Client Component Browser]
    ./packages/compiler/src/index.ts [Client Component Browser]
    ./src/services/compiler-adapter.ts [Client Component Browser]
    ./src/components/studio/EditorBridge.tsx [Client Component Browser]
    ./src/components/studio/StudioWorkspace.tsx [Client Component Browser]
    ./src/app/(admin)/studio/[id]/edit/page.tsx [Client Component Browser]
    ./src/app/(admin)/studio/[id]/edit/page.tsx [Server Component]

  Client Component SSR:
    ./packages/compiler/src/publisher/index.ts [Client Component SSR]
    ./packages/compiler/src/index.ts [Client Component SSR]
    ./src/services/compiler-adapter.ts [Client Component SSR]
    ./src/components/studio/EditorBridge.tsx [Client Component SSR]
    ./src/components/studio/StudioWorkspace.tsx [Client Component SSR]
    ./src/app/(admin)/studio/[id]/edit/page.tsx [Client Component SSR]
    ./src/app/(admin)/studio/[id]/edit/page.tsx [Server Component]

https://nextjs.org/docs/messages/module-not-found @ http://localhost:3000/_next/static/chunks/node_modules_next_dist_1gdrd03._.js:1945
[12626410ms] [LOG] [Fast Refresh] rebuilding @ http://localhost:3000/_next/static/chunks/node_modules_next_dist_1gdrd03._.js:1226
[12626546ms] [ERROR] ./packages/compiler/src/publisher/index.ts:1:1
Module not found: Can't resolve 'fs'
> 1 | import { writeFileSync, mkdirSync, existsSync, readFileSync } from 'fs'
    | ^^^^^^^^^^^^^^^^^^^^^^^^^^^^^^^^^^^^^^^^^^^^^^^^^^^^^^^^^^^^^^^^^^^^^^^
  2 | import { join } from 'path'
  3 | import { createHash } from 'crypto'
  4 | import type { CampusDocument } from '@navi/core'

Import traces:
  Client Component Browser:
    ./packages/compiler/src/publisher/index.ts [Client Component Browser]
    ./packages/compiler/src/index.ts [Client Component Browser]
    ./src/services/compiler-adapter.ts [Client Component Browser]
    ./src/components/studio/EditorBridge.tsx [Client Component Browser]
    ./src/components/studio/StudioWorkspace.tsx [Client Component Browser]
    ./src/app/(admin)/studio/[id]/edit/page.tsx [Client Component Browser]
    ./src/app/(admin)/studio/[id]/edit/page.tsx [Server Component]

  Client Component SSR:
    ./packages/compiler/src/publisher/index.ts [Client Component SSR]
    ./packages/compiler/src/index.ts [Client Component SSR]
    ./src/services/compiler-adapter.ts [Client Component SSR]
    ./src/components/studio/EditorBridge.tsx [Client Component SSR]
    ./src/components/studio/StudioWorkspace.tsx [Client Component SSR]
    ./src/app/(admin)/studio/[id]/edit/page.tsx [Client Component SSR]
    ./src/app/(admin)/studio/[id]/edit/page.tsx [Server Component]

https://nextjs.org/docs/messages/module-not-found @ http://localhost:3000/_next/static/chunks/node_modules_next_dist_1gdrd03._.js:1945
[12626569ms] [LOG] [Fast Refresh] rebuilding @ http://localhost:3000/_next/static/chunks/node_modules_next_dist_1gdrd03._.js:1226
[12627025ms] [ERROR] ./packages/compiler/src/publisher/index.ts:1:1
Module not found: Can't resolve 'fs'
> 1 | import { writeFileSync, mkdirSync, existsSync, readFileSync } from 'fs'
    | ^^^^^^^^^^^^^^^^^^^^^^^^^^^^^^^^^^^^^^^^^^^^^^^^^^^^^^^^^^^^^^^^^^^^^^^
  2 | import { join } from 'path'
  3 | import { createHash } from 'crypto'
  4 | import type { CampusDocument } from '@navi/core'

Import traces:
  Client Component Browser:
    ./packages/compiler/src/publisher/index.ts [Client Component Browser]
    ./packages/compiler/src/index.ts [Client Component Browser]
    ./src/services/compiler-adapter.ts [Client Component Browser]
    ./src/components/studio/EditorBridge.tsx [Client Component Browser]
    ./src/components/studio/StudioWorkspace.tsx [Client Component Browser]
    ./src/app/(admin)/studio/[id]/edit/page.tsx [Client Component Browser]
    ./src/app/(admin)/studio/[id]/edit/page.tsx [Server Component]

  Client Component SSR:
    ./packages/compiler/src/publisher/index.ts [Client Component SSR]
    ./packages/compiler/src/index.ts [Client Component SSR]
    ./src/services/compiler-adapter.ts [Client Component SSR]
    ./src/components/studio/EditorBridge.tsx [Client Component SSR]
    ./src/components/studio/StudioWorkspace.tsx [Client Component SSR]
    ./src/app/(admin)/studio/[id]/edit/page.tsx [Client Component SSR]
    ./src/app/(admin)/studio/[id]/edit/page.tsx [Server Component]

https://nextjs.org/docs/messages/module-not-found @ http://localhost:3000/_next/static/chunks/node_modules_next_dist_1gdrd03._.js:1945
[12627051ms] [LOG] [Fast Refresh] rebuilding @ http://localhost:3000/_next/static/chunks/node_modules_next_dist_1gdrd03._.js:1226
[12627155ms] [ERROR] ./packages/compiler/src/publisher/index.ts:1:1
Module not found: Can't resolve 'fs'
> 1 | import { writeFileSync, mkdirSync, existsSync, readFileSync } from 'fs'
    | ^^^^^^^^^^^^^^^^^^^^^^^^^^^^^^^^^^^^^^^^^^^^^^^^^^^^^^^^^^^^^^^^^^^^^^^
  2 | import { join } from 'path'
  3 | import { createHash } from 'crypto'
  4 | import type { CampusDocument } from '@navi/core'

Import traces:
  Client Component Browser:
    ./packages/compiler/src/publisher/index.ts [Client Component Browser]
    ./packages/compiler/src/index.ts [Client Component Browser]
    ./src/services/compiler-adapter.ts [Client Component Browser]
    ./src/components/studio/EditorBridge.tsx [Client Component Browser]
    ./src/components/studio/StudioWorkspace.tsx [Client Component Browser]
    ./src/app/(admin)/studio/[id]/edit/page.tsx [Client Component Browser]
    ./src/app/(admin)/studio/[id]/edit/page.tsx [Server Component]

  Client Component SSR:
    ./packages/compiler/src/publisher/index.ts [Client Component SSR]
    ./packages/compiler/src/index.ts [Client Component SSR]
    ./src/services/compiler-adapter.ts [Client Component SSR]
    ./src/components/studio/EditorBridge.tsx [Client Component SSR]
    ./src/components/studio/StudioWorkspace.tsx [Client Component SSR]
    ./src/app/(admin)/studio/[id]/edit/page.tsx [Client Component SSR]
    ./src/app/(admin)/studio/[id]/edit/page.tsx [Server Component]

https://nextjs.org/docs/messages/module-not-found @ http://localhost:3000/_next/static/chunks/node_modules_next_dist_1gdrd03._.js:1945
[12627219ms] [LOG] [Fast Refresh] rebuilding @ http://localhost:3000/_next/static/chunks/node_modules_next_dist_1gdrd03._.js:1226
[12668661ms] [ERROR] ./packages/compiler/src/publisher/index.ts:1:1
Module not found: Can't resolve 'fs'
> 1 | import { writeFileSync, mkdirSync, existsSync, readFileSync } from 'fs'
    | ^^^^^^^^^^^^^^^^^^^^^^^^^^^^^^^^^^^^^^^^^^^^^^^^^^^^^^^^^^^^^^^^^^^^^^^
  2 | import { join } from 'path'
  3 | import { createHash } from 'crypto'
  4 | import type { CampusDocument } from '@navi/core'

Import traces:
  Client Component Browser:
    ./packages/compiler/src/publisher/index.ts [Client Component Browser]
    ./packages/compiler/src/index.ts [Client Component Browser]
    ./src/services/compiler-adapter.ts [Client Component Browser]
    ./src/components/studio/EditorBridge.tsx [Client Component Browser]
    ./src/components/studio/StudioWorkspace.tsx [Client Component Browser]
    ./src/app/(admin)/studio/[id]/edit/page.tsx [Client Component Browser]
    ./src/app/(admin)/studio/[id]/edit/page.tsx [Server Component]

  Client Component SSR:
    ./packages/compiler/src/publisher/index.ts [Client Component SSR]
    ./packages/compiler/src/index.ts [Client Component SSR]
    ./src/services/compiler-adapter.ts [Client Component SSR]
    ./src/components/studio/EditorBridge.tsx [Client Component SSR]
    ./src/components/studio/StudioWorkspace.tsx [Client Component SSR]
    ./src/app/(admin)/studio/[id]/edit/page.tsx [Client Component SSR]
    ./src/app/(admin)/studio/[id]/edit/page.tsx [Server Component]

https://nextjs.org/docs/messages/module-not-found @ http://localhost:3000/_next/static/chunks/node_modules_next_dist_1gdrd03._.js:1945
[12668685ms] [LOG] [Fast Refresh] rebuilding @ http://localhost:3000/_next/static/chunks/node_modules_next_dist_1gdrd03._.js:1226
[12668811ms] [ERROR] ./packages/compiler/src/publisher/index.ts:1:1
Module not found: Can't resolve 'fs'
> 1 | import { writeFileSync, mkdirSync, existsSync, readFileSync } from 'fs'
    | ^^^^^^^^^^^^^^^^^^^^^^^^^^^^^^^^^^^^^^^^^^^^^^^^^^^^^^^^^^^^^^^^^^^^^^^
  2 | import { join } from 'path'
  3 | import { createHash } from 'crypto'
  4 | import type { CampusDocument } from '@navi/core'

Import traces:
  Client Component Browser:
    ./packages/compiler/src/publisher/index.ts [Client Component Browser]
    ./packages/compiler/src/index.ts [Client Component Browser]
    ./src/services/compiler-adapter.ts [Client Component Browser]
    ./src/components/studio/EditorBridge.tsx [Client Component Browser]
    ./src/components/studio/StudioWorkspace.tsx [Client Component Browser]
    ./src/app/(admin)/studio/[id]/edit/page.tsx [Client Component Browser]
    ./src/app/(admin)/studio/[id]/edit/page.tsx [Server Component]

  Client Component SSR:
    ./packages/compiler/src/publisher/index.ts [Client Component SSR]
    ./packages/compiler/src/index.ts [Client Component SSR]
    ./src/services/compiler-adapter.ts [Client Component SSR]
    ./src/components/studio/EditorBridge.tsx [Client Component SSR]
    ./src/components/studio/StudioWorkspace.tsx [Client Component SSR]
    ./src/app/(admin)/studio/[id]/edit/page.tsx [Client Component SSR]
    ./src/app/(admin)/studio/[id]/edit/page.tsx [Server Component]

https://nextjs.org/docs/messages/module-not-found @ http://localhost:3000/_next/static/chunks/node_modules_next_dist_1gdrd03._.js:1945
[12668844ms] [LOG] [Fast Refresh] rebuilding @ http://localhost:3000/_next/static/chunks/node_modules_next_dist_1gdrd03._.js:1226
[12669012ms] [ERROR] ./packages/compiler/src/publisher/index.ts:1:1
Module not found: Can't resolve 'fs'
> 1 | import { writeFileSync, mkdirSync, existsSync, readFileSync } from 'fs'
    | ^^^^^^^^^^^^^^^^^^^^^^^^^^^^^^^^^^^^^^^^^^^^^^^^^^^^^^^^^^^^^^^^^^^^^^^
  2 | import { join } from 'path'
  3 | import { createHash } from 'crypto'
  4 | import type { CampusDocument } from '@navi/core'

Import traces:
  Client Component Browser:
    ./packages/compiler/src/publisher/index.ts [Client Component Browser]
    ./packages/compiler/src/index.ts [Client Component Browser]
    ./src/services/compiler-adapter.ts [Client Component Browser]
    ./src/components/studio/EditorBridge.tsx [Client Component Browser]
    ./src/components/studio/StudioWorkspace.tsx [Client Component Browser]
    ./src/app/(admin)/studio/[id]/edit/page.tsx [Client Component Browser]
    ./src/app/(admin)/studio/[id]/edit/page.tsx [Server Component]

  Client Component SSR:
    ./packages/compiler/src/publisher/index.ts [Client Component SSR]
    ./packages/compiler/src/index.ts [Client Component SSR]
    ./src/services/compiler-adapter.ts [Client Component SSR]
    ./src/components/studio/EditorBridge.tsx [Client Component SSR]
    ./src/components/studio/StudioWorkspace.tsx [Client Component SSR]
    ./src/app/(admin)/studio/[id]/edit/page.tsx [Client Component SSR]
    ./src/app/(admin)/studio/[id]/edit/page.tsx [Server Component]

https://nextjs.org/docs/messages/module-not-found @ http://localhost:3000/_next/static/chunks/node_modules_next_dist_1gdrd03._.js:1945
[12669053ms] [LOG] [Fast Refresh] rebuilding @ http://localhost:3000/_next/static/chunks/node_modules_next_dist_1gdrd03._.js:1226
[12669178ms] [ERROR] ./packages/compiler/src/publisher/index.ts:1:1
Module not found: Can't resolve 'fs'
> 1 | import { writeFileSync, mkdirSync, existsSync, readFileSync } from 'fs'
    | ^^^^^^^^^^^^^^^^^^^^^^^^^^^^^^^^^^^^^^^^^^^^^^^^^^^^^^^^^^^^^^^^^^^^^^^
  2 | import { join } from 'path'
  3 | import { createHash } from 'crypto'
  4 | import type { CampusDocument } from '@navi/core'

Import traces:
  Client Component Browser:
    ./packages/compiler/src/publisher/index.ts [Client Component Browser]
    ./packages/compiler/src/index.ts [Client Component Browser]
    ./src/services/compiler-adapter.ts [Client Component Browser]
    ./src/components/studio/EditorBridge.tsx [Client Component Browser]
    ./src/components/studio/StudioWorkspace.tsx [Client Component Browser]
    ./src/app/(admin)/studio/[id]/edit/page.tsx [Client Component Browser]
    ./src/app/(admin)/studio/[id]/edit/page.tsx [Server Component]

  Client Component SSR:
    ./packages/compiler/src/publisher/index.ts [Client Component SSR]
    ./packages/compiler/src/index.ts [Client Component SSR]
    ./src/services/compiler-adapter.ts [Client Component SSR]
    ./src/components/studio/EditorBridge.tsx [Client Component SSR]
    ./src/components/studio/StudioWorkspace.tsx [Client Component SSR]
    ./src/app/(admin)/studio/[id]/edit/page.tsx [Client Component SSR]
    ./src/app/(admin)/studio/[id]/edit/page.tsx [Server Component]

https://nextjs.org/docs/messages/module-not-found @ http://localhost:3000/_next/static/chunks/node_modules_next_dist_1gdrd03._.js:1945
[12669213ms] [LOG] [Fast Refresh] rebuilding @ http://localhost:3000/_next/static/chunks/node_modules_next_dist_1gdrd03._.js:1226
[12669653ms] [ERROR] ./packages/compiler/src/publisher/index.ts:1:1
Module not found: Can't resolve 'fs'
> 1 | import { writeFileSync, mkdirSync, existsSync, readFileSync } from 'fs'
    | ^^^^^^^^^^^^^^^^^^^^^^^^^^^^^^^^^^^^^^^^^^^^^^^^^^^^^^^^^^^^^^^^^^^^^^^
  2 | import { join } from 'path'
  3 | import { createHash } from 'crypto'
  4 | import type { CampusDocument } from '@navi/core'

Import traces:
  Client Component Browser:
    ./packages/compiler/src/publisher/index.ts [Client Component Browser]
    ./packages/compiler/src/index.ts [Client Component Browser]
    ./src/services/compiler-adapter.ts [Client Component Browser]
    ./src/components/studio/EditorBridge.tsx [Client Component Browser]
    ./src/components/studio/StudioWorkspace.tsx [Client Component Browser]
    ./src/app/(admin)/studio/[id]/edit/page.tsx [Client Component Browser]
    ./src/app/(admin)/studio/[id]/edit/page.tsx [Server Component]

  Client Component SSR:
    ./packages/compiler/src/publisher/index.ts [Client Component SSR]
    ./packages/compiler/src/index.ts [Client Component SSR]
    ./src/services/compiler-adapter.ts [Client Component SSR]
    ./src/components/studio/EditorBridge.tsx [Client Component SSR]
    ./src/components/studio/StudioWorkspace.tsx [Client Component SSR]
    ./src/app/(admin)/studio/[id]/edit/page.tsx [Client Component SSR]
    ./src/app/(admin)/studio/[id]/edit/page.tsx [Server Component]

https://nextjs.org/docs/messages/module-not-found @ http://localhost:3000/_next/static/chunks/node_modules_next_dist_1gdrd03._.js:1945
[12669710ms] [LOG] [Fast Refresh] rebuilding @ http://localhost:3000/_next/static/chunks/node_modules_next_dist_1gdrd03._.js:1226
[12669819ms] [ERROR] ./packages/compiler/src/publisher/index.ts:1:1
Module not found: Can't resolve 'fs'
> 1 | import { writeFileSync, mkdirSync, existsSync, readFileSync } from 'fs'
    | ^^^^^^^^^^^^^^^^^^^^^^^^^^^^^^^^^^^^^^^^^^^^^^^^^^^^^^^^^^^^^^^^^^^^^^^
  2 | import { join } from 'path'
  3 | import { createHash } from 'crypto'
  4 | import type { CampusDocument } from '@navi/core'

Import traces:
  Client Component Browser:
    ./packages/compiler/src/publisher/index.ts [Client Component Browser]
    ./packages/compiler/src/index.ts [Client Component Browser]
    ./src/services/compiler-adapter.ts [Client Component Browser]
    ./src/components/studio/EditorBridge.tsx [Client Component Browser]
    ./src/components/studio/StudioWorkspace.tsx [Client Component Browser]
    ./src/app/(admin)/studio/[id]/edit/page.tsx [Client Component Browser]
    ./src/app/(admin)/studio/[id]/edit/page.tsx [Server Component]

  Client Component SSR:
    ./packages/compiler/src/publisher/index.ts [Client Component SSR]
    ./packages/compiler/src/index.ts [Client Component SSR]
    ./src/services/compiler-adapter.ts [Client Component SSR]
    ./src/components/studio/EditorBridge.tsx [Client Component SSR]
    ./src/components/studio/StudioWorkspace.tsx [Client Component SSR]
    ./src/app/(admin)/studio/[id]/edit/page.tsx [Client Component SSR]
    ./src/app/(admin)/studio/[id]/edit/page.tsx [Server Component]

https://nextjs.org/docs/messages/module-not-found @ http://localhost:3000/_next/static/chunks/node_modules_next_dist_1gdrd03._.js:1945
[12669852ms] [LOG] [Fast Refresh] rebuilding @ http://localhost:3000/_next/static/chunks/node_modules_next_dist_1gdrd03._.js:1226
[12675487ms] [ERROR] ./packages/compiler/src/publisher/index.ts:1:1
Module not found: Can't resolve 'fs'
> 1 | import { writeFileSync, mkdirSync, existsSync, readFileSync } from 'fs'
    | ^^^^^^^^^^^^^^^^^^^^^^^^^^^^^^^^^^^^^^^^^^^^^^^^^^^^^^^^^^^^^^^^^^^^^^^
  2 | import { join } from 'path'
  3 | import { createHash } from 'crypto'
  4 | import type { CampusDocument } from '@navi/core'

Import traces:
  Client Component Browser:
    ./packages/compiler/src/publisher/index.ts [Client Component Browser]
    ./packages/compiler/src/index.ts [Client Component Browser]
    ./src/services/compiler-adapter.ts [Client Component Browser]
    ./src/components/studio/EditorBridge.tsx [Client Component Browser]
    ./src/components/studio/StudioWorkspace.tsx [Client Component Browser]
    ./src/app/(admin)/studio/[id]/edit/page.tsx [Client Component Browser]
    ./src/app/(admin)/studio/[id]/edit/page.tsx [Server Component]

  Client Component SSR:
    ./packages/compiler/src/publisher/index.ts [Client Component SSR]
    ./packages/compiler/src/index.ts [Client Component SSR]
    ./src/services/compiler-adapter.ts [Client Component SSR]
    ./src/components/studio/EditorBridge.tsx [Client Component SSR]
    ./src/components/studio/StudioWorkspace.tsx [Client Component SSR]
    ./src/app/(admin)/studio/[id]/edit/page.tsx [Client Component SSR]
    ./src/app/(admin)/studio/[id]/edit/page.tsx [Server Component]

https://nextjs.org/docs/messages/module-not-found @ http://localhost:3000/_next/static/chunks/node_modules_next_dist_1gdrd03._.js:1945
[12675511ms] [LOG] [Fast Refresh] rebuilding @ http://localhost:3000/_next/static/chunks/node_modules_next_dist_1gdrd03._.js:1226
[12675653ms] [ERROR] ./packages/compiler/src/publisher/index.ts:1:1
Module not found: Can't resolve 'fs'
> 1 | import { writeFileSync, mkdirSync, existsSync, readFileSync } from 'fs'
    | ^^^^^^^^^^^^^^^^^^^^^^^^^^^^^^^^^^^^^^^^^^^^^^^^^^^^^^^^^^^^^^^^^^^^^^^
  2 | import { join } from 'path'
  3 | import { createHash } from 'crypto'
  4 | import type { CampusDocument } from '@navi/core'

Import traces:
  Client Component Browser:
    ./packages/compiler/src/publisher/index.ts [Client Component Browser]
    ./packages/compiler/src/index.ts [Client Component Browser]
    ./src/services/compiler-adapter.ts [Client Component Browser]
    ./src/components/studio/EditorBridge.tsx [Client Component Browser]
    ./src/components/studio/StudioWorkspace.tsx [Client Component Browser]
    ./src/app/(admin)/studio/[id]/edit/page.tsx [Client Component Browser]
    ./src/app/(admin)/studio/[id]/edit/page.tsx [Server Component]

  Client Component SSR:
    ./packages/compiler/src/publisher/index.ts [Client Component SSR]
    ./packages/compiler/src/index.ts [Client Component SSR]
    ./src/services/compiler-adapter.ts [Client Component SSR]
    ./src/components/studio/EditorBridge.tsx [Client Component SSR]
    ./src/components/studio/StudioWorkspace.tsx [Client Component SSR]
    ./src/app/(admin)/studio/[id]/edit/page.tsx [Client Component SSR]
    ./src/app/(admin)/studio/[id]/edit/page.tsx [Server Component]

https://nextjs.org/docs/messages/module-not-found @ http://localhost:3000/_next/static/chunks/node_modules_next_dist_1gdrd03._.js:1945
[12675694ms] [LOG] [Fast Refresh] rebuilding @ http://localhost:3000/_next/static/chunks/node_modules_next_dist_1gdrd03._.js:1226
[12675869ms] [ERROR] ./packages/compiler/src/publisher/index.ts:1:1
Module not found: Can't resolve 'fs'
> 1 | import { writeFileSync, mkdirSync, existsSync, readFileSync } from 'fs'
    | ^^^^^^^^^^^^^^^^^^^^^^^^^^^^^^^^^^^^^^^^^^^^^^^^^^^^^^^^^^^^^^^^^^^^^^^
  2 | import { join } from 'path'
  3 | import { createHash } from 'crypto'
  4 | import type { CampusDocument } from '@navi/core'

Import traces:
  Client Component Browser:
    ./packages/compiler/src/publisher/index.ts [Client Component Browser]
    ./packages/compiler/src/index.ts [Client Component Browser]
    ./src/services/compiler-adapter.ts [Client Component Browser]
    ./src/components/studio/EditorBridge.tsx [Client Component Browser]
    ./src/components/studio/StudioWorkspace.tsx [Client Component Browser]
    ./src/app/(admin)/studio/[id]/edit/page.tsx [Client Component Browser]
    ./src/app/(admin)/studio/[id]/edit/page.tsx [Server Component]

  Client Component SSR:
    ./packages/compiler/src/publisher/index.ts [Client Component SSR]
    ./packages/compiler/src/index.ts [Client Component SSR]
    ./src/services/compiler-adapter.ts [Client Component SSR]
    ./src/components/studio/EditorBridge.tsx [Client Component SSR]
    ./src/components/studio/StudioWorkspace.tsx [Client Component SSR]
    ./src/app/(admin)/studio/[id]/edit/page.tsx [Client Component SSR]
    ./src/app/(admin)/studio/[id]/edit/page.tsx [Server Component]

https://nextjs.org/docs/messages/module-not-found @ http://localhost:3000/_next/static/chunks/node_modules_next_dist_1gdrd03._.js:1945
[12675894ms] [LOG] [Fast Refresh] rebuilding @ http://localhost:3000/_next/static/chunks/node_modules_next_dist_1gdrd03._.js:1226
[12676029ms] [ERROR] ./packages/compiler/src/publisher/index.ts:1:1
Module not found: Can't resolve 'fs'
> 1 | import { writeFileSync, mkdirSync, existsSync, readFileSync } from 'fs'
    | ^^^^^^^^^^^^^^^^^^^^^^^^^^^^^^^^^^^^^^^^^^^^^^^^^^^^^^^^^^^^^^^^^^^^^^^
  2 | import { join } from 'path'
  3 | import { createHash } from 'crypto'
  4 | import type { CampusDocument } from '@navi/core'

Import traces:
  Client Component Browser:
    ./packages/compiler/src/publisher/index.ts [Client Component Browser]
    ./packages/compiler/src/index.ts [Client Component Browser]
    ./src/services/compiler-adapter.ts [Client Component Browser]
    ./src/components/studio/EditorBridge.tsx [Client Component Browser]
    ./src/components/studio/StudioWorkspace.tsx [Client Component Browser]
    ./src/app/(admin)/studio/[id]/edit/page.tsx [Client Component Browser]
    ./src/app/(admin)/studio/[id]/edit/page.tsx [Server Component]

  Client Component SSR:
    ./packages/compiler/src/publisher/index.ts [Client Component SSR]
    ./packages/compiler/src/index.ts [Client Component SSR]
    ./src/services/compiler-adapter.ts [Client Component SSR]
    ./src/components/studio/EditorBridge.tsx [Client Component SSR]
    ./src/components/studio/StudioWorkspace.tsx [Client Component SSR]
    ./src/app/(admin)/studio/[id]/edit/page.tsx [Client Component SSR]
    ./src/app/(admin)/studio/[id]/edit/page.tsx [Server Component]

https://nextjs.org/docs/messages/module-not-found @ http://localhost:3000/_next/static/chunks/node_modules_next_dist_1gdrd03._.js:1945
[12676053ms] [LOG] [Fast Refresh] rebuilding @ http://localhost:3000/_next/static/chunks/node_modules_next_dist_1gdrd03._.js:1226
[12676470ms] [ERROR] ./packages/compiler/src/publisher/index.ts:1:1
Module not found: Can't resolve 'fs'
> 1 | import { writeFileSync, mkdirSync, existsSync, readFileSync } from 'fs'
    | ^^^^^^^^^^^^^^^^^^^^^^^^^^^^^^^^^^^^^^^^^^^^^^^^^^^^^^^^^^^^^^^^^^^^^^^
  2 | import { join } from 'path'
  3 | import { createHash } from 'crypto'
  4 | import type { CampusDocument } from '@navi/core'

Import traces:
  Client Component Browser:
    ./packages/compiler/src/publisher/index.ts [Client Component Browser]
    ./packages/compiler/src/index.ts [Client Component Browser]
    ./src/services/compiler-adapter.ts [Client Component Browser]
    ./src/components/studio/EditorBridge.tsx [Client Component Browser]
    ./src/components/studio/StudioWorkspace.tsx [Client Component Browser]
    ./src/app/(admin)/studio/[id]/edit/page.tsx [Client Component Browser]
    ./src/app/(admin)/studio/[id]/edit/page.tsx [Server Component]

  Client Component SSR:
    ./packages/compiler/src/publisher/index.ts [Client Component SSR]
    ./packages/compiler/src/index.ts [Client Component SSR]
    ./src/services/compiler-adapter.ts [Client Component SSR]
    ./src/components/studio/EditorBridge.tsx [Client Component SSR]
    ./src/components/studio/StudioWorkspace.tsx [Client Component SSR]
    ./src/app/(admin)/studio/[id]/edit/page.tsx [Client Component SSR]
    ./src/app/(admin)/studio/[id]/edit/page.tsx [Server Component]

https://nextjs.org/docs/messages/module-not-found @ http://localhost:3000/_next/static/chunks/node_modules_next_dist_1gdrd03._.js:1945
[12676502ms] [LOG] [Fast Refresh] rebuilding @ http://localhost:3000/_next/static/chunks/node_modules_next_dist_1gdrd03._.js:1226
[12676645ms] [ERROR] ./packages/compiler/src/publisher/index.ts:1:1
Module not found: Can't resolve 'fs'
> 1 | import { writeFileSync, mkdirSync, existsSync, readFileSync } from 'fs'
    | ^^^^^^^^^^^^^^^^^^^^^^^^^^^^^^^^^^^^^^^^^^^^^^^^^^^^^^^^^^^^^^^^^^^^^^^
  2 | import { join } from 'path'
  3 | import { createHash } from 'crypto'
  4 | import type { CampusDocument } from '@navi/core'

Import traces:
  Client Component Browser:
    ./packages/compiler/src/publisher/index.ts [Client Component Browser]
    ./packages/compiler/src/index.ts [Client Component Browser]
    ./src/services/compiler-adapter.ts [Client Component Browser]
    ./src/components/studio/EditorBridge.tsx [Client Component Browser]
    ./src/components/studio/StudioWorkspace.tsx [Client Component Browser]
    ./src/app/(admin)/studio/[id]/edit/page.tsx [Client Component Browser]
    ./src/app/(admin)/studio/[id]/edit/page.tsx [Server Component]

  Client Component SSR:
    ./packages/compiler/src/publisher/index.ts [Client Component SSR]
    ./packages/compiler/src/index.ts [Client Component SSR]
    ./src/services/compiler-adapter.ts [Client Component SSR]
    ./src/components/studio/EditorBridge.tsx [Client Component SSR]
    ./src/components/studio/StudioWorkspace.tsx [Client Component SSR]
    ./src/app/(admin)/studio/[id]/edit/page.tsx [Client Component SSR]
    ./src/app/(admin)/studio/[id]/edit/page.tsx [Server Component]

https://nextjs.org/docs/messages/module-not-found @ http://localhost:3000/_next/static/chunks/node_modules_next_dist_1gdrd03._.js:1945
[12676669ms] [LOG] [Fast Refresh] rebuilding @ http://localhost:3000/_next/static/chunks/node_modules_next_dist_1gdrd03._.js:1226
[12680205ms] [ERROR] ./packages/compiler/src/publisher/index.ts:1:1
Module not found: Can't resolve 'fs'
> 1 | import { writeFileSync, mkdirSync, existsSync, readFileSync } from 'fs'
    | ^^^^^^^^^^^^^^^^^^^^^^^^^^^^^^^^^^^^^^^^^^^^^^^^^^^^^^^^^^^^^^^^^^^^^^^
  2 | import { join } from 'path'
  3 | import { createHash } from 'crypto'
  4 | import type { CampusDocument } from '@navi/core'

Import traces:
  Client Component Browser:
    ./packages/compiler/src/publisher/index.ts [Client Component Browser]
    ./packages/compiler/src/index.ts [Client Component Browser]
    ./src/services/compiler-adapter.ts [Client Component Browser]
    ./src/components/studio/EditorBridge.tsx [Client Component Browser]
    ./src/components/studio/StudioWorkspace.tsx [Client Component Browser]
    ./src/app/(admin)/studio/[id]/edit/page.tsx [Client Component Browser]
    ./src/app/(admin)/studio/[id]/edit/page.tsx [Server Component]

  Client Component SSR:
    ./packages/compiler/src/publisher/index.ts [Client Component SSR]
    ./packages/compiler/src/index.ts [Client Component SSR]
    ./src/services/compiler-adapter.ts [Client Component SSR]
    ./src/components/studio/EditorBridge.tsx [Client Component SSR]
    ./src/components/studio/StudioWorkspace.tsx [Client Component SSR]
    ./src/app/(admin)/studio/[id]/edit/page.tsx [Client Component SSR]
    ./src/app/(admin)/studio/[id]/edit/page.tsx [Server Component]

https://nextjs.org/docs/messages/module-not-found @ http://localhost:3000/_next/static/chunks/node_modules_next_dist_1gdrd03._.js:1945
[12680236ms] [LOG] [Fast Refresh] rebuilding @ http://localhost:3000/_next/static/chunks/node_modules_next_dist_1gdrd03._.js:1226
[12680370ms] [ERROR] ./packages/compiler/src/publisher/index.ts:1:1
Module not found: Can't resolve 'fs'
> 1 | import { writeFileSync, mkdirSync, existsSync, readFileSync } from 'fs'
    | ^^^^^^^^^^^^^^^^^^^^^^^^^^^^^^^^^^^^^^^^^^^^^^^^^^^^^^^^^^^^^^^^^^^^^^^
  2 | import { join } from 'path'
  3 | import { createHash } from 'crypto'
  4 | import type { CampusDocument } from '@navi/core'

Import traces:
  Client Component Browser:
    ./packages/compiler/src/publisher/index.ts [Client Component Browser]
    ./packages/compiler/src/index.ts [Client Component Browser]
    ./src/services/compiler-adapter.ts [Client Component Browser]
    ./src/components/studio/EditorBridge.tsx [Client Component Browser]
    ./src/components/studio/StudioWorkspace.tsx [Client Component Browser]
    ./src/app/(admin)/studio/[id]/edit/page.tsx [Client Component Browser]
    ./src/app/(admin)/studio/[id]/edit/page.tsx [Server Component]

  Client Component SSR:
    ./packages/compiler/src/publisher/index.ts [Client Component SSR]
    ./packages/compiler/src/index.ts [Client Component SSR]
    ./src/services/compiler-adapter.ts [Client Component SSR]
    ./src/components/studio/EditorBridge.tsx [Client Component SSR]
    ./src/components/studio/StudioWorkspace.tsx [Client Component SSR]
    ./src/app/(admin)/studio/[id]/edit/page.tsx [Client Component SSR]
    ./src/app/(admin)/studio/[id]/edit/page.tsx [Server Component]

https://nextjs.org/docs/messages/module-not-found @ http://localhost:3000/_next/static/chunks/node_modules_next_dist_1gdrd03._.js:1945
[12680401ms] [LOG] [Fast Refresh] rebuilding @ http://localhost:3000/_next/static/chunks/node_modules_next_dist_1gdrd03._.js:1226
[12680562ms] [ERROR] ./packages/compiler/src/publisher/index.ts:1:1
Module not found: Can't resolve 'fs'
> 1 | import { writeFileSync, mkdirSync, existsSync, readFileSync } from 'fs'
    | ^^^^^^^^^^^^^^^^^^^^^^^^^^^^^^^^^^^^^^^^^^^^^^^^^^^^^^^^^^^^^^^^^^^^^^^
  2 | import { join } from 'path'
  3 | import { createHash } from 'crypto'
  4 | import type { CampusDocument } from '@navi/core'

Import traces:
  Client Component Browser:
    ./packages/compiler/src/publisher/index.ts [Client Component Browser]
    ./packages/compiler/src/index.ts [Client Component Browser]
    ./src/services/compiler-adapter.ts [Client Component Browser]
    ./src/components/studio/EditorBridge.tsx [Client Component Browser]
    ./src/components/studio/StudioWorkspace.tsx [Client Component Browser]
    ./src/app/(admin)/studio/[id]/edit/page.tsx [Client Component Browser]
    ./src/app/(admin)/studio/[id]/edit/page.tsx [Server Component]

  Client Component SSR:
    ./packages/compiler/src/publisher/index.ts [Client Component SSR]
    ./packages/compiler/src/index.ts [Client Component SSR]
    ./src/services/compiler-adapter.ts [Client Component SSR]
    ./src/components/studio/EditorBridge.tsx [Client Component SSR]
    ./src/components/studio/StudioWorkspace.tsx [Client Component SSR]
    ./src/app/(admin)/studio/[id]/edit/page.tsx [Client Component SSR]
    ./src/app/(admin)/studio/[id]/edit/page.tsx [Server Component]

https://nextjs.org/docs/messages/module-not-found @ http://localhost:3000/_next/static/chunks/node_modules_next_dist_1gdrd03._.js:1945
[12680616ms] [LOG] [Fast Refresh] rebuilding @ http://localhost:3000/_next/static/chunks/node_modules_next_dist_1gdrd03._.js:1226
[12680745ms] [ERROR] ./packages/compiler/src/publisher/index.ts:1:1
Module not found: Can't resolve 'fs'
> 1 | import { writeFileSync, mkdirSync, existsSync, readFileSync } from 'fs'
    | ^^^^^^^^^^^^^^^^^^^^^^^^^^^^^^^^^^^^^^^^^^^^^^^^^^^^^^^^^^^^^^^^^^^^^^^
  2 | import { join } from 'path'
  3 | import { createHash } from 'crypto'
  4 | import type { CampusDocument } from '@navi/core'

Import traces:
  Client Component Browser:
    ./packages/compiler/src/publisher/index.ts [Client Component Browser]
    ./packages/compiler/src/index.ts [Client Component Browser]
    ./src/services/compiler-adapter.ts [Client Component Browser]
    ./src/components/studio/EditorBridge.tsx [Client Component Browser]
    ./src/components/studio/StudioWorkspace.tsx [Client Component Browser]
    ./src/app/(admin)/studio/[id]/edit/page.tsx [Client Component Browser]
    ./src/app/(admin)/studio/[id]/edit/page.tsx [Server Component]

  Client Component SSR:
    ./packages/compiler/src/publisher/index.ts [Client Component SSR]
    ./packages/compiler/src/index.ts [Client Component SSR]
    ./src/services/compiler-adapter.ts [Client Component SSR]
    ./src/components/studio/EditorBridge.tsx [Client Component SSR]
    ./src/components/studio/StudioWorkspace.tsx [Client Component SSR]
    ./src/app/(admin)/studio/[id]/edit/page.tsx [Client Component SSR]
    ./src/app/(admin)/studio/[id]/edit/page.tsx [Server Component]

https://nextjs.org/docs/messages/module-not-found @ http://localhost:3000/_next/static/chunks/node_modules_next_dist_1gdrd03._.js:1945
[12680777ms] [LOG] [Fast Refresh] rebuilding @ http://localhost:3000/_next/static/chunks/node_modules_next_dist_1gdrd03._.js:1226
[12681145ms] [ERROR] ./packages/compiler/src/publisher/index.ts:1:1
Module not found: Can't resolve 'fs'
> 1 | import { writeFileSync, mkdirSync, existsSync, readFileSync } from 'fs'
    | ^^^^^^^^^^^^^^^^^^^^^^^^^^^^^^^^^^^^^^^^^^^^^^^^^^^^^^^^^^^^^^^^^^^^^^^
  2 | import { join } from 'path'
  3 | import { createHash } from 'crypto'
  4 | import type { CampusDocument } from '@navi/core'

Import traces:
  Client Component Browser:
    ./packages/compiler/src/publisher/index.ts [Client Component Browser]
    ./packages/compiler/src/index.ts [Client Component Browser]
    ./src/services/compiler-adapter.ts [Client Component Browser]
    ./src/components/studio/EditorBridge.tsx [Client Component Browser]
    ./src/components/studio/StudioWorkspace.tsx [Client Component Browser]
    ./src/app/(admin)/studio/[id]/edit/page.tsx [Client Component Browser]
    ./src/app/(admin)/studio/[id]/edit/page.tsx [Server Component]

  Client Component SSR:
    ./packages/compiler/src/publisher/index.ts [Client Component SSR]
    ./packages/compiler/src/index.ts [Client Component SSR]
    ./src/services/compiler-adapter.ts [Client Component SSR]
    ./src/components/studio/EditorBridge.tsx [Client Component SSR]
    ./src/components/studio/StudioWorkspace.tsx [Client Component SSR]
    ./src/app/(admin)/studio/[id]/edit/page.tsx [Client Component SSR]
    ./src/app/(admin)/studio/[id]/edit/page.tsx [Server Component]

https://nextjs.org/docs/messages/module-not-found @ http://localhost:3000/_next/static/chunks/node_modules_next_dist_1gdrd03._.js:1945
[12681177ms] [LOG] [Fast Refresh] rebuilding @ http://localhost:3000/_next/static/chunks/node_modules_next_dist_1gdrd03._.js:1226
[12681304ms] [ERROR] ./packages/compiler/src/publisher/index.ts:1:1
Module not found: Can't resolve 'fs'
> 1 | import { writeFileSync, mkdirSync, existsSync, readFileSync } from 'fs'
    | ^^^^^^^^^^^^^^^^^^^^^^^^^^^^^^^^^^^^^^^^^^^^^^^^^^^^^^^^^^^^^^^^^^^^^^^
  2 | import { join } from 'path'
  3 | import { createHash } from 'crypto'
  4 | import type { CampusDocument } from '@navi/core'

Import traces:
  Client Component Browser:
    ./packages/compiler/src/publisher/index.ts [Client Component Browser]
    ./packages/compiler/src/index.ts [Client Component Browser]
    ./src/services/compiler-adapter.ts [Client Component Browser]
    ./src/components/studio/EditorBridge.tsx [Client Component Browser]
    ./src/components/studio/StudioWorkspace.tsx [Client Component Browser]
    ./src/app/(admin)/studio/[id]/edit/page.tsx [Client Component Browser]
    ./src/app/(admin)/studio/[id]/edit/page.tsx [Server Component]

  Client Component SSR:
    ./packages/compiler/src/publisher/index.ts [Client Component SSR]
    ./packages/compiler/src/index.ts [Client Component SSR]
    ./src/services/compiler-adapter.ts [Client Component SSR]
    ./src/components/studio/EditorBridge.tsx [Client Component SSR]
    ./src/components/studio/StudioWorkspace.tsx [Client Component SSR]
    ./src/app/(admin)/studio/[id]/edit/page.tsx [Client Component SSR]
    ./src/app/(admin)/studio/[id]/edit/page.tsx [Server Component]

https://nextjs.org/docs/messages/module-not-found @ http://localhost:3000/_next/static/chunks/node_modules_next_dist_1gdrd03._.js:1945
[12681336ms] [LOG] [Fast Refresh] rebuilding @ http://localhost:3000/_next/static/chunks/node_modules_next_dist_1gdrd03._.js:1226
[12684570ms] [ERROR] ./packages/compiler/src/publisher/index.ts:1:1
Module not found: Can't resolve 'fs'
> 1 | import { writeFileSync, mkdirSync, existsSync, readFileSync } from 'fs'
    | ^^^^^^^^^^^^^^^^^^^^^^^^^^^^^^^^^^^^^^^^^^^^^^^^^^^^^^^^^^^^^^^^^^^^^^^
  2 | import { join } from 'path'
  3 | import { createHash } from 'crypto'
  4 | import type { CampusDocument } from '@navi/core'

Import traces:
  Client Component Browser:
    ./packages/compiler/src/publisher/index.ts [Client Component Browser]
    ./packages/compiler/src/index.ts [Client Component Browser]
    ./src/services/compiler-adapter.ts [Client Component Browser]
    ./src/components/studio/EditorBridge.tsx [Client Component Browser]
    ./src/components/studio/StudioWorkspace.tsx [Client Component Browser]
    ./src/app/(admin)/studio/[id]/edit/page.tsx [Client Component Browser]
    ./src/app/(admin)/studio/[id]/edit/page.tsx [Server Component]

  Client Component SSR:
    ./packages/compiler/src/publisher/index.ts [Client Component SSR]
    ./packages/compiler/src/index.ts [Client Component SSR]
    ./src/services/compiler-adapter.ts [Client Component SSR]
    ./src/components/studio/EditorBridge.tsx [Client Component SSR]
    ./src/components/studio/StudioWorkspace.tsx [Client Component SSR]
    ./src/app/(admin)/studio/[id]/edit/page.tsx [Client Component SSR]
    ./src/app/(admin)/studio/[id]/edit/page.tsx [Server Component]

https://nextjs.org/docs/messages/module-not-found @ http://localhost:3000/_next/static/chunks/node_modules_next_dist_1gdrd03._.js:1945
[12684632ms] [LOG] [Fast Refresh] rebuilding @ http://localhost:3000/_next/static/chunks/node_modules_next_dist_1gdrd03._.js:1226
[12684812ms] [ERROR] ./packages/compiler/src/publisher/index.ts:1:1
Module not found: Can't resolve 'fs'
> 1 | import { writeFileSync, mkdirSync, existsSync, readFileSync } from 'fs'
    | ^^^^^^^^^^^^^^^^^^^^^^^^^^^^^^^^^^^^^^^^^^^^^^^^^^^^^^^^^^^^^^^^^^^^^^^
  2 | import { join } from 'path'
  3 | import { createHash } from 'crypto'
  4 | import type { CampusDocument } from '@navi/core'

Import traces:
  Client Component Browser:
    ./packages/compiler/src/publisher/index.ts [Client Component Browser]
    ./packages/compiler/src/index.ts [Client Component Browser]
    ./src/services/compiler-adapter.ts [Client Component Browser]
    ./src/components/studio/EditorBridge.tsx [Client Component Browser]
    ./src/components/studio/StudioWorkspace.tsx [Client Component Browser]
    ./src/app/(admin)/studio/[id]/edit/page.tsx [Client Component Browser]
    ./src/app/(admin)/studio/[id]/edit/page.tsx [Server Component]

  Client Component SSR:
    ./packages/compiler/src/publisher/index.ts [Client Component SSR]
    ./packages/compiler/src/index.ts [Client Component SSR]
    ./src/services/compiler-adapter.ts [Client Component SSR]
    ./src/components/studio/EditorBridge.tsx [Client Component SSR]
    ./src/components/studio/StudioWorkspace.tsx [Client Component SSR]
    ./src/app/(admin)/studio/[id]/edit/page.tsx [Client Component SSR]
    ./src/app/(admin)/studio/[id]/edit/page.tsx [Server Component]

https://nextjs.org/docs/messages/module-not-found @ http://localhost:3000/_next/static/chunks/node_modules_next_dist_1gdrd03._.js:1945
[12684836ms] [LOG] [Fast Refresh] rebuilding @ http://localhost:3000/_next/static/chunks/node_modules_next_dist_1gdrd03._.js:1226
[12684962ms] [ERROR] ./packages/compiler/src/publisher/index.ts:1:1
Module not found: Can't resolve 'fs'
> 1 | import { writeFileSync, mkdirSync, existsSync, readFileSync } from 'fs'
    | ^^^^^^^^^^^^^^^^^^^^^^^^^^^^^^^^^^^^^^^^^^^^^^^^^^^^^^^^^^^^^^^^^^^^^^^
  2 | import { join } from 'path'
  3 | import { createHash } from 'crypto'
  4 | import type { CampusDocument } from '@navi/core'

Import traces:
  Client Component Browser:
    ./packages/compiler/src/publisher/index.ts [Client Component Browser]
    ./packages/compiler/src/index.ts [Client Component Browser]
    ./src/services/compiler-adapter.ts [Client Component Browser]
    ./src/components/studio/EditorBridge.tsx [Client Component Browser]
    ./src/components/studio/StudioWorkspace.tsx [Client Component Browser]
    ./src/app/(admin)/studio/[id]/edit/page.tsx [Client Component Browser]
    ./src/app/(admin)/studio/[id]/edit/page.tsx [Server Component]

  Client Component SSR:
    ./packages/compiler/src/publisher/index.ts [Client Component SSR]
    ./packages/compiler/src/index.ts [Client Component SSR]
    ./src/services/compiler-adapter.ts [Client Component SSR]
    ./src/components/studio/EditorBridge.tsx [Client Component SSR]
    ./src/components/studio/StudioWorkspace.tsx [Client Component SSR]
    ./src/app/(admin)/studio/[id]/edit/page.tsx [Client Component SSR]
    ./src/app/(admin)/studio/[id]/edit/page.tsx [Server Component]

https://nextjs.org/docs/messages/module-not-found @ http://localhost:3000/_next/static/chunks/node_modules_next_dist_1gdrd03._.js:1945
[12684995ms] [LOG] [Fast Refresh] rebuilding @ http://localhost:3000/_next/static/chunks/node_modules_next_dist_1gdrd03._.js:1226
[12685173ms] [ERROR] ./packages/compiler/src/publisher/index.ts:1:1
Module not found: Can't resolve 'fs'
> 1 | import { writeFileSync, mkdirSync, existsSync, readFileSync } from 'fs'
    | ^^^^^^^^^^^^^^^^^^^^^^^^^^^^^^^^^^^^^^^^^^^^^^^^^^^^^^^^^^^^^^^^^^^^^^^
  2 | import { join } from 'path'
  3 | import { createHash } from 'crypto'
  4 | import type { CampusDocument } from '@navi/core'

Import traces:
  Client Component Browser:
    ./packages/compiler/src/publisher/index.ts [Client Component Browser]
    ./packages/compiler/src/index.ts [Client Component Browser]
    ./src/services/compiler-adapter.ts [Client Component Browser]
    ./src/components/studio/EditorBridge.tsx [Client Component Browser]
    ./src/components/studio/StudioWorkspace.tsx [Client Component Browser]
    ./src/app/(admin)/studio/[id]/edit/page.tsx [Client Component Browser]
    ./src/app/(admin)/studio/[id]/edit/page.tsx [Server Component]

  Client Component SSR:
    ./packages/compiler/src/publisher/index.ts [Client Component SSR]
    ./packages/compiler/src/index.ts [Client Component SSR]
    ./src/services/compiler-adapter.ts [Client Component SSR]
    ./src/components/studio/EditorBridge.tsx [Client Component SSR]
    ./src/components/studio/StudioWorkspace.tsx [Client Component SSR]
    ./src/app/(admin)/studio/[id]/edit/page.tsx [Client Component SSR]
    ./src/app/(admin)/studio/[id]/edit/page.tsx [Server Component]

https://nextjs.org/docs/messages/module-not-found @ http://localhost:3000/_next/static/chunks/node_modules_next_dist_1gdrd03._.js:1945
[12685203ms] [LOG] [Fast Refresh] rebuilding @ http://localhost:3000/_next/static/chunks/node_modules_next_dist_1gdrd03._.js:1226
[12685339ms] [ERROR] ./packages/compiler/src/publisher/index.ts:1:1
Module not found: Can't resolve 'fs'
> 1 | import { writeFileSync, mkdirSync, existsSync, readFileSync } from 'fs'
    | ^^^^^^^^^^^^^^^^^^^^^^^^^^^^^^^^^^^^^^^^^^^^^^^^^^^^^^^^^^^^^^^^^^^^^^^
  2 | import { join } from 'path'
  3 | import { createHash } from 'crypto'
  4 | import type { CampusDocument } from '@navi/core'

Import traces:
  Client Component Browser:
    ./packages/compiler/src/publisher/index.ts [Client Component Browser]
    ./packages/compiler/src/index.ts [Client Component Browser]
    ./src/services/compiler-adapter.ts [Client Component Browser]
    ./src/components/studio/EditorBridge.tsx [Client Component Browser]
    ./src/components/studio/StudioWorkspace.tsx [Client Component Browser]
    ./src/app/(admin)/studio/[id]/edit/page.tsx [Client Component Browser]
    ./src/app/(admin)/studio/[id]/edit/page.tsx [Server Component]

  Client Component SSR:
    ./packages/compiler/src/publisher/index.ts [Client Component SSR]
    ./packages/compiler/src/index.ts [Client Component SSR]
    ./src/services/compiler-adapter.ts [Client Component SSR]
    ./src/components/studio/EditorBridge.tsx [Client Component SSR]
    ./src/components/studio/StudioWorkspace.tsx [Client Component SSR]
    ./src/app/(admin)/studio/[id]/edit/page.tsx [Client Component SSR]
    ./src/app/(admin)/studio/[id]/edit/page.tsx [Server Component]

https://nextjs.org/docs/messages/module-not-found @ http://localhost:3000/_next/static/chunks/node_modules_next_dist_1gdrd03._.js:1945
[12685361ms] [LOG] [Fast Refresh] rebuilding @ http://localhost:3000/_next/static/chunks/node_modules_next_dist_1gdrd03._.js:1226
[12685787ms] [ERROR] ./packages/compiler/src/publisher/index.ts:1:1
Module not found: Can't resolve 'fs'
> 1 | import { writeFileSync, mkdirSync, existsSync, readFileSync } from 'fs'
    | ^^^^^^^^^^^^^^^^^^^^^^^^^^^^^^^^^^^^^^^^^^^^^^^^^^^^^^^^^^^^^^^^^^^^^^^
  2 | import { join } from 'path'
  3 | import { createHash } from 'crypto'
  4 | import type { CampusDocument } from '@navi/core'

Import traces:
  Client Component Browser:
    ./packages/compiler/src/publisher/index.ts [Client Component Browser]
    ./packages/compiler/src/index.ts [Client Component Browser]
    ./src/services/compiler-adapter.ts [Client Component Browser]
    ./src/components/studio/EditorBridge.tsx [Client Component Browser]
    ./src/components/studio/StudioWorkspace.tsx [Client Component Browser]
    ./src/app/(admin)/studio/[id]/edit/page.tsx [Client Component Browser]
    ./src/app/(admin)/studio/[id]/edit/page.tsx [Server Component]

  Client Component SSR:
    ./packages/compiler/src/publisher/index.ts [Client Component SSR]
    ./packages/compiler/src/index.ts [Client Component SSR]
    ./src/services/compiler-adapter.ts [Client Component SSR]
    ./src/components/studio/EditorBridge.tsx [Client Component SSR]
    ./src/components/studio/StudioWorkspace.tsx [Client Component SSR]
    ./src/app/(admin)/studio/[id]/edit/page.tsx [Client Component SSR]
    ./src/app/(admin)/studio/[id]/edit/page.tsx [Server Component]

https://nextjs.org/docs/messages/module-not-found @ http://localhost:3000/_next/static/chunks/node_modules_next_dist_1gdrd03._.js:1945
[12685811ms] [LOG] [Fast Refresh] rebuilding @ http://localhost:3000/_next/static/chunks/node_modules_next_dist_1gdrd03._.js:1226
[12685937ms] [ERROR] ./packages/compiler/src/publisher/index.ts:1:1
Module not found: Can't resolve 'fs'
> 1 | import { writeFileSync, mkdirSync, existsSync, readFileSync } from 'fs'
    | ^^^^^^^^^^^^^^^^^^^^^^^^^^^^^^^^^^^^^^^^^^^^^^^^^^^^^^^^^^^^^^^^^^^^^^^
  2 | import { join } from 'path'
  3 | import { createHash } from 'crypto'
  4 | import type { CampusDocument } from '@navi/core'

Import traces:
  Client Component Browser:
    ./packages/compiler/src/publisher/index.ts [Client Component Browser]
    ./packages/compiler/src/index.ts [Client Component Browser]
    ./src/services/compiler-adapter.ts [Client Component Browser]
    ./src/components/studio/EditorBridge.tsx [Client Component Browser]
    ./src/components/studio/StudioWorkspace.tsx [Client Component Browser]
    ./src/app/(admin)/studio/[id]/edit/page.tsx [Client Component Browser]
    ./src/app/(admin)/studio/[id]/edit/page.tsx [Server Component]

  Client Component SSR:
    ./packages/compiler/src/publisher/index.ts [Client Component SSR]
    ./packages/compiler/src/index.ts [Client Component SSR]
    ./src/services/compiler-adapter.ts [Client Component SSR]
    ./src/components/studio/EditorBridge.tsx [Client Component SSR]
    ./src/components/studio/StudioWorkspace.tsx [Client Component SSR]
    ./src/app/(admin)/studio/[id]/edit/page.tsx [Client Component SSR]
    ./src/app/(admin)/studio/[id]/edit/page.tsx [Server Component]

https://nextjs.org/docs/messages/module-not-found @ http://localhost:3000/_next/static/chunks/node_modules_next_dist_1gdrd03._.js:1945
[12685986ms] [LOG] [Fast Refresh] rebuilding @ http://localhost:3000/_next/static/chunks/node_modules_next_dist_1gdrd03._.js:1226
[12689904ms] [ERROR] ./packages/compiler/src/publisher/index.ts:1:1
Module not found: Can't resolve 'fs'
> 1 | import { writeFileSync, mkdirSync, existsSync, readFileSync } from 'fs'
    | ^^^^^^^^^^^^^^^^^^^^^^^^^^^^^^^^^^^^^^^^^^^^^^^^^^^^^^^^^^^^^^^^^^^^^^^
  2 | import { join } from 'path'
  3 | import { createHash } from 'crypto'
  4 | import type { CampusDocument } from '@navi/core'

Import traces:
  Client Component Browser:
    ./packages/compiler/src/publisher/index.ts [Client Component Browser]
    ./packages/compiler/src/index.ts [Client Component Browser]
    ./src/services/compiler-adapter.ts [Client Component Browser]
    ./src/components/studio/EditorBridge.tsx [Client Component Browser]
    ./src/components/studio/StudioWorkspace.tsx [Client Component Browser]
    ./src/app/(admin)/studio/[id]/edit/page.tsx [Client Component Browser]
    ./src/app/(admin)/studio/[id]/edit/page.tsx [Server Component]

  Client Component SSR:
    ./packages/compiler/src/publisher/index.ts [Client Component SSR]
    ./packages/compiler/src/index.ts [Client Component SSR]
    ./src/services/compiler-adapter.ts [Client Component SSR]
    ./src/components/studio/EditorBridge.tsx [Client Component SSR]
    ./src/components/studio/StudioWorkspace.tsx [Client Component SSR]
    ./src/app/(admin)/studio/[id]/edit/page.tsx [Client Component SSR]
    ./src/app/(admin)/studio/[id]/edit/page.tsx [Server Component]

https://nextjs.org/docs/messages/module-not-found @ http://localhost:3000/_next/static/chunks/node_modules_next_dist_1gdrd03._.js:1945
[12689969ms] [LOG] [Fast Refresh] rebuilding @ http://localhost:3000/_next/static/chunks/node_modules_next_dist_1gdrd03._.js:1226
[12690154ms] [ERROR] ./packages/compiler/src/publisher/index.ts:1:1
Module not found: Can't resolve 'fs'
> 1 | import { writeFileSync, mkdirSync, existsSync, readFileSync } from 'fs'
    | ^^^^^^^^^^^^^^^^^^^^^^^^^^^^^^^^^^^^^^^^^^^^^^^^^^^^^^^^^^^^^^^^^^^^^^^
  2 | import { join } from 'path'
  3 | import { createHash } from 'crypto'
  4 | import type { CampusDocument } from '@navi/core'

Import traces:
  Client Component Browser:
    ./packages/compiler/src/publisher/index.ts [Client Component Browser]
    ./packages/compiler/src/index.ts [Client Component Browser]
    ./src/services/compiler-adapter.ts [Client Component Browser]
    ./src/components/studio/EditorBridge.tsx [Client Component Browser]
    ./src/components/studio/StudioWorkspace.tsx [Client Component Browser]
    ./src/app/(admin)/studio/[id]/edit/page.tsx [Client Component Browser]
    ./src/app/(admin)/studio/[id]/edit/page.tsx [Server Component]

  Client Component SSR:
    ./packages/compiler/src/publisher/index.ts [Client Component SSR]
    ./packages/compiler/src/index.ts [Client Component SSR]
    ./src/services/compiler-adapter.ts [Client Component SSR]
    ./src/components/studio/EditorBridge.tsx [Client Component SSR]
    ./src/components/studio/StudioWorkspace.tsx [Client Component SSR]
    ./src/app/(admin)/studio/[id]/edit/page.tsx [Client Component SSR]
    ./src/app/(admin)/studio/[id]/edit/page.tsx [Server Component]

https://nextjs.org/docs/messages/module-not-found @ http://localhost:3000/_next/static/chunks/node_modules_next_dist_1gdrd03._.js:1945
[12690193ms] [LOG] [Fast Refresh] rebuilding @ http://localhost:3000/_next/static/chunks/node_modules_next_dist_1gdrd03._.js:1226
[12690321ms] [ERROR] ./packages/compiler/src/publisher/index.ts:1:1
Module not found: Can't resolve 'fs'
> 1 | import { writeFileSync, mkdirSync, existsSync, readFileSync } from 'fs'
    | ^^^^^^^^^^^^^^^^^^^^^^^^^^^^^^^^^^^^^^^^^^^^^^^^^^^^^^^^^^^^^^^^^^^^^^^
  2 | import { join } from 'path'
  3 | import { createHash } from 'crypto'
  4 | import type { CampusDocument } from '@navi/core'

Import traces:
  Client Component Browser:
    ./packages/compiler/src/publisher/index.ts [Client Component Browser]
    ./packages/compiler/src/index.ts [Client Component Browser]
    ./src/services/compiler-adapter.ts [Client Component Browser]
    ./src/components/studio/EditorBridge.tsx [Client Component Browser]
    ./src/components/studio/StudioWorkspace.tsx [Client Component Browser]
    ./src/app/(admin)/studio/[id]/edit/page.tsx [Client Component Browser]
    ./src/app/(admin)/studio/[id]/edit/page.tsx [Server Component]

  Client Component SSR:
    ./packages/compiler/src/publisher/index.ts [Client Component SSR]
    ./packages/compiler/src/index.ts [Client Component SSR]
    ./src/services/compiler-adapter.ts [Client Component SSR]
    ./src/components/studio/EditorBridge.tsx [Client Component SSR]
    ./src/components/studio/StudioWorkspace.tsx [Client Component SSR]
    ./src/app/(admin)/studio/[id]/edit/page.tsx [Client Component SSR]
    ./src/app/(admin)/studio/[id]/edit/page.tsx [Server Component]

https://nextjs.org/docs/messages/module-not-found @ http://localhost:3000/_next/static/chunks/node_modules_next_dist_1gdrd03._.js:1945
[12690355ms] [LOG] [Fast Refresh] rebuilding @ http://localhost:3000/_next/static/chunks/node_modules_next_dist_1gdrd03._.js:1226
[12690504ms] [ERROR] ./packages/compiler/src/publisher/index.ts:1:1
Module not found: Can't resolve 'fs'
> 1 | import { writeFileSync, mkdirSync, existsSync, readFileSync } from 'fs'
    | ^^^^^^^^^^^^^^^^^^^^^^^^^^^^^^^^^^^^^^^^^^^^^^^^^^^^^^^^^^^^^^^^^^^^^^^
  2 | import { join } from 'path'
  3 | import { createHash } from 'crypto'
  4 | import type { CampusDocument } from '@navi/core'

Import traces:
  Client Component Browser:
    ./packages/compiler/src/publisher/index.ts [Client Component Browser]
    ./packages/compiler/src/index.ts [Client Component Browser]
    ./src/services/compiler-adapter.ts [Client Component Browser]
    ./src/components/studio/EditorBridge.tsx [Client Component Browser]
    ./src/components/studio/StudioWorkspace.tsx [Client Component Browser]
    ./src/app/(admin)/studio/[id]/edit/page.tsx [Client Component Browser]
    ./src/app/(admin)/studio/[id]/edit/page.tsx [Server Component]

  Client Component SSR:
    ./packages/compiler/src/publisher/index.ts [Client Component SSR]
    ./packages/compiler/src/index.ts [Client Component SSR]
    ./src/services/compiler-adapter.ts [Client Component SSR]
    ./src/components/studio/EditorBridge.tsx [Client Component SSR]
    ./src/components/studio/StudioWorkspace.tsx [Client Component SSR]
    ./src/app/(admin)/studio/[id]/edit/page.tsx [Client Component SSR]
    ./src/app/(admin)/studio/[id]/edit/page.tsx [Server Component]

https://nextjs.org/docs/messages/module-not-found @ http://localhost:3000/_next/static/chunks/node_modules_next_dist_1gdrd03._.js:1945
[12690536ms] [LOG] [Fast Refresh] rebuilding @ http://localhost:3000/_next/static/chunks/node_modules_next_dist_1gdrd03._.js:1226
[12690662ms] [ERROR] ./packages/compiler/src/publisher/index.ts:1:1
Module not found: Can't resolve 'fs'
> 1 | import { writeFileSync, mkdirSync, existsSync, readFileSync } from 'fs'
    | ^^^^^^^^^^^^^^^^^^^^^^^^^^^^^^^^^^^^^^^^^^^^^^^^^^^^^^^^^^^^^^^^^^^^^^^
  2 | import { join } from 'path'
  3 | import { createHash } from 'crypto'
  4 | import type { CampusDocument } from '@navi/core'

Import traces:
  Client Component Browser:
    ./packages/compiler/src/publisher/index.ts [Client Component Browser]
    ./packages/compiler/src/index.ts [Client Component Browser]
    ./src/services/compiler-adapter.ts [Client Component Browser]
    ./src/components/studio/EditorBridge.tsx [Client Component Browser]
    ./src/components/studio/StudioWorkspace.tsx [Client Component Browser]
    ./src/app/(admin)/studio/[id]/edit/page.tsx [Client Component Browser]
    ./src/app/(admin)/studio/[id]/edit/page.tsx [Server Component]

  Client Component SSR:
    ./packages/compiler/src/publisher/index.ts [Client Component SSR]
    ./packages/compiler/src/index.ts [Client Component SSR]
    ./src/services/compiler-adapter.ts [Client Component SSR]
    ./src/components/studio/EditorBridge.tsx [Client Component SSR]
    ./src/components/studio/StudioWorkspace.tsx [Client Component SSR]
    ./src/app/(admin)/studio/[id]/edit/page.tsx [Client Component SSR]
    ./src/app/(admin)/studio/[id]/edit/page.tsx [Server Component]

https://nextjs.org/docs/messages/module-not-found @ http://localhost:3000/_next/static/chunks/node_modules_next_dist_1gdrd03._.js:1945
[12690694ms] [LOG] [Fast Refresh] rebuilding @ http://localhost:3000/_next/static/chunks/node_modules_next_dist_1gdrd03._.js:1226
[12691054ms] [ERROR] ./packages/compiler/src/publisher/index.ts:1:1
Module not found: Can't resolve 'fs'
> 1 | import { writeFileSync, mkdirSync, existsSync, readFileSync } from 'fs'
    | ^^^^^^^^^^^^^^^^^^^^^^^^^^^^^^^^^^^^^^^^^^^^^^^^^^^^^^^^^^^^^^^^^^^^^^^
  2 | import { join } from 'path'
  3 | import { createHash } from 'crypto'
  4 | import type { CampusDocument } from '@navi/core'

Import traces:
  Client Component Browser:
    ./packages/compiler/src/publisher/index.ts [Client Component Browser]
    ./packages/compiler/src/index.ts [Client Component Browser]
    ./src/services/compiler-adapter.ts [Client Component Browser]
    ./src/components/studio/EditorBridge.tsx [Client Component Browser]
    ./src/components/studio/StudioWorkspace.tsx [Client Component Browser]
    ./src/app/(admin)/studio/[id]/edit/page.tsx [Client Component Browser]
    ./src/app/(admin)/studio/[id]/edit/page.tsx [Server Component]

  Client Component SSR:
    ./packages/compiler/src/publisher/index.ts [Client Component SSR]
    ./packages/compiler/src/index.ts [Client Component SSR]
    ./src/services/compiler-adapter.ts [Client Component SSR]
    ./src/components/studio/EditorBridge.tsx [Client Component SSR]
    ./src/components/studio/StudioWorkspace.tsx [Client Component SSR]
    ./src/app/(admin)/studio/[id]/edit/page.tsx [Client Component SSR]
    ./src/app/(admin)/studio/[id]/edit/page.tsx [Server Component]

https://nextjs.org/docs/messages/module-not-found @ http://localhost:3000/_next/static/chunks/node_modules_next_dist_1gdrd03._.js:1945
[12691103ms] [LOG] [Fast Refresh] rebuilding @ http://localhost:3000/_next/static/chunks/node_modules_next_dist_1gdrd03._.js:1226
[12691229ms] [ERROR] ./packages/compiler/src/publisher/index.ts:1:1
Module not found: Can't resolve 'fs'
> 1 | import { writeFileSync, mkdirSync, existsSync, readFileSync } from 'fs'
    | ^^^^^^^^^^^^^^^^^^^^^^^^^^^^^^^^^^^^^^^^^^^^^^^^^^^^^^^^^^^^^^^^^^^^^^^
  2 | import { join } from 'path'
  3 | import { createHash } from 'crypto'
  4 | import type { CampusDocument } from '@navi/core'

Import traces:
  Client Component Browser:
    ./packages/compiler/src/publisher/index.ts [Client Component Browser]
    ./packages/compiler/src/index.ts [Client Component Browser]
    ./src/services/compiler-adapter.ts [Client Component Browser]
    ./src/components/studio/EditorBridge.tsx [Client Component Browser]
    ./src/components/studio/StudioWorkspace.tsx [Client Component Browser]
    ./src/app/(admin)/studio/[id]/edit/page.tsx [Client Component Browser]
    ./src/app/(admin)/studio/[id]/edit/page.tsx [Server Component]

  Client Component SSR:
    ./packages/compiler/src/publisher/index.ts [Client Component SSR]
    ./packages/compiler/src/index.ts [Client Component SSR]
    ./src/services/compiler-adapter.ts [Client Component SSR]
    ./src/components/studio/EditorBridge.tsx [Client Component SSR]
    ./src/components/studio/StudioWorkspace.tsx [Client Component SSR]
    ./src/app/(admin)/studio/[id]/edit/page.tsx [Client Component SSR]
    ./src/app/(admin)/studio/[id]/edit/page.tsx [Server Component]

https://nextjs.org/docs/messages/module-not-found @ http://localhost:3000/_next/static/chunks/node_modules_next_dist_1gdrd03._.js:1945
[12691253ms] [LOG] [Fast Refresh] rebuilding @ http://localhost:3000/_next/static/chunks/node_modules_next_dist_1gdrd03._.js:1226
[12694945ms] [ERROR] ./packages/compiler/src/publisher/index.ts:1:1
Module not found: Can't resolve 'fs'
> 1 | import { writeFileSync, mkdirSync, existsSync, readFileSync } from 'fs'
    | ^^^^^^^^^^^^^^^^^^^^^^^^^^^^^^^^^^^^^^^^^^^^^^^^^^^^^^^^^^^^^^^^^^^^^^^
  2 | import { join } from 'path'
  3 | import { createHash } from 'crypto'
  4 | import type { CampusDocument } from '@navi/core'

Import traces:
  Client Component Browser:
    ./packages/compiler/src/publisher/index.ts [Client Component Browser]
    ./packages/compiler/src/index.ts [Client Component Browser]
    ./src/services/compiler-adapter.ts [Client Component Browser]
    ./src/components/studio/EditorBridge.tsx [Client Component Browser]
    ./src/components/studio/StudioWorkspace.tsx [Client Component Browser]
    ./src/app/(admin)/studio/[id]/edit/page.tsx [Client Component Browser]
    ./src/app/(admin)/studio/[id]/edit/page.tsx [Server Component]

  Client Component SSR:
    ./packages/compiler/src/publisher/index.ts [Client Component SSR]
    ./packages/compiler/src/index.ts [Client Component SSR]
    ./src/services/compiler-adapter.ts [Client Component SSR]
    ./src/components/studio/EditorBridge.tsx [Client Component SSR]
    ./src/components/studio/StudioWorkspace.tsx [Client Component SSR]
    ./src/app/(admin)/studio/[id]/edit/page.tsx [Client Component SSR]
    ./src/app/(admin)/studio/[id]/edit/page.tsx [Server Component]

https://nextjs.org/docs/messages/module-not-found @ http://localhost:3000/_next/static/chunks/node_modules_next_dist_1gdrd03._.js:1945
[12694978ms] [LOG] [Fast Refresh] rebuilding @ http://localhost:3000/_next/static/chunks/node_modules_next_dist_1gdrd03._.js:1226
[12695104ms] [ERROR] ./packages/compiler/src/publisher/index.ts:1:1
Module not found: Can't resolve 'fs'
> 1 | import { writeFileSync, mkdirSync, existsSync, readFileSync } from 'fs'
    | ^^^^^^^^^^^^^^^^^^^^^^^^^^^^^^^^^^^^^^^^^^^^^^^^^^^^^^^^^^^^^^^^^^^^^^^
  2 | import { join } from 'path'
  3 | import { createHash } from 'crypto'
  4 | import type { CampusDocument } from '@navi/core'

Import traces:
  Client Component Browser:
    ./packages/compiler/src/publisher/index.ts [Client Component Browser]
    ./packages/compiler/src/index.ts [Client Component Browser]
    ./src/services/compiler-adapter.ts [Client Component Browser]
    ./src/components/studio/EditorBridge.tsx [Client Component Browser]
    ./src/components/studio/StudioWorkspace.tsx [Client Component Browser]
    ./src/app/(admin)/studio/[id]/edit/page.tsx [Client Component Browser]
    ./src/app/(admin)/studio/[id]/edit/page.tsx [Server Component]

  Client Component SSR:
    ./packages/compiler/src/publisher/index.ts [Client Component SSR]
    ./packages/compiler/src/index.ts [Client Component SSR]
    ./src/services/compiler-adapter.ts [Client Component SSR]
    ./src/components/studio/EditorBridge.tsx [Client Component SSR]
    ./src/components/studio/StudioWorkspace.tsx [Client Component SSR]
    ./src/app/(admin)/studio/[id]/edit/page.tsx [Client Component SSR]
    ./src/app/(admin)/studio/[id]/edit/page.tsx [Server Component]

https://nextjs.org/docs/messages/module-not-found @ http://localhost:3000/_next/static/chunks/node_modules_next_dist_1gdrd03._.js:1945
[12695135ms] [LOG] [Fast Refresh] rebuilding @ http://localhost:3000/_next/static/chunks/node_modules_next_dist_1gdrd03._.js:1226
[12695296ms] [ERROR] ./packages/compiler/src/publisher/index.ts:1:1
Module not found: Can't resolve 'fs'
> 1 | import { writeFileSync, mkdirSync, existsSync, readFileSync } from 'fs'
    | ^^^^^^^^^^^^^^^^^^^^^^^^^^^^^^^^^^^^^^^^^^^^^^^^^^^^^^^^^^^^^^^^^^^^^^^
  2 | import { join } from 'path'
  3 | import { createHash } from 'crypto'
  4 | import type { CampusDocument } from '@navi/core'

Import traces:
  Client Component Browser:
    ./packages/compiler/src/publisher/index.ts [Client Component Browser]
    ./packages/compiler/src/index.ts [Client Component Browser]
    ./src/services/compiler-adapter.ts [Client Component Browser]
    ./src/components/studio/EditorBridge.tsx [Client Component Browser]
    ./src/components/studio/StudioWorkspace.tsx [Client Component Browser]
    ./src/app/(admin)/studio/[id]/edit/page.tsx [Client Component Browser]
    ./src/app/(admin)/studio/[id]/edit/page.tsx [Server Component]

  Client Component SSR:
    ./packages/compiler/src/publisher/index.ts [Client Component SSR]
    ./packages/compiler/src/index.ts [Client Component SSR]
    ./src/services/compiler-adapter.ts [Client Component SSR]
    ./src/components/studio/EditorBridge.tsx [Client Component SSR]
    ./src/components/studio/StudioWorkspace.tsx [Client Component SSR]
    ./src/app/(admin)/studio/[id]/edit/page.tsx [Client Component SSR]
    ./src/app/(admin)/studio/[id]/edit/page.tsx [Server Component]

https://nextjs.org/docs/messages/module-not-found @ http://localhost:3000/_next/static/chunks/node_modules_next_dist_1gdrd03._.js:1945
[12695335ms] [LOG] [Fast Refresh] rebuilding @ http://localhost:3000/_next/static/chunks/node_modules_next_dist_1gdrd03._.js:1226
[12695450ms] [ERROR] ./packages/compiler/src/publisher/index.ts:1:1
Module not found: Can't resolve 'fs'
> 1 | import { writeFileSync, mkdirSync, existsSync, readFileSync } from 'fs'
    | ^^^^^^^^^^^^^^^^^^^^^^^^^^^^^^^^^^^^^^^^^^^^^^^^^^^^^^^^^^^^^^^^^^^^^^^
  2 | import { join } from 'path'
  3 | import { createHash } from 'crypto'
  4 | import type { CampusDocument } from '@navi/core'

Import traces:
  Client Component Browser:
    ./packages/compiler/src/publisher/index.ts [Client Component Browser]
    ./packages/compiler/src/index.ts [Client Component Browser]
    ./src/services/compiler-adapter.ts [Client Component Browser]
    ./src/components/studio/EditorBridge.tsx [Client Component Browser]
    ./src/components/studio/StudioWorkspace.tsx [Client Component Browser]
    ./src/app/(admin)/studio/[id]/edit/page.tsx [Client Component Browser]
    ./src/app/(admin)/studio/[id]/edit/page.tsx [Server Component]

  Client Component SSR:
    ./packages/compiler/src/publisher/index.ts [Client Component SSR]
    ./packages/compiler/src/index.ts [Client Component SSR]
    ./src/services/compiler-adapter.ts [Client Component SSR]
    ./src/components/studio/EditorBridge.tsx [Client Component SSR]
    ./src/components/studio/StudioWorkspace.tsx [Client Component SSR]
    ./src/app/(admin)/studio/[id]/edit/page.tsx [Client Component SSR]
    ./src/app/(admin)/studio/[id]/edit/page.tsx [Server Component]

https://nextjs.org/docs/messages/module-not-found @ http://localhost:3000/_next/static/chunks/node_modules_next_dist_1gdrd03._.js:1945
[12695494ms] [LOG] [Fast Refresh] rebuilding @ http://localhost:3000/_next/static/chunks/node_modules_next_dist_1gdrd03._.js:1226
[12695896ms] [ERROR] ./packages/compiler/src/publisher/index.ts:1:1
Module not found: Can't resolve 'fs'
> 1 | import { writeFileSync, mkdirSync, existsSync, readFileSync } from 'fs'
    | ^^^^^^^^^^^^^^^^^^^^^^^^^^^^^^^^^^^^^^^^^^^^^^^^^^^^^^^^^^^^^^^^^^^^^^^
  2 | import { join } from 'path'
  3 | import { createHash } from 'crypto'
  4 | import type { CampusDocument } from '@navi/core'

Import traces:
  Client Component Browser:
    ./packages/compiler/src/publisher/index.ts [Client Component Browser]
    ./packages/compiler/src/index.ts [Client Component Browser]
    ./src/services/compiler-adapter.ts [Client Component Browser]
    ./src/components/studio/EditorBridge.tsx [Client Component Browser]
    ./src/components/studio/StudioWorkspace.tsx [Client Component Browser]
    ./src/app/(admin)/studio/[id]/edit/page.tsx [Client Component Browser]
    ./src/app/(admin)/studio/[id]/edit/page.tsx [Server Component]

  Client Component SSR:
    ./packages/compiler/src/publisher/index.ts [Client Component SSR]
    ./packages/compiler/src/index.ts [Client Component SSR]
    ./src/services/compiler-adapter.ts [Client Component SSR]
    ./src/components/studio/EditorBridge.tsx [Client Component SSR]
    ./src/components/studio/StudioWorkspace.tsx [Client Component SSR]
    ./src/app/(admin)/studio/[id]/edit/page.tsx [Client Component SSR]
    ./src/app/(admin)/studio/[id]/edit/page.tsx [Server Component]

https://nextjs.org/docs/messages/module-not-found @ http://localhost:3000/_next/static/chunks/node_modules_next_dist_1gdrd03._.js:1945
[12695920ms] [LOG] [Fast Refresh] rebuilding @ http://localhost:3000/_next/static/chunks/node_modules_next_dist_1gdrd03._.js:1226
[12696054ms] [ERROR] ./packages/compiler/src/publisher/index.ts:1:1
Module not found: Can't resolve 'fs'
> 1 | import { writeFileSync, mkdirSync, existsSync, readFileSync } from 'fs'
    | ^^^^^^^^^^^^^^^^^^^^^^^^^^^^^^^^^^^^^^^^^^^^^^^^^^^^^^^^^^^^^^^^^^^^^^^
  2 | import { join } from 'path'
  3 | import { createHash } from 'crypto'
  4 | import type { CampusDocument } from '@navi/core'

Import traces:
  Client Component Browser:
    ./packages/compiler/src/publisher/index.ts [Client Component Browser]
    ./packages/compiler/src/index.ts [Client Component Browser]
    ./src/services/compiler-adapter.ts [Client Component Browser]
    ./src/components/studio/EditorBridge.tsx [Client Component Browser]
    ./src/components/studio/StudioWorkspace.tsx [Client Component Browser]
    ./src/app/(admin)/studio/[id]/edit/page.tsx [Client Component Browser]
    ./src/app/(admin)/studio/[id]/edit/page.tsx [Server Component]

  Client Component SSR:
    ./packages/compiler/src/publisher/index.ts [Client Component SSR]
    ./packages/compiler/src/index.ts [Client Component SSR]
    ./src/services/compiler-adapter.ts [Client Component SSR]
    ./src/components/studio/EditorBridge.tsx [Client Component SSR]
    ./src/components/studio/StudioWorkspace.tsx [Client Component SSR]
    ./src/app/(admin)/studio/[id]/edit/page.tsx [Client Component SSR]
    ./src/app/(admin)/studio/[id]/edit/page.tsx [Server Component]

https://nextjs.org/docs/messages/module-not-found @ http://localhost:3000/_next/static/chunks/node_modules_next_dist_1gdrd03._.js:1945
[12696095ms] [LOG] [Fast Refresh] rebuilding @ http://localhost:3000/_next/static/chunks/node_modules_next_dist_1gdrd03._.js:1226
[12699621ms] [ERROR] ./packages/compiler/src/publisher/index.ts:1:1
Module not found: Can't resolve 'fs'
> 1 | import { writeFileSync, mkdirSync, existsSync, readFileSync } from 'fs'
    | ^^^^^^^^^^^^^^^^^^^^^^^^^^^^^^^^^^^^^^^^^^^^^^^^^^^^^^^^^^^^^^^^^^^^^^^
  2 | import { join } from 'path'
  3 | import { createHash } from 'crypto'
  4 | import type { CampusDocument } from '@navi/core'

Import traces:
  Client Component Browser:
    ./packages/compiler/src/publisher/index.ts [Client Component Browser]
    ./packages/compiler/src/index.ts [Client Component Browser]
    ./src/services/compiler-adapter.ts [Client Component Browser]
    ./src/components/studio/EditorBridge.tsx [Client Component Browser]
    ./src/components/studio/StudioWorkspace.tsx [Client Component Browser]
    ./src/app/(admin)/studio/[id]/edit/page.tsx [Client Component Browser]
    ./src/app/(admin)/studio/[id]/edit/page.tsx [Server Component]

  Client Component SSR:
    ./packages/compiler/src/publisher/index.ts [Client Component SSR]
    ./packages/compiler/src/index.ts [Client Component SSR]
    ./src/services/compiler-adapter.ts [Client Component SSR]
    ./src/components/studio/EditorBridge.tsx [Client Component SSR]
    ./src/components/studio/StudioWorkspace.tsx [Client Component SSR]
    ./src/app/(admin)/studio/[id]/edit/page.tsx [Client Component SSR]
    ./src/app/(admin)/studio/[id]/edit/page.tsx [Server Component]

https://nextjs.org/docs/messages/module-not-found @ http://localhost:3000/_next/static/chunks/node_modules_next_dist_1gdrd03._.js:1945
[12699695ms] [LOG] [Fast Refresh] rebuilding @ http://localhost:3000/_next/static/chunks/node_modules_next_dist_1gdrd03._.js:1226
[12699854ms] [ERROR] ./packages/compiler/src/publisher/index.ts:1:1
Module not found: Can't resolve 'fs'
> 1 | import { writeFileSync, mkdirSync, existsSync, readFileSync } from 'fs'
    | ^^^^^^^^^^^^^^^^^^^^^^^^^^^^^^^^^^^^^^^^^^^^^^^^^^^^^^^^^^^^^^^^^^^^^^^
  2 | import { join } from 'path'
  3 | import { createHash } from 'crypto'
  4 | import type { CampusDocument } from '@navi/core'

Import traces:
  Client Component Browser:
    ./packages/compiler/src/publisher/index.ts [Client Component Browser]
    ./packages/compiler/src/index.ts [Client Component Browser]
    ./src/services/compiler-adapter.ts [Client Component Browser]
    ./src/components/studio/EditorBridge.tsx [Client Component Browser]
    ./src/components/studio/StudioWorkspace.tsx [Client Component Browser]
    ./src/app/(admin)/studio/[id]/edit/page.tsx [Client Component Browser]
    ./src/app/(admin)/studio/[id]/edit/page.tsx [Server Component]

  Client Component SSR:
    ./packages/compiler/src/publisher/index.ts [Client Component SSR]
    ./packages/compiler/src/index.ts [Client Component SSR]
    ./src/services/compiler-adapter.ts [Client Component SSR]
    ./src/components/studio/EditorBridge.tsx [Client Component SSR]
    ./src/components/studio/StudioWorkspace.tsx [Client Component SSR]
    ./src/app/(admin)/studio/[id]/edit/page.tsx [Client Component SSR]
    ./src/app/(admin)/studio/[id]/edit/page.tsx [Server Component]

https://nextjs.org/docs/messages/module-not-found @ http://localhost:3000/_next/static/chunks/node_modules_next_dist_1gdrd03._.js:1945
[12699886ms] [LOG] [Fast Refresh] rebuilding @ http://localhost:3000/_next/static/chunks/node_modules_next_dist_1gdrd03._.js:1226
[12700012ms] [ERROR] ./packages/compiler/src/publisher/index.ts:1:1
Module not found: Can't resolve 'fs'
> 1 | import { writeFileSync, mkdirSync, existsSync, readFileSync } from 'fs'
    | ^^^^^^^^^^^^^^^^^^^^^^^^^^^^^^^^^^^^^^^^^^^^^^^^^^^^^^^^^^^^^^^^^^^^^^^
  2 | import { join } from 'path'
  3 | import { createHash } from 'crypto'
  4 | import type { CampusDocument } from '@navi/core'

Import traces:
  Client Component Browser:
    ./packages/compiler/src/publisher/index.ts [Client Component Browser]
    ./packages/compiler/src/index.ts [Client Component Browser]
    ./src/services/compiler-adapter.ts [Client Component Browser]
    ./src/components/studio/EditorBridge.tsx [Client Component Browser]
    ./src/components/studio/StudioWorkspace.tsx [Client Component Browser]
    ./src/app/(admin)/studio/[id]/edit/page.tsx [Client Component Browser]
    ./src/app/(admin)/studio/[id]/edit/page.tsx [Server Component]

  Client Component SSR:
    ./packages/compiler/src/publisher/index.ts [Client Component SSR]
    ./packages/compiler/src/index.ts [Client Component SSR]
    ./src/services/compiler-adapter.ts [Client Component SSR]
    ./src/components/studio/EditorBridge.tsx [Client Component SSR]
    ./src/components/studio/StudioWorkspace.tsx [Client Component SSR]
    ./src/app/(admin)/studio/[id]/edit/page.tsx [Client Component SSR]
    ./src/app/(admin)/studio/[id]/edit/page.tsx [Server Component]

https://nextjs.org/docs/messages/module-not-found @ http://localhost:3000/_next/static/chunks/node_modules_next_dist_1gdrd03._.js:1945
[12700052ms] [LOG] [Fast Refresh] rebuilding @ http://localhost:3000/_next/static/chunks/node_modules_next_dist_1gdrd03._.js:1226
[12700221ms] [ERROR] ./packages/compiler/src/publisher/index.ts:1:1
Module not found: Can't resolve 'fs'
> 1 | import { writeFileSync, mkdirSync, existsSync, readFileSync } from 'fs'
    | ^^^^^^^^^^^^^^^^^^^^^^^^^^^^^^^^^^^^^^^^^^^^^^^^^^^^^^^^^^^^^^^^^^^^^^^
  2 | import { join } from 'path'
  3 | import { createHash } from 'crypto'
  4 | import type { CampusDocument } from '@navi/core'

Import traces:
  Client Component Browser:
    ./packages/compiler/src/publisher/index.ts [Client Component Browser]
    ./packages/compiler/src/index.ts [Client Component Browser]
    ./src/services/compiler-adapter.ts [Client Component Browser]
    ./src/components/studio/EditorBridge.tsx [Client Component Browser]
    ./src/components/studio/StudioWorkspace.tsx [Client Component Browser]
    ./src/app/(admin)/studio/[id]/edit/page.tsx [Client Component Browser]
    ./src/app/(admin)/studio/[id]/edit/page.tsx [Server Component]

  Client Component SSR:
    ./packages/compiler/src/publisher/index.ts [Client Component SSR]
    ./packages/compiler/src/index.ts [Client Component SSR]
    ./src/services/compiler-adapter.ts [Client Component SSR]
    ./src/components/studio/EditorBridge.tsx [Client Component SSR]
    ./src/components/studio/StudioWorkspace.tsx [Client Component SSR]
    ./src/app/(admin)/studio/[id]/edit/page.tsx [Client Component SSR]
    ./src/app/(admin)/studio/[id]/edit/page.tsx [Server Component]

https://nextjs.org/docs/messages/module-not-found @ http://localhost:3000/_next/static/chunks/node_modules_next_dist_1gdrd03._.js:1945
[12700244ms] [LOG] [Fast Refresh] rebuilding @ http://localhost:3000/_next/static/chunks/node_modules_next_dist_1gdrd03._.js:1226
[12700371ms] [ERROR] ./packages/compiler/src/publisher/index.ts:1:1
Module not found: Can't resolve 'fs'
> 1 | import { writeFileSync, mkdirSync, existsSync, readFileSync } from 'fs'
    | ^^^^^^^^^^^^^^^^^^^^^^^^^^^^^^^^^^^^^^^^^^^^^^^^^^^^^^^^^^^^^^^^^^^^^^^
  2 | import { join } from 'path'
  3 | import { createHash } from 'crypto'
  4 | import type { CampusDocument } from '@navi/core'

Import traces:
  Client Component Browser:
    ./packages/compiler/src/publisher/index.ts [Client Component Browser]
    ./packages/compiler/src/index.ts [Client Component Browser]
    ./src/services/compiler-adapter.ts [Client Component Browser]
    ./src/components/studio/EditorBridge.tsx [Client Component Browser]
    ./src/components/studio/StudioWorkspace.tsx [Client Component Browser]
    ./src/app/(admin)/studio/[id]/edit/page.tsx [Client Component Browser]
    ./src/app/(admin)/studio/[id]/edit/page.tsx [Server Component]

  Client Component SSR:
    ./packages/compiler/src/publisher/index.ts [Client Component SSR]
    ./packages/compiler/src/index.ts [Client Component SSR]
    ./src/services/compiler-adapter.ts [Client Component SSR]
    ./src/components/studio/EditorBridge.tsx [Client Component SSR]
    ./src/components/studio/StudioWorkspace.tsx [Client Component SSR]
    ./src/app/(admin)/studio/[id]/edit/page.tsx [Client Component SSR]
    ./src/app/(admin)/studio/[id]/edit/page.tsx [Server Component]

https://nextjs.org/docs/messages/module-not-found @ http://localhost:3000/_next/static/chunks/node_modules_next_dist_1gdrd03._.js:1945
[12700403ms] [LOG] [Fast Refresh] rebuilding @ http://localhost:3000/_next/static/chunks/node_modules_next_dist_1gdrd03._.js:1226
[12700762ms] [ERROR] ./packages/compiler/src/publisher/index.ts:1:1
Module not found: Can't resolve 'fs'
> 1 | import { writeFileSync, mkdirSync, existsSync, readFileSync } from 'fs'
    | ^^^^^^^^^^^^^^^^^^^^^^^^^^^^^^^^^^^^^^^^^^^^^^^^^^^^^^^^^^^^^^^^^^^^^^^
  2 | import { join } from 'path'
  3 | import { createHash } from 'crypto'
  4 | import type { CampusDocument } from '@navi/core'

Import traces:
  Client Component Browser:
    ./packages/compiler/src/publisher/index.ts [Client Component Browser]
    ./packages/compiler/src/index.ts [Client Component Browser]
    ./src/services/compiler-adapter.ts [Client Component Browser]
    ./src/components/studio/EditorBridge.tsx [Client Component Browser]
    ./src/components/studio/StudioWorkspace.tsx [Client Component Browser]
    ./src/app/(admin)/studio/[id]/edit/page.tsx [Client Component Browser]
    ./src/app/(admin)/studio/[id]/edit/page.tsx [Server Component]

  Client Component SSR:
    ./packages/compiler/src/publisher/index.ts [Client Component SSR]
    ./packages/compiler/src/index.ts [Client Component SSR]
    ./src/services/compiler-adapter.ts [Client Component SSR]
    ./src/components/studio/EditorBridge.tsx [Client Component SSR]
    ./src/components/studio/StudioWorkspace.tsx [Client Component SSR]
    ./src/app/(admin)/studio/[id]/edit/page.tsx [Client Component SSR]
    ./src/app/(admin)/studio/[id]/edit/page.tsx [Server Component]

https://nextjs.org/docs/messages/module-not-found @ http://localhost:3000/_next/static/chunks/node_modules_next_dist_1gdrd03._.js:1945
[12700793ms] [LOG] [Fast Refresh] rebuilding @ http://localhost:3000/_next/static/chunks/node_modules_next_dist_1gdrd03._.js:1226
[12700906ms] [ERROR] ./packages/compiler/src/publisher/index.ts:1:1
Module not found: Can't resolve 'fs'
> 1 | import { writeFileSync, mkdirSync, existsSync, readFileSync } from 'fs'
    | ^^^^^^^^^^^^^^^^^^^^^^^^^^^^^^^^^^^^^^^^^^^^^^^^^^^^^^^^^^^^^^^^^^^^^^^
  2 | import { join } from 'path'
  3 | import { createHash } from 'crypto'
  4 | import type { CampusDocument } from '@navi/core'

Import traces:
  Client Component Browser:
    ./packages/compiler/src/publisher/index.ts [Client Component Browser]
    ./packages/compiler/src/index.ts [Client Component Browser]
    ./src/services/compiler-adapter.ts [Client Component Browser]
    ./src/components/studio/EditorBridge.tsx [Client Component Browser]
    ./src/components/studio/StudioWorkspace.tsx [Client Component Browser]
    ./src/app/(admin)/studio/[id]/edit/page.tsx [Client Component Browser]
    ./src/app/(admin)/studio/[id]/edit/page.tsx [Server Component]

  Client Component SSR:
    ./packages/compiler/src/publisher/index.ts [Client Component SSR]
    ./packages/compiler/src/index.ts [Client Component SSR]
    ./src/services/compiler-adapter.ts [Client Component SSR]
    ./src/components/studio/EditorBridge.tsx [Client Component SSR]
    ./src/components/studio/StudioWorkspace.tsx [Client Component SSR]
    ./src/app/(admin)/studio/[id]/edit/page.tsx [Client Component SSR]
    ./src/app/(admin)/studio/[id]/edit/page.tsx [Server Component]

https://nextjs.org/docs/messages/module-not-found @ http://localhost:3000/_next/static/chunks/node_modules_next_dist_1gdrd03._.js:1945
[12700944ms] [LOG] [Fast Refresh] rebuilding @ http://localhost:3000/_next/static/chunks/node_modules_next_dist_1gdrd03._.js:1226
[12704071ms] [ERROR] ./packages/compiler/src/publisher/index.ts:1:1
Module not found: Can't resolve 'fs'
> 1 | import { writeFileSync, mkdirSync, existsSync, readFileSync } from 'fs'
    | ^^^^^^^^^^^^^^^^^^^^^^^^^^^^^^^^^^^^^^^^^^^^^^^^^^^^^^^^^^^^^^^^^^^^^^^
  2 | import { join } from 'path'
  3 | import { createHash } from 'crypto'
  4 | import type { CampusDocument } from '@navi/core'

Import traces:
  Client Component Browser:
    ./packages/compiler/src/publisher/index.ts [Client Component Browser]
    ./packages/compiler/src/index.ts [Client Component Browser]
    ./src/services/compiler-adapter.ts [Client Component Browser]
    ./src/components/studio/EditorBridge.tsx [Client Component Browser]
    ./src/components/studio/StudioWorkspace.tsx [Client Component Browser]
    ./src/app/(admin)/studio/[id]/edit/page.tsx [Client Component Browser]
    ./src/app/(admin)/studio/[id]/edit/page.tsx [Server Component]

  Client Component SSR:
    ./packages/compiler/src/publisher/index.ts [Client Component SSR]
    ./packages/compiler/src/index.ts [Client Component SSR]
    ./src/services/compiler-adapter.ts [Client Component SSR]
    ./src/components/studio/EditorBridge.tsx [Client Component SSR]
    ./src/components/studio/StudioWorkspace.tsx [Client Component SSR]
    ./src/app/(admin)/studio/[id]/edit/page.tsx [Client Component SSR]
    ./src/app/(admin)/studio/[id]/edit/page.tsx [Server Component]

https://nextjs.org/docs/messages/module-not-found @ http://localhost:3000/_next/static/chunks/node_modules_next_dist_1gdrd03._.js:1945
[12704095ms] [LOG] [Fast Refresh] rebuilding @ http://localhost:3000/_next/static/chunks/node_modules_next_dist_1gdrd03._.js:1226
[12704245ms] [ERROR] ./packages/compiler/src/publisher/index.ts:1:1
Module not found: Can't resolve 'fs'
> 1 | import { writeFileSync, mkdirSync, existsSync, readFileSync } from 'fs'
    | ^^^^^^^^^^^^^^^^^^^^^^^^^^^^^^^^^^^^^^^^^^^^^^^^^^^^^^^^^^^^^^^^^^^^^^^
  2 | import { join } from 'path'
  3 | import { createHash } from 'crypto'
  4 | import type { CampusDocument } from '@navi/core'

Import traces:
  Client Component Browser:
    ./packages/compiler/src/publisher/index.ts [Client Component Browser]
    ./packages/compiler/src/index.ts [Client Component Browser]
    ./src/services/compiler-adapter.ts [Client Component Browser]
    ./src/components/studio/EditorBridge.tsx [Client Component Browser]
    ./src/components/studio/StudioWorkspace.tsx [Client Component Browser]
    ./src/app/(admin)/studio/[id]/edit/page.tsx [Client Component Browser]
    ./src/app/(admin)/studio/[id]/edit/page.tsx [Server Component]

  Client Component SSR:
    ./packages/compiler/src/publisher/index.ts [Client Component SSR]
    ./packages/compiler/src/index.ts [Client Component SSR]
    ./src/services/compiler-adapter.ts [Client Component SSR]
    ./src/components/studio/EditorBridge.tsx [Client Component SSR]
    ./src/components/studio/StudioWorkspace.tsx [Client Component SSR]
    ./src/app/(admin)/studio/[id]/edit/page.tsx [Client Component SSR]
    ./src/app/(admin)/studio/[id]/edit/page.tsx [Server Component]

https://nextjs.org/docs/messages/module-not-found @ http://localhost:3000/_next/static/chunks/node_modules_next_dist_1gdrd03._.js:1945
[12704261ms] [LOG] [Fast Refresh] rebuilding @ http://localhost:3000/_next/static/chunks/node_modules_next_dist_1gdrd03._.js:1226
[12704422ms] [ERROR] ./packages/compiler/src/publisher/index.ts:1:1
Module not found: Can't resolve 'fs'
> 1 | import { writeFileSync, mkdirSync, existsSync, readFileSync } from 'fs'
    | ^^^^^^^^^^^^^^^^^^^^^^^^^^^^^^^^^^^^^^^^^^^^^^^^^^^^^^^^^^^^^^^^^^^^^^^
  2 | import { join } from 'path'
  3 | import { createHash } from 'crypto'
  4 | import type { CampusDocument } from '@navi/core'

Import traces:
  Client Component Browser:
    ./packages/compiler/src/publisher/index.ts [Client Component Browser]
    ./packages/compiler/src/index.ts [Client Component Browser]
    ./src/services/compiler-adapter.ts [Client Component Browser]
    ./src/components/studio/EditorBridge.tsx [Client Component Browser]
    ./src/components/studio/StudioWorkspace.tsx [Client Component Browser]
    ./src/app/(admin)/studio/[id]/edit/page.tsx [Client Component Browser]
    ./src/app/(admin)/studio/[id]/edit/page.tsx [Server Component]

  Client Component SSR:
    ./packages/compiler/src/publisher/index.ts [Client Component SSR]
    ./packages/compiler/src/index.ts [Client Component SSR]
    ./src/services/compiler-adapter.ts [Client Component SSR]
    ./src/components/studio/EditorBridge.tsx [Client Component SSR]
    ./src/components/studio/StudioWorkspace.tsx [Client Component SSR]
    ./src/app/(admin)/studio/[id]/edit/page.tsx [Client Component SSR]
    ./src/app/(admin)/studio/[id]/edit/page.tsx [Server Component]

https://nextjs.org/docs/messages/module-not-found @ http://localhost:3000/_next/static/chunks/node_modules_next_dist_1gdrd03._.js:1945
[12704470ms] [LOG] [Fast Refresh] rebuilding @ http://localhost:3000/_next/static/chunks/node_modules_next_dist_1gdrd03._.js:1226
[12704596ms] [ERROR] ./packages/compiler/src/publisher/index.ts:1:1
Module not found: Can't resolve 'fs'
> 1 | import { writeFileSync, mkdirSync, existsSync, readFileSync } from 'fs'
    | ^^^^^^^^^^^^^^^^^^^^^^^^^^^^^^^^^^^^^^^^^^^^^^^^^^^^^^^^^^^^^^^^^^^^^^^
  2 | import { join } from 'path'
  3 | import { createHash } from 'crypto'
  4 | import type { CampusDocument } from '@navi/core'

Import traces:
  Client Component Browser:
    ./packages/compiler/src/publisher/index.ts [Client Component Browser]
    ./packages/compiler/src/index.ts [Client Component Browser]
    ./src/services/compiler-adapter.ts [Client Component Browser]
    ./src/components/studio/EditorBridge.tsx [Client Component Browser]
    ./src/components/studio/StudioWorkspace.tsx [Client Component Browser]
    ./src/app/(admin)/studio/[id]/edit/page.tsx [Client Component Browser]
    ./src/app/(admin)/studio/[id]/edit/page.tsx [Server Component]

  Client Component SSR:
    ./packages/compiler/src/publisher/index.ts [Client Component SSR]
    ./packages/compiler/src/index.ts [Client Component SSR]
    ./src/services/compiler-adapter.ts [Client Component SSR]
    ./src/components/studio/EditorBridge.tsx [Client Component SSR]
    ./src/components/studio/StudioWorkspace.tsx [Client Component SSR]
    ./src/app/(admin)/studio/[id]/edit/page.tsx [Client Component SSR]
    ./src/app/(admin)/studio/[id]/edit/page.tsx [Server Component]

https://nextjs.org/docs/messages/module-not-found @ http://localhost:3000/_next/static/chunks/node_modules_next_dist_1gdrd03._.js:1945
[12704628ms] [LOG] [Fast Refresh] rebuilding @ http://localhost:3000/_next/static/chunks/node_modules_next_dist_1gdrd03._.js:1226
[12705029ms] [ERROR] ./packages/compiler/src/publisher/index.ts:1:1
Module not found: Can't resolve 'fs'
> 1 | import { writeFileSync, mkdirSync, existsSync, readFileSync } from 'fs'
    | ^^^^^^^^^^^^^^^^^^^^^^^^^^^^^^^^^^^^^^^^^^^^^^^^^^^^^^^^^^^^^^^^^^^^^^^
  2 | import { join } from 'path'
  3 | import { createHash } from 'crypto'
  4 | import type { CampusDocument } from '@navi/core'

Import traces:
  Client Component Browser:
    ./packages/compiler/src/publisher/index.ts [Client Component Browser]
    ./packages/compiler/src/index.ts [Client Component Browser]
    ./src/services/compiler-adapter.ts [Client Component Browser]
    ./src/components/studio/EditorBridge.tsx [Client Component Browser]
    ./src/components/studio/StudioWorkspace.tsx [Client Component Browser]
    ./src/app/(admin)/studio/[id]/edit/page.tsx [Client Component Browser]
    ./src/app/(admin)/studio/[id]/edit/page.tsx [Server Component]

  Client Component SSR:
    ./packages/compiler/src/publisher/index.ts [Client Component SSR]
    ./packages/compiler/src/index.ts [Client Component SSR]
    ./src/services/compiler-adapter.ts [Client Component SSR]
    ./src/components/studio/EditorBridge.tsx [Client Component SSR]
    ./src/components/studio/StudioWorkspace.tsx [Client Component SSR]
    ./src/app/(admin)/studio/[id]/edit/page.tsx [Client Component SSR]
    ./src/app/(admin)/studio/[id]/edit/page.tsx [Server Component]

https://nextjs.org/docs/messages/module-not-found @ http://localhost:3000/_next/static/chunks/node_modules_next_dist_1gdrd03._.js:1945
[12705070ms] [LOG] [Fast Refresh] rebuilding @ http://localhost:3000/_next/static/chunks/node_modules_next_dist_1gdrd03._.js:1226
[12705187ms] [ERROR] ./packages/compiler/src/publisher/index.ts:1:1
Module not found: Can't resolve 'fs'
> 1 | import { writeFileSync, mkdirSync, existsSync, readFileSync } from 'fs'
    | ^^^^^^^^^^^^^^^^^^^^^^^^^^^^^^^^^^^^^^^^^^^^^^^^^^^^^^^^^^^^^^^^^^^^^^^
  2 | import { join } from 'path'
  3 | import { createHash } from 'crypto'
  4 | import type { CampusDocument } from '@navi/core'

Import traces:
  Client Component Browser:
    ./packages/compiler/src/publisher/index.ts [Client Component Browser]
    ./packages/compiler/src/index.ts [Client Component Browser]
    ./src/services/compiler-adapter.ts [Client Component Browser]
    ./src/components/studio/EditorBridge.tsx [Client Component Browser]
    ./src/components/studio/StudioWorkspace.tsx [Client Component Browser]
    ./src/app/(admin)/studio/[id]/edit/page.tsx [Client Component Browser]
    ./src/app/(admin)/studio/[id]/edit/page.tsx [Server Component]

  Client Component SSR:
    ./packages/compiler/src/publisher/index.ts [Client Component SSR]
    ./packages/compiler/src/index.ts [Client Component SSR]
    ./src/services/compiler-adapter.ts [Client Component SSR]
    ./src/components/studio/EditorBridge.tsx [Client Component SSR]
    ./src/components/studio/StudioWorkspace.tsx [Client Component SSR]
    ./src/app/(admin)/studio/[id]/edit/page.tsx [Client Component SSR]
    ./src/app/(admin)/studio/[id]/edit/page.tsx [Server Component]

https://nextjs.org/docs/messages/module-not-found @ http://localhost:3000/_next/static/chunks/node_modules_next_dist_1gdrd03._.js:1945
[12705238ms] [LOG] [Fast Refresh] rebuilding @ http://localhost:3000/_next/static/chunks/node_modules_next_dist_1gdrd03._.js:1226
[12709197ms] [ERROR] ./packages/compiler/src/publisher/index.ts:1:1
Module not found: Can't resolve 'fs'
> 1 | import { writeFileSync, mkdirSync, existsSync, readFileSync } from 'fs'
    | ^^^^^^^^^^^^^^^^^^^^^^^^^^^^^^^^^^^^^^^^^^^^^^^^^^^^^^^^^^^^^^^^^^^^^^^
  2 | import { join } from 'path'
  3 | import { createHash } from 'crypto'
  4 | import type { CampusDocument } from '@navi/core'

Import traces:
  Client Component Browser:
    ./packages/compiler/src/publisher/index.ts [Client Component Browser]
    ./packages/compiler/src/index.ts [Client Component Browser]
    ./src/services/compiler-adapter.ts [Client Component Browser]
    ./src/components/studio/EditorBridge.tsx [Client Component Browser]
    ./src/components/studio/StudioWorkspace.tsx [Client Component Browser]
    ./src/app/(admin)/studio/[id]/edit/page.tsx [Client Component Browser]
    ./src/app/(admin)/studio/[id]/edit/page.tsx [Server Component]

  Client Component SSR:
    ./packages/compiler/src/publisher/index.ts [Client Component SSR]
    ./packages/compiler/src/index.ts [Client Component SSR]
    ./src/services/compiler-adapter.ts [Client Component SSR]
    ./src/components/studio/EditorBridge.tsx [Client Component SSR]
    ./src/components/studio/StudioWorkspace.tsx [Client Component SSR]
    ./src/app/(admin)/studio/[id]/edit/page.tsx [Client Component SSR]
    ./src/app/(admin)/studio/[id]/edit/page.tsx [Server Component]

https://nextjs.org/docs/messages/module-not-found @ http://localhost:3000/_next/static/chunks/node_modules_next_dist_1gdrd03._.js:1945
[12709271ms] [LOG] [Fast Refresh] rebuilding @ http://localhost:3000/_next/static/chunks/node_modules_next_dist_1gdrd03._.js:1226
[12709405ms] [ERROR] ./packages/compiler/src/publisher/index.ts:1:1
Module not found: Can't resolve 'fs'
> 1 | import { writeFileSync, mkdirSync, existsSync, readFileSync } from 'fs'
    | ^^^^^^^^^^^^^^^^^^^^^^^^^^^^^^^^^^^^^^^^^^^^^^^^^^^^^^^^^^^^^^^^^^^^^^^
  2 | import { join } from 'path'
  3 | import { createHash } from 'crypto'
  4 | import type { CampusDocument } from '@navi/core'

Import traces:
  Client Component Browser:
    ./packages/compiler/src/publisher/index.ts [Client Component Browser]
    ./packages/compiler/src/index.ts [Client Component Browser]
    ./src/services/compiler-adapter.ts [Client Component Browser]
    ./src/components/studio/EditorBridge.tsx [Client Component Browser]
    ./src/components/studio/StudioWorkspace.tsx [Client Component Browser]
    ./src/app/(admin)/studio/[id]/edit/page.tsx [Client Component Browser]
    ./src/app/(admin)/studio/[id]/edit/page.tsx [Server Component]

  Client Component SSR:
    ./packages/compiler/src/publisher/index.ts [Client Component SSR]
    ./packages/compiler/src/index.ts [Client Component SSR]
    ./src/services/compiler-adapter.ts [Client Component SSR]
    ./src/components/studio/EditorBridge.tsx [Client Component SSR]
    ./src/components/studio/StudioWorkspace.tsx [Client Component SSR]
    ./src/app/(admin)/studio/[id]/edit/page.tsx [Client Component SSR]
    ./src/app/(admin)/studio/[id]/edit/page.tsx [Server Component]

https://nextjs.org/docs/messages/module-not-found @ http://localhost:3000/_next/static/chunks/node_modules_next_dist_1gdrd03._.js:1945
[12709439ms] [ERROR] ./packages/compiler/src/publisher/index.ts:1:1
Module not found: Can't resolve 'fs'
> 1 | import { writeFileSync, mkdirSync, existsSync, readFileSync } from 'fs'
    | ^^^^^^^^^^^^^^^^^^^^^^^^^^^^^^^^^^^^^^^^^^^^^^^^^^^^^^^^^^^^^^^^^^^^^^^
  2 | import { join } from 'path'
  3 | import { createHash } from 'crypto'
  4 | import type { CampusDocument } from '@navi/core'

Import traces:
  Client Component Browser:
    ./packages/compiler/src/publisher/index.ts [Client Component Browser]
    ./packages/compiler/src/index.ts [Client Component Browser]
    ./src/services/compiler-adapter.ts [Client Component Browser]
    ./src/components/studio/EditorBridge.tsx [Client Component Browser]
    ./src/components/studio/StudioWorkspace.tsx [Client Component Browser]
    ./src/app/(admin)/studio/[id]/edit/page.tsx [Client Component Browser]
    ./src/app/(admin)/studio/[id]/edit/page.tsx [Server Component]

  Client Component SSR:
    ./packages/compiler/src/publisher/index.ts [Client Component SSR]
    ./packages/compiler/src/index.ts [Client Component SSR]
    ./src/services/compiler-adapter.ts [Client Component SSR]
    ./src/components/studio/EditorBridge.tsx [Client Component SSR]
    ./src/components/studio/StudioWorkspace.tsx [Client Component SSR]
    ./src/app/(admin)/studio/[id]/edit/page.tsx [Client Component SSR]
    ./src/app/(admin)/studio/[id]/edit/page.tsx [Server Component]

https://nextjs.org/docs/messages/module-not-found @ http://localhost:3000/_next/static/chunks/node_modules_next_dist_1gdrd03._.js:1945
[12709508ms] [LOG] [Fast Refresh] rebuilding @ http://localhost:3000/_next/static/chunks/node_modules_next_dist_1gdrd03._.js:1226
[12709599ms] [ERROR] ./packages/compiler/src/publisher/index.ts:1:1
Module not found: Can't resolve 'fs'
> 1 | import { writeFileSync, mkdirSync, existsSync, readFileSync } from 'fs'
    | ^^^^^^^^^^^^^^^^^^^^^^^^^^^^^^^^^^^^^^^^^^^^^^^^^^^^^^^^^^^^^^^^^^^^^^^
  2 | import { join } from 'path'
  3 | import { createHash } from 'crypto'
  4 | import type { CampusDocument } from '@navi/core'

Import traces:
  Client Component Browser:
    ./packages/compiler/src/publisher/index.ts [Client Component Browser]
    ./packages/compiler/src/index.ts [Client Component Browser]
    ./src/services/compiler-adapter.ts [Client Component Browser]
    ./src/components/studio/EditorBridge.tsx [Client Component Browser]
    ./src/components/studio/StudioWorkspace.tsx [Client Component Browser]
    ./src/app/(admin)/studio/[id]/edit/page.tsx [Client Component Browser]
    ./src/app/(admin)/studio/[id]/edit/page.tsx [Server Component]

  Client Component SSR:
    ./packages/compiler/src/publisher/index.ts [Client Component SSR]
    ./packages/compiler/src/index.ts [Client Component SSR]
    ./src/services/compiler-adapter.ts [Client Component SSR]
    ./src/components/studio/EditorBridge.tsx [Client Component SSR]
    ./src/components/studio/StudioWorkspace.tsx [Client Component SSR]
    ./src/app/(admin)/studio/[id]/edit/page.tsx [Client Component SSR]
    ./src/app/(admin)/studio/[id]/edit/page.tsx [Server Component]

https://nextjs.org/docs/messages/module-not-found @ http://localhost:3000/_next/static/chunks/node_modules_next_dist_1gdrd03._.js:1945
[12709632ms] [LOG] [Fast Refresh] rebuilding @ http://localhost:3000/_next/static/chunks/node_modules_next_dist_1gdrd03._.js:1226
[12709774ms] [ERROR] ./packages/compiler/src/publisher/index.ts:1:1
Module not found: Can't resolve 'fs'
> 1 | import { writeFileSync, mkdirSync, existsSync, readFileSync } from 'fs'
    | ^^^^^^^^^^^^^^^^^^^^^^^^^^^^^^^^^^^^^^^^^^^^^^^^^^^^^^^^^^^^^^^^^^^^^^^
  2 | import { join } from 'path'
  3 | import { createHash } from 'crypto'
  4 | import type { CampusDocument } from '@navi/core'

Import traces:
  Client Component Browser:
    ./packages/compiler/src/publisher/index.ts [Client Component Browser]
    ./packages/compiler/src/index.ts [Client Component Browser]
    ./src/services/compiler-adapter.ts [Client Component Browser]
    ./src/components/studio/EditorBridge.tsx [Client Component Browser]
    ./src/components/studio/StudioWorkspace.tsx [Client Component Browser]
    ./src/app/(admin)/studio/[id]/edit/page.tsx [Client Component Browser]
    ./src/app/(admin)/studio/[id]/edit/page.tsx [Server Component]

  Client Component SSR:
    ./packages/compiler/src/publisher/index.ts [Client Component SSR]
    ./packages/compiler/src/index.ts [Client Component SSR]
    ./src/services/compiler-adapter.ts [Client Component SSR]
    ./src/components/studio/EditorBridge.tsx [Client Component SSR]
    ./src/components/studio/StudioWorkspace.tsx [Client Component SSR]
    ./src/app/(admin)/studio/[id]/edit/page.tsx [Client Component SSR]
    ./src/app/(admin)/studio/[id]/edit/page.tsx [Server Component]

https://nextjs.org/docs/messages/module-not-found @ http://localhost:3000/_next/static/chunks/node_modules_next_dist_1gdrd03._.js:1945
[12709816ms] [ERROR] ./packages/compiler/src/publisher/index.ts:1:1
Module not found: Can't resolve 'fs'
> 1 | import { writeFileSync, mkdirSync, existsSync, readFileSync } from 'fs'
    | ^^^^^^^^^^^^^^^^^^^^^^^^^^^^^^^^^^^^^^^^^^^^^^^^^^^^^^^^^^^^^^^^^^^^^^^
  2 | import { join } from 'path'
  3 | import { createHash } from 'crypto'
  4 | import type { CampusDocument } from '@navi/core'

Import traces:
  Client Component Browser:
    ./packages/compiler/src/publisher/index.ts [Client Component Browser]
    ./packages/compiler/src/index.ts [Client Component Browser]
    ./src/services/compiler-adapter.ts [Client Component Browser]
    ./src/components/studio/EditorBridge.tsx [Client Component Browser]
    ./src/components/studio/StudioWorkspace.tsx [Client Component Browser]
    ./src/app/(admin)/studio/[id]/edit/page.tsx [Client Component Browser]
    ./src/app/(admin)/studio/[id]/edit/page.tsx [Server Component]

  Client Component SSR:
    ./packages/compiler/src/publisher/index.ts [Client Component SSR]
    ./packages/compiler/src/index.ts [Client Component SSR]
    ./src/services/compiler-adapter.ts [Client Component SSR]
    ./src/components/studio/EditorBridge.tsx [Client Component SSR]
    ./src/components/studio/StudioWorkspace.tsx [Client Component SSR]
    ./src/app/(admin)/studio/[id]/edit/page.tsx [Client Component SSR]
    ./src/app/(admin)/studio/[id]/edit/page.tsx [Server Component]

https://nextjs.org/docs/messages/module-not-found @ http://localhost:3000/_next/static/chunks/node_modules_next_dist_1gdrd03._.js:1945
[12709883ms] [LOG] [Fast Refresh] rebuilding @ http://localhost:3000/_next/static/chunks/node_modules_next_dist_1gdrd03._.js:1226
[12709944ms] [ERROR] ./packages/compiler/src/publisher/index.ts:1:1
Module not found: Can't resolve 'fs'
> 1 | import { writeFileSync, mkdirSync, existsSync, readFileSync } from 'fs'
    | ^^^^^^^^^^^^^^^^^^^^^^^^^^^^^^^^^^^^^^^^^^^^^^^^^^^^^^^^^^^^^^^^^^^^^^^
  2 | import { join } from 'path'
  3 | import { createHash } from 'crypto'
  4 | import type { CampusDocument } from '@navi/core'

Import traces:
  Client Component Browser:
    ./packages/compiler/src/publisher/index.ts [Client Component Browser]
    ./packages/compiler/src/index.ts [Client Component Browser]
    ./src/services/compiler-adapter.ts [Client Component Browser]
    ./src/components/studio/EditorBridge.tsx [Client Component Browser]
    ./src/components/studio/StudioWorkspace.tsx [Client Component Browser]
    ./src/app/(admin)/studio/[id]/edit/page.tsx [Client Component Browser]
    ./src/app/(admin)/studio/[id]/edit/page.tsx [Server Component]

  Client Component SSR:
    ./packages/compiler/src/publisher/index.ts [Client Component SSR]
    ./packages/compiler/src/index.ts [Client Component SSR]
    ./src/services/compiler-adapter.ts [Client Component SSR]
    ./src/components/studio/EditorBridge.tsx [Client Component SSR]
    ./src/components/studio/StudioWorkspace.tsx [Client Component SSR]
    ./src/app/(admin)/studio/[id]/edit/page.tsx [Client Component SSR]
    ./src/app/(admin)/studio/[id]/edit/page.tsx [Server Component]

https://nextjs.org/docs/messages/module-not-found @ http://localhost:3000/_next/static/chunks/node_modules_next_dist_1gdrd03._.js:1945
[12709982ms] [ERROR] ./packages/compiler/src/publisher/index.ts:1:1
Module not found: Can't resolve 'fs'
> 1 | import { writeFileSync, mkdirSync, existsSync, readFileSync } from 'fs'
    | ^^^^^^^^^^^^^^^^^^^^^^^^^^^^^^^^^^^^^^^^^^^^^^^^^^^^^^^^^^^^^^^^^^^^^^^
  2 | import { join } from 'path'
  3 | import { createHash } from 'crypto'
  4 | import type { CampusDocument } from '@navi/core'

Import traces:
  Client Component Browser:
    ./packages/compiler/src/publisher/index.ts [Client Component Browser]
    ./packages/compiler/src/index.ts [Client Component Browser]
    ./src/services/compiler-adapter.ts [Client Component Browser]
    ./src/components/studio/EditorBridge.tsx [Client Component Browser]
    ./src/components/studio/StudioWorkspace.tsx [Client Component Browser]
    ./src/app/(admin)/studio/[id]/edit/page.tsx [Client Component Browser]
    ./src/app/(admin)/studio/[id]/edit/page.tsx [Server Component]

  Client Component SSR:
    ./packages/compiler/src/publisher/index.ts [Client Component SSR]
    ./packages/compiler/src/index.ts [Client Component SSR]
    ./src/services/compiler-adapter.ts [Client Component SSR]
    ./src/components/studio/EditorBridge.tsx [Client Component SSR]
    ./src/components/studio/StudioWorkspace.tsx [Client Component SSR]
    ./src/app/(admin)/studio/[id]/edit/page.tsx [Client Component SSR]
    ./src/app/(admin)/studio/[id]/edit/page.tsx [Server Component]

https://nextjs.org/docs/messages/module-not-found @ http://localhost:3000/_next/static/chunks/node_modules_next_dist_1gdrd03._.js:1945
[12710045ms] [LOG] [Fast Refresh] rebuilding @ http://localhost:3000/_next/static/chunks/node_modules_next_dist_1gdrd03._.js:1226
[12710381ms] [ERROR] ./packages/compiler/src/publisher/index.ts:1:1
Module not found: Can't resolve 'fs'
> 1 | import { writeFileSync, mkdirSync, existsSync, readFileSync } from 'fs'
    | ^^^^^^^^^^^^^^^^^^^^^^^^^^^^^^^^^^^^^^^^^^^^^^^^^^^^^^^^^^^^^^^^^^^^^^^
  2 | import { join } from 'path'
  3 | import { createHash } from 'crypto'
  4 | import type { CampusDocument } from '@navi/core'

Import traces:
  Client Component Browser:
    ./packages/compiler/src/publisher/index.ts [Client Component Browser]
    ./packages/compiler/src/index.ts [Client Component Browser]
    ./src/services/compiler-adapter.ts [Client Component Browser]
    ./src/components/studio/EditorBridge.tsx [Client Component Browser]
    ./src/components/studio/StudioWorkspace.tsx [Client Component Browser]
    ./src/app/(admin)/studio/[id]/edit/page.tsx [Client Component Browser]
    ./src/app/(admin)/studio/[id]/edit/page.tsx [Server Component]

  Client Component SSR:
    ./packages/compiler/src/publisher/index.ts [Client Component SSR]
    ./packages/compiler/src/index.ts [Client Component SSR]
    ./src/services/compiler-adapter.ts [Client Component SSR]
    ./src/components/studio/EditorBridge.tsx [Client Component SSR]
    ./src/components/studio/StudioWorkspace.tsx [Client Component SSR]
    ./src/app/(admin)/studio/[id]/edit/page.tsx [Client Component SSR]
    ./src/app/(admin)/studio/[id]/edit/page.tsx [Server Component]

https://nextjs.org/docs/messages/module-not-found @ http://localhost:3000/_next/static/chunks/node_modules_next_dist_1gdrd03._.js:1945
[12710430ms] [LOG] [Fast Refresh] rebuilding @ http://localhost:3000/_next/static/chunks/node_modules_next_dist_1gdrd03._.js:1226
[12710533ms] [ERROR] ./packages/compiler/src/publisher/index.ts:1:1
Module not found: Can't resolve 'fs'
> 1 | import { writeFileSync, mkdirSync, existsSync, readFileSync } from 'fs'
    | ^^^^^^^^^^^^^^^^^^^^^^^^^^^^^^^^^^^^^^^^^^^^^^^^^^^^^^^^^^^^^^^^^^^^^^^
  2 | import { join } from 'path'
  3 | import { createHash } from 'crypto'
  4 | import type { CampusDocument } from '@navi/core'

Import traces:
  Client Component Browser:
    ./packages/compiler/src/publisher/index.ts [Client Component Browser]
    ./packages/compiler/src/index.ts [Client Component Browser]
    ./src/services/compiler-adapter.ts [Client Component Browser]
    ./src/components/studio/EditorBridge.tsx [Client Component Browser]
    ./src/components/studio/StudioWorkspace.tsx [Client Component Browser]
    ./src/app/(admin)/studio/[id]/edit/page.tsx [Client Component Browser]
    ./src/app/(admin)/studio/[id]/edit/page.tsx [Server Component]

  Client Component SSR:
    ./packages/compiler/src/publisher/index.ts [Client Component SSR]
    ./packages/compiler/src/index.ts [Client Component SSR]
    ./src/services/compiler-adapter.ts [Client Component SSR]
    ./src/components/studio/EditorBridge.tsx [Client Component SSR]
    ./src/components/studio/StudioWorkspace.tsx [Client Component SSR]
    ./src/app/(admin)/studio/[id]/edit/page.tsx [Client Component SSR]
    ./src/app/(admin)/studio/[id]/edit/page.tsx [Server Component]

https://nextjs.org/docs/messages/module-not-found @ http://localhost:3000/_next/static/chunks/node_modules_next_dist_1gdrd03._.js:1945
[12710580ms] [ERROR] ./packages/compiler/src/publisher/index.ts:1:1
Module not found: Can't resolve 'fs'
> 1 | import { writeFileSync, mkdirSync, existsSync, readFileSync } from 'fs'
    | ^^^^^^^^^^^^^^^^^^^^^^^^^^^^^^^^^^^^^^^^^^^^^^^^^^^^^^^^^^^^^^^^^^^^^^^
  2 | import { join } from 'path'
  3 | import { createHash } from 'crypto'
  4 | import type { CampusDocument } from '@navi/core'

Import traces:
  Client Component Browser:
    ./packages/compiler/src/publisher/index.ts [Client Component Browser]
    ./packages/compiler/src/index.ts [Client Component Browser]
    ./src/services/compiler-adapter.ts [Client Component Browser]
    ./src/components/studio/EditorBridge.tsx [Client Component Browser]
    ./src/components/studio/StudioWorkspace.tsx [Client Component Browser]
    ./src/app/(admin)/studio/[id]/edit/page.tsx [Client Component Browser]
    ./src/app/(admin)/studio/[id]/edit/page.tsx [Server Component]

  Client Component SSR:
    ./packages/compiler/src/publisher/index.ts [Client Component SSR]
    ./packages/compiler/src/index.ts [Client Component SSR]
    ./src/services/compiler-adapter.ts [Client Component SSR]
    ./src/components/studio/EditorBridge.tsx [Client Component SSR]
    ./src/components/studio/StudioWorkspace.tsx [Client Component SSR]
    ./src/app/(admin)/studio/[id]/edit/page.tsx [Client Component SSR]
    ./src/app/(admin)/studio/[id]/edit/page.tsx [Server Component]

https://nextjs.org/docs/messages/module-not-found @ http://localhost:3000/_next/static/chunks/node_modules_next_dist_1gdrd03._.js:1945
[12710636ms] [LOG] [Fast Refresh] rebuilding @ http://localhost:3000/_next/static/chunks/node_modules_next_dist_1gdrd03._.js:1226
[12714922ms] [ERROR] ./packages/compiler/src/publisher/index.ts:1:1
Module not found: Can't resolve 'fs'
> 1 | import { writeFileSync, mkdirSync, existsSync, readFileSync } from 'fs'
    | ^^^^^^^^^^^^^^^^^^^^^^^^^^^^^^^^^^^^^^^^^^^^^^^^^^^^^^^^^^^^^^^^^^^^^^^
  2 | import { join } from 'path'
  3 | import { createHash } from 'crypto'
  4 | import type { CampusDocument } from '@navi/core'

Import traces:
  Client Component Browser:
    ./packages/compiler/src/publisher/index.ts [Client Component Browser]
    ./packages/compiler/src/index.ts [Client Component Browser]
    ./src/services/compiler-adapter.ts [Client Component Browser]
    ./src/components/studio/EditorBridge.tsx [Client Component Browser]
    ./src/components/studio/StudioWorkspace.tsx [Client Component Browser]
    ./src/app/(admin)/studio/[id]/edit/page.tsx [Client Component Browser]
    ./src/app/(admin)/studio/[id]/edit/page.tsx [Server Component]

  Client Component SSR:
    ./packages/compiler/src/publisher/index.ts [Client Component SSR]
    ./packages/compiler/src/index.ts [Client Component SSR]
    ./src/services/compiler-adapter.ts [Client Component SSR]
    ./src/components/studio/EditorBridge.tsx [Client Component SSR]
    ./src/components/studio/StudioWorkspace.tsx [Client Component SSR]
    ./src/app/(admin)/studio/[id]/edit/page.tsx [Client Component SSR]
    ./src/app/(admin)/studio/[id]/edit/page.tsx [Server Component]

https://nextjs.org/docs/messages/module-not-found @ http://localhost:3000/_next/static/chunks/node_modules_next_dist_1gdrd03._.js:1945
[12714985ms] [LOG] [Fast Refresh] rebuilding @ http://localhost:3000/_next/static/chunks/node_modules_next_dist_1gdrd03._.js:1226
[12715150ms] [ERROR] ./packages/compiler/src/publisher/index.ts:1:1
Module not found: Can't resolve 'fs'
> 1 | import { writeFileSync, mkdirSync, existsSync, readFileSync } from 'fs'
    | ^^^^^^^^^^^^^^^^^^^^^^^^^^^^^^^^^^^^^^^^^^^^^^^^^^^^^^^^^^^^^^^^^^^^^^^
  2 | import { join } from 'path'
  3 | import { createHash } from 'crypto'
  4 | import type { CampusDocument } from '@navi/core'

Import traces:
  Client Component Browser:
    ./packages/compiler/src/publisher/index.ts [Client Component Browser]
    ./packages/compiler/src/index.ts [Client Component Browser]
    ./src/services/compiler-adapter.ts [Client Component Browser]
    ./src/components/studio/EditorBridge.tsx [Client Component Browser]
    ./src/components/studio/StudioWorkspace.tsx [Client Component Browser]
    ./src/app/(admin)/studio/[id]/edit/page.tsx [Client Component Browser]
    ./src/app/(admin)/studio/[id]/edit/page.tsx [Server Component]

  Client Component SSR:
    ./packages/compiler/src/publisher/index.ts [Client Component SSR]
    ./packages/compiler/src/index.ts [Client Component SSR]
    ./src/services/compiler-adapter.ts [Client Component SSR]
    ./src/components/studio/EditorBridge.tsx [Client Component SSR]
    ./src/components/studio/StudioWorkspace.tsx [Client Component SSR]
    ./src/app/(admin)/studio/[id]/edit/page.tsx [Client Component SSR]
    ./src/app/(admin)/studio/[id]/edit/page.tsx [Server Component]

https://nextjs.org/docs/messages/module-not-found @ http://localhost:3000/_next/static/chunks/node_modules_next_dist_1gdrd03._.js:1945
[12715186ms] [LOG] [Fast Refresh] rebuilding @ http://localhost:3000/_next/static/chunks/node_modules_next_dist_1gdrd03._.js:1226
[12715324ms] [ERROR] ./packages/compiler/src/publisher/index.ts:1:1
Module not found: Can't resolve 'fs'
> 1 | import { writeFileSync, mkdirSync, existsSync, readFileSync } from 'fs'
    | ^^^^^^^^^^^^^^^^^^^^^^^^^^^^^^^^^^^^^^^^^^^^^^^^^^^^^^^^^^^^^^^^^^^^^^^
  2 | import { join } from 'path'
  3 | import { createHash } from 'crypto'
  4 | import type { CampusDocument } from '@navi/core'

Import traces:
  Client Component Browser:
    ./packages/compiler/src/publisher/index.ts [Client Component Browser]
    ./packages/compiler/src/index.ts [Client Component Browser]
    ./src/services/compiler-adapter.ts [Client Component Browser]
    ./src/components/studio/EditorBridge.tsx [Client Component Browser]
    ./src/components/studio/StudioWorkspace.tsx [Client Component Browser]
    ./src/app/(admin)/studio/[id]/edit/page.tsx [Client Component Browser]
    ./src/app/(admin)/studio/[id]/edit/page.tsx [Server Component]

  Client Component SSR:
    ./packages/compiler/src/publisher/index.ts [Client Component SSR]
    ./packages/compiler/src/index.ts [Client Component SSR]
    ./src/services/compiler-adapter.ts [Client Component SSR]
    ./src/components/studio/EditorBridge.tsx [Client Component SSR]
    ./src/components/studio/StudioWorkspace.tsx [Client Component SSR]
    ./src/app/(admin)/studio/[id]/edit/page.tsx [Client Component SSR]
    ./src/app/(admin)/studio/[id]/edit/page.tsx [Server Component]

https://nextjs.org/docs/messages/module-not-found @ http://localhost:3000/_next/static/chunks/node_modules_next_dist_1gdrd03._.js:1945
[12715355ms] [LOG] [Fast Refresh] rebuilding @ http://localhost:3000/_next/static/chunks/node_modules_next_dist_1gdrd03._.js:1226
[12715513ms] [ERROR] ./packages/compiler/src/publisher/index.ts:1:1
Module not found: Can't resolve 'fs'
> 1 | import { writeFileSync, mkdirSync, existsSync, readFileSync } from 'fs'
    | ^^^^^^^^^^^^^^^^^^^^^^^^^^^^^^^^^^^^^^^^^^^^^^^^^^^^^^^^^^^^^^^^^^^^^^^
  2 | import { join } from 'path'
  3 | import { createHash } from 'crypto'
  4 | import type { CampusDocument } from '@navi/core'

Import traces:
  Client Component Browser:
    ./packages/compiler/src/publisher/index.ts [Client Component Browser]
    ./packages/compiler/src/index.ts [Client Component Browser]
    ./src/services/compiler-adapter.ts [Client Component Browser]
    ./src/components/studio/EditorBridge.tsx [Client Component Browser]
    ./src/components/studio/StudioWorkspace.tsx [Client Component Browser]
    ./src/app/(admin)/studio/[id]/edit/page.tsx [Client Component Browser]
    ./src/app/(admin)/studio/[id]/edit/page.tsx [Server Component]

  Client Component SSR:
    ./packages/compiler/src/publisher/index.ts [Client Component SSR]
    ./packages/compiler/src/index.ts [Client Component SSR]
    ./src/services/compiler-adapter.ts [Client Component SSR]
    ./src/components/studio/EditorBridge.tsx [Client Component SSR]
    ./src/components/studio/StudioWorkspace.tsx [Client Component SSR]
    ./src/app/(admin)/studio/[id]/edit/page.tsx [Client Component SSR]
    ./src/app/(admin)/studio/[id]/edit/page.tsx [Server Component]

https://nextjs.org/docs/messages/module-not-found @ http://localhost:3000/_next/static/chunks/node_modules_next_dist_1gdrd03._.js:1945
[12715531ms] [LOG] [Fast Refresh] rebuilding @ http://localhost:3000/_next/static/chunks/node_modules_next_dist_1gdrd03._.js:1226
[12715658ms] [ERROR] ./packages/compiler/src/publisher/index.ts:1:1
Module not found: Can't resolve 'fs'
> 1 | import { writeFileSync, mkdirSync, existsSync, readFileSync } from 'fs'
    | ^^^^^^^^^^^^^^^^^^^^^^^^^^^^^^^^^^^^^^^^^^^^^^^^^^^^^^^^^^^^^^^^^^^^^^^
  2 | import { join } from 'path'
  3 | import { createHash } from 'crypto'
  4 | import type { CampusDocument } from '@navi/core'

Import traces:
  Client Component Browser:
    ./packages/compiler/src/publisher/index.ts [Client Component Browser]
    ./packages/compiler/src/index.ts [Client Component Browser]
    ./src/services/compiler-adapter.ts [Client Component Browser]
    ./src/components/studio/EditorBridge.tsx [Client Component Browser]
    ./src/components/studio/StudioWorkspace.tsx [Client Component Browser]
    ./src/app/(admin)/studio/[id]/edit/page.tsx [Client Component Browser]
    ./src/app/(admin)/studio/[id]/edit/page.tsx [Server Component]

  Client Component SSR:
    ./packages/compiler/src/publisher/index.ts [Client Component SSR]
    ./packages/compiler/src/index.ts [Client Component SSR]
    ./src/services/compiler-adapter.ts [Client Component SSR]
    ./src/components/studio/EditorBridge.tsx [Client Component SSR]
    ./src/components/studio/StudioWorkspace.tsx [Client Component SSR]
    ./src/app/(admin)/studio/[id]/edit/page.tsx [Client Component SSR]
    ./src/app/(admin)/studio/[id]/edit/page.tsx [Server Component]

https://nextjs.org/docs/messages/module-not-found @ http://localhost:3000/_next/static/chunks/node_modules_next_dist_1gdrd03._.js:1945
[12715713ms] [LOG] [Fast Refresh] rebuilding @ http://localhost:3000/_next/static/chunks/node_modules_next_dist_1gdrd03._.js:1226
[12716143ms] [ERROR] ./packages/compiler/src/publisher/index.ts:1:1
Module not found: Can't resolve 'fs'
> 1 | import { writeFileSync, mkdirSync, existsSync, readFileSync } from 'fs'
    | ^^^^^^^^^^^^^^^^^^^^^^^^^^^^^^^^^^^^^^^^^^^^^^^^^^^^^^^^^^^^^^^^^^^^^^^
  2 | import { join } from 'path'
  3 | import { createHash } from 'crypto'
  4 | import type { CampusDocument } from '@navi/core'

Import traces:
  Client Component Browser:
    ./packages/compiler/src/publisher/index.ts [Client Component Browser]
    ./packages/compiler/src/index.ts [Client Component Browser]
    ./src/services/compiler-adapter.ts [Client Component Browser]
    ./src/components/studio/EditorBridge.tsx [Client Component Browser]
    ./src/components/studio/StudioWorkspace.tsx [Client Component Browser]
    ./src/app/(admin)/studio/[id]/edit/page.tsx [Client Component Browser]
    ./src/app/(admin)/studio/[id]/edit/page.tsx [Server Component]

  Client Component SSR:
    ./packages/compiler/src/publisher/index.ts [Client Component SSR]
    ./packages/compiler/src/index.ts [Client Component SSR]
    ./src/services/compiler-adapter.ts [Client Component SSR]
    ./src/components/studio/EditorBridge.tsx [Client Component SSR]
    ./src/components/studio/StudioWorkspace.tsx [Client Component SSR]
    ./src/app/(admin)/studio/[id]/edit/page.tsx [Client Component SSR]
    ./src/app/(admin)/studio/[id]/edit/page.tsx [Server Component]

https://nextjs.org/docs/messages/module-not-found @ http://localhost:3000/_next/static/chunks/node_modules_next_dist_1gdrd03._.js:1945
[12716168ms] [LOG] [Fast Refresh] rebuilding @ http://localhost:3000/_next/static/chunks/node_modules_next_dist_1gdrd03._.js:1226
[12716260ms] [ERROR] ./packages/compiler/src/publisher/index.ts:1:1
Module not found: Can't resolve 'fs'
> 1 | import { writeFileSync, mkdirSync, existsSync, readFileSync } from 'fs'
    | ^^^^^^^^^^^^^^^^^^^^^^^^^^^^^^^^^^^^^^^^^^^^^^^^^^^^^^^^^^^^^^^^^^^^^^^
  2 | import { join } from 'path'
  3 | import { createHash } from 'crypto'
  4 | import type { CampusDocument } from '@navi/core'

Import traces:
  Client Component Browser:
    ./packages/compiler/src/publisher/index.ts [Client Component Browser]
    ./packages/compiler/src/index.ts [Client Component Browser]
    ./src/services/compiler-adapter.ts [Client Component Browser]
    ./src/components/studio/EditorBridge.tsx [Client Component Browser]
    ./src/components/studio/StudioWorkspace.tsx [Client Component Browser]
    ./src/app/(admin)/studio/[id]/edit/page.tsx [Client Component Browser]
    ./src/app/(admin)/studio/[id]/edit/page.tsx [Server Component]

  Client Component SSR:
    ./packages/compiler/src/publisher/index.ts [Client Component SSR]
    ./packages/compiler/src/index.ts [Client Component SSR]
    ./src/services/compiler-adapter.ts [Client Component SSR]
    ./src/components/studio/EditorBridge.tsx [Client Component SSR]
    ./src/components/studio/StudioWorkspace.tsx [Client Component SSR]
    ./src/app/(admin)/studio/[id]/edit/page.tsx [Client Component SSR]
    ./src/app/(admin)/studio/[id]/edit/page.tsx [Server Component]

https://nextjs.org/docs/messages/module-not-found @ http://localhost:3000/_next/static/chunks/node_modules_next_dist_1gdrd03._.js:1945
[12716321ms] [LOG] [Fast Refresh] rebuilding @ http://localhost:3000/_next/static/chunks/node_modules_next_dist_1gdrd03._.js:1226
[12725938ms] [ERROR] ./packages/compiler/src/publisher/index.ts:1:1
Module not found: Can't resolve 'fs'
> 1 | import { writeFileSync, mkdirSync, existsSync, readFileSync } from 'fs'
    | ^^^^^^^^^^^^^^^^^^^^^^^^^^^^^^^^^^^^^^^^^^^^^^^^^^^^^^^^^^^^^^^^^^^^^^^
  2 | import { join } from 'path'
  3 | import { createHash } from 'crypto'
  4 | import type { CampusDocument } from '@navi/core'

Import traces:
  Client Component Browser:
    ./packages/compiler/src/publisher/index.ts [Client Component Browser]
    ./packages/compiler/src/index.ts [Client Component Browser]
    ./src/services/compiler-adapter.ts [Client Component Browser]
    ./src/components/studio/EditorBridge.tsx [Client Component Browser]
    ./src/components/studio/StudioWorkspace.tsx [Client Component Browser]
    ./src/app/(admin)/studio/[id]/edit/page.tsx [Client Component Browser]
    ./src/app/(admin)/studio/[id]/edit/page.tsx [Server Component]

  Client Component SSR:
    ./packages/compiler/src/publisher/index.ts [Client Component SSR]
    ./packages/compiler/src/index.ts [Client Component SSR]
    ./src/services/compiler-adapter.ts [Client Component SSR]
    ./src/components/studio/EditorBridge.tsx [Client Component SSR]
    ./src/components/studio/StudioWorkspace.tsx [Client Component SSR]
    ./src/app/(admin)/studio/[id]/edit/page.tsx [Client Component SSR]
    ./src/app/(admin)/studio/[id]/edit/page.tsx [Server Component]

https://nextjs.org/docs/messages/module-not-found @ http://localhost:3000/_next/static/chunks/node_modules_next_dist_1gdrd03._.js:1945
[12726010ms] [LOG] [Fast Refresh] rebuilding @ http://localhost:3000/_next/static/chunks/node_modules_next_dist_1gdrd03._.js:1226
[12729863ms] [ERROR] ./packages/compiler/src/publisher/index.ts:1:1
Module not found: Can't resolve 'fs'
> 1 | import { writeFileSync, mkdirSync, existsSync, readFileSync } from 'fs'
    | ^^^^^^^^^^^^^^^^^^^^^^^^^^^^^^^^^^^^^^^^^^^^^^^^^^^^^^^^^^^^^^^^^^^^^^^
  2 | import { join } from 'path'
  3 | import { createHash } from 'crypto'
  4 | import type { CampusDocument } from '@navi/core'

Import traces:
  Client Component Browser:
    ./packages/compiler/src/publisher/index.ts [Client Component Browser]
    ./packages/compiler/src/index.ts [Client Component Browser]
    ./src/services/compiler-adapter.ts [Client Component Browser]
    ./src/components/studio/EditorBridge.tsx [Client Component Browser]
    ./src/components/studio/StudioWorkspace.tsx [Client Component Browser]
    ./src/app/(admin)/studio/[id]/edit/page.tsx [Client Component Browser]
    ./src/app/(admin)/studio/[id]/edit/page.tsx [Server Component]

  Client Component SSR:
    ./packages/compiler/src/publisher/index.ts [Client Component SSR]
    ./packages/compiler/src/index.ts [Client Component SSR]
    ./src/services/compiler-adapter.ts [Client Component SSR]
    ./src/components/studio/EditorBridge.tsx [Client Component SSR]
    ./src/components/studio/StudioWorkspace.tsx [Client Component SSR]
    ./src/app/(admin)/studio/[id]/edit/page.tsx [Client Component SSR]
    ./src/app/(admin)/studio/[id]/edit/page.tsx [Server Component]

https://nextjs.org/docs/messages/module-not-found @ http://localhost:3000/_next/static/chunks/node_modules_next_dist_1gdrd03._.js:1945
[12729912ms] [LOG] [Fast Refresh] rebuilding @ http://localhost:3000/_next/static/chunks/node_modules_next_dist_1gdrd03._.js:1226
[12732494ms] [ERROR] ./packages/compiler/src/publisher/index.ts:1:1
Module not found: Can't resolve 'fs'
> 1 | import { writeFileSync, mkdirSync, existsSync, readFileSync } from 'fs'
    | ^^^^^^^^^^^^^^^^^^^^^^^^^^^^^^^^^^^^^^^^^^^^^^^^^^^^^^^^^^^^^^^^^^^^^^^
  2 | import { join } from 'path'
  3 | import { createHash } from 'crypto'
  4 | import type { CampusDocument } from '@navi/core'

Import traces:
  Client Component Browser:
    ./packages/compiler/src/publisher/index.ts [Client Component Browser]
    ./packages/compiler/src/index.ts [Client Component Browser]
    ./src/services/compiler-adapter.ts [Client Component Browser]
    ./src/components/studio/EditorBridge.tsx [Client Component Browser]
    ./src/components/studio/StudioWorkspace.tsx [Client Component Browser]
    ./src/app/(admin)/studio/[id]/edit/page.tsx [Client Component Browser]
    ./src/app/(admin)/studio/[id]/edit/page.tsx [Server Component]

  Client Component SSR:
    ./packages/compiler/src/publisher/index.ts [Client Component SSR]
    ./packages/compiler/src/index.ts [Client Component SSR]
    ./src/services/compiler-adapter.ts [Client Component SSR]
    ./src/components/studio/EditorBridge.tsx [Client Component SSR]
    ./src/components/studio/StudioWorkspace.tsx [Client Component SSR]
    ./src/app/(admin)/studio/[id]/edit/page.tsx [Client Component SSR]
    ./src/app/(admin)/studio/[id]/edit/page.tsx [Server Component]

https://nextjs.org/docs/messages/module-not-found @ http://localhost:3000/_next/static/chunks/node_modules_next_dist_1gdrd03._.js:1945
[12732555ms] [LOG] [Fast Refresh] rebuilding @ http://localhost:3000/_next/static/chunks/node_modules_next_dist_1gdrd03._.js:1226
[12732650ms] [ERROR] ./packages/compiler/src/publisher/index.ts:1:1
Module not found: Can't resolve 'fs'
> 1 | import { writeFileSync, mkdirSync, existsSync, readFileSync } from 'fs'
    | ^^^^^^^^^^^^^^^^^^^^^^^^^^^^^^^^^^^^^^^^^^^^^^^^^^^^^^^^^^^^^^^^^^^^^^^
  2 | import { join } from 'path'
  3 | import { createHash } from 'crypto'
  4 | import type { CampusDocument } from '@navi/core'

Import traces:
  Client Component Browser:
    ./packages/compiler/src/publisher/index.ts [Client Component Browser]
    ./packages/compiler/src/index.ts [Client Component Browser]
    ./src/services/compiler-adapter.ts [Client Component Browser]
    ./src/components/studio/EditorBridge.tsx [Client Component Browser]
    ./src/components/studio/StudioWorkspace.tsx [Client Component Browser]
    ./src/app/(admin)/studio/[id]/edit/page.tsx [Client Component Browser]
    ./src/app/(admin)/studio/[id]/edit/page.tsx [Server Component]

  Client Component SSR:
    ./packages/compiler/src/publisher/index.ts [Client Component SSR]
    ./packages/compiler/src/index.ts [Client Component SSR]
    ./src/services/compiler-adapter.ts [Client Component SSR]
    ./src/components/studio/EditorBridge.tsx [Client Component SSR]
    ./src/components/studio/StudioWorkspace.tsx [Client Component SSR]
    ./src/app/(admin)/studio/[id]/edit/page.tsx [Client Component SSR]
    ./src/app/(admin)/studio/[id]/edit/page.tsx [Server Component]

https://nextjs.org/docs/messages/module-not-found @ http://localhost:3000/_next/static/chunks/node_modules_next_dist_1gdrd03._.js:1945
[12732695ms] [LOG] [Fast Refresh] rebuilding @ http://localhost:3000/_next/static/chunks/node_modules_next_dist_1gdrd03._.js:1226
[12732836ms] [ERROR] ./packages/compiler/src/publisher/index.ts:1:1
Module not found: Can't resolve 'fs'
> 1 | import { writeFileSync, mkdirSync, existsSync, readFileSync } from 'fs'
    | ^^^^^^^^^^^^^^^^^^^^^^^^^^^^^^^^^^^^^^^^^^^^^^^^^^^^^^^^^^^^^^^^^^^^^^^
  2 | import { join } from 'path'
  3 | import { createHash } from 'crypto'
  4 | import type { CampusDocument } from '@navi/core'

Import traces:
  Client Component Browser:
    ./packages/compiler/src/publisher/index.ts [Client Component Browser]
    ./packages/compiler/src/index.ts [Client Component Browser]
    ./src/services/compiler-adapter.ts [Client Component Browser]
    ./src/components/studio/EditorBridge.tsx [Client Component Browser]
    ./src/components/studio/StudioWorkspace.tsx [Client Component Browser]
    ./src/app/(admin)/studio/[id]/edit/page.tsx [Client Component Browser]
    ./src/app/(admin)/studio/[id]/edit/page.tsx [Server Component]

  Client Component SSR:
    ./packages/compiler/src/publisher/index.ts [Client Component SSR]
    ./packages/compiler/src/index.ts [Client Component SSR]
    ./src/services/compiler-adapter.ts [Client Component SSR]
    ./src/components/studio/EditorBridge.tsx [Client Component SSR]
    ./src/components/studio/StudioWorkspace.tsx [Client Component SSR]
    ./src/app/(admin)/studio/[id]/edit/page.tsx [Client Component SSR]
    ./src/app/(admin)/studio/[id]/edit/page.tsx [Server Component]

https://nextjs.org/docs/messages/module-not-found @ http://localhost:3000/_next/static/chunks/node_modules_next_dist_1gdrd03._.js:1945
[12732898ms] [LOG] [Fast Refresh] rebuilding @ http://localhost:3000/_next/static/chunks/node_modules_next_dist_1gdrd03._.js:1226
[12732983ms] [ERROR] ./packages/compiler/src/publisher/index.ts:1:1
Module not found: Can't resolve 'fs'
> 1 | import { writeFileSync, mkdirSync, existsSync, readFileSync } from 'fs'
    | ^^^^^^^^^^^^^^^^^^^^^^^^^^^^^^^^^^^^^^^^^^^^^^^^^^^^^^^^^^^^^^^^^^^^^^^
  2 | import { join } from 'path'
  3 | import { createHash } from 'crypto'
  4 | import type { CampusDocument } from '@navi/core'

Import traces:
  Client Component Browser:
    ./packages/compiler/src/publisher/index.ts [Client Component Browser]
    ./packages/compiler/src/index.ts [Client Component Browser]
    ./src/services/compiler-adapter.ts [Client Component Browser]
    ./src/components/studio/EditorBridge.tsx [Client Component Browser]
    ./src/components/studio/StudioWorkspace.tsx [Client Component Browser]
    ./src/app/(admin)/studio/[id]/edit/page.tsx [Client Component Browser]
    ./src/app/(admin)/studio/[id]/edit/page.tsx [Server Component]

  Client Component SSR:
    ./packages/compiler/src/publisher/index.ts [Client Component SSR]
    ./packages/compiler/src/index.ts [Client Component SSR]
    ./src/services/compiler-adapter.ts [Client Component SSR]
    ./src/components/studio/EditorBridge.tsx [Client Component SSR]
    ./src/components/studio/StudioWorkspace.tsx [Client Component SSR]
    ./src/app/(admin)/studio/[id]/edit/page.tsx [Client Component SSR]
    ./src/app/(admin)/studio/[id]/edit/page.tsx [Server Component]

https://nextjs.org/docs/messages/module-not-found @ http://localhost:3000/_next/static/chunks/node_modules_next_dist_1gdrd03._.js:1945
[12733050ms] [LOG] [Fast Refresh] rebuilding @ http://localhost:3000/_next/static/chunks/node_modules_next_dist_1gdrd03._.js:1226
[12733597ms] [ERROR] ./packages/compiler/src/publisher/index.ts:1:1
Module not found: Can't resolve 'fs'
> 1 | import { writeFileSync, mkdirSync, existsSync, readFileSync } from 'fs'
    | ^^^^^^^^^^^^^^^^^^^^^^^^^^^^^^^^^^^^^^^^^^^^^^^^^^^^^^^^^^^^^^^^^^^^^^^
  2 | import { join } from 'path'
  3 | import { createHash } from 'crypto'
  4 | import type { CampusDocument } from '@navi/core'

Import traces:
  Client Component Browser:
    ./packages/compiler/src/publisher/index.ts [Client Component Browser]
    ./packages/compiler/src/index.ts [Client Component Browser]
    ./src/services/compiler-adapter.ts [Client Component Browser]
    ./src/components/studio/EditorBridge.tsx [Client Component Browser]
    ./src/components/studio/StudioWorkspace.tsx [Client Component Browser]
    ./src/app/(admin)/studio/[id]/edit/page.tsx [Client Component Browser]
    ./src/app/(admin)/studio/[id]/edit/page.tsx [Server Component]

  Client Component SSR:
    ./packages/compiler/src/publisher/index.ts [Client Component SSR]
    ./packages/compiler/src/index.ts [Client Component SSR]
    ./src/services/compiler-adapter.ts [Client Component SSR]
    ./src/components/studio/EditorBridge.tsx [Client Component SSR]
    ./src/components/studio/StudioWorkspace.tsx [Client Component SSR]
    ./src/app/(admin)/studio/[id]/edit/page.tsx [Client Component SSR]
    ./src/app/(admin)/studio/[id]/edit/page.tsx [Server Component]

https://nextjs.org/docs/messages/module-not-found @ http://localhost:3000/_next/static/chunks/node_modules_next_dist_1gdrd03._.js:1945
[12733638ms] [ERROR] ./packages/compiler/src/publisher/index.ts:1:1
Module not found: Can't resolve 'fs'
> 1 | import { writeFileSync, mkdirSync, existsSync, readFileSync } from 'fs'
    | ^^^^^^^^^^^^^^^^^^^^^^^^^^^^^^^^^^^^^^^^^^^^^^^^^^^^^^^^^^^^^^^^^^^^^^^
  2 | import { join } from 'path'
  3 | import { createHash } from 'crypto'
  4 | import type { CampusDocument } from '@navi/core'

Import traces:
  Client Component Browser:
    ./packages/compiler/src/publisher/index.ts [Client Component Browser]
    ./packages/compiler/src/index.ts [Client Component Browser]
    ./src/services/compiler-adapter.ts [Client Component Browser]
    ./src/components/studio/EditorBridge.tsx [Client Component Browser]
    ./src/components/studio/StudioWorkspace.tsx [Client Component Browser]
    ./src/app/(admin)/studio/[id]/edit/page.tsx [Client Component Browser]
    ./src/app/(admin)/studio/[id]/edit/page.tsx [Server Component]

  Client Component SSR:
    ./packages/compiler/src/publisher/index.ts [Client Component SSR]
    ./packages/compiler/src/index.ts [Client Component SSR]
    ./src/services/compiler-adapter.ts [Client Component SSR]
    ./src/components/studio/EditorBridge.tsx [Client Component SSR]
    ./src/components/studio/StudioWorkspace.tsx [Client Component SSR]
    ./src/app/(admin)/studio/[id]/edit/page.tsx [Client Component SSR]
    ./src/app/(admin)/studio/[id]/edit/page.tsx [Server Component]

https://nextjs.org/docs/messages/module-not-found @ http://localhost:3000/_next/static/chunks/node_modules_next_dist_1gdrd03._.js:1945
[12733704ms] [LOG] [Fast Refresh] rebuilding @ http://localhost:3000/_next/static/chunks/node_modules_next_dist_1gdrd03._.js:1226
[12733847ms] [ERROR] ./packages/compiler/src/publisher/index.ts:1:1
Module not found: Can't resolve 'fs'
> 1 | import { writeFileSync, mkdirSync, existsSync, readFileSync } from 'fs'
    | ^^^^^^^^^^^^^^^^^^^^^^^^^^^^^^^^^^^^^^^^^^^^^^^^^^^^^^^^^^^^^^^^^^^^^^^
  2 | import { join } from 'path'
  3 | import { createHash } from 'crypto'
  4 | import type { CampusDocument } from '@navi/core'

Import traces:
  Client Component Browser:
    ./packages/compiler/src/publisher/index.ts [Client Component Browser]
    ./packages/compiler/src/index.ts [Client Component Browser]
    ./src/services/compiler-adapter.ts [Client Component Browser]
    ./src/components/studio/EditorBridge.tsx [Client Component Browser]
    ./src/components/studio/StudioWorkspace.tsx [Client Component Browser]
    ./src/app/(admin)/studio/[id]/edit/page.tsx [Client Component Browser]
    ./src/app/(admin)/studio/[id]/edit/page.tsx [Server Component]

  Client Component SSR:
    ./packages/compiler/src/publisher/index.ts [Client Component SSR]
    ./packages/compiler/src/index.ts [Client Component SSR]
    ./src/services/compiler-adapter.ts [Client Component SSR]
    ./src/components/studio/EditorBridge.tsx [Client Component SSR]
    ./src/components/studio/StudioWorkspace.tsx [Client Component SSR]
    ./src/app/(admin)/studio/[id]/edit/page.tsx [Client Component SSR]
    ./src/app/(admin)/studio/[id]/edit/page.tsx [Server Component]

https://nextjs.org/docs/messages/module-not-found @ http://localhost:3000/_next/static/chunks/node_modules_next_dist_1gdrd03._.js:1945
[12733870ms] [LOG] [Fast Refresh] rebuilding @ http://localhost:3000/_next/static/chunks/node_modules_next_dist_1gdrd03._.js:1226
[12761248ms] [ERROR] ./packages/compiler/src/publisher/index.ts:1:1
Module not found: Can't resolve 'fs'
> 1 | import { writeFileSync, mkdirSync, existsSync, readFileSync } from 'fs'
    | ^^^^^^^^^^^^^^^^^^^^^^^^^^^^^^^^^^^^^^^^^^^^^^^^^^^^^^^^^^^^^^^^^^^^^^^
  2 | import { join } from 'path'
  3 | import { createHash } from 'crypto'
  4 | import type { CampusDocument } from '@navi/core'

Import traces:
  Client Component Browser:
    ./packages/compiler/src/publisher/index.ts [Client Component Browser]
    ./packages/compiler/src/index.ts [Client Component Browser]
    ./src/services/compiler-adapter.ts [Client Component Browser]
    ./src/components/studio/EditorBridge.tsx [Client Component Browser]
    ./src/components/studio/StudioWorkspace.tsx [Client Component Browser]
    ./src/app/(admin)/studio/[id]/edit/page.tsx [Client Component Browser]
    ./src/app/(admin)/studio/[id]/edit/page.tsx [Server Component]

  Client Component SSR:
    ./packages/compiler/src/publisher/index.ts [Client Component SSR]
    ./packages/compiler/src/index.ts [Client Component SSR]
    ./src/services/compiler-adapter.ts [Client Component SSR]
    ./src/components/studio/EditorBridge.tsx [Client Component SSR]
    ./src/components/studio/StudioWorkspace.tsx [Client Component SSR]
    ./src/app/(admin)/studio/[id]/edit/page.tsx [Client Component SSR]
    ./src/app/(admin)/studio/[id]/edit/page.tsx [Server Component]

https://nextjs.org/docs/messages/module-not-found @ http://localhost:3000/_next/static/chunks/node_modules_next_dist_1gdrd03._.js:1945
[12761307ms] [LOG] [Fast Refresh] rebuilding @ http://localhost:3000/_next/static/chunks/node_modules_next_dist_1gdrd03._.js:1226
[12761393ms] [ERROR] ./packages/compiler/src/publisher/index.ts:1:1
Module not found: Can't resolve 'fs'
> 1 | import { writeFileSync, mkdirSync, existsSync, readFileSync } from 'fs'
    | ^^^^^^^^^^^^^^^^^^^^^^^^^^^^^^^^^^^^^^^^^^^^^^^^^^^^^^^^^^^^^^^^^^^^^^^
  2 | import { join } from 'path'
  3 | import { createHash } from 'crypto'
  4 | import type { CampusDocument } from '@navi/core'

Import traces:
  Client Component Browser:
    ./packages/compiler/src/publisher/index.ts [Client Component Browser]
    ./packages/compiler/src/index.ts [Client Component Browser]
    ./src/services/compiler-adapter.ts [Client Component Browser]
    ./src/components/studio/EditorBridge.tsx [Client Component Browser]
    ./src/components/studio/StudioWorkspace.tsx [Client Component Browser]
    ./src/app/(admin)/studio/[id]/edit/page.tsx [Client Component Browser]
    ./src/app/(admin)/studio/[id]/edit/page.tsx [Server Component]

  Client Component SSR:
    ./packages/compiler/src/publisher/index.ts [Client Component SSR]
    ./packages/compiler/src/index.ts [Client Component SSR]
    ./src/services/compiler-adapter.ts [Client Component SSR]
    ./src/components/studio/EditorBridge.tsx [Client Component SSR]
    ./src/components/studio/StudioWorkspace.tsx [Client Component SSR]
    ./src/app/(admin)/studio/[id]/edit/page.tsx [Client Component SSR]
    ./src/app/(admin)/studio/[id]/edit/page.tsx [Server Component]

https://nextjs.org/docs/messages/module-not-found @ http://localhost:3000/_next/static/chunks/node_modules_next_dist_1gdrd03._.js:1945
[12761455ms] [LOG] [Fast Refresh] rebuilding @ http://localhost:3000/_next/static/chunks/node_modules_next_dist_1gdrd03._.js:1226
[12761564ms] [ERROR] ./packages/compiler/src/publisher/index.ts:1:1
Module not found: Can't resolve 'fs'
> 1 | import { writeFileSync, mkdirSync, existsSync, readFileSync } from 'fs'
    | ^^^^^^^^^^^^^^^^^^^^^^^^^^^^^^^^^^^^^^^^^^^^^^^^^^^^^^^^^^^^^^^^^^^^^^^
  2 | import { join } from 'path'
  3 | import { createHash } from 'crypto'
  4 | import type { CampusDocument } from '@navi/core'

Import traces:
  Client Component Browser:
    ./packages/compiler/src/publisher/index.ts [Client Component Browser]
    ./packages/compiler/src/index.ts [Client Component Browser]
    ./src/services/compiler-adapter.ts [Client Component Browser]
    ./src/components/studio/EditorBridge.tsx [Client Component Browser]
    ./src/components/studio/StudioWorkspace.tsx [Client Component Browser]
    ./src/app/(admin)/studio/[id]/edit/page.tsx [Client Component Browser]
    ./src/app/(admin)/studio/[id]/edit/page.tsx [Server Component]

  Client Component SSR:
    ./packages/compiler/src/publisher/index.ts [Client Component SSR]
    ./packages/compiler/src/index.ts [Client Component SSR]
    ./src/services/compiler-adapter.ts [Client Component SSR]
    ./src/components/studio/EditorBridge.tsx [Client Component SSR]
    ./src/components/studio/StudioWorkspace.tsx [Client Component SSR]
    ./src/app/(admin)/studio/[id]/edit/page.tsx [Client Component SSR]
    ./src/app/(admin)/studio/[id]/edit/page.tsx [Server Component]

https://nextjs.org/docs/messages/module-not-found @ http://localhost:3000/_next/static/chunks/node_modules_next_dist_1gdrd03._.js:1945
[12761588ms] [LOG] [Fast Refresh] rebuilding @ http://localhost:3000/_next/static/chunks/node_modules_next_dist_1gdrd03._.js:1226
[12761773ms] [ERROR] ./packages/compiler/src/publisher/index.ts:1:1
Module not found: Can't resolve 'fs'
> 1 | import { writeFileSync, mkdirSync, existsSync, readFileSync } from 'fs'
    | ^^^^^^^^^^^^^^^^^^^^^^^^^^^^^^^^^^^^^^^^^^^^^^^^^^^^^^^^^^^^^^^^^^^^^^^
  2 | import { join } from 'path'
  3 | import { createHash } from 'crypto'
  4 | import type { CampusDocument } from '@navi/core'

Import traces:
  Client Component Browser:
    ./packages/compiler/src/publisher/index.ts [Client Component Browser]
    ./packages/compiler/src/index.ts [Client Component Browser]
    ./src/services/compiler-adapter.ts [Client Component Browser]
    ./src/components/studio/EditorBridge.tsx [Client Component Browser]
    ./src/components/studio/StudioWorkspace.tsx [Client Component Browser]
    ./src/app/(admin)/studio/[id]/edit/page.tsx [Client Component Browser]
    ./src/app/(admin)/studio/[id]/edit/page.tsx [Server Component]

  Client Component SSR:
    ./packages/compiler/src/publisher/index.ts [Client Component SSR]
    ./packages/compiler/src/index.ts [Client Component SSR]
    ./src/services/compiler-adapter.ts [Client Component SSR]
    ./src/components/studio/EditorBridge.tsx [Client Component SSR]
    ./src/components/studio/StudioWorkspace.tsx [Client Component SSR]
    ./src/app/(admin)/studio/[id]/edit/page.tsx [Client Component SSR]
    ./src/app/(admin)/studio/[id]/edit/page.tsx [Server Component]

https://nextjs.org/docs/messages/module-not-found @ http://localhost:3000/_next/static/chunks/node_modules_next_dist_1gdrd03._.js:1945
[12761805ms] [LOG] [Fast Refresh] rebuilding @ http://localhost:3000/_next/static/chunks/node_modules_next_dist_1gdrd03._.js:1226
[12761931ms] [ERROR] ./packages/compiler/src/publisher/index.ts:1:1
Module not found: Can't resolve 'fs'
> 1 | import { writeFileSync, mkdirSync, existsSync, readFileSync } from 'fs'
    | ^^^^^^^^^^^^^^^^^^^^^^^^^^^^^^^^^^^^^^^^^^^^^^^^^^^^^^^^^^^^^^^^^^^^^^^
  2 | import { join } from 'path'
  3 | import { createHash } from 'crypto'
  4 | import type { CampusDocument } from '@navi/core'

Import traces:
  Client Component Browser:
    ./packages/compiler/src/publisher/index.ts [Client Component Browser]
    ./packages/compiler/src/index.ts [Client Component Browser]
    ./src/services/compiler-adapter.ts [Client Component Browser]
    ./src/components/studio/EditorBridge.tsx [Client Component Browser]
    ./src/components/studio/StudioWorkspace.tsx [Client Component Browser]
    ./src/app/(admin)/studio/[id]/edit/page.tsx [Client Component Browser]
    ./src/app/(admin)/studio/[id]/edit/page.tsx [Server Component]

  Client Component SSR:
    ./packages/compiler/src/publisher/index.ts [Client Component SSR]
    ./packages/compiler/src/index.ts [Client Component SSR]
    ./src/services/compiler-adapter.ts [Client Component SSR]
    ./src/components/studio/EditorBridge.tsx [Client Component SSR]
    ./src/components/studio/StudioWorkspace.tsx [Client Component SSR]
    ./src/app/(admin)/studio/[id]/edit/page.tsx [Client Component SSR]
    ./src/app/(admin)/studio/[id]/edit/page.tsx [Server Component]

https://nextjs.org/docs/messages/module-not-found @ http://localhost:3000/_next/static/chunks/node_modules_next_dist_1gdrd03._.js:1945
[12761980ms] [LOG] [Fast Refresh] rebuilding @ http://localhost:3000/_next/static/chunks/node_modules_next_dist_1gdrd03._.js:1226
[12762450ms] [ERROR] ./packages/compiler/src/publisher/index.ts:1:1
Module not found: Can't resolve 'fs'
> 1 | import { writeFileSync, mkdirSync, existsSync, readFileSync } from 'fs'
    | ^^^^^^^^^^^^^^^^^^^^^^^^^^^^^^^^^^^^^^^^^^^^^^^^^^^^^^^^^^^^^^^^^^^^^^^
  2 | import { join } from 'path'
  3 | import { createHash } from 'crypto'
  4 | import type { CampusDocument } from '@navi/core'

Import traces:
  Client Component Browser:
    ./packages/compiler/src/publisher/index.ts [Client Component Browser]
    ./packages/compiler/src/index.ts [Client Component Browser]
    ./src/services/compiler-adapter.ts [Client Component Browser]
    ./src/components/studio/EditorBridge.tsx [Client Component Browser]
    ./src/components/studio/StudioWorkspace.tsx [Client Component Browser]
    ./src/app/(admin)/studio/[id]/edit/page.tsx [Client Component Browser]
    ./src/app/(admin)/studio/[id]/edit/page.tsx [Server Component]

  Client Component SSR:
    ./packages/compiler/src/publisher/index.ts [Client Component SSR]
    ./packages/compiler/src/index.ts [Client Component SSR]
    ./src/services/compiler-adapter.ts [Client Component SSR]
    ./src/components/studio/EditorBridge.tsx [Client Component SSR]
    ./src/components/studio/StudioWorkspace.tsx [Client Component SSR]
    ./src/app/(admin)/studio/[id]/edit/page.tsx [Client Component SSR]
    ./src/app/(admin)/studio/[id]/edit/page.tsx [Server Component]

https://nextjs.org/docs/messages/module-not-found @ http://localhost:3000/_next/static/chunks/node_modules_next_dist_1gdrd03._.js:1945
[12762488ms] [LOG] [Fast Refresh] rebuilding @ http://localhost:3000/_next/static/chunks/node_modules_next_dist_1gdrd03._.js:1226
[12762606ms] [ERROR] ./packages/compiler/src/publisher/index.ts:1:1
Module not found: Can't resolve 'fs'
> 1 | import { writeFileSync, mkdirSync, existsSync, readFileSync } from 'fs'
    | ^^^^^^^^^^^^^^^^^^^^^^^^^^^^^^^^^^^^^^^^^^^^^^^^^^^^^^^^^^^^^^^^^^^^^^^
  2 | import { join } from 'path'
  3 | import { createHash } from 'crypto'
  4 | import type { CampusDocument } from '@navi/core'

Import traces:
  Client Component Browser:
    ./packages/compiler/src/publisher/index.ts [Client Component Browser]
    ./packages/compiler/src/index.ts [Client Component Browser]
    ./src/services/compiler-adapter.ts [Client Component Browser]
    ./src/components/studio/EditorBridge.tsx [Client Component Browser]
    ./src/components/studio/StudioWorkspace.tsx [Client Component Browser]
    ./src/app/(admin)/studio/[id]/edit/page.tsx [Client Component Browser]
    ./src/app/(admin)/studio/[id]/edit/page.tsx [Server Component]

  Client Component SSR:
    ./packages/compiler/src/publisher/index.ts [Client Component SSR]
    ./packages/compiler/src/index.ts [Client Component SSR]
    ./src/services/compiler-adapter.ts [Client Component SSR]
    ./src/components/studio/EditorBridge.tsx [Client Component SSR]
    ./src/components/studio/StudioWorkspace.tsx [Client Component SSR]
    ./src/app/(admin)/studio/[id]/edit/page.tsx [Client Component SSR]
    ./src/app/(admin)/studio/[id]/edit/page.tsx [Server Component]

https://nextjs.org/docs/messages/module-not-found @ http://localhost:3000/_next/static/chunks/node_modules_next_dist_1gdrd03._.js:1945
[12762647ms] [LOG] [Fast Refresh] rebuilding @ http://localhost:3000/_next/static/chunks/node_modules_next_dist_1gdrd03._.js:1226
[12791308ms] [ERROR] ./packages/compiler/src/publisher/index.ts:1:1
Module not found: Can't resolve 'fs'
> 1 | import { writeFileSync, mkdirSync, existsSync, readFileSync } from 'fs'
    | ^^^^^^^^^^^^^^^^^^^^^^^^^^^^^^^^^^^^^^^^^^^^^^^^^^^^^^^^^^^^^^^^^^^^^^^
  2 | import { join } from 'path'
  3 | import { createHash } from 'crypto'
  4 | import type { CampusDocument } from '@navi/core'

Import traces:
  Client Component Browser:
    ./packages/compiler/src/publisher/index.ts [Client Component Browser]
    ./packages/compiler/src/index.ts [Client Component Browser]
    ./src/services/compiler-adapter.ts [Client Component Browser]
    ./src/components/studio/EditorBridge.tsx [Client Component Browser]
    ./src/components/studio/StudioWorkspace.tsx [Client Component Browser]
    ./src/app/(admin)/studio/[id]/edit/page.tsx [Client Component Browser]
    ./src/app/(admin)/studio/[id]/edit/page.tsx [Server Component]

  Client Component SSR:
    ./packages/compiler/src/publisher/index.ts [Client Component SSR]
    ./packages/compiler/src/index.ts [Client Component SSR]
    ./src/services/compiler-adapter.ts [Client Component SSR]
    ./src/components/studio/EditorBridge.tsx [Client Component SSR]
    ./src/components/studio/StudioWorkspace.tsx [Client Component SSR]
    ./src/app/(admin)/studio/[id]/edit/page.tsx [Client Component SSR]
    ./src/app/(admin)/studio/[id]/edit/page.tsx [Server Component]

https://nextjs.org/docs/messages/module-not-found @ http://localhost:3000/_next/static/chunks/node_modules_next_dist_1gdrd03._.js:1945
[12791353ms] [LOG] [Fast Refresh] rebuilding @ http://localhost:3000/_next/static/chunks/node_modules_next_dist_1gdrd03._.js:1226
[12791556ms] [ERROR] ./packages/compiler/src/publisher/index.ts:1:1
Module not found: Can't resolve 'fs'
> 1 | import { writeFileSync, mkdirSync, existsSync, readFileSync } from 'fs'
    | ^^^^^^^^^^^^^^^^^^^^^^^^^^^^^^^^^^^^^^^^^^^^^^^^^^^^^^^^^^^^^^^^^^^^^^^
  2 | import { join } from 'path'
  3 | import { createHash } from 'crypto'
  4 | import type { CampusDocument } from '@navi/core'

Import traces:
  Client Component Browser:
    ./packages/compiler/src/publisher/index.ts [Client Component Browser]
    ./packages/compiler/src/index.ts [Client Component Browser]
    ./src/services/compiler-adapter.ts [Client Component Browser]
    ./src/components/studio/EditorBridge.tsx [Client Component Browser]
    ./src/components/studio/StudioWorkspace.tsx [Client Component Browser]
    ./src/app/(admin)/studio/[id]/edit/page.tsx [Client Component Browser]
    ./src/app/(admin)/studio/[id]/edit/page.tsx [Server Component]

  Client Component SSR:
    ./packages/compiler/src/publisher/index.ts [Client Component SSR]
    ./packages/compiler/src/index.ts [Client Component SSR]
    ./src/services/compiler-adapter.ts [Client Component SSR]
    ./src/components/studio/EditorBridge.tsx [Client Component SSR]
    ./src/components/studio/StudioWorkspace.tsx [Client Component SSR]
    ./src/app/(admin)/studio/[id]/edit/page.tsx [Client Component SSR]
    ./src/app/(admin)/studio/[id]/edit/page.tsx [Server Component]

https://nextjs.org/docs/messages/module-not-found @ http://localhost:3000/_next/static/chunks/node_modules_next_dist_1gdrd03._.js:1945
[12791613ms] [LOG] [Fast Refresh] rebuilding @ http://localhost:3000/_next/static/chunks/node_modules_next_dist_1gdrd03._.js:1226
[12791714ms] [ERROR] ./packages/compiler/src/publisher/index.ts:1:1
Module not found: Can't resolve 'fs'
> 1 | import { writeFileSync, mkdirSync, existsSync, readFileSync } from 'fs'
    | ^^^^^^^^^^^^^^^^^^^^^^^^^^^^^^^^^^^^^^^^^^^^^^^^^^^^^^^^^^^^^^^^^^^^^^^
  2 | import { join } from 'path'
  3 | import { createHash } from 'crypto'
  4 | import type { CampusDocument } from '@navi/core'

Import traces:
  Client Component Browser:
    ./packages/compiler/src/publisher/index.ts [Client Component Browser]
    ./packages/compiler/src/index.ts [Client Component Browser]
    ./src/services/compiler-adapter.ts [Client Component Browser]
    ./src/components/studio/EditorBridge.tsx [Client Component Browser]
    ./src/components/studio/StudioWorkspace.tsx [Client Component Browser]
    ./src/app/(admin)/studio/[id]/edit/page.tsx [Client Component Browser]
    ./src/app/(admin)/studio/[id]/edit/page.tsx [Server Component]

  Client Component SSR:
    ./packages/compiler/src/publisher/index.ts [Client Component SSR]
    ./packages/compiler/src/index.ts [Client Component SSR]
    ./src/services/compiler-adapter.ts [Client Component SSR]
    ./src/components/studio/EditorBridge.tsx [Client Component SSR]
    ./src/components/studio/StudioWorkspace.tsx [Client Component SSR]
    ./src/app/(admin)/studio/[id]/edit/page.tsx [Client Component SSR]
    ./src/app/(admin)/studio/[id]/edit/page.tsx [Server Component]

https://nextjs.org/docs/messages/module-not-found @ http://localhost:3000/_next/static/chunks/node_modules_next_dist_1gdrd03._.js:1945
[12791747ms] [LOG] [Fast Refresh] rebuilding @ http://localhost:3000/_next/static/chunks/node_modules_next_dist_1gdrd03._.js:1226
[12791890ms] [ERROR] ./packages/compiler/src/publisher/index.ts:1:1
Module not found: Can't resolve 'fs'
> 1 | import { writeFileSync, mkdirSync, existsSync, readFileSync } from 'fs'
    | ^^^^^^^^^^^^^^^^^^^^^^^^^^^^^^^^^^^^^^^^^^^^^^^^^^^^^^^^^^^^^^^^^^^^^^^
  2 | import { join } from 'path'
  3 | import { createHash } from 'crypto'
  4 | import type { CampusDocument } from '@navi/core'

Import traces:
  Client Component Browser:
    ./packages/compiler/src/publisher/index.ts [Client Component Browser]
    ./packages/compiler/src/index.ts [Client Component Browser]
    ./src/services/compiler-adapter.ts [Client Component Browser]
    ./src/components/studio/EditorBridge.tsx [Client Component Browser]
    ./src/components/studio/StudioWorkspace.tsx [Client Component Browser]
    ./src/app/(admin)/studio/[id]/edit/page.tsx [Client Component Browser]
    ./src/app/(admin)/studio/[id]/edit/page.tsx [Server Component]

  Client Component SSR:
    ./packages/compiler/src/publisher/index.ts [Client Component SSR]
    ./packages/compiler/src/index.ts [Client Component SSR]
    ./src/services/compiler-adapter.ts [Client Component SSR]
    ./src/components/studio/EditorBridge.tsx [Client Component SSR]
    ./src/components/studio/StudioWorkspace.tsx [Client Component SSR]
    ./src/app/(admin)/studio/[id]/edit/page.tsx [Client Component SSR]
    ./src/app/(admin)/studio/[id]/edit/page.tsx [Server Component]

https://nextjs.org/docs/messages/module-not-found @ http://localhost:3000/_next/static/chunks/node_modules_next_dist_1gdrd03._.js:1945
[12791931ms] [ERROR] ./packages/compiler/src/publisher/index.ts:1:1
Module not found: Can't resolve 'fs'
> 1 | import { writeFileSync, mkdirSync, existsSync, readFileSync } from 'fs'
    | ^^^^^^^^^^^^^^^^^^^^^^^^^^^^^^^^^^^^^^^^^^^^^^^^^^^^^^^^^^^^^^^^^^^^^^^
  2 | import { join } from 'path'
  3 | import { createHash } from 'crypto'
  4 | import type { CampusDocument } from '@navi/core'

Import traces:
  Client Component Browser:
    ./packages/compiler/src/publisher/index.ts [Client Component Browser]
    ./packages/compiler/src/index.ts [Client Component Browser]
    ./src/services/compiler-adapter.ts [Client Component Browser]
    ./src/components/studio/EditorBridge.tsx [Client Component Browser]
    ./src/components/studio/StudioWorkspace.tsx [Client Component Browser]
    ./src/app/(admin)/studio/[id]/edit/page.tsx [Client Component Browser]
    ./src/app/(admin)/studio/[id]/edit/page.tsx [Server Component]

  Client Component SSR:
    ./packages/compiler/src/publisher/index.ts [Client Component SSR]
    ./packages/compiler/src/index.ts [Client Component SSR]
    ./src/services/compiler-adapter.ts [Client Component SSR]
    ./src/components/studio/EditorBridge.tsx [Client Component SSR]
    ./src/components/studio/StudioWorkspace.tsx [Client Component SSR]
    ./src/app/(admin)/studio/[id]/edit/page.tsx [Client Component SSR]
    ./src/app/(admin)/studio/[id]/edit/page.tsx [Server Component]

https://nextjs.org/docs/messages/module-not-found @ http://localhost:3000/_next/static/chunks/node_modules_next_dist_1gdrd03._.js:1945
[12791997ms] [LOG] [Fast Refresh] rebuilding @ http://localhost:3000/_next/static/chunks/node_modules_next_dist_1gdrd03._.js:1226
[12792081ms] [ERROR] ./packages/compiler/src/publisher/index.ts:1:1
Module not found: Can't resolve 'fs'
> 1 | import { writeFileSync, mkdirSync, existsSync, readFileSync } from 'fs'
    | ^^^^^^^^^^^^^^^^^^^^^^^^^^^^^^^^^^^^^^^^^^^^^^^^^^^^^^^^^^^^^^^^^^^^^^^
  2 | import { join } from 'path'
  3 | import { createHash } from 'crypto'
  4 | import type { CampusDocument } from '@navi/core'

Import traces:
  Client Component Browser:
    ./packages/compiler/src/publisher/index.ts [Client Component Browser]
    ./packages/compiler/src/index.ts [Client Component Browser]
    ./src/services/compiler-adapter.ts [Client Component Browser]
    ./src/components/studio/EditorBridge.tsx [Client Component Browser]
    ./src/components/studio/StudioWorkspace.tsx [Client Component Browser]
    ./src/app/(admin)/studio/[id]/edit/page.tsx [Client Component Browser]
    ./src/app/(admin)/studio/[id]/edit/page.tsx [Server Component]

  Client Component SSR:
    ./packages/compiler/src/publisher/index.ts [Client Component SSR]
    ./packages/compiler/src/index.ts [Client Component SSR]
    ./src/services/compiler-adapter.ts [Client Component SSR]
    ./src/components/studio/EditorBridge.tsx [Client Component SSR]
    ./src/components/studio/StudioWorkspace.tsx [Client Component SSR]
    ./src/app/(admin)/studio/[id]/edit/page.tsx [Client Component SSR]
    ./src/app/(admin)/studio/[id]/edit/page.tsx [Server Component]

https://nextjs.org/docs/messages/module-not-found @ http://localhost:3000/_next/static/chunks/node_modules_next_dist_1gdrd03._.js:1945
[12792113ms] [LOG] [Fast Refresh] rebuilding @ http://localhost:3000/_next/static/chunks/node_modules_next_dist_1gdrd03._.js:1226
[12792597ms] [ERROR] ./packages/compiler/src/publisher/index.ts:1:1
Module not found: Can't resolve 'fs'
> 1 | import { writeFileSync, mkdirSync, existsSync, readFileSync } from 'fs'
    | ^^^^^^^^^^^^^^^^^^^^^^^^^^^^^^^^^^^^^^^^^^^^^^^^^^^^^^^^^^^^^^^^^^^^^^^
  2 | import { join } from 'path'
  3 | import { createHash } from 'crypto'
  4 | import type { CampusDocument } from '@navi/core'

Import traces:
  Client Component Browser:
    ./packages/compiler/src/publisher/index.ts [Client Component Browser]
    ./packages/compiler/src/index.ts [Client Component Browser]
    ./src/services/compiler-adapter.ts [Client Component Browser]
    ./src/components/studio/EditorBridge.tsx [Client Component Browser]
    ./src/components/studio/StudioWorkspace.tsx [Client Component Browser]
    ./src/app/(admin)/studio/[id]/edit/page.tsx [Client Component Browser]
    ./src/app/(admin)/studio/[id]/edit/page.tsx [Server Component]

  Client Component SSR:
    ./packages/compiler/src/publisher/index.ts [Client Component SSR]
    ./packages/compiler/src/index.ts [Client Component SSR]
    ./src/services/compiler-adapter.ts [Client Component SSR]
    ./src/components/studio/EditorBridge.tsx [Client Component SSR]
    ./src/components/studio/StudioWorkspace.tsx [Client Component SSR]
    ./src/app/(admin)/studio/[id]/edit/page.tsx [Client Component SSR]
    ./src/app/(admin)/studio/[id]/edit/page.tsx [Server Component]

https://nextjs.org/docs/messages/module-not-found @ http://localhost:3000/_next/static/chunks/node_modules_next_dist_1gdrd03._.js:1945
[12792622ms] [LOG] [Fast Refresh] rebuilding @ http://localhost:3000/_next/static/chunks/node_modules_next_dist_1gdrd03._.js:1226
[12792748ms] [ERROR] ./packages/compiler/src/publisher/index.ts:1:1
Module not found: Can't resolve 'fs'
> 1 | import { writeFileSync, mkdirSync, existsSync, readFileSync } from 'fs'
    | ^^^^^^^^^^^^^^^^^^^^^^^^^^^^^^^^^^^^^^^^^^^^^^^^^^^^^^^^^^^^^^^^^^^^^^^
  2 | import { join } from 'path'
  3 | import { createHash } from 'crypto'
  4 | import type { CampusDocument } from '@navi/core'

Import traces:
  Client Component Browser:
    ./packages/compiler/src/publisher/index.ts [Client Component Browser]
    ./packages/compiler/src/index.ts [Client Component Browser]
    ./src/services/compiler-adapter.ts [Client Component Browser]
    ./src/components/studio/EditorBridge.tsx [Client Component Browser]
    ./src/components/studio/StudioWorkspace.tsx [Client Component Browser]
    ./src/app/(admin)/studio/[id]/edit/page.tsx [Client Component Browser]
    ./src/app/(admin)/studio/[id]/edit/page.tsx [Server Component]

  Client Component SSR:
    ./packages/compiler/src/publisher/index.ts [Client Component SSR]
    ./packages/compiler/src/index.ts [Client Component SSR]
    ./src/services/compiler-adapter.ts [Client Component SSR]
    ./src/components/studio/EditorBridge.tsx [Client Component SSR]
    ./src/components/studio/StudioWorkspace.tsx [Client Component SSR]
    ./src/app/(admin)/studio/[id]/edit/page.tsx [Client Component SSR]
    ./src/app/(admin)/studio/[id]/edit/page.tsx [Server Component]

https://nextjs.org/docs/messages/module-not-found @ http://localhost:3000/_next/static/chunks/node_modules_next_dist_1gdrd03._.js:1945
[12792796ms] [LOG] [Fast Refresh] rebuilding @ http://localhost:3000/_next/static/chunks/node_modules_next_dist_1gdrd03._.js:1226
[12806389ms] [ERROR] ./packages/compiler/src/publisher/index.ts:1:1
Module not found: Can't resolve 'fs'
> 1 | import { writeFileSync, mkdirSync, existsSync, readFileSync } from 'fs'
    | ^^^^^^^^^^^^^^^^^^^^^^^^^^^^^^^^^^^^^^^^^^^^^^^^^^^^^^^^^^^^^^^^^^^^^^^
  2 | import { join } from 'path'
  3 | import { createHash } from 'crypto'
  4 | import type { CampusDocument } from '@navi/core'

Import traces:
  Client Component Browser:
    ./packages/compiler/src/publisher/index.ts [Client Component Browser]
    ./packages/compiler/src/index.ts [Client Component Browser]
    ./src/services/compiler-adapter.ts [Client Component Browser]
    ./src/components/studio/EditorBridge.tsx [Client Component Browser]
    ./src/components/studio/StudioWorkspace.tsx [Client Component Browser]
    ./src/app/(admin)/studio/[id]/edit/page.tsx [Client Component Browser]
    ./src/app/(admin)/studio/[id]/edit/page.tsx [Server Component]

  Client Component SSR:
    ./packages/compiler/src/publisher/index.ts [Client Component SSR]
    ./packages/compiler/src/index.ts [Client Component SSR]
    ./src/services/compiler-adapter.ts [Client Component SSR]
    ./src/components/studio/EditorBridge.tsx [Client Component SSR]
    ./src/components/studio/StudioWorkspace.tsx [Client Component SSR]
    ./src/app/(admin)/studio/[id]/edit/page.tsx [Client Component SSR]
    ./src/app/(admin)/studio/[id]/edit/page.tsx [Server Component]

https://nextjs.org/docs/messages/module-not-found @ http://localhost:3000/_next/static/chunks/node_modules_next_dist_1gdrd03._.js:1945
[12806415ms] [LOG] [Fast Refresh] rebuilding @ http://localhost:3000/_next/static/chunks/node_modules_next_dist_1gdrd03._.js:1226
[12806548ms] [ERROR] ./packages/compiler/src/publisher/index.ts:1:1
Module not found: Can't resolve 'fs'
> 1 | import { writeFileSync, mkdirSync, existsSync, readFileSync } from 'fs'
    | ^^^^^^^^^^^^^^^^^^^^^^^^^^^^^^^^^^^^^^^^^^^^^^^^^^^^^^^^^^^^^^^^^^^^^^^
  2 | import { join } from 'path'
  3 | import { createHash } from 'crypto'
  4 | import type { CampusDocument } from '@navi/core'

Import traces:
  Client Component Browser:
    ./packages/compiler/src/publisher/index.ts [Client Component Browser]
    ./packages/compiler/src/index.ts [Client Component Browser]
    ./src/services/compiler-adapter.ts [Client Component Browser]
    ./src/components/studio/EditorBridge.tsx [Client Component Browser]
    ./src/components/studio/StudioWorkspace.tsx [Client Component Browser]
    ./src/app/(admin)/studio/[id]/edit/page.tsx [Client Component Browser]
    ./src/app/(admin)/studio/[id]/edit/page.tsx [Server Component]

  Client Component SSR:
    ./packages/compiler/src/publisher/index.ts [Client Component SSR]
    ./packages/compiler/src/index.ts [Client Component SSR]
    ./src/services/compiler-adapter.ts [Client Component SSR]
    ./src/components/studio/EditorBridge.tsx [Client Component SSR]
    ./src/components/studio/StudioWorkspace.tsx [Client Component SSR]
    ./src/app/(admin)/studio/[id]/edit/page.tsx [Client Component SSR]
    ./src/app/(admin)/studio/[id]/edit/page.tsx [Server Component]

https://nextjs.org/docs/messages/module-not-found @ http://localhost:3000/_next/static/chunks/node_modules_next_dist_1gdrd03._.js:1945
[12806571ms] [LOG] [Fast Refresh] rebuilding @ http://localhost:3000/_next/static/chunks/node_modules_next_dist_1gdrd03._.js:1226
[12806731ms] [ERROR] ./packages/compiler/src/publisher/index.ts:1:1
Module not found: Can't resolve 'fs'
> 1 | import { writeFileSync, mkdirSync, existsSync, readFileSync } from 'fs'
    | ^^^^^^^^^^^^^^^^^^^^^^^^^^^^^^^^^^^^^^^^^^^^^^^^^^^^^^^^^^^^^^^^^^^^^^^
  2 | import { join } from 'path'
  3 | import { createHash } from 'crypto'
  4 | import type { CampusDocument } from '@navi/core'

Import traces:
  Client Component Browser:
    ./packages/compiler/src/publisher/index.ts [Client Component Browser]
    ./packages/compiler/src/index.ts [Client Component Browser]
    ./src/services/compiler-adapter.ts [Client Component Browser]
    ./src/components/studio/EditorBridge.tsx [Client Component Browser]
    ./src/components/studio/StudioWorkspace.tsx [Client Component Browser]
    ./src/app/(admin)/studio/[id]/edit/page.tsx [Client Component Browser]
    ./src/app/(admin)/studio/[id]/edit/page.tsx [Server Component]

  Client Component SSR:
    ./packages/compiler/src/publisher/index.ts [Client Component SSR]
    ./packages/compiler/src/index.ts [Client Component SSR]
    ./src/services/compiler-adapter.ts [Client Component SSR]
    ./src/components/studio/EditorBridge.tsx [Client Component SSR]
    ./src/components/studio/StudioWorkspace.tsx [Client Component SSR]
    ./src/app/(admin)/studio/[id]/edit/page.tsx [Client Component SSR]
    ./src/app/(admin)/studio/[id]/edit/page.tsx [Server Component]

https://nextjs.org/docs/messages/module-not-found @ http://localhost:3000/_next/static/chunks/node_modules_next_dist_1gdrd03._.js:1945
[12806764ms] [LOG] [Fast Refresh] rebuilding @ http://localhost:3000/_next/static/chunks/node_modules_next_dist_1gdrd03._.js:1226
[12806900ms] [ERROR] ./packages/compiler/src/publisher/index.ts:1:1
Module not found: Can't resolve 'fs'
> 1 | import { writeFileSync, mkdirSync, existsSync, readFileSync } from 'fs'
    | ^^^^^^^^^^^^^^^^^^^^^^^^^^^^^^^^^^^^^^^^^^^^^^^^^^^^^^^^^^^^^^^^^^^^^^^
  2 | import { join } from 'path'
  3 | import { createHash } from 'crypto'
  4 | import type { CampusDocument } from '@navi/core'

Import traces:
  Client Component Browser:
    ./packages/compiler/src/publisher/index.ts [Client Component Browser]
    ./packages/compiler/src/index.ts [Client Component Browser]
    ./src/services/compiler-adapter.ts [Client Component Browser]
    ./src/components/studio/EditorBridge.tsx [Client Component Browser]
    ./src/components/studio/StudioWorkspace.tsx [Client Component Browser]
    ./src/app/(admin)/studio/[id]/edit/page.tsx [Client Component Browser]
    ./src/app/(admin)/studio/[id]/edit/page.tsx [Server Component]

  Client Component SSR:
    ./packages/compiler/src/publisher/index.ts [Client Component SSR]
    ./packages/compiler/src/index.ts [Client Component SSR]
    ./src/services/compiler-adapter.ts [Client Component SSR]
    ./src/components/studio/EditorBridge.tsx [Client Component SSR]
    ./src/components/studio/StudioWorkspace.tsx [Client Component SSR]
    ./src/app/(admin)/studio/[id]/edit/page.tsx [Client Component SSR]
    ./src/app/(admin)/studio/[id]/edit/page.tsx [Server Component]

https://nextjs.org/docs/messages/module-not-found @ http://localhost:3000/_next/static/chunks/node_modules_next_dist_1gdrd03._.js:1945
[12806941ms] [LOG] [Fast Refresh] rebuilding @ http://localhost:3000/_next/static/chunks/node_modules_next_dist_1gdrd03._.js:1226
[12824714ms] [ERROR] ./packages/compiler/src/publisher/index.ts:1:1
Module not found: Can't resolve 'fs'
> 1 | import { writeFileSync, mkdirSync, existsSync, readFileSync } from 'fs'
    | ^^^^^^^^^^^^^^^^^^^^^^^^^^^^^^^^^^^^^^^^^^^^^^^^^^^^^^^^^^^^^^^^^^^^^^^
  2 | import { join } from 'path'
  3 | import { createHash } from 'crypto'
  4 | import type { CampusDocument } from '@navi/core'

Import traces:
  Client Component Browser:
    ./packages/compiler/src/publisher/index.ts [Client Component Browser]
    ./packages/compiler/src/index.ts [Client Component Browser]
    ./src/services/compiler-adapter.ts [Client Component Browser]
    ./src/components/studio/EditorBridge.tsx [Client Component Browser]
    ./src/components/studio/StudioWorkspace.tsx [Client Component Browser]
    ./src/app/(admin)/studio/[id]/edit/page.tsx [Client Component Browser]
    ./src/app/(admin)/studio/[id]/edit/page.tsx [Server Component]

  Client Component SSR:
    ./packages/compiler/src/publisher/index.ts [Client Component SSR]
    ./packages/compiler/src/index.ts [Client Component SSR]
    ./src/services/compiler-adapter.ts [Client Component SSR]
    ./src/components/studio/EditorBridge.tsx [Client Component SSR]
    ./src/components/studio/StudioWorkspace.tsx [Client Component SSR]
    ./src/app/(admin)/studio/[id]/edit/page.tsx [Client Component SSR]
    ./src/app/(admin)/studio/[id]/edit/page.tsx [Server Component]

https://nextjs.org/docs/messages/module-not-found @ http://localhost:3000/_next/static/chunks/node_modules_next_dist_1gdrd03._.js:1945
[12824739ms] [LOG] [Fast Refresh] rebuilding @ http://localhost:3000/_next/static/chunks/node_modules_next_dist_1gdrd03._.js:1226
[12824898ms] [ERROR] ./packages/compiler/src/publisher/index.ts:1:1
Module not found: Can't resolve 'fs'
> 1 | import { writeFileSync, mkdirSync, existsSync, readFileSync } from 'fs'
    | ^^^^^^^^^^^^^^^^^^^^^^^^^^^^^^^^^^^^^^^^^^^^^^^^^^^^^^^^^^^^^^^^^^^^^^^
  2 | import { join } from 'path'
  3 | import { createHash } from 'crypto'
  4 | import type { CampusDocument } from '@navi/core'

Import traces:
  Client Component Browser:
    ./packages/compiler/src/publisher/index.ts [Client Component Browser]
    ./packages/compiler/src/index.ts [Client Component Browser]
    ./src/services/compiler-adapter.ts [Client Component Browser]
    ./src/components/studio/EditorBridge.tsx [Client Component Browser]
    ./src/components/studio/StudioWorkspace.tsx [Client Component Browser]
    ./src/app/(admin)/studio/[id]/edit/page.tsx [Client Component Browser]
    ./src/app/(admin)/studio/[id]/edit/page.tsx [Server Component]

  Client Component SSR:
    ./packages/compiler/src/publisher/index.ts [Client Component SSR]
    ./packages/compiler/src/index.ts [Client Component SSR]
    ./src/services/compiler-adapter.ts [Client Component SSR]
    ./src/components/studio/EditorBridge.tsx [Client Component SSR]
    ./src/components/studio/StudioWorkspace.tsx [Client Component SSR]
    ./src/app/(admin)/studio/[id]/edit/page.tsx [Client Component SSR]
    ./src/app/(admin)/studio/[id]/edit/page.tsx [Server Component]

https://nextjs.org/docs/messages/module-not-found @ http://localhost:3000/_next/static/chunks/node_modules_next_dist_1gdrd03._.js:1945
[12824922ms] [LOG] [Fast Refresh] rebuilding @ http://localhost:3000/_next/static/chunks/node_modules_next_dist_1gdrd03._.js:1226
[12838099ms] [ERROR] ./packages/compiler/src/publisher/index.ts:1:1
Module not found: Can't resolve 'fs'
> 1 | import { writeFileSync, mkdirSync, existsSync, readFileSync } from 'fs'
    | ^^^^^^^^^^^^^^^^^^^^^^^^^^^^^^^^^^^^^^^^^^^^^^^^^^^^^^^^^^^^^^^^^^^^^^^
  2 | import { join } from 'path'
  3 | import { createHash } from 'crypto'
  4 | import type { CampusDocument } from '@navi/core'

Import traces:
  Client Component Browser:
    ./packages/compiler/src/publisher/index.ts [Client Component Browser]
    ./packages/compiler/src/index.ts [Client Component Browser]
    ./src/services/compiler-adapter.ts [Client Component Browser]
    ./src/components/studio/EditorBridge.tsx [Client Component Browser]
    ./src/components/studio/StudioWorkspace.tsx [Client Component Browser]
    ./src/app/(admin)/studio/[id]/edit/page.tsx [Client Component Browser]
    ./src/app/(admin)/studio/[id]/edit/page.tsx [Server Component]

  Client Component SSR:
    ./packages/compiler/src/publisher/index.ts [Client Component SSR]
    ./packages/compiler/src/index.ts [Client Component SSR]
    ./src/services/compiler-adapter.ts [Client Component SSR]
    ./src/components/studio/EditorBridge.tsx [Client Component SSR]
    ./src/components/studio/StudioWorkspace.tsx [Client Component SSR]
    ./src/app/(admin)/studio/[id]/edit/page.tsx [Client Component SSR]
    ./src/app/(admin)/studio/[id]/edit/page.tsx [Server Component]

https://nextjs.org/docs/messages/module-not-found @ http://localhost:3000/_next/static/chunks/node_modules_next_dist_1gdrd03._.js:1945
[12838123ms] [LOG] [Fast Refresh] rebuilding @ http://localhost:3000/_next/static/chunks/node_modules_next_dist_1gdrd03._.js:1226
[12838251ms] [ERROR] ./packages/compiler/src/publisher/index.ts:1:1
Module not found: Can't resolve 'fs'
> 1 | import { writeFileSync, mkdirSync, existsSync, readFileSync } from 'fs'
    | ^^^^^^^^^^^^^^^^^^^^^^^^^^^^^^^^^^^^^^^^^^^^^^^^^^^^^^^^^^^^^^^^^^^^^^^
  2 | import { join } from 'path'
  3 | import { createHash } from 'crypto'
  4 | import type { CampusDocument } from '@navi/core'

Import traces:
  Client Component Browser:
    ./packages/compiler/src/publisher/index.ts [Client Component Browser]
    ./packages/compiler/src/index.ts [Client Component Browser]
    ./src/services/compiler-adapter.ts [Client Component Browser]
    ./src/components/studio/EditorBridge.tsx [Client Component Browser]
    ./src/components/studio/StudioWorkspace.tsx [Client Component Browser]
    ./src/app/(admin)/studio/[id]/edit/page.tsx [Client Component Browser]
    ./src/app/(admin)/studio/[id]/edit/page.tsx [Server Component]

  Client Component SSR:
    ./packages/compiler/src/publisher/index.ts [Client Component SSR]
    ./packages/compiler/src/index.ts [Client Component SSR]
    ./src/services/compiler-adapter.ts [Client Component SSR]
    ./src/components/studio/EditorBridge.tsx [Client Component SSR]
    ./src/components/studio/StudioWorkspace.tsx [Client Component SSR]
    ./src/app/(admin)/studio/[id]/edit/page.tsx [Client Component SSR]
    ./src/app/(admin)/studio/[id]/edit/page.tsx [Server Component]

https://nextjs.org/docs/messages/module-not-found @ http://localhost:3000/_next/static/chunks/node_modules_next_dist_1gdrd03._.js:1945
[12838289ms] [LOG] [Fast Refresh] rebuilding @ http://localhost:3000/_next/static/chunks/node_modules_next_dist_1gdrd03._.js:1226
[12838427ms] [ERROR] ./packages/compiler/src/publisher/index.ts:1:1
Module not found: Can't resolve 'fs'
> 1 | import { writeFileSync, mkdirSync, existsSync, readFileSync } from 'fs'
    | ^^^^^^^^^^^^^^^^^^^^^^^^^^^^^^^^^^^^^^^^^^^^^^^^^^^^^^^^^^^^^^^^^^^^^^^
  2 | import { join } from 'path'
  3 | import { createHash } from 'crypto'
  4 | import type { CampusDocument } from '@navi/core'

Import traces:
  Client Component Browser:
    ./packages/compiler/src/publisher/index.ts [Client Component Browser]
    ./packages/compiler/src/index.ts [Client Component Browser]
    ./src/services/compiler-adapter.ts [Client Component Browser]
    ./src/components/studio/EditorBridge.tsx [Client Component Browser]
    ./src/components/studio/StudioWorkspace.tsx [Client Component Browser]
    ./src/app/(admin)/studio/[id]/edit/page.tsx [Client Component Browser]
    ./src/app/(admin)/studio/[id]/edit/page.tsx [Server Component]

  Client Component SSR:
    ./packages/compiler/src/publisher/index.ts [Client Component SSR]
    ./packages/compiler/src/index.ts [Client Component SSR]
    ./src/services/compiler-adapter.ts [Client Component SSR]
    ./src/components/studio/EditorBridge.tsx [Client Component SSR]
    ./src/components/studio/StudioWorkspace.tsx [Client Component SSR]
    ./src/app/(admin)/studio/[id]/edit/page.tsx [Client Component SSR]
    ./src/app/(admin)/studio/[id]/edit/page.tsx [Server Component]

https://nextjs.org/docs/messages/module-not-found @ http://localhost:3000/_next/static/chunks/node_modules_next_dist_1gdrd03._.js:1945
[12838474ms] [ERROR] ./packages/compiler/src/publisher/index.ts:1:1
Module not found: Can't resolve 'fs'
> 1 | import { writeFileSync, mkdirSync, existsSync, readFileSync } from 'fs'
    | ^^^^^^^^^^^^^^^^^^^^^^^^^^^^^^^^^^^^^^^^^^^^^^^^^^^^^^^^^^^^^^^^^^^^^^^
  2 | import { join } from 'path'
  3 | import { createHash } from 'crypto'
  4 | import type { CampusDocument } from '@navi/core'

Import traces:
  Client Component Browser:
    ./packages/compiler/src/publisher/index.ts [Client Component Browser]
    ./packages/compiler/src/index.ts [Client Component Browser]
    ./src/services/compiler-adapter.ts [Client Component Browser]
    ./src/components/studio/EditorBridge.tsx [Client Component Browser]
    ./src/components/studio/StudioWorkspace.tsx [Client Component Browser]
    ./src/app/(admin)/studio/[id]/edit/page.tsx [Client Component Browser]
    ./src/app/(admin)/studio/[id]/edit/page.tsx [Server Component]

  Client Component SSR:
    ./packages/compiler/src/publisher/index.ts [Client Component SSR]
    ./packages/compiler/src/index.ts [Client Component SSR]
    ./src/services/compiler-adapter.ts [Client Component SSR]
    ./src/components/studio/EditorBridge.tsx [Client Component SSR]
    ./src/components/studio/StudioWorkspace.tsx [Client Component SSR]
    ./src/app/(admin)/studio/[id]/edit/page.tsx [Client Component SSR]
    ./src/app/(admin)/studio/[id]/edit/page.tsx [Server Component]

https://nextjs.org/docs/messages/module-not-found @ http://localhost:3000/_next/static/chunks/node_modules_next_dist_1gdrd03._.js:1945
[12838531ms] [LOG] [Fast Refresh] rebuilding @ http://localhost:3000/_next/static/chunks/node_modules_next_dist_1gdrd03._.js:1226
[12838630ms] [ERROR] ./packages/compiler/src/publisher/index.ts:1:1
Module not found: Can't resolve 'fs'
> 1 | import { writeFileSync, mkdirSync, existsSync, readFileSync } from 'fs'
    | ^^^^^^^^^^^^^^^^^^^^^^^^^^^^^^^^^^^^^^^^^^^^^^^^^^^^^^^^^^^^^^^^^^^^^^^
  2 | import { join } from 'path'
  3 | import { createHash } from 'crypto'
  4 | import type { CampusDocument } from '@navi/core'

Import traces:
  Client Component Browser:
    ./packages/compiler/src/publisher/index.ts [Client Component Browser]
    ./packages/compiler/src/index.ts [Client Component Browser]
    ./src/services/compiler-adapter.ts [Client Component Browser]
    ./src/components/studio/EditorBridge.tsx [Client Component Browser]
    ./src/components/studio/StudioWorkspace.tsx [Client Component Browser]
    ./src/app/(admin)/studio/[id]/edit/page.tsx [Client Component Browser]
    ./src/app/(admin)/studio/[id]/edit/page.tsx [Server Component]

  Client Component SSR:
    ./packages/compiler/src/publisher/index.ts [Client Component SSR]
    ./packages/compiler/src/index.ts [Client Component SSR]
    ./src/services/compiler-adapter.ts [Client Component SSR]
    ./src/components/studio/EditorBridge.tsx [Client Component SSR]
    ./src/components/studio/StudioWorkspace.tsx [Client Component SSR]
    ./src/app/(admin)/studio/[id]/edit/page.tsx [Client Component SSR]
    ./src/app/(admin)/studio/[id]/edit/page.tsx [Server Component]

https://nextjs.org/docs/messages/module-not-found @ http://localhost:3000/_next/static/chunks/node_modules_next_dist_1gdrd03._.js:1945
[12838653ms] [LOG] [Fast Refresh] rebuilding @ http://localhost:3000/_next/static/chunks/node_modules_next_dist_1gdrd03._.js:1226
[12839055ms] [ERROR] ./packages/compiler/src/publisher/index.ts:1:1
Module not found: Can't resolve 'fs'
> 1 | import { writeFileSync, mkdirSync, existsSync, readFileSync } from 'fs'
    | ^^^^^^^^^^^^^^^^^^^^^^^^^^^^^^^^^^^^^^^^^^^^^^^^^^^^^^^^^^^^^^^^^^^^^^^
  2 | import { join } from 'path'
  3 | import { createHash } from 'crypto'
  4 | import type { CampusDocument } from '@navi/core'

Import traces:
  Client Component Browser:
    ./packages/compiler/src/publisher/index.ts [Client Component Browser]
    ./packages/compiler/src/index.ts [Client Component Browser]
    ./src/services/compiler-adapter.ts [Client Component Browser]
    ./src/components/studio/EditorBridge.tsx [Client Component Browser]
    ./src/components/studio/StudioWorkspace.tsx [Client Component Browser]
    ./src/app/(admin)/studio/[id]/edit/page.tsx [Client Component Browser]
    ./src/app/(admin)/studio/[id]/edit/page.tsx [Server Component]

  Client Component SSR:
    ./packages/compiler/src/publisher/index.ts [Client Component SSR]
    ./packages/compiler/src/index.ts [Client Component SSR]
    ./src/services/compiler-adapter.ts [Client Component SSR]
    ./src/components/studio/EditorBridge.tsx [Client Component SSR]
    ./src/components/studio/StudioWorkspace.tsx [Client Component SSR]
    ./src/app/(admin)/studio/[id]/edit/page.tsx [Client Component SSR]
    ./src/app/(admin)/studio/[id]/edit/page.tsx [Server Component]

https://nextjs.org/docs/messages/module-not-found @ http://localhost:3000/_next/static/chunks/node_modules_next_dist_1gdrd03._.js:1945
[12839072ms] [LOG] [Fast Refresh] rebuilding @ http://localhost:3000/_next/static/chunks/node_modules_next_dist_1gdrd03._.js:1226
[12839210ms] [ERROR] ./packages/compiler/src/publisher/index.ts:1:1
Module not found: Can't resolve 'fs'
> 1 | import { writeFileSync, mkdirSync, existsSync, readFileSync } from 'fs'
    | ^^^^^^^^^^^^^^^^^^^^^^^^^^^^^^^^^^^^^^^^^^^^^^^^^^^^^^^^^^^^^^^^^^^^^^^
  2 | import { join } from 'path'
  3 | import { createHash } from 'crypto'
  4 | import type { CampusDocument } from '@navi/core'

Import traces:
  Client Component Browser:
    ./packages/compiler/src/publisher/index.ts [Client Component Browser]
    ./packages/compiler/src/index.ts [Client Component Browser]
    ./src/services/compiler-adapter.ts [Client Component Browser]
    ./src/components/studio/EditorBridge.tsx [Client Component Browser]
    ./src/components/studio/StudioWorkspace.tsx [Client Component Browser]
    ./src/app/(admin)/studio/[id]/edit/page.tsx [Client Component Browser]
    ./src/app/(admin)/studio/[id]/edit/page.tsx [Server Component]

  Client Component SSR:
    ./packages/compiler/src/publisher/index.ts [Client Component SSR]
    ./packages/compiler/src/index.ts [Client Component SSR]
    ./src/services/compiler-adapter.ts [Client Component SSR]
    ./src/components/studio/EditorBridge.tsx [Client Component SSR]
    ./src/components/studio/StudioWorkspace.tsx [Client Component SSR]
    ./src/app/(admin)/studio/[id]/edit/page.tsx [Client Component SSR]
    ./src/app/(admin)/studio/[id]/edit/page.tsx [Server Component]

https://nextjs.org/docs/messages/module-not-found @ http://localhost:3000/_next/static/chunks/node_modules_next_dist_1gdrd03._.js:1945
[12839242ms] [LOG] [Fast Refresh] rebuilding @ http://localhost:3000/_next/static/chunks/node_modules_next_dist_1gdrd03._.js:1226
[12928394ms] [ERROR] ./packages/compiler/src/publisher/index.ts:1:1
Module not found: Can't resolve 'fs'
> 1 | import { writeFileSync, mkdirSync, existsSync, readFileSync } from 'fs'
    | ^^^^^^^^^^^^^^^^^^^^^^^^^^^^^^^^^^^^^^^^^^^^^^^^^^^^^^^^^^^^^^^^^^^^^^^
  2 | import { join } from 'path'
  3 | import { createHash } from 'crypto'
  4 | import type { CampusDocument } from '@navi/core'

Import traces:
  Client Component Browser:
    ./packages/compiler/src/publisher/index.ts [Client Component Browser]
    ./packages/compiler/src/index.ts [Client Component Browser]
    ./src/services/compiler-adapter.ts [Client Component Browser]
    ./src/components/studio/EditorBridge.tsx [Client Component Browser]
    ./src/components/studio/StudioWorkspace.tsx [Client Component Browser]
    ./src/app/(admin)/studio/[id]/edit/page.tsx [Client Component Browser]
    ./src/app/(admin)/studio/[id]/edit/page.tsx [Server Component]

  Client Component SSR:
    ./packages/compiler/src/publisher/index.ts [Client Component SSR]
    ./packages/compiler/src/index.ts [Client Component SSR]
    ./src/services/compiler-adapter.ts [Client Component SSR]
    ./src/components/studio/EditorBridge.tsx [Client Component SSR]
    ./src/components/studio/StudioWorkspace.tsx [Client Component SSR]
    ./src/app/(admin)/studio/[id]/edit/page.tsx [Client Component SSR]
    ./src/app/(admin)/studio/[id]/edit/page.tsx [Server Component]

https://nextjs.org/docs/messages/module-not-found @ http://localhost:3000/_next/static/chunks/node_modules_next_dist_1gdrd03._.js:1945
[12928426ms] [LOG] [Fast Refresh] rebuilding @ http://localhost:3000/_next/static/chunks/node_modules_next_dist_1gdrd03._.js:1226
[12928551ms] [ERROR] ./packages/compiler/src/publisher/index.ts:1:1
Module not found: Can't resolve 'fs'
> 1 | import { writeFileSync, mkdirSync, existsSync, readFileSync } from 'fs'
    | ^^^^^^^^^^^^^^^^^^^^^^^^^^^^^^^^^^^^^^^^^^^^^^^^^^^^^^^^^^^^^^^^^^^^^^^
  2 | import { join } from 'path'
  3 | import { createHash } from 'crypto'
  4 | import type { CampusDocument } from '@navi/core'

Import traces:
  Client Component Browser:
    ./packages/compiler/src/publisher/index.ts [Client Component Browser]
    ./packages/compiler/src/index.ts [Client Component Browser]
    ./src/services/compiler-adapter.ts [Client Component Browser]
    ./src/components/studio/EditorBridge.tsx [Client Component Browser]
    ./src/components/studio/StudioWorkspace.tsx [Client Component Browser]
    ./src/app/(admin)/studio/[id]/edit/page.tsx [Client Component Browser]
    ./src/app/(admin)/studio/[id]/edit/page.tsx [Server Component]

  Client Component SSR:
    ./packages/compiler/src/publisher/index.ts [Client Component SSR]
    ./packages/compiler/src/index.ts [Client Component SSR]
    ./src/services/compiler-adapter.ts [Client Component SSR]
    ./src/components/studio/EditorBridge.tsx [Client Component SSR]
    ./src/components/studio/StudioWorkspace.tsx [Client Component SSR]
    ./src/app/(admin)/studio/[id]/edit/page.tsx [Client Component SSR]
    ./src/app/(admin)/studio/[id]/edit/page.tsx [Server Component]

https://nextjs.org/docs/messages/module-not-found @ http://localhost:3000/_next/static/chunks/node_modules_next_dist_1gdrd03._.js:1945
[12928592ms] [LOG] [Fast Refresh] rebuilding @ http://localhost:3000/_next/static/chunks/node_modules_next_dist_1gdrd03._.js:1226
[12928751ms] [ERROR] ./packages/compiler/src/publisher/index.ts:1:1
Module not found: Can't resolve 'fs'
> 1 | import { writeFileSync, mkdirSync, existsSync, readFileSync } from 'fs'
    | ^^^^^^^^^^^^^^^^^^^^^^^^^^^^^^^^^^^^^^^^^^^^^^^^^^^^^^^^^^^^^^^^^^^^^^^
  2 | import { join } from 'path'
  3 | import { createHash } from 'crypto'
  4 | import type { CampusDocument } from '@navi/core'

Import traces:
  Client Component Browser:
    ./packages/compiler/src/publisher/index.ts [Client Component Browser]
    ./packages/compiler/src/index.ts [Client Component Browser]
    ./src/services/compiler-adapter.ts [Client Component Browser]
    ./src/components/studio/EditorBridge.tsx [Client Component Browser]
    ./src/components/studio/StudioWorkspace.tsx [Client Component Browser]
    ./src/app/(admin)/studio/[id]/edit/page.tsx [Client Component Browser]
    ./src/app/(admin)/studio/[id]/edit/page.tsx [Server Component]

  Client Component SSR:
    ./packages/compiler/src/publisher/index.ts [Client Component SSR]
    ./packages/compiler/src/index.ts [Client Component SSR]
    ./src/services/compiler-adapter.ts [Client Component SSR]
    ./src/components/studio/EditorBridge.tsx [Client Component SSR]
    ./src/components/studio/StudioWorkspace.tsx [Client Component SSR]
    ./src/app/(admin)/studio/[id]/edit/page.tsx [Client Component SSR]
    ./src/app/(admin)/studio/[id]/edit/page.tsx [Server Component]

https://nextjs.org/docs/messages/module-not-found @ http://localhost:3000/_next/static/chunks/node_modules_next_dist_1gdrd03._.js:1945
[12928775ms] [LOG] [Fast Refresh] rebuilding @ http://localhost:3000/_next/static/chunks/node_modules_next_dist_1gdrd03._.js:1226
[12928917ms] [ERROR] ./packages/compiler/src/publisher/index.ts:1:1
Module not found: Can't resolve 'fs'
> 1 | import { writeFileSync, mkdirSync, existsSync, readFileSync } from 'fs'
    | ^^^^^^^^^^^^^^^^^^^^^^^^^^^^^^^^^^^^^^^^^^^^^^^^^^^^^^^^^^^^^^^^^^^^^^^
  2 | import { join } from 'path'
  3 | import { createHash } from 'crypto'
  4 | import type { CampusDocument } from '@navi/core'

Import traces:
  Client Component Browser:
    ./packages/compiler/src/publisher/index.ts [Client Component Browser]
    ./packages/compiler/src/index.ts [Client Component Browser]
    ./src/services/compiler-adapter.ts [Client Component Browser]
    ./src/components/studio/EditorBridge.tsx [Client Component Browser]
    ./src/components/studio/StudioWorkspace.tsx [Client Component Browser]
    ./src/app/(admin)/studio/[id]/edit/page.tsx [Client Component Browser]
    ./src/app/(admin)/studio/[id]/edit/page.tsx [Server Component]

  Client Component SSR:
    ./packages/compiler/src/publisher/index.ts [Client Component SSR]
    ./packages/compiler/src/index.ts [Client Component SSR]
    ./src/services/compiler-adapter.ts [Client Component SSR]
    ./src/components/studio/EditorBridge.tsx [Client Component SSR]
    ./src/components/studio/StudioWorkspace.tsx [Client Component SSR]
    ./src/app/(admin)/studio/[id]/edit/page.tsx [Client Component SSR]
    ./src/app/(admin)/studio/[id]/edit/page.tsx [Server Component]

https://nextjs.org/docs/messages/module-not-found @ http://localhost:3000/_next/static/chunks/node_modules_next_dist_1gdrd03._.js:1945
[12928942ms] [LOG] [Fast Refresh] rebuilding @ http://localhost:3000/_next/static/chunks/node_modules_next_dist_1gdrd03._.js:1226
[12929423ms] [ERROR] ./packages/compiler/src/publisher/index.ts:1:1
Module not found: Can't resolve 'fs'
> 1 | import { writeFileSync, mkdirSync, existsSync, readFileSync } from 'fs'
    | ^^^^^^^^^^^^^^^^^^^^^^^^^^^^^^^^^^^^^^^^^^^^^^^^^^^^^^^^^^^^^^^^^^^^^^^
  2 | import { join } from 'path'
  3 | import { createHash } from 'crypto'
  4 | import type { CampusDocument } from '@navi/core'

Import traces:
  Client Component Browser:
    ./packages/compiler/src/publisher/index.ts [Client Component Browser]
    ./packages/compiler/src/index.ts [Client Component Browser]
    ./src/services/compiler-adapter.ts [Client Component Browser]
    ./src/components/studio/EditorBridge.tsx [Client Component Browser]
    ./src/components/studio/StudioWorkspace.tsx [Client Component Browser]
    ./src/app/(admin)/studio/[id]/edit/page.tsx [Client Component Browser]
    ./src/app/(admin)/studio/[id]/edit/page.tsx [Server Component]

  Client Component SSR:
    ./packages/compiler/src/publisher/index.ts [Client Component SSR]
    ./packages/compiler/src/index.ts [Client Component SSR]
    ./src/services/compiler-adapter.ts [Client Component SSR]
    ./src/components/studio/EditorBridge.tsx [Client Component SSR]
    ./src/components/studio/StudioWorkspace.tsx [Client Component SSR]
    ./src/app/(admin)/studio/[id]/edit/page.tsx [Client Component SSR]
    ./src/app/(admin)/studio/[id]/edit/page.tsx [Server Component]

https://nextjs.org/docs/messages/module-not-found @ http://localhost:3000/_next/static/chunks/node_modules_next_dist_1gdrd03._.js:1945
[12929445ms] [LOG] [Fast Refresh] rebuilding @ http://localhost:3000/_next/static/chunks/node_modules_next_dist_1gdrd03._.js:1226
[12929593ms] [ERROR] ./packages/compiler/src/publisher/index.ts:1:1
Module not found: Can't resolve 'fs'
> 1 | import { writeFileSync, mkdirSync, existsSync, readFileSync } from 'fs'
    | ^^^^^^^^^^^^^^^^^^^^^^^^^^^^^^^^^^^^^^^^^^^^^^^^^^^^^^^^^^^^^^^^^^^^^^^
  2 | import { join } from 'path'
  3 | import { createHash } from 'crypto'
  4 | import type { CampusDocument } from '@navi/core'

Import traces:
  Client Component Browser:
    ./packages/compiler/src/publisher/index.ts [Client Component Browser]
    ./packages/compiler/src/index.ts [Client Component Browser]
    ./src/services/compiler-adapter.ts [Client Component Browser]
    ./src/components/studio/EditorBridge.tsx [Client Component Browser]
    ./src/components/studio/StudioWorkspace.tsx [Client Component Browser]
    ./src/app/(admin)/studio/[id]/edit/page.tsx [Client Component Browser]
    ./src/app/(admin)/studio/[id]/edit/page.tsx [Server Component]

  Client Component SSR:
    ./packages/compiler/src/publisher/index.ts [Client Component SSR]
    ./packages/compiler/src/index.ts [Client Component SSR]
    ./src/services/compiler-adapter.ts [Client Component SSR]
    ./src/components/studio/EditorBridge.tsx [Client Component SSR]
    ./src/components/studio/StudioWorkspace.tsx [Client Component SSR]
    ./src/app/(admin)/studio/[id]/edit/page.tsx [Client Component SSR]
    ./src/app/(admin)/studio/[id]/edit/page.tsx [Server Component]

https://nextjs.org/docs/messages/module-not-found @ http://localhost:3000/_next/static/chunks/node_modules_next_dist_1gdrd03._.js:1945
[12929650ms] [LOG] [Fast Refresh] rebuilding @ http://localhost:3000/_next/static/chunks/node_modules_next_dist_1gdrd03._.js:1226
[12956062ms] [ERROR] ./packages/compiler/src/publisher/index.ts:1:1
Module not found: Can't resolve 'fs'
> 1 | import { writeFileSync, mkdirSync, existsSync, readFileSync } from 'fs'
    | ^^^^^^^^^^^^^^^^^^^^^^^^^^^^^^^^^^^^^^^^^^^^^^^^^^^^^^^^^^^^^^^^^^^^^^^
  2 | import { join } from 'path'
  3 | import { createHash } from 'crypto'
  4 | import type { CampusDocument } from '@navi/core'

Import traces:
  Client Component Browser:
    ./packages/compiler/src/publisher/index.ts [Client Component Browser]
    ./packages/compiler/src/index.ts [Client Component Browser]
    ./src/services/compiler-adapter.ts [Client Component Browser]
    ./src/components/studio/EditorBridge.tsx [Client Component Browser]
    ./src/components/studio/StudioWorkspace.tsx [Client Component Browser]
    ./src/app/(admin)/studio/[id]/edit/page.tsx [Client Component Browser]
    ./src/app/(admin)/studio/[id]/edit/page.tsx [Server Component]

  Client Component SSR:
    ./packages/compiler/src/publisher/index.ts [Client Component SSR]
    ./packages/compiler/src/index.ts [Client Component SSR]
    ./src/services/compiler-adapter.ts [Client Component SSR]
    ./src/components/studio/EditorBridge.tsx [Client Component SSR]
    ./src/components/studio/StudioWorkspace.tsx [Client Component SSR]
    ./src/app/(admin)/studio/[id]/edit/page.tsx [Client Component SSR]
    ./src/app/(admin)/studio/[id]/edit/page.tsx [Server Component]

https://nextjs.org/docs/messages/module-not-found @ http://localhost:3000/_next/static/chunks/node_modules_next_dist_1gdrd03._.js:1945
[12956109ms] [LOG] [Fast Refresh] rebuilding @ http://localhost:3000/_next/static/chunks/node_modules_next_dist_1gdrd03._.js:1226
[12956228ms] [ERROR] ./packages/compiler/src/publisher/index.ts:1:1
Module not found: Can't resolve 'fs'
> 1 | import { writeFileSync, mkdirSync, existsSync, readFileSync } from 'fs'
    | ^^^^^^^^^^^^^^^^^^^^^^^^^^^^^^^^^^^^^^^^^^^^^^^^^^^^^^^^^^^^^^^^^^^^^^^
  2 | import { join } from 'path'
  3 | import { createHash } from 'crypto'
  4 | import type { CampusDocument } from '@navi/core'

Import traces:
  Client Component Browser:
    ./packages/compiler/src/publisher/index.ts [Client Component Browser]
    ./packages/compiler/src/index.ts [Client Component Browser]
    ./src/services/compiler-adapter.ts [Client Component Browser]
    ./src/components/studio/EditorBridge.tsx [Client Component Browser]
    ./src/components/studio/StudioWorkspace.tsx [Client Component Browser]
    ./src/app/(admin)/studio/[id]/edit/page.tsx [Client Component Browser]
    ./src/app/(admin)/studio/[id]/edit/page.tsx [Server Component]

  Client Component SSR:
    ./packages/compiler/src/publisher/index.ts [Client Component SSR]
    ./packages/compiler/src/index.ts [Client Component SSR]
    ./src/services/compiler-adapter.ts [Client Component SSR]
    ./src/components/studio/EditorBridge.tsx [Client Component SSR]
    ./src/components/studio/StudioWorkspace.tsx [Client Component SSR]
    ./src/app/(admin)/studio/[id]/edit/page.tsx [Client Component SSR]
    ./src/app/(admin)/studio/[id]/edit/page.tsx [Server Component]

https://nextjs.org/docs/messages/module-not-found @ http://localhost:3000/_next/static/chunks/node_modules_next_dist_1gdrd03._.js:1945
[12956270ms] [LOG] [Fast Refresh] rebuilding @ http://localhost:3000/_next/static/chunks/node_modules_next_dist_1gdrd03._.js:1226
[12956439ms] [ERROR] ./packages/compiler/src/publisher/index.ts:1:1
Module not found: Can't resolve 'fs'
> 1 | import { writeFileSync, mkdirSync, existsSync, readFileSync } from 'fs'
    | ^^^^^^^^^^^^^^^^^^^^^^^^^^^^^^^^^^^^^^^^^^^^^^^^^^^^^^^^^^^^^^^^^^^^^^^
  2 | import { join } from 'path'
  3 | import { createHash } from 'crypto'
  4 | import type { CampusDocument } from '@navi/core'

Import traces:
  Client Component Browser:
    ./packages/compiler/src/publisher/index.ts [Client Component Browser]
    ./packages/compiler/src/index.ts [Client Component Browser]
    ./src/services/compiler-adapter.ts [Client Component Browser]
    ./src/components/studio/EditorBridge.tsx [Client Component Browser]
    ./src/components/studio/StudioWorkspace.tsx [Client Component Browser]
    ./src/app/(admin)/studio/[id]/edit/page.tsx [Client Component Browser]
    ./src/app/(admin)/studio/[id]/edit/page.tsx [Server Component]

  Client Component SSR:
    ./packages/compiler/src/publisher/index.ts [Client Component SSR]
    ./packages/compiler/src/index.ts [Client Component SSR]
    ./src/services/compiler-adapter.ts [Client Component SSR]
    ./src/components/studio/EditorBridge.tsx [Client Component SSR]
    ./src/components/studio/StudioWorkspace.tsx [Client Component SSR]
    ./src/app/(admin)/studio/[id]/edit/page.tsx [Client Component SSR]
    ./src/app/(admin)/studio/[id]/edit/page.tsx [Server Component]

https://nextjs.org/docs/messages/module-not-found @ http://localhost:3000/_next/static/chunks/node_modules_next_dist_1gdrd03._.js:1945
[12956476ms] [LOG] [Fast Refresh] rebuilding @ http://localhost:3000/_next/static/chunks/node_modules_next_dist_1gdrd03._.js:1226
[12956609ms] [ERROR] ./packages/compiler/src/publisher/index.ts:1:1
Module not found: Can't resolve 'fs'
> 1 | import { writeFileSync, mkdirSync, existsSync, readFileSync } from 'fs'
    | ^^^^^^^^^^^^^^^^^^^^^^^^^^^^^^^^^^^^^^^^^^^^^^^^^^^^^^^^^^^^^^^^^^^^^^^
  2 | import { join } from 'path'
  3 | import { createHash } from 'crypto'
  4 | import type { CampusDocument } from '@navi/core'

Import traces:
  Client Component Browser:
    ./packages/compiler/src/publisher/index.ts [Client Component Browser]
    ./packages/compiler/src/index.ts [Client Component Browser]
    ./src/services/compiler-adapter.ts [Client Component Browser]
    ./src/components/studio/EditorBridge.tsx [Client Component Browser]
    ./src/components/studio/StudioWorkspace.tsx [Client Component Browser]
    ./src/app/(admin)/studio/[id]/edit/page.tsx [Client Component Browser]
    ./src/app/(admin)/studio/[id]/edit/page.tsx [Server Component]

  Client Component SSR:
    ./packages/compiler/src/publisher/index.ts [Client Component SSR]
    ./packages/compiler/src/index.ts [Client Component SSR]
    ./src/services/compiler-adapter.ts [Client Component SSR]
    ./src/components/studio/EditorBridge.tsx [Client Component SSR]
    ./src/components/studio/StudioWorkspace.tsx [Client Component SSR]
    ./src/app/(admin)/studio/[id]/edit/page.tsx [Client Component SSR]
    ./src/app/(admin)/studio/[id]/edit/page.tsx [Server Component]

https://nextjs.org/docs/messages/module-not-found @ http://localhost:3000/_next/static/chunks/node_modules_next_dist_1gdrd03._.js:1945
[12956634ms] [LOG] [Fast Refresh] rebuilding @ http://localhost:3000/_next/static/chunks/node_modules_next_dist_1gdrd03._.js:1226
[12957118ms] [ERROR] ./packages/compiler/src/publisher/index.ts:1:1
Module not found: Can't resolve 'fs'
> 1 | import { writeFileSync, mkdirSync, existsSync, readFileSync } from 'fs'
    | ^^^^^^^^^^^^^^^^^^^^^^^^^^^^^^^^^^^^^^^^^^^^^^^^^^^^^^^^^^^^^^^^^^^^^^^
  2 | import { join } from 'path'
  3 | import { createHash } from 'crypto'
  4 | import type { CampusDocument } from '@navi/core'

Import traces:
  Client Component Browser:
    ./packages/compiler/src/publisher/index.ts [Client Component Browser]
    ./packages/compiler/src/index.ts [Client Component Browser]
    ./src/services/compiler-adapter.ts [Client Component Browser]
    ./src/components/studio/EditorBridge.tsx [Client Component Browser]
    ./src/components/studio/StudioWorkspace.tsx [Client Component Browser]
    ./src/app/(admin)/studio/[id]/edit/page.tsx [Client Component Browser]
    ./src/app/(admin)/studio/[id]/edit/page.tsx [Server Component]

  Client Component SSR:
    ./packages/compiler/src/publisher/index.ts [Client Component SSR]
    ./packages/compiler/src/index.ts [Client Component SSR]
    ./src/services/compiler-adapter.ts [Client Component SSR]
    ./src/components/studio/EditorBridge.tsx [Client Component SSR]
    ./src/components/studio/StudioWorkspace.tsx [Client Component SSR]
    ./src/app/(admin)/studio/[id]/edit/page.tsx [Client Component SSR]
    ./src/app/(admin)/studio/[id]/edit/page.tsx [Server Component]

https://nextjs.org/docs/messages/module-not-found @ http://localhost:3000/_next/static/chunks/node_modules_next_dist_1gdrd03._.js:1945
[12957140ms] [LOG] [Fast Refresh] rebuilding @ http://localhost:3000/_next/static/chunks/node_modules_next_dist_1gdrd03._.js:1226
[12957245ms] [ERROR] ./packages/compiler/src/publisher/index.ts:1:1
Module not found: Can't resolve 'fs'
> 1 | import { writeFileSync, mkdirSync, existsSync, readFileSync } from 'fs'
    | ^^^^^^^^^^^^^^^^^^^^^^^^^^^^^^^^^^^^^^^^^^^^^^^^^^^^^^^^^^^^^^^^^^^^^^^
  2 | import { join } from 'path'
  3 | import { createHash } from 'crypto'
  4 | import type { CampusDocument } from '@navi/core'

Import traces:
  Client Component Browser:
    ./packages/compiler/src/publisher/index.ts [Client Component Browser]
    ./packages/compiler/src/index.ts [Client Component Browser]
    ./src/services/compiler-adapter.ts [Client Component Browser]
    ./src/components/studio/EditorBridge.tsx [Client Component Browser]
    ./src/components/studio/StudioWorkspace.tsx [Client Component Browser]
    ./src/app/(admin)/studio/[id]/edit/page.tsx [Client Component Browser]
    ./src/app/(admin)/studio/[id]/edit/page.tsx [Server Component]

  Client Component SSR:
    ./packages/compiler/src/publisher/index.ts [Client Component SSR]
    ./packages/compiler/src/index.ts [Client Component SSR]
    ./src/services/compiler-adapter.ts [Client Component SSR]
    ./src/components/studio/EditorBridge.tsx [Client Component SSR]
    ./src/components/studio/StudioWorkspace.tsx [Client Component SSR]
    ./src/app/(admin)/studio/[id]/edit/page.tsx [Client Component SSR]
    ./src/app/(admin)/studio/[id]/edit/page.tsx [Server Component]

https://nextjs.org/docs/messages/module-not-found @ http://localhost:3000/_next/static/chunks/node_modules_next_dist_1gdrd03._.js:1945
[12957285ms] [ERROR] ./packages/compiler/src/publisher/index.ts:1:1
Module not found: Can't resolve 'fs'
> 1 | import { writeFileSync, mkdirSync, existsSync, readFileSync } from 'fs'
    | ^^^^^^^^^^^^^^^^^^^^^^^^^^^^^^^^^^^^^^^^^^^^^^^^^^^^^^^^^^^^^^^^^^^^^^^
  2 | import { join } from 'path'
  3 | import { createHash } from 'crypto'
  4 | import type { CampusDocument } from '@navi/core'

Import traces:
  Client Component Browser:
    ./packages/compiler/src/publisher/index.ts [Client Component Browser]
    ./packages/compiler/src/index.ts [Client Component Browser]
    ./src/services/compiler-adapter.ts [Client Component Browser]
    ./src/components/studio/EditorBridge.tsx [Client Component Browser]
    ./src/components/studio/StudioWorkspace.tsx [Client Component Browser]
    ./src/app/(admin)/studio/[id]/edit/page.tsx [Client Component Browser]
    ./src/app/(admin)/studio/[id]/edit/page.tsx [Server Component]

  Client Component SSR:
    ./packages/compiler/src/publisher/index.ts [Client Component SSR]
    ./packages/compiler/src/index.ts [Client Component SSR]
    ./src/services/compiler-adapter.ts [Client Component SSR]
    ./src/components/studio/EditorBridge.tsx [Client Component SSR]
    ./src/components/studio/StudioWorkspace.tsx [Client Component SSR]
    ./src/app/(admin)/studio/[id]/edit/page.tsx [Client Component SSR]
    ./src/app/(admin)/studio/[id]/edit/page.tsx [Server Component]

https://nextjs.org/docs/messages/module-not-found @ http://localhost:3000/_next/static/chunks/node_modules_next_dist_1gdrd03._.js:1945
[12957346ms] [LOG] [Fast Refresh] rebuilding @ http://localhost:3000/_next/static/chunks/node_modules_next_dist_1gdrd03._.js:1226
[12966254ms] [ERROR] ./packages/compiler/src/publisher/index.ts:1:1
Module not found: Can't resolve 'fs'
> 1 | import { writeFileSync, mkdirSync, existsSync, readFileSync } from 'fs'
    | ^^^^^^^^^^^^^^^^^^^^^^^^^^^^^^^^^^^^^^^^^^^^^^^^^^^^^^^^^^^^^^^^^^^^^^^
  2 | import { join } from 'path'
  3 | import { createHash } from 'crypto'
  4 | import type { CampusDocument } from '@navi/core'

Import traces:
  Client Component Browser:
    ./packages/compiler/src/publisher/index.ts [Client Component Browser]
    ./packages/compiler/src/index.ts [Client Component Browser]
    ./src/services/compiler-adapter.ts [Client Component Browser]
    ./src/components/studio/EditorBridge.tsx [Client Component Browser]
    ./src/components/studio/StudioWorkspace.tsx [Client Component Browser]
    ./src/app/(admin)/studio/[id]/edit/page.tsx [Client Component Browser]
    ./src/app/(admin)/studio/[id]/edit/page.tsx [Server Component]

  Client Component SSR:
    ./packages/compiler/src/publisher/index.ts [Client Component SSR]
    ./packages/compiler/src/index.ts [Client Component SSR]
    ./src/services/compiler-adapter.ts [Client Component SSR]
    ./src/components/studio/EditorBridge.tsx [Client Component SSR]
    ./src/components/studio/StudioWorkspace.tsx [Client Component SSR]
    ./src/app/(admin)/studio/[id]/edit/page.tsx [Client Component SSR]
    ./src/app/(admin)/studio/[id]/edit/page.tsx [Server Component]

https://nextjs.org/docs/messages/module-not-found @ http://localhost:3000/_next/static/chunks/node_modules_next_dist_1gdrd03._.js:1945
[12966305ms] [ERROR] ./packages/compiler/src/publisher/index.ts:1:1
Module not found: Can't resolve 'fs'
> 1 | import { writeFileSync, mkdirSync, existsSync, readFileSync } from 'fs'
    | ^^^^^^^^^^^^^^^^^^^^^^^^^^^^^^^^^^^^^^^^^^^^^^^^^^^^^^^^^^^^^^^^^^^^^^^
  2 | import { join } from 'path'
  3 | import { createHash } from 'crypto'
  4 | import type { CampusDocument } from '@navi/core'

Import traces:
  Client Component Browser:
    ./packages/compiler/src/publisher/index.ts [Client Component Browser]
    ./packages/compiler/src/index.ts [Client Component Browser]
    ./src/services/compiler-adapter.ts [Client Component Browser]
    ./src/components/studio/EditorBridge.tsx [Client Component Browser]
    ./src/components/studio/StudioWorkspace.tsx [Client Component Browser]
    ./src/app/(admin)/studio/[id]/edit/page.tsx [Client Component Browser]
    ./src/app/(admin)/studio/[id]/edit/page.tsx [Server Component]

  Client Component SSR:
    ./packages/compiler/src/publisher/index.ts [Client Component SSR]
    ./packages/compiler/src/index.ts [Client Component SSR]
    ./src/services/compiler-adapter.ts [Client Component SSR]
    ./src/components/studio/EditorBridge.tsx [Client Component SSR]
    ./src/components/studio/StudioWorkspace.tsx [Client Component SSR]
    ./src/app/(admin)/studio/[id]/edit/page.tsx [Client Component SSR]
    ./src/app/(admin)/studio/[id]/edit/page.tsx [Server Component]

https://nextjs.org/docs/messages/module-not-found @ http://localhost:3000/_next/static/chunks/node_modules_next_dist_1gdrd03._.js:1945
[12966348ms] [ERROR] ./packages/compiler/src/publisher/index.ts:1:1
Module not found: Can't resolve 'fs'
> 1 | import { writeFileSync, mkdirSync, existsSync, readFileSync } from 'fs'
    | ^^^^^^^^^^^^^^^^^^^^^^^^^^^^^^^^^^^^^^^^^^^^^^^^^^^^^^^^^^^^^^^^^^^^^^^
  2 | import { join } from 'path'
  3 | import { createHash } from 'crypto'
  4 | import type { CampusDocument } from '@navi/core'

Import traces:
  Client Component Browser:
    ./packages/compiler/src/publisher/index.ts [Client Component Browser]
    ./packages/compiler/src/index.ts [Client Component Browser]
    ./src/services/compiler-adapter.ts [Client Component Browser]
    ./src/components/studio/EditorBridge.tsx [Client Component Browser]
    ./src/components/studio/StudioWorkspace.tsx [Client Component Browser]
    ./src/app/(admin)/studio/[id]/edit/page.tsx [Client Component Browser]
    ./src/app/(admin)/studio/[id]/edit/page.tsx [Server Component]

  Client Component SSR:
    ./packages/compiler/src/publisher/index.ts [Client Component SSR]
    ./packages/compiler/src/index.ts [Client Component SSR]
    ./src/services/compiler-adapter.ts [Client Component SSR]
    ./src/components/studio/EditorBridge.tsx [Client Component SSR]
    ./src/components/studio/StudioWorkspace.tsx [Client Component SSR]
    ./src/app/(admin)/studio/[id]/edit/page.tsx [Client Component SSR]
    ./src/app/(admin)/studio/[id]/edit/page.tsx [Server Component]

https://nextjs.org/docs/messages/module-not-found @ http://localhost:3000/_next/static/chunks/node_modules_next_dist_1gdrd03._.js:1945
[12966413ms] [LOG] [Fast Refresh] rebuilding @ http://localhost:3000/_next/static/chunks/node_modules_next_dist_1gdrd03._.js:1226
[12966510ms] [ERROR] ./packages/compiler/src/publisher/index.ts:1:1
Module not found: Can't resolve 'fs'
> 1 | import { writeFileSync, mkdirSync, existsSync, readFileSync } from 'fs'
    | ^^^^^^^^^^^^^^^^^^^^^^^^^^^^^^^^^^^^^^^^^^^^^^^^^^^^^^^^^^^^^^^^^^^^^^^
  2 | import { join } from 'path'
  3 | import { createHash } from 'crypto'
  4 | import type { CampusDocument } from '@navi/core'

Import traces:
  Client Component Browser:
    ./packages/compiler/src/publisher/index.ts [Client Component Browser]
    ./packages/compiler/src/index.ts [Client Component Browser]
    ./src/services/compiler-adapter.ts [Client Component Browser]
    ./src/components/studio/EditorBridge.tsx [Client Component Browser]
    ./src/components/studio/StudioWorkspace.tsx [Client Component Browser]
    ./src/app/(admin)/studio/[id]/edit/page.tsx [Client Component Browser]
    ./src/app/(admin)/studio/[id]/edit/page.tsx [Server Component]

  Client Component SSR:
    ./packages/compiler/src/publisher/index.ts [Client Component SSR]
    ./packages/compiler/src/index.ts [Client Component SSR]
    ./src/services/compiler-adapter.ts [Client Component SSR]
    ./src/components/studio/EditorBridge.tsx [Client Component SSR]
    ./src/components/studio/StudioWorkspace.tsx [Client Component SSR]
    ./src/app/(admin)/studio/[id]/edit/page.tsx [Client Component SSR]
    ./src/app/(admin)/studio/[id]/edit/page.tsx [Server Component]

https://nextjs.org/docs/messages/module-not-found @ http://localhost:3000/_next/static/chunks/node_modules_next_dist_1gdrd03._.js:1945
[12966543ms] [LOG] [Fast Refresh] rebuilding @ http://localhost:3000/_next/static/chunks/node_modules_next_dist_1gdrd03._.js:1226
[12966637ms] [ERROR] ./packages/compiler/src/publisher/index.ts:1:1
Module not found: Can't resolve 'fs'
> 1 | import { writeFileSync, mkdirSync, existsSync, readFileSync } from 'fs'
    | ^^^^^^^^^^^^^^^^^^^^^^^^^^^^^^^^^^^^^^^^^^^^^^^^^^^^^^^^^^^^^^^^^^^^^^^
  2 | import { join } from 'path'
  3 | import { createHash } from 'crypto'
  4 | import type { CampusDocument } from '@navi/core'

Import traces:
  Client Component Browser:
    ./packages/compiler/src/publisher/index.ts [Client Component Browser]
    ./packages/compiler/src/index.ts [Client Component Browser]
    ./src/services/compiler-adapter.ts [Client Component Browser]
    ./src/components/studio/EditorBridge.tsx [Client Component Browser]
    ./src/components/studio/StudioWorkspace.tsx [Client Component Browser]
    ./src/app/(admin)/studio/[id]/edit/page.tsx [Client Component Browser]
    ./src/app/(admin)/studio/[id]/edit/page.tsx [Server Component]

  Client Component SSR:
    ./packages/compiler/src/publisher/index.ts [Client Component SSR]
    ./packages/compiler/src/index.ts [Client Component SSR]
    ./src/services/compiler-adapter.ts [Client Component SSR]
    ./src/components/studio/EditorBridge.tsx [Client Component SSR]
    ./src/components/studio/StudioWorkspace.tsx [Client Component SSR]
    ./src/app/(admin)/studio/[id]/edit/page.tsx [Client Component SSR]
    ./src/app/(admin)/studio/[id]/edit/page.tsx [Server Component]

https://nextjs.org/docs/messages/module-not-found @ http://localhost:3000/_next/static/chunks/node_modules_next_dist_1gdrd03._.js:1945
[12966679ms] [ERROR] ./packages/compiler/src/publisher/index.ts:1:1
Module not found: Can't resolve 'fs'
> 1 | import { writeFileSync, mkdirSync, existsSync, readFileSync } from 'fs'
    | ^^^^^^^^^^^^^^^^^^^^^^^^^^^^^^^^^^^^^^^^^^^^^^^^^^^^^^^^^^^^^^^^^^^^^^^
  2 | import { join } from 'path'
  3 | import { createHash } from 'crypto'
  4 | import type { CampusDocument } from '@navi/core'

Import traces:
  Client Component Browser:
    ./packages/compiler/src/publisher/index.ts [Client Component Browser]
    ./packages/compiler/src/index.ts [Client Component Browser]
    ./src/services/compiler-adapter.ts [Client Component Browser]
    ./src/components/studio/EditorBridge.tsx [Client Component Browser]
    ./src/components/studio/StudioWorkspace.tsx [Client Component Browser]
    ./src/app/(admin)/studio/[id]/edit/page.tsx [Client Component Browser]
    ./src/app/(admin)/studio/[id]/edit/page.tsx [Server Component]

  Client Component SSR:
    ./packages/compiler/src/publisher/index.ts [Client Component SSR]
    ./packages/compiler/src/index.ts [Client Component SSR]
    ./src/services/compiler-adapter.ts [Client Component SSR]
    ./src/components/studio/EditorBridge.tsx [Client Component SSR]
    ./src/components/studio/StudioWorkspace.tsx [Client Component SSR]
    ./src/app/(admin)/studio/[id]/edit/page.tsx [Client Component SSR]
    ./src/app/(admin)/studio/[id]/edit/page.tsx [Server Component]

https://nextjs.org/docs/messages/module-not-found @ http://localhost:3000/_next/static/chunks/node_modules_next_dist_1gdrd03._.js:1945
[12966745ms] [LOG] [Fast Refresh] rebuilding @ http://localhost:3000/_next/static/chunks/node_modules_next_dist_1gdrd03._.js:1226
[12966877ms] [ERROR] ./packages/compiler/src/publisher/index.ts:1:1
Module not found: Can't resolve 'fs'
> 1 | import { writeFileSync, mkdirSync, existsSync, readFileSync } from 'fs'
    | ^^^^^^^^^^^^^^^^^^^^^^^^^^^^^^^^^^^^^^^^^^^^^^^^^^^^^^^^^^^^^^^^^^^^^^^
  2 | import { join } from 'path'
  3 | import { createHash } from 'crypto'
  4 | import type { CampusDocument } from '@navi/core'

Import traces:
  Client Component Browser:
    ./packages/compiler/src/publisher/index.ts [Client Component Browser]
    ./packages/compiler/src/index.ts [Client Component Browser]
    ./src/services/compiler-adapter.ts [Client Component Browser]
    ./src/components/studio/EditorBridge.tsx [Client Component Browser]
    ./src/components/studio/StudioWorkspace.tsx [Client Component Browser]
    ./src/app/(admin)/studio/[id]/edit/page.tsx [Client Component Browser]
    ./src/app/(admin)/studio/[id]/edit/page.tsx [Server Component]

  Client Component SSR:
    ./packages/compiler/src/publisher/index.ts [Client Component SSR]
    ./packages/compiler/src/index.ts [Client Component SSR]
    ./src/services/compiler-adapter.ts [Client Component SSR]
    ./src/components/studio/EditorBridge.tsx [Client Component SSR]
    ./src/components/studio/StudioWorkspace.tsx [Client Component SSR]
    ./src/app/(admin)/studio/[id]/edit/page.tsx [Client Component SSR]
    ./src/app/(admin)/studio/[id]/edit/page.tsx [Server Component]

https://nextjs.org/docs/messages/module-not-found @ http://localhost:3000/_next/static/chunks/node_modules_next_dist_1gdrd03._.js:1945
[12966903ms] [LOG] [Fast Refresh] rebuilding @ http://localhost:3000/_next/static/chunks/node_modules_next_dist_1gdrd03._.js:1226
[12967037ms] [ERROR] ./packages/compiler/src/publisher/index.ts:1:1
Module not found: Can't resolve 'fs'
> 1 | import { writeFileSync, mkdirSync, existsSync, readFileSync } from 'fs'
    | ^^^^^^^^^^^^^^^^^^^^^^^^^^^^^^^^^^^^^^^^^^^^^^^^^^^^^^^^^^^^^^^^^^^^^^^
  2 | import { join } from 'path'
  3 | import { createHash } from 'crypto'
  4 | import type { CampusDocument } from '@navi/core'

Import traces:
  Client Component Browser:
    ./packages/compiler/src/publisher/index.ts [Client Component Browser]
    ./packages/compiler/src/index.ts [Client Component Browser]
    ./src/services/compiler-adapter.ts [Client Component Browser]
    ./src/components/studio/EditorBridge.tsx [Client Component Browser]
    ./src/components/studio/StudioWorkspace.tsx [Client Component Browser]
    ./src/app/(admin)/studio/[id]/edit/page.tsx [Client Component Browser]
    ./src/app/(admin)/studio/[id]/edit/page.tsx [Server Component]

  Client Component SSR:
    ./packages/compiler/src/publisher/index.ts [Client Component SSR]
    ./packages/compiler/src/index.ts [Client Component SSR]
    ./src/services/compiler-adapter.ts [Client Component SSR]
    ./src/components/studio/EditorBridge.tsx [Client Component SSR]
    ./src/components/studio/StudioWorkspace.tsx [Client Component SSR]
    ./src/app/(admin)/studio/[id]/edit/page.tsx [Client Component SSR]
    ./src/app/(admin)/studio/[id]/edit/page.tsx [Server Component]

https://nextjs.org/docs/messages/module-not-found @ http://localhost:3000/_next/static/chunks/node_modules_next_dist_1gdrd03._.js:1945
[12967066ms] [LOG] [Fast Refresh] rebuilding @ http://localhost:3000/_next/static/chunks/node_modules_next_dist_1gdrd03._.js:1226
[12967460ms] [ERROR] ./packages/compiler/src/publisher/index.ts:1:1
Module not found: Can't resolve 'fs'
> 1 | import { writeFileSync, mkdirSync, existsSync, readFileSync } from 'fs'
    | ^^^^^^^^^^^^^^^^^^^^^^^^^^^^^^^^^^^^^^^^^^^^^^^^^^^^^^^^^^^^^^^^^^^^^^^
  2 | import { join } from 'path'
  3 | import { createHash } from 'crypto'
  4 | import type { CampusDocument } from '@navi/core'

Import traces:
  Client Component Browser:
    ./packages/compiler/src/publisher/index.ts [Client Component Browser]
    ./packages/compiler/src/index.ts [Client Component Browser]
    ./src/services/compiler-adapter.ts [Client Component Browser]
    ./src/components/studio/EditorBridge.tsx [Client Component Browser]
    ./src/components/studio/StudioWorkspace.tsx [Client Component Browser]
    ./src/app/(admin)/studio/[id]/edit/page.tsx [Client Component Browser]
    ./src/app/(admin)/studio/[id]/edit/page.tsx [Server Component]

  Client Component SSR:
    ./packages/compiler/src/publisher/index.ts [Client Component SSR]
    ./packages/compiler/src/index.ts [Client Component SSR]
    ./src/services/compiler-adapter.ts [Client Component SSR]
    ./src/components/studio/EditorBridge.tsx [Client Component SSR]
    ./src/components/studio/StudioWorkspace.tsx [Client Component SSR]
    ./src/app/(admin)/studio/[id]/edit/page.tsx [Client Component SSR]
    ./src/app/(admin)/studio/[id]/edit/page.tsx [Server Component]

https://nextjs.org/docs/messages/module-not-found @ http://localhost:3000/_next/static/chunks/node_modules_next_dist_1gdrd03._.js:1945
[12967493ms] [LOG] [Fast Refresh] rebuilding @ http://localhost:3000/_next/static/chunks/node_modules_next_dist_1gdrd03._.js:1226
[12967627ms] [ERROR] ./packages/compiler/src/publisher/index.ts:1:1
Module not found: Can't resolve 'fs'
> 1 | import { writeFileSync, mkdirSync, existsSync, readFileSync } from 'fs'
    | ^^^^^^^^^^^^^^^^^^^^^^^^^^^^^^^^^^^^^^^^^^^^^^^^^^^^^^^^^^^^^^^^^^^^^^^
  2 | import { join } from 'path'
  3 | import { createHash } from 'crypto'
  4 | import type { CampusDocument } from '@navi/core'

Import traces:
  Client Component Browser:
    ./packages/compiler/src/publisher/index.ts [Client Component Browser]
    ./packages/compiler/src/index.ts [Client Component Browser]
    ./src/services/compiler-adapter.ts [Client Component Browser]
    ./src/components/studio/EditorBridge.tsx [Client Component Browser]
    ./src/components/studio/StudioWorkspace.tsx [Client Component Browser]
    ./src/app/(admin)/studio/[id]/edit/page.tsx [Client Component Browser]
    ./src/app/(admin)/studio/[id]/edit/page.tsx [Server Component]

  Client Component SSR:
    ./packages/compiler/src/publisher/index.ts [Client Component SSR]
    ./packages/compiler/src/index.ts [Client Component SSR]
    ./src/services/compiler-adapter.ts [Client Component SSR]
    ./src/components/studio/EditorBridge.tsx [Client Component SSR]
    ./src/components/studio/StudioWorkspace.tsx [Client Component SSR]
    ./src/app/(admin)/studio/[id]/edit/page.tsx [Client Component SSR]
    ./src/app/(admin)/studio/[id]/edit/page.tsx [Server Component]

https://nextjs.org/docs/messages/module-not-found @ http://localhost:3000/_next/static/chunks/node_modules_next_dist_1gdrd03._.js:1945
[12967659ms] [LOG] [Fast Refresh] rebuilding @ http://localhost:3000/_next/static/chunks/node_modules_next_dist_1gdrd03._.js:1226
[12990104ms] [ERROR] ./packages/compiler/src/publisher/index.ts:1:1
Module not found: Can't resolve 'fs'
> 1 | import { writeFileSync, mkdirSync, existsSync, readFileSync } from 'fs'
    | ^^^^^^^^^^^^^^^^^^^^^^^^^^^^^^^^^^^^^^^^^^^^^^^^^^^^^^^^^^^^^^^^^^^^^^^
  2 | import { join } from 'path'
  3 | import { createHash } from 'crypto'
  4 | import type { CampusDocument } from '@navi/core'

Import traces:
  Client Component Browser:
    ./packages/compiler/src/publisher/index.ts [Client Component Browser]
    ./packages/compiler/src/index.ts [Client Component Browser]
    ./src/services/compiler-adapter.ts [Client Component Browser]
    ./src/components/studio/EditorBridge.tsx [Client Component Browser]
    ./src/components/studio/StudioWorkspace.tsx [Client Component Browser]
    ./src/app/(admin)/studio/[id]/edit/page.tsx [Client Component Browser]
    ./src/app/(admin)/studio/[id]/edit/page.tsx [Server Component]

  Client Component SSR:
    ./packages/compiler/src/publisher/index.ts [Client Component SSR]
    ./packages/compiler/src/index.ts [Client Component SSR]
    ./src/services/compiler-adapter.ts [Client Component SSR]
    ./src/components/studio/EditorBridge.tsx [Client Component SSR]
    ./src/components/studio/StudioWorkspace.tsx [Client Component SSR]
    ./src/app/(admin)/studio/[id]/edit/page.tsx [Client Component SSR]
    ./src/app/(admin)/studio/[id]/edit/page.tsx [Server Component]

https://nextjs.org/docs/messages/module-not-found @ http://localhost:3000/_next/static/chunks/node_modules_next_dist_1gdrd03._.js:1945
[12990135ms] [LOG] [Fast Refresh] rebuilding @ http://localhost:3000/_next/static/chunks/node_modules_next_dist_1gdrd03._.js:1226
[12990248ms] [ERROR] ./packages/compiler/src/publisher/index.ts:1:1
Module not found: Can't resolve 'fs'
> 1 | import { writeFileSync, mkdirSync, existsSync, readFileSync } from 'fs'
    | ^^^^^^^^^^^^^^^^^^^^^^^^^^^^^^^^^^^^^^^^^^^^^^^^^^^^^^^^^^^^^^^^^^^^^^^
  2 | import { join } from 'path'
  3 | import { createHash } from 'crypto'
  4 | import type { CampusDocument } from '@navi/core'

Import traces:
  Client Component Browser:
    ./packages/compiler/src/publisher/index.ts [Client Component Browser]
    ./packages/compiler/src/index.ts [Client Component Browser]
    ./src/services/compiler-adapter.ts [Client Component Browser]
    ./src/components/studio/EditorBridge.tsx [Client Component Browser]
    ./src/components/studio/StudioWorkspace.tsx [Client Component Browser]
    ./src/app/(admin)/studio/[id]/edit/page.tsx [Client Component Browser]
    ./src/app/(admin)/studio/[id]/edit/page.tsx [Server Component]

  Client Component SSR:
    ./packages/compiler/src/publisher/index.ts [Client Component SSR]
    ./packages/compiler/src/index.ts [Client Component SSR]
    ./src/services/compiler-adapter.ts [Client Component SSR]
    ./src/components/studio/EditorBridge.tsx [Client Component SSR]
    ./src/components/studio/StudioWorkspace.tsx [Client Component SSR]
    ./src/app/(admin)/studio/[id]/edit/page.tsx [Client Component SSR]
    ./src/app/(admin)/studio/[id]/edit/page.tsx [Server Component]

https://nextjs.org/docs/messages/module-not-found @ http://localhost:3000/_next/static/chunks/node_modules_next_dist_1gdrd03._.js:1945
[12990295ms] [LOG] [Fast Refresh] rebuilding @ http://localhost:3000/_next/static/chunks/node_modules_next_dist_1gdrd03._.js:1226
[12999994ms] [ERROR] ./packages/compiler/src/publisher/index.ts:1:1
Module not found: Can't resolve 'fs'
> 1 | import { writeFileSync, mkdirSync, existsSync, readFileSync } from 'fs'
    | ^^^^^^^^^^^^^^^^^^^^^^^^^^^^^^^^^^^^^^^^^^^^^^^^^^^^^^^^^^^^^^^^^^^^^^^
  2 | import { join } from 'path'
  3 | import { createHash } from 'crypto'
  4 | import type { CampusDocument } from '@navi/core'

Import traces:
  Client Component Browser:
    ./packages/compiler/src/publisher/index.ts [Client Component Browser]
    ./packages/compiler/src/index.ts [Client Component Browser]
    ./src/services/compiler-adapter.ts [Client Component Browser]
    ./src/components/studio/EditorBridge.tsx [Client Component Browser]
    ./src/components/studio/StudioWorkspace.tsx [Client Component Browser]
    ./src/app/(admin)/studio/[id]/edit/page.tsx [Client Component Browser]
    ./src/app/(admin)/studio/[id]/edit/page.tsx [Server Component]

  Client Component SSR:
    ./packages/compiler/src/publisher/index.ts [Client Component SSR]
    ./packages/compiler/src/index.ts [Client Component SSR]
    ./src/services/compiler-adapter.ts [Client Component SSR]
    ./src/components/studio/EditorBridge.tsx [Client Component SSR]
    ./src/components/studio/StudioWorkspace.tsx [Client Component SSR]
    ./src/app/(admin)/studio/[id]/edit/page.tsx [Client Component SSR]
    ./src/app/(admin)/studio/[id]/edit/page.tsx [Server Component]

https://nextjs.org/docs/messages/module-not-found @ http://localhost:3000/_next/static/chunks/node_modules_next_dist_1gdrd03._.js:1945
[13000042ms] [ERROR] ./packages/compiler/src/publisher/index.ts:1:1
Module not found: Can't resolve 'fs'
> 1 | import { writeFileSync, mkdirSync, existsSync, readFileSync } from 'fs'
    | ^^^^^^^^^^^^^^^^^^^^^^^^^^^^^^^^^^^^^^^^^^^^^^^^^^^^^^^^^^^^^^^^^^^^^^^
  2 | import { join } from 'path'
  3 | import { createHash } from 'crypto'
  4 | import type { CampusDocument } from '@navi/core'

Import traces:
  Client Component Browser:
    ./packages/compiler/src/publisher/index.ts [Client Component Browser]
    ./packages/compiler/src/index.ts [Client Component Browser]
    ./src/services/compiler-adapter.ts [Client Component Browser]
    ./src/components/studio/EditorBridge.tsx [Client Component Browser]
    ./src/components/studio/StudioWorkspace.tsx [Client Component Browser]
    ./src/app/(admin)/studio/[id]/edit/page.tsx [Client Component Browser]
    ./src/app/(admin)/studio/[id]/edit/page.tsx [Server Component]

  Client Component SSR:
    ./packages/compiler/src/publisher/index.ts [Client Component SSR]
    ./packages/compiler/src/index.ts [Client Component SSR]
    ./src/services/compiler-adapter.ts [Client Component SSR]
    ./src/components/studio/EditorBridge.tsx [Client Component SSR]
    ./src/components/studio/StudioWorkspace.tsx [Client Component SSR]
    ./src/app/(admin)/studio/[id]/edit/page.tsx [Client Component SSR]
    ./src/app/(admin)/studio/[id]/edit/page.tsx [Server Component]

https://nextjs.org/docs/messages/module-not-found @ http://localhost:3000/_next/static/chunks/node_modules_next_dist_1gdrd03._.js:1945
[13000118ms] [LOG] [Fast Refresh] rebuilding @ http://localhost:3000/_next/static/chunks/node_modules_next_dist_1gdrd03._.js:1226
[13017068ms] [ERROR] ./packages/compiler/src/publisher/index.ts:1:1
Module not found: Can't resolve 'fs'
> 1 | import { writeFileSync, mkdirSync, existsSync, readFileSync } from 'fs'
    | ^^^^^^^^^^^^^^^^^^^^^^^^^^^^^^^^^^^^^^^^^^^^^^^^^^^^^^^^^^^^^^^^^^^^^^^
  2 | import { join } from 'path'
  3 | import { createHash } from 'crypto'
  4 | import type { CampusDocument } from '@navi/core'

Import traces:
  Client Component Browser:
    ./packages/compiler/src/publisher/index.ts [Client Component Browser]
    ./packages/compiler/src/index.ts [Client Component Browser]
    ./src/services/compiler-adapter.ts [Client Component Browser]
    ./src/components/studio/EditorBridge.tsx [Client Component Browser]
    ./src/components/studio/StudioWorkspace.tsx [Client Component Browser]
    ./src/app/(admin)/studio/[id]/edit/page.tsx [Client Component Browser]
    ./src/app/(admin)/studio/[id]/edit/page.tsx [Server Component]

  Client Component SSR:
    ./packages/compiler/src/publisher/index.ts [Client Component SSR]
    ./packages/compiler/src/index.ts [Client Component SSR]
    ./src/services/compiler-adapter.ts [Client Component SSR]
    ./src/components/studio/EditorBridge.tsx [Client Component SSR]
    ./src/components/studio/StudioWorkspace.tsx [Client Component SSR]
    ./src/app/(admin)/studio/[id]/edit/page.tsx [Client Component SSR]
    ./src/app/(admin)/studio/[id]/edit/page.tsx [Server Component]

https://nextjs.org/docs/messages/module-not-found @ http://localhost:3000/_next/static/chunks/node_modules_next_dist_1gdrd03._.js:1945
[13017118ms] [LOG] [Fast Refresh] rebuilding @ http://localhost:3000/_next/static/chunks/node_modules_next_dist_1gdrd03._.js:1226
[13017245ms] [ERROR] ./packages/compiler/src/publisher/index.ts:1:1
Module not found: Can't resolve 'fs'
> 1 | import { writeFileSync, mkdirSync, existsSync, readFileSync } from 'fs'
    | ^^^^^^^^^^^^^^^^^^^^^^^^^^^^^^^^^^^^^^^^^^^^^^^^^^^^^^^^^^^^^^^^^^^^^^^
  2 | import { join } from 'path'
  3 | import { createHash } from 'crypto'
  4 | import type { CampusDocument } from '@navi/core'

Import traces:
  Client Component Browser:
    ./packages/compiler/src/publisher/index.ts [Client Component Browser]
    ./packages/compiler/src/index.ts [Client Component Browser]
    ./src/services/compiler-adapter.ts [Client Component Browser]
    ./src/components/studio/EditorBridge.tsx [Client Component Browser]
    ./src/components/studio/StudioWorkspace.tsx [Client Component Browser]
    ./src/app/(admin)/studio/[id]/edit/page.tsx [Client Component Browser]
    ./src/app/(admin)/studio/[id]/edit/page.tsx [Server Component]

  Client Component SSR:
    ./packages/compiler/src/publisher/index.ts [Client Component SSR]
    ./packages/compiler/src/index.ts [Client Component SSR]
    ./src/services/compiler-adapter.ts [Client Component SSR]
    ./src/components/studio/EditorBridge.tsx [Client Component SSR]
    ./src/components/studio/StudioWorkspace.tsx [Client Component SSR]
    ./src/app/(admin)/studio/[id]/edit/page.tsx [Client Component SSR]
    ./src/app/(admin)/studio/[id]/edit/page.tsx [Server Component]

https://nextjs.org/docs/messages/module-not-found @ http://localhost:3000/_next/static/chunks/node_modules_next_dist_1gdrd03._.js:1945
[13017277ms] [LOG] [Fast Refresh] rebuilding @ http://localhost:3000/_next/static/chunks/node_modules_next_dist_1gdrd03._.js:1226
[13030187ms] [ERROR] ./packages/compiler/src/publisher/index.ts:1:1
Module not found: Can't resolve 'fs'
> 1 | import { writeFileSync, mkdirSync, existsSync, readFileSync } from 'fs'
    | ^^^^^^^^^^^^^^^^^^^^^^^^^^^^^^^^^^^^^^^^^^^^^^^^^^^^^^^^^^^^^^^^^^^^^^^
  2 | import { join } from 'path'
  3 | import { createHash } from 'crypto'
  4 | import type { CampusDocument } from '@navi/core'

Import traces:
  Client Component Browser:
    ./packages/compiler/src/publisher/index.ts [Client Component Browser]
    ./packages/compiler/src/index.ts [Client Component Browser]
    ./src/services/compiler-adapter.ts [Client Component Browser]
    ./src/components/studio/EditorBridge.tsx [Client Component Browser]
    ./src/components/studio/StudioWorkspace.tsx [Client Component Browser]
    ./src/app/(admin)/studio/[id]/edit/page.tsx [Client Component Browser]
    ./src/app/(admin)/studio/[id]/edit/page.tsx [Server Component]

  Client Component SSR:
    ./packages/compiler/src/publisher/index.ts [Client Component SSR]
    ./packages/compiler/src/index.ts [Client Component SSR]
    ./src/services/compiler-adapter.ts [Client Component SSR]
    ./src/components/studio/EditorBridge.tsx [Client Component SSR]
    ./src/components/studio/StudioWorkspace.tsx [Client Component SSR]
    ./src/app/(admin)/studio/[id]/edit/page.tsx [Client Component SSR]
    ./src/app/(admin)/studio/[id]/edit/page.tsx [Server Component]

https://nextjs.org/docs/messages/module-not-found @ http://localhost:3000/_next/static/chunks/node_modules_next_dist_1gdrd03._.js:1945
[13030236ms] [LOG] [Fast Refresh] rebuilding @ http://localhost:3000/_next/static/chunks/node_modules_next_dist_1gdrd03._.js:1226
[13030370ms] [ERROR] ./packages/compiler/src/publisher/index.ts:1:1
Module not found: Can't resolve 'fs'
> 1 | import { writeFileSync, mkdirSync, existsSync, readFileSync } from 'fs'
    | ^^^^^^^^^^^^^^^^^^^^^^^^^^^^^^^^^^^^^^^^^^^^^^^^^^^^^^^^^^^^^^^^^^^^^^^
  2 | import { join } from 'path'
  3 | import { createHash } from 'crypto'
  4 | import type { CampusDocument } from '@navi/core'

Import traces:
  Client Component Browser:
    ./packages/compiler/src/publisher/index.ts [Client Component Browser]
    ./packages/compiler/src/index.ts [Client Component Browser]
    ./src/services/compiler-adapter.ts [Client Component Browser]
    ./src/components/studio/EditorBridge.tsx [Client Component Browser]
    ./src/components/studio/StudioWorkspace.tsx [Client Component Browser]
    ./src/app/(admin)/studio/[id]/edit/page.tsx [Client Component Browser]
    ./src/app/(admin)/studio/[id]/edit/page.tsx [Server Component]

  Client Component SSR:
    ./packages/compiler/src/publisher/index.ts [Client Component SSR]
    ./packages/compiler/src/index.ts [Client Component SSR]
    ./src/services/compiler-adapter.ts [Client Component SSR]
    ./src/components/studio/EditorBridge.tsx [Client Component SSR]
    ./src/components/studio/StudioWorkspace.tsx [Client Component SSR]
    ./src/app/(admin)/studio/[id]/edit/page.tsx [Client Component SSR]
    ./src/app/(admin)/studio/[id]/edit/page.tsx [Server Component]

https://nextjs.org/docs/messages/module-not-found @ http://localhost:3000/_next/static/chunks/node_modules_next_dist_1gdrd03._.js:1945
[13030394ms] [LOG] [Fast Refresh] rebuilding @ http://localhost:3000/_next/static/chunks/node_modules_next_dist_1gdrd03._.js:1226
[13030554ms] [ERROR] ./packages/compiler/src/publisher/index.ts:1:1
Module not found: Can't resolve 'fs'
> 1 | import { writeFileSync, mkdirSync, existsSync, readFileSync } from 'fs'
    | ^^^^^^^^^^^^^^^^^^^^^^^^^^^^^^^^^^^^^^^^^^^^^^^^^^^^^^^^^^^^^^^^^^^^^^^
  2 | import { join } from 'path'
  3 | import { createHash } from 'crypto'
  4 | import type { CampusDocument } from '@navi/core'

Import traces:
  Client Component Browser:
    ./packages/compiler/src/publisher/index.ts [Client Component Browser]
    ./packages/compiler/src/index.ts [Client Component Browser]
    ./src/services/compiler-adapter.ts [Client Component Browser]
    ./src/components/studio/EditorBridge.tsx [Client Component Browser]
    ./src/components/studio/StudioWorkspace.tsx [Client Component Browser]
    ./src/app/(admin)/studio/[id]/edit/page.tsx [Client Component Browser]
    ./src/app/(admin)/studio/[id]/edit/page.tsx [Server Component]

  Client Component SSR:
    ./packages/compiler/src/publisher/index.ts [Client Component SSR]
    ./packages/compiler/src/index.ts [Client Component SSR]
    ./src/services/compiler-adapter.ts [Client Component SSR]
    ./src/components/studio/EditorBridge.tsx [Client Component SSR]
    ./src/components/studio/StudioWorkspace.tsx [Client Component SSR]
    ./src/app/(admin)/studio/[id]/edit/page.tsx [Client Component SSR]
    ./src/app/(admin)/studio/[id]/edit/page.tsx [Server Component]

https://nextjs.org/docs/messages/module-not-found @ http://localhost:3000/_next/static/chunks/node_modules_next_dist_1gdrd03._.js:1945
[13030586ms] [LOG] [Fast Refresh] rebuilding @ http://localhost:3000/_next/static/chunks/node_modules_next_dist_1gdrd03._.js:1226
[13030729ms] [ERROR] ./packages/compiler/src/publisher/index.ts:1:1
Module not found: Can't resolve 'fs'
> 1 | import { writeFileSync, mkdirSync, existsSync, readFileSync } from 'fs'
    | ^^^^^^^^^^^^^^^^^^^^^^^^^^^^^^^^^^^^^^^^^^^^^^^^^^^^^^^^^^^^^^^^^^^^^^^
  2 | import { join } from 'path'
  3 | import { createHash } from 'crypto'
  4 | import type { CampusDocument } from '@navi/core'

Import traces:
  Client Component Browser:
    ./packages/compiler/src/publisher/index.ts [Client Component Browser]
    ./packages/compiler/src/index.ts [Client Component Browser]
    ./src/services/compiler-adapter.ts [Client Component Browser]
    ./src/components/studio/EditorBridge.tsx [Client Component Browser]
    ./src/components/studio/StudioWorkspace.tsx [Client Component Browser]
    ./src/app/(admin)/studio/[id]/edit/page.tsx [Client Component Browser]
    ./src/app/(admin)/studio/[id]/edit/page.tsx [Server Component]

  Client Component SSR:
    ./packages/compiler/src/publisher/index.ts [Client Component SSR]
    ./packages/compiler/src/index.ts [Client Component SSR]
    ./src/services/compiler-adapter.ts [Client Component SSR]
    ./src/components/studio/EditorBridge.tsx [Client Component SSR]
    ./src/components/studio/StudioWorkspace.tsx [Client Component SSR]
    ./src/app/(admin)/studio/[id]/edit/page.tsx [Client Component SSR]
    ./src/app/(admin)/studio/[id]/edit/page.tsx [Server Component]

https://nextjs.org/docs/messages/module-not-found @ http://localhost:3000/_next/static/chunks/node_modules_next_dist_1gdrd03._.js:1945
[13030760ms] [LOG] [Fast Refresh] rebuilding @ http://localhost:3000/_next/static/chunks/node_modules_next_dist_1gdrd03._.js:1226
[13031152ms] [ERROR] ./packages/compiler/src/publisher/index.ts:1:1
Module not found: Can't resolve 'fs'
> 1 | import { writeFileSync, mkdirSync, existsSync, readFileSync } from 'fs'
    | ^^^^^^^^^^^^^^^^^^^^^^^^^^^^^^^^^^^^^^^^^^^^^^^^^^^^^^^^^^^^^^^^^^^^^^^
  2 | import { join } from 'path'
  3 | import { createHash } from 'crypto'
  4 | import type { CampusDocument } from '@navi/core'

Import traces:
  Client Component Browser:
    ./packages/compiler/src/publisher/index.ts [Client Component Browser]
    ./packages/compiler/src/index.ts [Client Component Browser]
    ./src/services/compiler-adapter.ts [Client Component Browser]
    ./src/components/studio/EditorBridge.tsx [Client Component Browser]
    ./src/components/studio/StudioWorkspace.tsx [Client Component Browser]
    ./src/app/(admin)/studio/[id]/edit/page.tsx [Client Component Browser]
    ./src/app/(admin)/studio/[id]/edit/page.tsx [Server Component]

  Client Component SSR:
    ./packages/compiler/src/publisher/index.ts [Client Component SSR]
    ./packages/compiler/src/index.ts [Client Component SSR]
    ./src/services/compiler-adapter.ts [Client Component SSR]
    ./src/components/studio/EditorBridge.tsx [Client Component SSR]
    ./src/components/studio/StudioWorkspace.tsx [Client Component SSR]
    ./src/app/(admin)/studio/[id]/edit/page.tsx [Client Component SSR]
    ./src/app/(admin)/studio/[id]/edit/page.tsx [Server Component]

https://nextjs.org/docs/messages/module-not-found @ http://localhost:3000/_next/static/chunks/node_modules_next_dist_1gdrd03._.js:1945
[13031202ms] [LOG] [Fast Refresh] rebuilding @ http://localhost:3000/_next/static/chunks/node_modules_next_dist_1gdrd03._.js:1226
[13031336ms] [ERROR] ./packages/compiler/src/publisher/index.ts:1:1
Module not found: Can't resolve 'fs'
> 1 | import { writeFileSync, mkdirSync, existsSync, readFileSync } from 'fs'
    | ^^^^^^^^^^^^^^^^^^^^^^^^^^^^^^^^^^^^^^^^^^^^^^^^^^^^^^^^^^^^^^^^^^^^^^^
  2 | import { join } from 'path'
  3 | import { createHash } from 'crypto'
  4 | import type { CampusDocument } from '@navi/core'

Import traces:
  Client Component Browser:
    ./packages/compiler/src/publisher/index.ts [Client Component Browser]
    ./packages/compiler/src/index.ts [Client Component Browser]
    ./src/services/compiler-adapter.ts [Client Component Browser]
    ./src/components/studio/EditorBridge.tsx [Client Component Browser]
    ./src/components/studio/StudioWorkspace.tsx [Client Component Browser]
    ./src/app/(admin)/studio/[id]/edit/page.tsx [Client Component Browser]
    ./src/app/(admin)/studio/[id]/edit/page.tsx [Server Component]

  Client Component SSR:
    ./packages/compiler/src/publisher/index.ts [Client Component SSR]
    ./packages/compiler/src/index.ts [Client Component SSR]
    ./src/services/compiler-adapter.ts [Client Component SSR]
    ./src/components/studio/EditorBridge.tsx [Client Component SSR]
    ./src/components/studio/StudioWorkspace.tsx [Client Component SSR]
    ./src/app/(admin)/studio/[id]/edit/page.tsx [Client Component SSR]
    ./src/app/(admin)/studio/[id]/edit/page.tsx [Server Component]

https://nextjs.org/docs/messages/module-not-found @ http://localhost:3000/_next/static/chunks/node_modules_next_dist_1gdrd03._.js:1945
[13031379ms] [LOG] [Fast Refresh] rebuilding @ http://localhost:3000/_next/static/chunks/node_modules_next_dist_1gdrd03._.js:1226
[13042554ms] [ERROR] ./packages/compiler/src/publisher/index.ts:1:1
Module not found: Can't resolve 'fs'
> 1 | import { writeFileSync, mkdirSync, existsSync, readFileSync } from 'fs'
    | ^^^^^^^^^^^^^^^^^^^^^^^^^^^^^^^^^^^^^^^^^^^^^^^^^^^^^^^^^^^^^^^^^^^^^^^
  2 | import { join } from 'path'
  3 | import { createHash } from 'crypto'
  4 | import type { CampusDocument } from '@navi/core'

Import traces:
  Client Component Browser:
    ./packages/compiler/src/publisher/index.ts [Client Component Browser]
    ./packages/compiler/src/index.ts [Client Component Browser]
    ./src/services/compiler-adapter.ts [Client Component Browser]
    ./src/components/studio/EditorBridge.tsx [Client Component Browser]
    ./src/components/studio/StudioWorkspace.tsx [Client Component Browser]
    ./src/app/(admin)/studio/[id]/edit/page.tsx [Client Component Browser]
    ./src/app/(admin)/studio/[id]/edit/page.tsx [Server Component]

  Client Component SSR:
    ./packages/compiler/src/publisher/index.ts [Client Component SSR]
    ./packages/compiler/src/index.ts [Client Component SSR]
    ./src/services/compiler-adapter.ts [Client Component SSR]
    ./src/components/studio/EditorBridge.tsx [Client Component SSR]
    ./src/components/studio/StudioWorkspace.tsx [Client Component SSR]
    ./src/app/(admin)/studio/[id]/edit/page.tsx [Client Component SSR]
    ./src/app/(admin)/studio/[id]/edit/page.tsx [Server Component]

https://nextjs.org/docs/messages/module-not-found @ http://localhost:3000/_next/static/chunks/node_modules_next_dist_1gdrd03._.js:1945
[13042611ms] [LOG] [Fast Refresh] rebuilding @ http://localhost:3000/_next/static/chunks/node_modules_next_dist_1gdrd03._.js:1226
[13042703ms] [ERROR] ./packages/compiler/src/publisher/index.ts:1:1
Module not found: Can't resolve 'fs'
> 1 | import { writeFileSync, mkdirSync, existsSync, readFileSync } from 'fs'
    | ^^^^^^^^^^^^^^^^^^^^^^^^^^^^^^^^^^^^^^^^^^^^^^^^^^^^^^^^^^^^^^^^^^^^^^^
  2 | import { join } from 'path'
  3 | import { createHash } from 'crypto'
  4 | import type { CampusDocument } from '@navi/core'

Import traces:
  Client Component Browser:
    ./packages/compiler/src/publisher/index.ts [Client Component Browser]
    ./packages/compiler/src/index.ts [Client Component Browser]
    ./src/services/compiler-adapter.ts [Client Component Browser]
    ./src/components/studio/EditorBridge.tsx [Client Component Browser]
    ./src/components/studio/StudioWorkspace.tsx [Client Component Browser]
    ./src/app/(admin)/studio/[id]/edit/page.tsx [Client Component Browser]
    ./src/app/(admin)/studio/[id]/edit/page.tsx [Server Component]

  Client Component SSR:
    ./packages/compiler/src/publisher/index.ts [Client Component SSR]
    ./packages/compiler/src/index.ts [Client Component SSR]
    ./src/services/compiler-adapter.ts [Client Component SSR]
    ./src/components/studio/EditorBridge.tsx [Client Component SSR]
    ./src/components/studio/StudioWorkspace.tsx [Client Component SSR]
    ./src/app/(admin)/studio/[id]/edit/page.tsx [Client Component SSR]
    ./src/app/(admin)/studio/[id]/edit/page.tsx [Server Component]

https://nextjs.org/docs/messages/module-not-found @ http://localhost:3000/_next/static/chunks/node_modules_next_dist_1gdrd03._.js:1945
[13042760ms] [LOG] [Fast Refresh] rebuilding @ http://localhost:3000/_next/static/chunks/node_modules_next_dist_1gdrd03._.js:1226
[13042852ms] [ERROR] ./packages/compiler/src/publisher/index.ts:1:1
Module not found: Can't resolve 'fs'
> 1 | import { writeFileSync, mkdirSync, existsSync, readFileSync } from 'fs'
    | ^^^^^^^^^^^^^^^^^^^^^^^^^^^^^^^^^^^^^^^^^^^^^^^^^^^^^^^^^^^^^^^^^^^^^^^
  2 | import { join } from 'path'
  3 | import { createHash } from 'crypto'
  4 | import type { CampusDocument } from '@navi/core'

Import traces:
  Client Component Browser:
    ./packages/compiler/src/publisher/index.ts [Client Component Browser]
    ./packages/compiler/src/index.ts [Client Component Browser]
    ./src/services/compiler-adapter.ts [Client Component Browser]
    ./src/components/studio/EditorBridge.tsx [Client Component Browser]
    ./src/components/studio/StudioWorkspace.tsx [Client Component Browser]
    ./src/app/(admin)/studio/[id]/edit/page.tsx [Client Component Browser]
    ./src/app/(admin)/studio/[id]/edit/page.tsx [Server Component]

  Client Component SSR:
    ./packages/compiler/src/publisher/index.ts [Client Component SSR]
    ./packages/compiler/src/index.ts [Client Component SSR]
    ./src/services/compiler-adapter.ts [Client Component SSR]
    ./src/components/studio/EditorBridge.tsx [Client Component SSR]
    ./src/components/studio/StudioWorkspace.tsx [Client Component SSR]
    ./src/app/(admin)/studio/[id]/edit/page.tsx [Client Component SSR]
    ./src/app/(admin)/studio/[id]/edit/page.tsx [Server Component]

https://nextjs.org/docs/messages/module-not-found @ http://localhost:3000/_next/static/chunks/node_modules_next_dist_1gdrd03._.js:1945
[13042898ms] [LOG] [Fast Refresh] rebuilding @ http://localhost:3000/_next/static/chunks/node_modules_next_dist_1gdrd03._.js:1226
[13043070ms] [ERROR] ./packages/compiler/src/publisher/index.ts:1:1
Module not found: Can't resolve 'fs'
> 1 | import { writeFileSync, mkdirSync, existsSync, readFileSync } from 'fs'
    | ^^^^^^^^^^^^^^^^^^^^^^^^^^^^^^^^^^^^^^^^^^^^^^^^^^^^^^^^^^^^^^^^^^^^^^^
  2 | import { join } from 'path'
  3 | import { createHash } from 'crypto'
  4 | import type { CampusDocument } from '@navi/core'

Import traces:
  Client Component Browser:
    ./packages/compiler/src/publisher/index.ts [Client Component Browser]
    ./packages/compiler/src/index.ts [Client Component Browser]
    ./src/services/compiler-adapter.ts [Client Component Browser]
    ./src/components/studio/EditorBridge.tsx [Client Component Browser]
    ./src/components/studio/StudioWorkspace.tsx [Client Component Browser]
    ./src/app/(admin)/studio/[id]/edit/page.tsx [Client Component Browser]
    ./src/app/(admin)/studio/[id]/edit/page.tsx [Server Component]

  Client Component SSR:
    ./packages/compiler/src/publisher/index.ts [Client Component SSR]
    ./packages/compiler/src/index.ts [Client Component SSR]
    ./src/services/compiler-adapter.ts [Client Component SSR]
    ./src/components/studio/EditorBridge.tsx [Client Component SSR]
    ./src/components/studio/StudioWorkspace.tsx [Client Component SSR]
    ./src/app/(admin)/studio/[id]/edit/page.tsx [Client Component SSR]
    ./src/app/(admin)/studio/[id]/edit/page.tsx [Server Component]

https://nextjs.org/docs/messages/module-not-found @ http://localhost:3000/_next/static/chunks/node_modules_next_dist_1gdrd03._.js:1945
[13043098ms] [LOG] [Fast Refresh] rebuilding @ http://localhost:3000/_next/static/chunks/node_modules_next_dist_1gdrd03._.js:1226
[13043245ms] [ERROR] ./packages/compiler/src/publisher/index.ts:1:1
Module not found: Can't resolve 'fs'
> 1 | import { writeFileSync, mkdirSync, existsSync, readFileSync } from 'fs'
    | ^^^^^^^^^^^^^^^^^^^^^^^^^^^^^^^^^^^^^^^^^^^^^^^^^^^^^^^^^^^^^^^^^^^^^^^
  2 | import { join } from 'path'
  3 | import { createHash } from 'crypto'
  4 | import type { CampusDocument } from '@navi/core'

Import traces:
  Client Component Browser:
    ./packages/compiler/src/publisher/index.ts [Client Component Browser]
    ./packages/compiler/src/index.ts [Client Component Browser]
    ./src/services/compiler-adapter.ts [Client Component Browser]
    ./src/components/studio/EditorBridge.tsx [Client Component Browser]
    ./src/components/studio/StudioWorkspace.tsx [Client Component Browser]
    ./src/app/(admin)/studio/[id]/edit/page.tsx [Client Component Browser]
    ./src/app/(admin)/studio/[id]/edit/page.tsx [Server Component]

  Client Component SSR:
    ./packages/compiler/src/publisher/index.ts [Client Component SSR]
    ./packages/compiler/src/index.ts [Client Component SSR]
    ./src/services/compiler-adapter.ts [Client Component SSR]
    ./src/components/studio/EditorBridge.tsx [Client Component SSR]
    ./src/components/studio/StudioWorkspace.tsx [Client Component SSR]
    ./src/app/(admin)/studio/[id]/edit/page.tsx [Client Component SSR]
    ./src/app/(admin)/studio/[id]/edit/page.tsx [Server Component]

https://nextjs.org/docs/messages/module-not-found @ http://localhost:3000/_next/static/chunks/node_modules_next_dist_1gdrd03._.js:1945
[13043286ms] [LOG] [Fast Refresh] rebuilding @ http://localhost:3000/_next/static/chunks/node_modules_next_dist_1gdrd03._.js:1226
[13043961ms] [ERROR] ./packages/compiler/src/publisher/index.ts:1:1
Module not found: Can't resolve 'fs'
> 1 | import { writeFileSync, mkdirSync, existsSync, readFileSync } from 'fs'
    | ^^^^^^^^^^^^^^^^^^^^^^^^^^^^^^^^^^^^^^^^^^^^^^^^^^^^^^^^^^^^^^^^^^^^^^^
  2 | import { join } from 'path'
  3 | import { createHash } from 'crypto'
  4 | import type { CampusDocument } from '@navi/core'

Import traces:
  Client Component Browser:
    ./packages/compiler/src/publisher/index.ts [Client Component Browser]
    ./packages/compiler/src/index.ts [Client Component Browser]
    ./src/services/compiler-adapter.ts [Client Component Browser]
    ./src/components/studio/EditorBridge.tsx [Client Component Browser]
    ./src/components/studio/StudioWorkspace.tsx [Client Component Browser]
    ./src/app/(admin)/studio/[id]/edit/page.tsx [Client Component Browser]
    ./src/app/(admin)/studio/[id]/edit/page.tsx [Server Component]

  Client Component SSR:
    ./packages/compiler/src/publisher/index.ts [Client Component SSR]
    ./packages/compiler/src/index.ts [Client Component SSR]
    ./src/services/compiler-adapter.ts [Client Component SSR]
    ./src/components/studio/EditorBridge.tsx [Client Component SSR]
    ./src/components/studio/StudioWorkspace.tsx [Client Component SSR]
    ./src/app/(admin)/studio/[id]/edit/page.tsx [Client Component SSR]
    ./src/app/(admin)/studio/[id]/edit/page.tsx [Server Component]

https://nextjs.org/docs/messages/module-not-found @ http://localhost:3000/_next/static/chunks/node_modules_next_dist_1gdrd03._.js:1945
[13044028ms] [ERROR] ./packages/compiler/src/publisher/index.ts:1:1
Module not found: Can't resolve 'fs'
> 1 | import { writeFileSync, mkdirSync, existsSync, readFileSync } from 'fs'
    | ^^^^^^^^^^^^^^^^^^^^^^^^^^^^^^^^^^^^^^^^^^^^^^^^^^^^^^^^^^^^^^^^^^^^^^^
  2 | import { join } from 'path'
  3 | import { createHash } from 'crypto'
  4 | import type { CampusDocument } from '@navi/core'

Import traces:
  Client Component Browser:
    ./packages/compiler/src/publisher/index.ts [Client Component Browser]
    ./packages/compiler/src/index.ts [Client Component Browser]
    ./src/services/compiler-adapter.ts [Client Component Browser]
    ./src/components/studio/EditorBridge.tsx [Client Component Browser]
    ./src/components/studio/StudioWorkspace.tsx [Client Component Browser]
    ./src/app/(admin)/studio/[id]/edit/page.tsx [Client Component Browser]
    ./src/app/(admin)/studio/[id]/edit/page.tsx [Server Component]

  Client Component SSR:
    ./packages/compiler/src/publisher/index.ts [Client Component SSR]
    ./packages/compiler/src/index.ts [Client Component SSR]
    ./src/services/compiler-adapter.ts [Client Component SSR]
    ./src/components/studio/EditorBridge.tsx [Client Component SSR]
    ./src/components/studio/StudioWorkspace.tsx [Client Component SSR]
    ./src/app/(admin)/studio/[id]/edit/page.tsx [Client Component SSR]
    ./src/app/(admin)/studio/[id]/edit/page.tsx [Server Component]

https://nextjs.org/docs/messages/module-not-found @ http://localhost:3000/_next/static/chunks/node_modules_next_dist_1gdrd03._.js:1945
[13044078ms] [LOG] [Fast Refresh] rebuilding @ http://localhost:3000/_next/static/chunks/node_modules_next_dist_1gdrd03._.js:1226
[13044304ms] [ERROR] ./packages/compiler/src/publisher/index.ts:1:1
Module not found: Can't resolve 'fs'
> 1 | import { writeFileSync, mkdirSync, existsSync, readFileSync } from 'fs'
    | ^^^^^^^^^^^^^^^^^^^^^^^^^^^^^^^^^^^^^^^^^^^^^^^^^^^^^^^^^^^^^^^^^^^^^^^
  2 | import { join } from 'path'
  3 | import { createHash } from 'crypto'
  4 | import type { CampusDocument } from '@navi/core'

Import traces:
  Client Component Browser:
    ./packages/compiler/src/publisher/index.ts [Client Component Browser]
    ./packages/compiler/src/index.ts [Client Component Browser]
    ./src/services/compiler-adapter.ts [Client Component Browser]
    ./src/components/studio/EditorBridge.tsx [Client Component Browser]
    ./src/components/studio/StudioWorkspace.tsx [Client Component Browser]
    ./src/app/(admin)/studio/[id]/edit/page.tsx [Client Component Browser]
    ./src/app/(admin)/studio/[id]/edit/page.tsx [Server Component]

  Client Component SSR:
    ./packages/compiler/src/publisher/index.ts [Client Component SSR]
    ./packages/compiler/src/index.ts [Client Component SSR]
    ./src/services/compiler-adapter.ts [Client Component SSR]
    ./src/components/studio/EditorBridge.tsx [Client Component SSR]
    ./src/components/studio/StudioWorkspace.tsx [Client Component SSR]
    ./src/app/(admin)/studio/[id]/edit/page.tsx [Client Component SSR]
    ./src/app/(admin)/studio/[id]/edit/page.tsx [Server Component]

https://nextjs.org/docs/messages/module-not-found @ http://localhost:3000/_next/static/chunks/node_modules_next_dist_1gdrd03._.js:1945
[13044361ms] [LOG] [Fast Refresh] rebuilding @ http://localhost:3000/_next/static/chunks/node_modules_next_dist_1gdrd03._.js:1226
[13048045ms] [ERROR] ./packages/compiler/src/publisher/index.ts:1:1
Module not found: Can't resolve 'fs'
> 1 | import { writeFileSync, mkdirSync, existsSync, readFileSync } from 'fs'
    | ^^^^^^^^^^^^^^^^^^^^^^^^^^^^^^^^^^^^^^^^^^^^^^^^^^^^^^^^^^^^^^^^^^^^^^^
  2 | import { join } from 'path'
  3 | import { createHash } from 'crypto'
  4 | import type { CampusDocument } from '@navi/core'

Import traces:
  Client Component Browser:
    ./packages/compiler/src/publisher/index.ts [Client Component Browser]
    ./packages/compiler/src/index.ts [Client Component Browser]
    ./src/services/compiler-adapter.ts [Client Component Browser]
    ./src/components/studio/EditorBridge.tsx [Client Component Browser]
    ./src/components/studio/StudioWorkspace.tsx [Client Component Browser]
    ./src/app/(admin)/studio/[id]/edit/page.tsx [Client Component Browser]
    ./src/app/(admin)/studio/[id]/edit/page.tsx [Server Component]

  Client Component SSR:
    ./packages/compiler/src/publisher/index.ts [Client Component SSR]
    ./packages/compiler/src/index.ts [Client Component SSR]
    ./src/services/compiler-adapter.ts [Client Component SSR]
    ./src/components/studio/EditorBridge.tsx [Client Component SSR]
    ./src/components/studio/StudioWorkspace.tsx [Client Component SSR]
    ./src/app/(admin)/studio/[id]/edit/page.tsx [Client Component SSR]
    ./src/app/(admin)/studio/[id]/edit/page.tsx [Server Component]

https://nextjs.org/docs/messages/module-not-found @ http://localhost:3000/_next/static/chunks/node_modules_next_dist_1gdrd03._.js:1945
[13048103ms] [LOG] [Fast Refresh] rebuilding @ http://localhost:3000/_next/static/chunks/node_modules_next_dist_1gdrd03._.js:1226
[13048295ms] [ERROR] ./packages/compiler/src/publisher/index.ts:1:1
Module not found: Can't resolve 'fs'
> 1 | import { writeFileSync, mkdirSync, existsSync, readFileSync } from 'fs'
    | ^^^^^^^^^^^^^^^^^^^^^^^^^^^^^^^^^^^^^^^^^^^^^^^^^^^^^^^^^^^^^^^^^^^^^^^
  2 | import { join } from 'path'
  3 | import { createHash } from 'crypto'
  4 | import type { CampusDocument } from '@navi/core'

Import traces:
  Client Component Browser:
    ./packages/compiler/src/publisher/index.ts [Client Component Browser]
    ./packages/compiler/src/index.ts [Client Component Browser]
    ./src/services/compiler-adapter.ts [Client Component Browser]
    ./src/components/studio/EditorBridge.tsx [Client Component Browser]
    ./src/components/studio/StudioWorkspace.tsx [Client Component Browser]
    ./src/app/(admin)/studio/[id]/edit/page.tsx [Client Component Browser]
    ./src/app/(admin)/studio/[id]/edit/page.tsx [Server Component]

  Client Component SSR:
    ./packages/compiler/src/publisher/index.ts [Client Component SSR]
    ./packages/compiler/src/index.ts [Client Component SSR]
    ./src/services/compiler-adapter.ts [Client Component SSR]
    ./src/components/studio/EditorBridge.tsx [Client Component SSR]
    ./src/components/studio/StudioWorkspace.tsx [Client Component SSR]
    ./src/app/(admin)/studio/[id]/edit/page.tsx [Client Component SSR]
    ./src/app/(admin)/studio/[id]/edit/page.tsx [Server Component]

https://nextjs.org/docs/messages/module-not-found @ http://localhost:3000/_next/static/chunks/node_modules_next_dist_1gdrd03._.js:1945
[13048357ms] [LOG] [Fast Refresh] rebuilding @ http://localhost:3000/_next/static/chunks/node_modules_next_dist_1gdrd03._.js:1226
[13048487ms] [ERROR] ./packages/compiler/src/publisher/index.ts:1:1
Module not found: Can't resolve 'fs'
> 1 | import { writeFileSync, mkdirSync, existsSync, readFileSync } from 'fs'
    | ^^^^^^^^^^^^^^^^^^^^^^^^^^^^^^^^^^^^^^^^^^^^^^^^^^^^^^^^^^^^^^^^^^^^^^^
  2 | import { join } from 'path'
  3 | import { createHash } from 'crypto'
  4 | import type { CampusDocument } from '@navi/core'

Import traces:
  Client Component Browser:
    ./packages/compiler/src/publisher/index.ts [Client Component Browser]
    ./packages/compiler/src/index.ts [Client Component Browser]
    ./src/services/compiler-adapter.ts [Client Component Browser]
    ./src/components/studio/EditorBridge.tsx [Client Component Browser]
    ./src/components/studio/StudioWorkspace.tsx [Client Component Browser]
    ./src/app/(admin)/studio/[id]/edit/page.tsx [Client Component Browser]
    ./src/app/(admin)/studio/[id]/edit/page.tsx [Server Component]

  Client Component SSR:
    ./packages/compiler/src/publisher/index.ts [Client Component SSR]
    ./packages/compiler/src/index.ts [Client Component SSR]
    ./src/services/compiler-adapter.ts [Client Component SSR]
    ./src/components/studio/EditorBridge.tsx [Client Component SSR]
    ./src/components/studio/StudioWorkspace.tsx [Client Component SSR]
    ./src/app/(admin)/studio/[id]/edit/page.tsx [Client Component SSR]
    ./src/app/(admin)/studio/[id]/edit/page.tsx [Server Component]

https://nextjs.org/docs/messages/module-not-found @ http://localhost:3000/_next/static/chunks/node_modules_next_dist_1gdrd03._.js:1945
[13048536ms] [LOG] [Fast Refresh] rebuilding @ http://localhost:3000/_next/static/chunks/node_modules_next_dist_1gdrd03._.js:1226
[13048637ms] [ERROR] ./packages/compiler/src/publisher/index.ts:1:1
Module not found: Can't resolve 'fs'
> 1 | import { writeFileSync, mkdirSync, existsSync, readFileSync } from 'fs'
    | ^^^^^^^^^^^^^^^^^^^^^^^^^^^^^^^^^^^^^^^^^^^^^^^^^^^^^^^^^^^^^^^^^^^^^^^
  2 | import { join } from 'path'
  3 | import { createHash } from 'crypto'
  4 | import type { CampusDocument } from '@navi/core'

Import traces:
  Client Component Browser:
    ./packages/compiler/src/publisher/index.ts [Client Component Browser]
    ./packages/compiler/src/index.ts [Client Component Browser]
    ./src/services/compiler-adapter.ts [Client Component Browser]
    ./src/components/studio/EditorBridge.tsx [Client Component Browser]
    ./src/components/studio/StudioWorkspace.tsx [Client Component Browser]
    ./src/app/(admin)/studio/[id]/edit/page.tsx [Client Component Browser]
    ./src/app/(admin)/studio/[id]/edit/page.tsx [Server Component]

  Client Component SSR:
    ./packages/compiler/src/publisher/index.ts [Client Component SSR]
    ./packages/compiler/src/index.ts [Client Component SSR]
    ./src/services/compiler-adapter.ts [Client Component SSR]
    ./src/components/studio/EditorBridge.tsx [Client Component SSR]
    ./src/components/studio/StudioWorkspace.tsx [Client Component SSR]
    ./src/app/(admin)/studio/[id]/edit/page.tsx [Client Component SSR]
    ./src/app/(admin)/studio/[id]/edit/page.tsx [Server Component]

https://nextjs.org/docs/messages/module-not-found @ http://localhost:3000/_next/static/chunks/node_modules_next_dist_1gdrd03._.js:1945
[13048676ms] [LOG] [Fast Refresh] rebuilding @ http://localhost:3000/_next/static/chunks/node_modules_next_dist_1gdrd03._.js:1226
[13048837ms] [ERROR] ./packages/compiler/src/publisher/index.ts:1:1
Module not found: Can't resolve 'fs'
> 1 | import { writeFileSync, mkdirSync, existsSync, readFileSync } from 'fs'
    | ^^^^^^^^^^^^^^^^^^^^^^^^^^^^^^^^^^^^^^^^^^^^^^^^^^^^^^^^^^^^^^^^^^^^^^^
  2 | import { join } from 'path'
  3 | import { createHash } from 'crypto'
  4 | import type { CampusDocument } from '@navi/core'

Import traces:
  Client Component Browser:
    ./packages/compiler/src/publisher/index.ts [Client Component Browser]
    ./packages/compiler/src/index.ts [Client Component Browser]
    ./src/services/compiler-adapter.ts [Client Component Browser]
    ./src/components/studio/EditorBridge.tsx [Client Component Browser]
    ./src/components/studio/StudioWorkspace.tsx [Client Component Browser]
    ./src/app/(admin)/studio/[id]/edit/page.tsx [Client Component Browser]
    ./src/app/(admin)/studio/[id]/edit/page.tsx [Server Component]

  Client Component SSR:
    ./packages/compiler/src/publisher/index.ts [Client Component SSR]
    ./packages/compiler/src/index.ts [Client Component SSR]
    ./src/services/compiler-adapter.ts [Client Component SSR]
    ./src/components/studio/EditorBridge.tsx [Client Component SSR]
    ./src/components/studio/StudioWorkspace.tsx [Client Component SSR]
    ./src/app/(admin)/studio/[id]/edit/page.tsx [Client Component SSR]
    ./src/app/(admin)/studio/[id]/edit/page.tsx [Server Component]

https://nextjs.org/docs/messages/module-not-found @ http://localhost:3000/_next/static/chunks/node_modules_next_dist_1gdrd03._.js:1945
[13048878ms] [LOG] [Fast Refresh] rebuilding @ http://localhost:3000/_next/static/chunks/node_modules_next_dist_1gdrd03._.js:1226
[13048966ms] [ERROR] ./packages/compiler/src/publisher/index.ts:1:1
Module not found: Can't resolve 'fs'
> 1 | import { writeFileSync, mkdirSync, existsSync, readFileSync } from 'fs'
    | ^^^^^^^^^^^^^^^^^^^^^^^^^^^^^^^^^^^^^^^^^^^^^^^^^^^^^^^^^^^^^^^^^^^^^^^
  2 | import { join } from 'path'
  3 | import { createHash } from 'crypto'
  4 | import type { CampusDocument } from '@navi/core'

Import traces:
  Client Component Browser:
    ./packages/compiler/src/publisher/index.ts [Client Component Browser]
    ./packages/compiler/src/index.ts [Client Component Browser]
    ./src/services/compiler-adapter.ts [Client Component Browser]
    ./src/components/studio/EditorBridge.tsx [Client Component Browser]
    ./src/components/studio/StudioWorkspace.tsx [Client Component Browser]
    ./src/app/(admin)/studio/[id]/edit/page.tsx [Client Component Browser]
    ./src/app/(admin)/studio/[id]/edit/page.tsx [Server Component]

  Client Component SSR:
    ./packages/compiler/src/publisher/index.ts [Client Component SSR]
    ./packages/compiler/src/index.ts [Client Component SSR]
    ./src/services/compiler-adapter.ts [Client Component SSR]
    ./src/components/studio/EditorBridge.tsx [Client Component SSR]
    ./src/components/studio/StudioWorkspace.tsx [Client Component SSR]
    ./src/app/(admin)/studio/[id]/edit/page.tsx [Client Component SSR]
    ./src/app/(admin)/studio/[id]/edit/page.tsx [Server Component]

https://nextjs.org/docs/messages/module-not-found @ http://localhost:3000/_next/static/chunks/node_modules_next_dist_1gdrd03._.js:1945
[13049036ms] [LOG] [Fast Refresh] rebuilding @ http://localhost:3000/_next/static/chunks/node_modules_next_dist_1gdrd03._.js:1226
[13049390ms] [ERROR] ./packages/compiler/src/publisher/index.ts:1:1
Module not found: Can't resolve 'fs'
> 1 | import { writeFileSync, mkdirSync, existsSync, readFileSync } from 'fs'
    | ^^^^^^^^^^^^^^^^^^^^^^^^^^^^^^^^^^^^^^^^^^^^^^^^^^^^^^^^^^^^^^^^^^^^^^^
  2 | import { join } from 'path'
  3 | import { createHash } from 'crypto'
  4 | import type { CampusDocument } from '@navi/core'

Import traces:
  Client Component Browser:
    ./packages/compiler/src/publisher/index.ts [Client Component Browser]
    ./packages/compiler/src/index.ts [Client Component Browser]
    ./src/services/compiler-adapter.ts [Client Component Browser]
    ./src/components/studio/EditorBridge.tsx [Client Component Browser]
    ./src/components/studio/StudioWorkspace.tsx [Client Component Browser]
    ./src/app/(admin)/studio/[id]/edit/page.tsx [Client Component Browser]
    ./src/app/(admin)/studio/[id]/edit/page.tsx [Server Component]

  Client Component SSR:
    ./packages/compiler/src/publisher/index.ts [Client Component SSR]
    ./packages/compiler/src/index.ts [Client Component SSR]
    ./src/services/compiler-adapter.ts [Client Component SSR]
    ./src/components/studio/EditorBridge.tsx [Client Component SSR]
    ./src/components/studio/StudioWorkspace.tsx [Client Component SSR]
    ./src/app/(admin)/studio/[id]/edit/page.tsx [Client Component SSR]
    ./src/app/(admin)/studio/[id]/edit/page.tsx [Server Component]

https://nextjs.org/docs/messages/module-not-found @ http://localhost:3000/_next/static/chunks/node_modules_next_dist_1gdrd03._.js:1945
[13049445ms] [LOG] [Fast Refresh] rebuilding @ http://localhost:3000/_next/static/chunks/node_modules_next_dist_1gdrd03._.js:1226
[13049556ms] [ERROR] ./packages/compiler/src/publisher/index.ts:1:1
Module not found: Can't resolve 'fs'
> 1 | import { writeFileSync, mkdirSync, existsSync, readFileSync } from 'fs'
    | ^^^^^^^^^^^^^^^^^^^^^^^^^^^^^^^^^^^^^^^^^^^^^^^^^^^^^^^^^^^^^^^^^^^^^^^
  2 | import { join } from 'path'
  3 | import { createHash } from 'crypto'
  4 | import type { CampusDocument } from '@navi/core'

Import traces:
  Client Component Browser:
    ./packages/compiler/src/publisher/index.ts [Client Component Browser]
    ./packages/compiler/src/index.ts [Client Component Browser]
    ./src/services/compiler-adapter.ts [Client Component Browser]
    ./src/components/studio/EditorBridge.tsx [Client Component Browser]
    ./src/components/studio/StudioWorkspace.tsx [Client Component Browser]
    ./src/app/(admin)/studio/[id]/edit/page.tsx [Client Component Browser]
    ./src/app/(admin)/studio/[id]/edit/page.tsx [Server Component]

  Client Component SSR:
    ./packages/compiler/src/publisher/index.ts [Client Component SSR]
    ./packages/compiler/src/index.ts [Client Component SSR]
    ./src/services/compiler-adapter.ts [Client Component SSR]
    ./src/components/studio/EditorBridge.tsx [Client Component SSR]
    ./src/components/studio/StudioWorkspace.tsx [Client Component SSR]
    ./src/app/(admin)/studio/[id]/edit/page.tsx [Client Component SSR]
    ./src/app/(admin)/studio/[id]/edit/page.tsx [Server Component]

https://nextjs.org/docs/messages/module-not-found @ http://localhost:3000/_next/static/chunks/node_modules_next_dist_1gdrd03._.js:1945
[13049597ms] [LOG] [Fast Refresh] rebuilding @ http://localhost:3000/_next/static/chunks/node_modules_next_dist_1gdrd03._.js:1226
[13059279ms] [ERROR] ./packages/compiler/src/publisher/index.ts:1:1
Module not found: Can't resolve 'fs'
> 1 | import { writeFileSync, mkdirSync, existsSync, readFileSync } from 'fs'
    | ^^^^^^^^^^^^^^^^^^^^^^^^^^^^^^^^^^^^^^^^^^^^^^^^^^^^^^^^^^^^^^^^^^^^^^^
  2 | import { join } from 'path'
  3 | import { createHash } from 'crypto'
  4 | import type { CampusDocument } from '@navi/core'

Import traces:
  Client Component Browser:
    ./packages/compiler/src/publisher/index.ts [Client Component Browser]
    ./packages/compiler/src/index.ts [Client Component Browser]
    ./src/services/compiler-adapter.ts [Client Component Browser]
    ./src/components/studio/EditorBridge.tsx [Client Component Browser]
    ./src/components/studio/StudioWorkspace.tsx [Client Component Browser]
    ./src/app/(admin)/studio/[id]/edit/page.tsx [Client Component Browser]
    ./src/app/(admin)/studio/[id]/edit/page.tsx [Server Component]

  Client Component SSR:
    ./packages/compiler/src/publisher/index.ts [Client Component SSR]
    ./packages/compiler/src/index.ts [Client Component SSR]
    ./src/services/compiler-adapter.ts [Client Component SSR]
    ./src/components/studio/EditorBridge.tsx [Client Component SSR]
    ./src/components/studio/StudioWorkspace.tsx [Client Component SSR]
    ./src/app/(admin)/studio/[id]/edit/page.tsx [Client Component SSR]
    ./src/app/(admin)/studio/[id]/edit/page.tsx [Server Component]

https://nextjs.org/docs/messages/module-not-found @ http://localhost:3000/_next/static/chunks/node_modules_next_dist_1gdrd03._.js:1945
[13059320ms] [LOG] [Fast Refresh] rebuilding @ http://localhost:3000/_next/static/chunks/node_modules_next_dist_1gdrd03._.js:1226
[13059446ms] [ERROR] ./packages/compiler/src/publisher/index.ts:1:1
Module not found: Can't resolve 'fs'
> 1 | import { writeFileSync, mkdirSync, existsSync, readFileSync } from 'fs'
    | ^^^^^^^^^^^^^^^^^^^^^^^^^^^^^^^^^^^^^^^^^^^^^^^^^^^^^^^^^^^^^^^^^^^^^^^
  2 | import { join } from 'path'
  3 | import { createHash } from 'crypto'
  4 | import type { CampusDocument } from '@navi/core'

Import traces:
  Client Component Browser:
    ./packages/compiler/src/publisher/index.ts [Client Component Browser]
    ./packages/compiler/src/index.ts [Client Component Browser]
    ./src/services/compiler-adapter.ts [Client Component Browser]
    ./src/components/studio/EditorBridge.tsx [Client Component Browser]
    ./src/components/studio/StudioWorkspace.tsx [Client Component Browser]
    ./src/app/(admin)/studio/[id]/edit/page.tsx [Client Component Browser]
    ./src/app/(admin)/studio/[id]/edit/page.tsx [Server Component]

  Client Component SSR:
    ./packages/compiler/src/publisher/index.ts [Client Component SSR]
    ./packages/compiler/src/index.ts [Client Component SSR]
    ./src/services/compiler-adapter.ts [Client Component SSR]
    ./src/components/studio/EditorBridge.tsx [Client Component SSR]
    ./src/components/studio/StudioWorkspace.tsx [Client Component SSR]
    ./src/app/(admin)/studio/[id]/edit/page.tsx [Client Component SSR]
    ./src/app/(admin)/studio/[id]/edit/page.tsx [Server Component]

https://nextjs.org/docs/messages/module-not-found @ http://localhost:3000/_next/static/chunks/node_modules_next_dist_1gdrd03._.js:1945
[13059478ms] [LOG] [Fast Refresh] rebuilding @ http://localhost:3000/_next/static/chunks/node_modules_next_dist_1gdrd03._.js:1226
[13059654ms] [ERROR] ./packages/compiler/src/publisher/index.ts:1:1
Module not found: Can't resolve 'fs'
> 1 | import { writeFileSync, mkdirSync, existsSync, readFileSync } from 'fs'
    | ^^^^^^^^^^^^^^^^^^^^^^^^^^^^^^^^^^^^^^^^^^^^^^^^^^^^^^^^^^^^^^^^^^^^^^^
  2 | import { join } from 'path'
  3 | import { createHash } from 'crypto'
  4 | import type { CampusDocument } from '@navi/core'

Import traces:
  Client Component Browser:
    ./packages/compiler/src/publisher/index.ts [Client Component Browser]
    ./packages/compiler/src/index.ts [Client Component Browser]
    ./src/services/compiler-adapter.ts [Client Component Browser]
    ./src/components/studio/EditorBridge.tsx [Client Component Browser]
    ./src/components/studio/StudioWorkspace.tsx [Client Component Browser]
    ./src/app/(admin)/studio/[id]/edit/page.tsx [Client Component Browser]
    ./src/app/(admin)/studio/[id]/edit/page.tsx [Server Component]

  Client Component SSR:
    ./packages/compiler/src/publisher/index.ts [Client Component SSR]
    ./packages/compiler/src/index.ts [Client Component SSR]
    ./src/services/compiler-adapter.ts [Client Component SSR]
    ./src/components/studio/EditorBridge.tsx [Client Component SSR]
    ./src/components/studio/StudioWorkspace.tsx [Client Component SSR]
    ./src/app/(admin)/studio/[id]/edit/page.tsx [Client Component SSR]
    ./src/app/(admin)/studio/[id]/edit/page.tsx [Server Component]

https://nextjs.org/docs/messages/module-not-found @ http://localhost:3000/_next/static/chunks/node_modules_next_dist_1gdrd03._.js:1945
[13059688ms] [LOG] [Fast Refresh] rebuilding @ http://localhost:3000/_next/static/chunks/node_modules_next_dist_1gdrd03._.js:1226
[13059775ms] [ERROR] ./packages/compiler/src/publisher/index.ts:1:1
Module not found: Can't resolve 'fs'
> 1 | import { writeFileSync, mkdirSync, existsSync, readFileSync } from 'fs'
    | ^^^^^^^^^^^^^^^^^^^^^^^^^^^^^^^^^^^^^^^^^^^^^^^^^^^^^^^^^^^^^^^^^^^^^^^
  2 | import { join } from 'path'
  3 | import { createHash } from 'crypto'
  4 | import type { CampusDocument } from '@navi/core'

Import traces:
  Client Component Browser:
    ./packages/compiler/src/publisher/index.ts [Client Component Browser]
    ./packages/compiler/src/index.ts [Client Component Browser]
    ./src/services/compiler-adapter.ts [Client Component Browser]
    ./src/components/studio/EditorBridge.tsx [Client Component Browser]
    ./src/components/studio/StudioWorkspace.tsx [Client Component Browser]
    ./src/app/(admin)/studio/[id]/edit/page.tsx [Client Component Browser]
    ./src/app/(admin)/studio/[id]/edit/page.tsx [Server Component]

  Client Component SSR:
    ./packages/compiler/src/publisher/index.ts [Client Component SSR]
    ./packages/compiler/src/index.ts [Client Component SSR]
    ./src/services/compiler-adapter.ts [Client Component SSR]
    ./src/components/studio/EditorBridge.tsx [Client Component SSR]
    ./src/components/studio/StudioWorkspace.tsx [Client Component SSR]
    ./src/app/(admin)/studio/[id]/edit/page.tsx [Client Component SSR]
    ./src/app/(admin)/studio/[id]/edit/page.tsx [Server Component]

https://nextjs.org/docs/messages/module-not-found @ http://localhost:3000/_next/static/chunks/node_modules_next_dist_1gdrd03._.js:1945
[13059821ms] [ERROR] ./packages/compiler/src/publisher/index.ts:1:1
Module not found: Can't resolve 'fs'
> 1 | import { writeFileSync, mkdirSync, existsSync, readFileSync } from 'fs'
    | ^^^^^^^^^^^^^^^^^^^^^^^^^^^^^^^^^^^^^^^^^^^^^^^^^^^^^^^^^^^^^^^^^^^^^^^
  2 | import { join } from 'path'
  3 | import { createHash } from 'crypto'
  4 | import type { CampusDocument } from '@navi/core'

Import traces:
  Client Component Browser:
    ./packages/compiler/src/publisher/index.ts [Client Component Browser]
    ./packages/compiler/src/index.ts [Client Component Browser]
    ./src/services/compiler-adapter.ts [Client Component Browser]
    ./src/components/studio/EditorBridge.tsx [Client Component Browser]
    ./src/components/studio/StudioWorkspace.tsx [Client Component Browser]
    ./src/app/(admin)/studio/[id]/edit/page.tsx [Client Component Browser]
    ./src/app/(admin)/studio/[id]/edit/page.tsx [Server Component]

  Client Component SSR:
    ./packages/compiler/src/publisher/index.ts [Client Component SSR]
    ./packages/compiler/src/index.ts [Client Component SSR]
    ./src/services/compiler-adapter.ts [Client Component SSR]
    ./src/components/studio/EditorBridge.tsx [Client Component SSR]
    ./src/components/studio/StudioWorkspace.tsx [Client Component SSR]
    ./src/app/(admin)/studio/[id]/edit/page.tsx [Client Component SSR]
    ./src/app/(admin)/studio/[id]/edit/page.tsx [Server Component]

https://nextjs.org/docs/messages/module-not-found @ http://localhost:3000/_next/static/chunks/node_modules_next_dist_1gdrd03._.js:1945
[13059886ms] [LOG] [Fast Refresh] rebuilding @ http://localhost:3000/_next/static/chunks/node_modules_next_dist_1gdrd03._.js:1226
[13060302ms] [ERROR] ./packages/compiler/src/publisher/index.ts:1:1
Module not found: Can't resolve 'fs'
> 1 | import { writeFileSync, mkdirSync, existsSync, readFileSync } from 'fs'
    | ^^^^^^^^^^^^^^^^^^^^^^^^^^^^^^^^^^^^^^^^^^^^^^^^^^^^^^^^^^^^^^^^^^^^^^^
  2 | import { join } from 'path'
  3 | import { createHash } from 'crypto'
  4 | import type { CampusDocument } from '@navi/core'

Import traces:
  Client Component Browser:
    ./packages/compiler/src/publisher/index.ts [Client Component Browser]
    ./packages/compiler/src/index.ts [Client Component Browser]
    ./src/services/compiler-adapter.ts [Client Component Browser]
    ./src/components/studio/EditorBridge.tsx [Client Component Browser]
    ./src/components/studio/StudioWorkspace.tsx [Client Component Browser]
    ./src/app/(admin)/studio/[id]/edit/page.tsx [Client Component Browser]
    ./src/app/(admin)/studio/[id]/edit/page.tsx [Server Component]

  Client Component SSR:
    ./packages/compiler/src/publisher/index.ts [Client Component SSR]
    ./packages/compiler/src/index.ts [Client Component SSR]
    ./src/services/compiler-adapter.ts [Client Component SSR]
    ./src/components/studio/EditorBridge.tsx [Client Component SSR]
    ./src/components/studio/StudioWorkspace.tsx [Client Component SSR]
    ./src/app/(admin)/studio/[id]/edit/page.tsx [Client Component SSR]
    ./src/app/(admin)/studio/[id]/edit/page.tsx [Server Component]

https://nextjs.org/docs/messages/module-not-found @ http://localhost:3000/_next/static/chunks/node_modules_next_dist_1gdrd03._.js:1945
[13060337ms] [ERROR] ./packages/compiler/src/publisher/index.ts:1:1
Module not found: Can't resolve 'fs'
> 1 | import { writeFileSync, mkdirSync, existsSync, readFileSync } from 'fs'
    | ^^^^^^^^^^^^^^^^^^^^^^^^^^^^^^^^^^^^^^^^^^^^^^^^^^^^^^^^^^^^^^^^^^^^^^^
  2 | import { join } from 'path'
  3 | import { createHash } from 'crypto'
  4 | import type { CampusDocument } from '@navi/core'

Import traces:
  Client Component Browser:
    ./packages/compiler/src/publisher/index.ts [Client Component Browser]
    ./packages/compiler/src/index.ts [Client Component Browser]
    ./src/services/compiler-adapter.ts [Client Component Browser]
    ./src/components/studio/EditorBridge.tsx [Client Component Browser]
    ./src/components/studio/StudioWorkspace.tsx [Client Component Browser]
    ./src/app/(admin)/studio/[id]/edit/page.tsx [Client Component Browser]
    ./src/app/(admin)/studio/[id]/edit/page.tsx [Server Component]

  Client Component SSR:
    ./packages/compiler/src/publisher/index.ts [Client Component SSR]
    ./packages/compiler/src/index.ts [Client Component SSR]
    ./src/services/compiler-adapter.ts [Client Component SSR]
    ./src/components/studio/EditorBridge.tsx [Client Component SSR]
    ./src/components/studio/StudioWorkspace.tsx [Client Component SSR]
    ./src/app/(admin)/studio/[id]/edit/page.tsx [Client Component SSR]
    ./src/app/(admin)/studio/[id]/edit/page.tsx [Server Component]

https://nextjs.org/docs/messages/module-not-found @ http://localhost:3000/_next/static/chunks/node_modules_next_dist_1gdrd03._.js:1945
[13060412ms] [LOG] [Fast Refresh] rebuilding @ http://localhost:3000/_next/static/chunks/node_modules_next_dist_1gdrd03._.js:1226
[13060496ms] [ERROR] ./packages/compiler/src/publisher/index.ts:1:1
Module not found: Can't resolve 'fs'
> 1 | import { writeFileSync, mkdirSync, existsSync, readFileSync } from 'fs'
    | ^^^^^^^^^^^^^^^^^^^^^^^^^^^^^^^^^^^^^^^^^^^^^^^^^^^^^^^^^^^^^^^^^^^^^^^
  2 | import { join } from 'path'
  3 | import { createHash } from 'crypto'
  4 | import type { CampusDocument } from '@navi/core'

Import traces:
  Client Component Browser:
    ./packages/compiler/src/publisher/index.ts [Client Component Browser]
    ./packages/compiler/src/index.ts [Client Component Browser]
    ./src/services/compiler-adapter.ts [Client Component Browser]
    ./src/components/studio/EditorBridge.tsx [Client Component Browser]
    ./src/components/studio/StudioWorkspace.tsx [Client Component Browser]
    ./src/app/(admin)/studio/[id]/edit/page.tsx [Client Component Browser]
    ./src/app/(admin)/studio/[id]/edit/page.tsx [Server Component]

  Client Component SSR:
    ./packages/compiler/src/publisher/index.ts [Client Component SSR]
    ./packages/compiler/src/index.ts [Client Component SSR]
    ./src/services/compiler-adapter.ts [Client Component SSR]
    ./src/components/studio/EditorBridge.tsx [Client Component SSR]
    ./src/components/studio/StudioWorkspace.tsx [Client Component SSR]
    ./src/app/(admin)/studio/[id]/edit/page.tsx [Client Component SSR]
    ./src/app/(admin)/studio/[id]/edit/page.tsx [Server Component]

https://nextjs.org/docs/messages/module-not-found @ http://localhost:3000/_next/static/chunks/node_modules_next_dist_1gdrd03._.js:1945
[13060528ms] [LOG] [Fast Refresh] rebuilding @ http://localhost:3000/_next/static/chunks/node_modules_next_dist_1gdrd03._.js:1226
[13073013ms] [ERROR] ./packages/compiler/src/publisher/index.ts:1:1
Module not found: Can't resolve 'fs'
> 1 | import { writeFileSync, mkdirSync, existsSync, readFileSync } from 'fs'
    | ^^^^^^^^^^^^^^^^^^^^^^^^^^^^^^^^^^^^^^^^^^^^^^^^^^^^^^^^^^^^^^^^^^^^^^^
  2 | import { join } from 'path'
  3 | import { createHash } from 'crypto'
  4 | import type { CampusDocument } from '@navi/core'

Import traces:
  Client Component Browser:
    ./packages/compiler/src/publisher/index.ts [Client Component Browser]
    ./packages/compiler/src/index.ts [Client Component Browser]
    ./src/services/compiler-adapter.ts [Client Component Browser]
    ./src/components/studio/EditorBridge.tsx [Client Component Browser]
    ./src/components/studio/StudioWorkspace.tsx [Client Component Browser]
    ./src/app/(admin)/studio/[id]/edit/page.tsx [Client Component Browser]
    ./src/app/(admin)/studio/[id]/edit/page.tsx [Server Component]

  Client Component SSR:
    ./packages/compiler/src/publisher/index.ts [Client Component SSR]
    ./packages/compiler/src/index.ts [Client Component SSR]
    ./src/services/compiler-adapter.ts [Client Component SSR]
    ./src/components/studio/EditorBridge.tsx [Client Component SSR]
    ./src/components/studio/StudioWorkspace.tsx [Client Component SSR]
    ./src/app/(admin)/studio/[id]/edit/page.tsx [Client Component SSR]
    ./src/app/(admin)/studio/[id]/edit/page.tsx [Server Component]

https://nextjs.org/docs/messages/module-not-found @ http://localhost:3000/_next/static/chunks/node_modules_next_dist_1gdrd03._.js:1945
[13073087ms] [LOG] [Fast Refresh] rebuilding @ http://localhost:3000/_next/static/chunks/node_modules_next_dist_1gdrd03._.js:1226
[13073327ms] [ERROR] ./packages/compiler/src/publisher/index.ts:1:1
Module not found: Can't resolve 'fs'
> 1 | import { writeFileSync, mkdirSync, existsSync, readFileSync } from 'fs'
    | ^^^^^^^^^^^^^^^^^^^^^^^^^^^^^^^^^^^^^^^^^^^^^^^^^^^^^^^^^^^^^^^^^^^^^^^
  2 | import { join } from 'path'
  3 | import { createHash } from 'crypto'
  4 | import type { CampusDocument } from '@navi/core'

Import traces:
  Client Component Browser:
    ./packages/compiler/src/publisher/index.ts [Client Component Browser]
    ./packages/compiler/src/index.ts [Client Component Browser]
    ./src/services/compiler-adapter.ts [Client Component Browser]
    ./src/components/studio/EditorBridge.tsx [Client Component Browser]
    ./src/components/studio/StudioWorkspace.tsx [Client Component Browser]
    ./src/app/(admin)/studio/[id]/edit/page.tsx [Client Component Browser]
    ./src/app/(admin)/studio/[id]/edit/page.tsx [Server Component]

  Client Component SSR:
    ./packages/compiler/src/publisher/index.ts [Client Component SSR]
    ./packages/compiler/src/index.ts [Client Component SSR]
    ./src/services/compiler-adapter.ts [Client Component SSR]
    ./src/components/studio/EditorBridge.tsx [Client Component SSR]
    ./src/components/studio/StudioWorkspace.tsx [Client Component SSR]
    ./src/app/(admin)/studio/[id]/edit/page.tsx [Client Component SSR]
    ./src/app/(admin)/studio/[id]/edit/page.tsx [Server Component]

https://nextjs.org/docs/messages/module-not-found @ http://localhost:3000/_next/static/chunks/node_modules_next_dist_1gdrd03._.js:1945
[13073394ms] [LOG] [Fast Refresh] rebuilding @ http://localhost:3000/_next/static/chunks/node_modules_next_dist_1gdrd03._.js:1226
[13073480ms] [ERROR] ./packages/compiler/src/publisher/index.ts:1:1
Module not found: Can't resolve 'fs'
> 1 | import { writeFileSync, mkdirSync, existsSync, readFileSync } from 'fs'
    | ^^^^^^^^^^^^^^^^^^^^^^^^^^^^^^^^^^^^^^^^^^^^^^^^^^^^^^^^^^^^^^^^^^^^^^^
  2 | import { join } from 'path'
  3 | import { createHash } from 'crypto'
  4 | import type { CampusDocument } from '@navi/core'

Import traces:
  Client Component Browser:
    ./packages/compiler/src/publisher/index.ts [Client Component Browser]
    ./packages/compiler/src/index.ts [Client Component Browser]
    ./src/services/compiler-adapter.ts [Client Component Browser]
    ./src/components/studio/EditorBridge.tsx [Client Component Browser]
    ./src/components/studio/StudioWorkspace.tsx [Client Component Browser]
    ./src/app/(admin)/studio/[id]/edit/page.tsx [Client Component Browser]
    ./src/app/(admin)/studio/[id]/edit/page.tsx [Server Component]

  Client Component SSR:
    ./packages/compiler/src/publisher/index.ts [Client Component SSR]
    ./packages/compiler/src/index.ts [Client Component SSR]
    ./src/services/compiler-adapter.ts [Client Component SSR]
    ./src/components/studio/EditorBridge.tsx [Client Component SSR]
    ./src/components/studio/StudioWorkspace.tsx [Client Component SSR]
    ./src/app/(admin)/studio/[id]/edit/page.tsx [Client Component SSR]
    ./src/app/(admin)/studio/[id]/edit/page.tsx [Server Component]

https://nextjs.org/docs/messages/module-not-found @ http://localhost:3000/_next/static/chunks/node_modules_next_dist_1gdrd03._.js:1945
[13073528ms] [LOG] [Fast Refresh] rebuilding @ http://localhost:3000/_next/static/chunks/node_modules_next_dist_1gdrd03._.js:1226
[13074847ms] [ERROR] ./packages/compiler/src/publisher/index.ts:1:1
Module not found: Can't resolve 'fs'
> 1 | import { writeFileSync, mkdirSync, existsSync, readFileSync } from 'fs'
    | ^^^^^^^^^^^^^^^^^^^^^^^^^^^^^^^^^^^^^^^^^^^^^^^^^^^^^^^^^^^^^^^^^^^^^^^
  2 | import { join } from 'path'
  3 | import { createHash } from 'crypto'
  4 | import type { CampusDocument } from '@navi/core'

Import traces:
  Client Component Browser:
    ./packages/compiler/src/publisher/index.ts [Client Component Browser]
    ./packages/compiler/src/index.ts [Client Component Browser]
    ./src/services/compiler-adapter.ts [Client Component Browser]
    ./src/components/studio/EditorBridge.tsx [Client Component Browser]
    ./src/components/studio/StudioWorkspace.tsx [Client Component Browser]
    ./src/app/(admin)/studio/[id]/edit/page.tsx [Client Component Browser]
    ./src/app/(admin)/studio/[id]/edit/page.tsx [Server Component]

  Client Component SSR:
    ./packages/compiler/src/publisher/index.ts [Client Component SSR]
    ./packages/compiler/src/index.ts [Client Component SSR]
    ./src/services/compiler-adapter.ts [Client Component SSR]
    ./src/components/studio/EditorBridge.tsx [Client Component SSR]
    ./src/components/studio/StudioWorkspace.tsx [Client Component SSR]
    ./src/app/(admin)/studio/[id]/edit/page.tsx [Client Component SSR]
    ./src/app/(admin)/studio/[id]/edit/page.tsx [Server Component]

https://nextjs.org/docs/messages/module-not-found @ http://localhost:3000/_next/static/chunks/node_modules_next_dist_1gdrd03._.js:1945
[13074887ms] [LOG] [Fast Refresh] rebuilding @ http://localhost:3000/_next/static/chunks/node_modules_next_dist_1gdrd03._.js:1226
[13075013ms] [ERROR] ./packages/compiler/src/publisher/index.ts:1:1
Module not found: Can't resolve 'fs'
> 1 | import { writeFileSync, mkdirSync, existsSync, readFileSync } from 'fs'
    | ^^^^^^^^^^^^^^^^^^^^^^^^^^^^^^^^^^^^^^^^^^^^^^^^^^^^^^^^^^^^^^^^^^^^^^^
  2 | import { join } from 'path'
  3 | import { createHash } from 'crypto'
  4 | import type { CampusDocument } from '@navi/core'

Import traces:
  Client Component Browser:
    ./packages/compiler/src/publisher/index.ts [Client Component Browser]
    ./packages/compiler/src/index.ts [Client Component Browser]
    ./src/services/compiler-adapter.ts [Client Component Browser]
    ./src/components/studio/EditorBridge.tsx [Client Component Browser]
    ./src/components/studio/StudioWorkspace.tsx [Client Component Browser]
    ./src/app/(admin)/studio/[id]/edit/page.tsx [Client Component Browser]
    ./src/app/(admin)/studio/[id]/edit/page.tsx [Server Component]

  Client Component SSR:
    ./packages/compiler/src/publisher/index.ts [Client Component SSR]
    ./packages/compiler/src/index.ts [Client Component SSR]
    ./src/services/compiler-adapter.ts [Client Component SSR]
    ./src/components/studio/EditorBridge.tsx [Client Component SSR]
    ./src/components/studio/StudioWorkspace.tsx [Client Component SSR]
    ./src/app/(admin)/studio/[id]/edit/page.tsx [Client Component SSR]
    ./src/app/(admin)/studio/[id]/edit/page.tsx [Server Component]

https://nextjs.org/docs/messages/module-not-found @ http://localhost:3000/_next/static/chunks/node_modules_next_dist_1gdrd03._.js:1945
[13075053ms] [LOG] [Fast Refresh] rebuilding @ http://localhost:3000/_next/static/chunks/node_modules_next_dist_1gdrd03._.js:1226
[13075446ms] [ERROR] ./packages/compiler/src/publisher/index.ts:1:1
Module not found: Can't resolve 'fs'
> 1 | import { writeFileSync, mkdirSync, existsSync, readFileSync } from 'fs'
    | ^^^^^^^^^^^^^^^^^^^^^^^^^^^^^^^^^^^^^^^^^^^^^^^^^^^^^^^^^^^^^^^^^^^^^^^
  2 | import { join } from 'path'
  3 | import { createHash } from 'crypto'
  4 | import type { CampusDocument } from '@navi/core'

Import traces:
  Client Component Browser:
    ./packages/compiler/src/publisher/index.ts [Client Component Browser]
    ./packages/compiler/src/index.ts [Client Component Browser]
    ./src/services/compiler-adapter.ts [Client Component Browser]
    ./src/components/studio/EditorBridge.tsx [Client Component Browser]
    ./src/components/studio/StudioWorkspace.tsx [Client Component Browser]
    ./src/app/(admin)/studio/[id]/edit/page.tsx [Client Component Browser]
    ./src/app/(admin)/studio/[id]/edit/page.tsx [Server Component]

  Client Component SSR:
    ./packages/compiler/src/publisher/index.ts [Client Component SSR]
    ./packages/compiler/src/index.ts [Client Component SSR]
    ./src/services/compiler-adapter.ts [Client Component SSR]
    ./src/components/studio/EditorBridge.tsx [Client Component SSR]
    ./src/components/studio/StudioWorkspace.tsx [Client Component SSR]
    ./src/app/(admin)/studio/[id]/edit/page.tsx [Client Component SSR]
    ./src/app/(admin)/studio/[id]/edit/page.tsx [Server Component]

https://nextjs.org/docs/messages/module-not-found @ http://localhost:3000/_next/static/chunks/node_modules_next_dist_1gdrd03._.js:1945
[13075487ms] [LOG] [Fast Refresh] rebuilding @ http://localhost:3000/_next/static/chunks/node_modules_next_dist_1gdrd03._.js:1226
[13075596ms] [ERROR] ./packages/compiler/src/publisher/index.ts:1:1
Module not found: Can't resolve 'fs'
> 1 | import { writeFileSync, mkdirSync, existsSync, readFileSync } from 'fs'
    | ^^^^^^^^^^^^^^^^^^^^^^^^^^^^^^^^^^^^^^^^^^^^^^^^^^^^^^^^^^^^^^^^^^^^^^^
  2 | import { join } from 'path'
  3 | import { createHash } from 'crypto'
  4 | import type { CampusDocument } from '@navi/core'

Import traces:
  Client Component Browser:
    ./packages/compiler/src/publisher/index.ts [Client Component Browser]
    ./packages/compiler/src/index.ts [Client Component Browser]
    ./src/services/compiler-adapter.ts [Client Component Browser]
    ./src/components/studio/EditorBridge.tsx [Client Component Browser]
    ./src/components/studio/StudioWorkspace.tsx [Client Component Browser]
    ./src/app/(admin)/studio/[id]/edit/page.tsx [Client Component Browser]
    ./src/app/(admin)/studio/[id]/edit/page.tsx [Server Component]

  Client Component SSR:
    ./packages/compiler/src/publisher/index.ts [Client Component SSR]
    ./packages/compiler/src/index.ts [Client Component SSR]
    ./src/services/compiler-adapter.ts [Client Component SSR]
    ./src/components/studio/EditorBridge.tsx [Client Component SSR]
    ./src/components/studio/StudioWorkspace.tsx [Client Component SSR]
    ./src/app/(admin)/studio/[id]/edit/page.tsx [Client Component SSR]
    ./src/app/(admin)/studio/[id]/edit/page.tsx [Server Component]

https://nextjs.org/docs/messages/module-not-found @ http://localhost:3000/_next/static/chunks/node_modules_next_dist_1gdrd03._.js:1945
[13075645ms] [LOG] [Fast Refresh] rebuilding @ http://localhost:3000/_next/static/chunks/node_modules_next_dist_1gdrd03._.js:1226
[13087424ms] [ERROR] ./packages/compiler/src/publisher/index.ts:1:1
Module not found: Can't resolve 'fs'
> 1 | import { writeFileSync, mkdirSync, existsSync, readFileSync } from 'fs'
    | ^^^^^^^^^^^^^^^^^^^^^^^^^^^^^^^^^^^^^^^^^^^^^^^^^^^^^^^^^^^^^^^^^^^^^^^
  2 | import { join } from 'path'
  3 | import { createHash } from 'crypto'
  4 | import type { CampusDocument } from '@navi/core'

Import traces:
  Client Component Browser:
    ./packages/compiler/src/publisher/index.ts [Client Component Browser]
    ./packages/compiler/src/index.ts [Client Component Browser]
    ./src/services/compiler-adapter.ts [Client Component Browser]
    ./src/components/studio/EditorBridge.tsx [Client Component Browser]
    ./src/components/studio/StudioWorkspace.tsx [Client Component Browser]
    ./src/app/(admin)/studio/[id]/edit/page.tsx [Client Component Browser]
    ./src/app/(admin)/studio/[id]/edit/page.tsx [Server Component]

  Client Component SSR:
    ./packages/compiler/src/publisher/index.ts [Client Component SSR]
    ./packages/compiler/src/index.ts [Client Component SSR]
    ./src/services/compiler-adapter.ts [Client Component SSR]
    ./src/components/studio/EditorBridge.tsx [Client Component SSR]
    ./src/components/studio/StudioWorkspace.tsx [Client Component SSR]
    ./src/app/(admin)/studio/[id]/edit/page.tsx [Client Component SSR]
    ./src/app/(admin)/studio/[id]/edit/page.tsx [Server Component]

https://nextjs.org/docs/messages/module-not-found @ http://localhost:3000/_next/static/chunks/node_modules_next_dist_1gdrd03._.js:1945
[13087448ms] [LOG] [Fast Refresh] rebuilding @ http://localhost:3000/_next/static/chunks/node_modules_next_dist_1gdrd03._.js:1226
[13087574ms] [ERROR] ./packages/compiler/src/publisher/index.ts:1:1
Module not found: Can't resolve 'fs'
> 1 | import { writeFileSync, mkdirSync, existsSync, readFileSync } from 'fs'
    | ^^^^^^^^^^^^^^^^^^^^^^^^^^^^^^^^^^^^^^^^^^^^^^^^^^^^^^^^^^^^^^^^^^^^^^^
  2 | import { join } from 'path'
  3 | import { createHash } from 'crypto'
  4 | import type { CampusDocument } from '@navi/core'

Import traces:
  Client Component Browser:
    ./packages/compiler/src/publisher/index.ts [Client Component Browser]
    ./packages/compiler/src/index.ts [Client Component Browser]
    ./src/services/compiler-adapter.ts [Client Component Browser]
    ./src/components/studio/EditorBridge.tsx [Client Component Browser]
    ./src/components/studio/StudioWorkspace.tsx [Client Component Browser]
    ./src/app/(admin)/studio/[id]/edit/page.tsx [Client Component Browser]
    ./src/app/(admin)/studio/[id]/edit/page.tsx [Server Component]

  Client Component SSR:
    ./packages/compiler/src/publisher/index.ts [Client Component SSR]
    ./packages/compiler/src/index.ts [Client Component SSR]
    ./src/services/compiler-adapter.ts [Client Component SSR]
    ./src/components/studio/EditorBridge.tsx [Client Component SSR]
    ./src/components/studio/StudioWorkspace.tsx [Client Component SSR]
    ./src/app/(admin)/studio/[id]/edit/page.tsx [Client Component SSR]
    ./src/app/(admin)/studio/[id]/edit/page.tsx [Server Component]

https://nextjs.org/docs/messages/module-not-found @ http://localhost:3000/_next/static/chunks/node_modules_next_dist_1gdrd03._.js:1945
[13087605ms] [LOG] [Fast Refresh] rebuilding @ http://localhost:3000/_next/static/chunks/node_modules_next_dist_1gdrd03._.js:1226
[13087774ms] [ERROR] ./packages/compiler/src/publisher/index.ts:1:1
Module not found: Can't resolve 'fs'
> 1 | import { writeFileSync, mkdirSync, existsSync, readFileSync } from 'fs'
    | ^^^^^^^^^^^^^^^^^^^^^^^^^^^^^^^^^^^^^^^^^^^^^^^^^^^^^^^^^^^^^^^^^^^^^^^
  2 | import { join } from 'path'
  3 | import { createHash } from 'crypto'
  4 | import type { CampusDocument } from '@navi/core'

Import traces:
  Client Component Browser:
    ./packages/compiler/src/publisher/index.ts [Client Component Browser]
    ./packages/compiler/src/index.ts [Client Component Browser]
    ./src/services/compiler-adapter.ts [Client Component Browser]
    ./src/components/studio/EditorBridge.tsx [Client Component Browser]
    ./src/components/studio/StudioWorkspace.tsx [Client Component Browser]
    ./src/app/(admin)/studio/[id]/edit/page.tsx [Client Component Browser]
    ./src/app/(admin)/studio/[id]/edit/page.tsx [Server Component]

  Client Component SSR:
    ./packages/compiler/src/publisher/index.ts [Client Component SSR]
    ./packages/compiler/src/index.ts [Client Component SSR]
    ./src/services/compiler-adapter.ts [Client Component SSR]
    ./src/components/studio/EditorBridge.tsx [Client Component SSR]
    ./src/components/studio/StudioWorkspace.tsx [Client Component SSR]
    ./src/app/(admin)/studio/[id]/edit/page.tsx [Client Component SSR]
    ./src/app/(admin)/studio/[id]/edit/page.tsx [Server Component]

https://nextjs.org/docs/messages/module-not-found @ http://localhost:3000/_next/static/chunks/node_modules_next_dist_1gdrd03._.js:1945
[13087821ms] [LOG] [Fast Refresh] rebuilding @ http://localhost:3000/_next/static/chunks/node_modules_next_dist_1gdrd03._.js:1226
[13087932ms] [ERROR] ./packages/compiler/src/publisher/index.ts:1:1
Module not found: Can't resolve 'fs'
> 1 | import { writeFileSync, mkdirSync, existsSync, readFileSync } from 'fs'
    | ^^^^^^^^^^^^^^^^^^^^^^^^^^^^^^^^^^^^^^^^^^^^^^^^^^^^^^^^^^^^^^^^^^^^^^^
  2 | import { join } from 'path'
  3 | import { createHash } from 'crypto'
  4 | import type { CampusDocument } from '@navi/core'

Import traces:
  Client Component Browser:
    ./packages/compiler/src/publisher/index.ts [Client Component Browser]
    ./packages/compiler/src/index.ts [Client Component Browser]
    ./src/services/compiler-adapter.ts [Client Component Browser]
    ./src/components/studio/EditorBridge.tsx [Client Component Browser]
    ./src/components/studio/StudioWorkspace.tsx [Client Component Browser]
    ./src/app/(admin)/studio/[id]/edit/page.tsx [Client Component Browser]
    ./src/app/(admin)/studio/[id]/edit/page.tsx [Server Component]

  Client Component SSR:
    ./packages/compiler/src/publisher/index.ts [Client Component SSR]
    ./packages/compiler/src/index.ts [Client Component SSR]
    ./src/services/compiler-adapter.ts [Client Component SSR]
    ./src/components/studio/EditorBridge.tsx [Client Component SSR]
    ./src/components/studio/StudioWorkspace.tsx [Client Component SSR]
    ./src/app/(admin)/studio/[id]/edit/page.tsx [Client Component SSR]
    ./src/app/(admin)/studio/[id]/edit/page.tsx [Server Component]

https://nextjs.org/docs/messages/module-not-found @ http://localhost:3000/_next/static/chunks/node_modules_next_dist_1gdrd03._.js:1945
[13087964ms] [LOG] [Fast Refresh] rebuilding @ http://localhost:3000/_next/static/chunks/node_modules_next_dist_1gdrd03._.js:1226
[13088405ms] [ERROR] ./packages/compiler/src/publisher/index.ts:1:1
Module not found: Can't resolve 'fs'
> 1 | import { writeFileSync, mkdirSync, existsSync, readFileSync } from 'fs'
    | ^^^^^^^^^^^^^^^^^^^^^^^^^^^^^^^^^^^^^^^^^^^^^^^^^^^^^^^^^^^^^^^^^^^^^^^
  2 | import { join } from 'path'
  3 | import { createHash } from 'crypto'
  4 | import type { CampusDocument } from '@navi/core'

Import traces:
  Client Component Browser:
    ./packages/compiler/src/publisher/index.ts [Client Component Browser]
    ./packages/compiler/src/index.ts [Client Component Browser]
    ./src/services/compiler-adapter.ts [Client Component Browser]
    ./src/components/studio/EditorBridge.tsx [Client Component Browser]
    ./src/components/studio/StudioWorkspace.tsx [Client Component Browser]
    ./src/app/(admin)/studio/[id]/edit/page.tsx [Client Component Browser]
    ./src/app/(admin)/studio/[id]/edit/page.tsx [Server Component]

  Client Component SSR:
    ./packages/compiler/src/publisher/index.ts [Client Component SSR]
    ./packages/compiler/src/index.ts [Client Component SSR]
    ./src/services/compiler-adapter.ts [Client Component SSR]
    ./src/components/studio/EditorBridge.tsx [Client Component SSR]
    ./src/components/studio/StudioWorkspace.tsx [Client Component SSR]
    ./src/app/(admin)/studio/[id]/edit/page.tsx [Client Component SSR]
    ./src/app/(admin)/studio/[id]/edit/page.tsx [Server Component]

https://nextjs.org/docs/messages/module-not-found @ http://localhost:3000/_next/static/chunks/node_modules_next_dist_1gdrd03._.js:1945
[13088436ms] [LOG] [Fast Refresh] rebuilding @ http://localhost:3000/_next/static/chunks/node_modules_next_dist_1gdrd03._.js:1226
[13088555ms] [ERROR] ./packages/compiler/src/publisher/index.ts:1:1
Module not found: Can't resolve 'fs'
> 1 | import { writeFileSync, mkdirSync, existsSync, readFileSync } from 'fs'
    | ^^^^^^^^^^^^^^^^^^^^^^^^^^^^^^^^^^^^^^^^^^^^^^^^^^^^^^^^^^^^^^^^^^^^^^^
  2 | import { join } from 'path'
  3 | import { createHash } from 'crypto'
  4 | import type { CampusDocument } from '@navi/core'

Import traces:
  Client Component Browser:
    ./packages/compiler/src/publisher/index.ts [Client Component Browser]
    ./packages/compiler/src/index.ts [Client Component Browser]
    ./src/services/compiler-adapter.ts [Client Component Browser]
    ./src/components/studio/EditorBridge.tsx [Client Component Browser]
    ./src/components/studio/StudioWorkspace.tsx [Client Component Browser]
    ./src/app/(admin)/studio/[id]/edit/page.tsx [Client Component Browser]
    ./src/app/(admin)/studio/[id]/edit/page.tsx [Server Component]

  Client Component SSR:
    ./packages/compiler/src/publisher/index.ts [Client Component SSR]
    ./packages/compiler/src/index.ts [Client Component SSR]
    ./src/services/compiler-adapter.ts [Client Component SSR]
    ./src/components/studio/EditorBridge.tsx [Client Component SSR]
    ./src/components/studio/StudioWorkspace.tsx [Client Component SSR]
    ./src/app/(admin)/studio/[id]/edit/page.tsx [Client Component SSR]
    ./src/app/(admin)/studio/[id]/edit/page.tsx [Server Component]

https://nextjs.org/docs/messages/module-not-found @ http://localhost:3000/_next/static/chunks/node_modules_next_dist_1gdrd03._.js:1945
[13088604ms] [LOG] [Fast Refresh] rebuilding @ http://localhost:3000/_next/static/chunks/node_modules_next_dist_1gdrd03._.js:1226
[13104747ms] [ERROR] ./packages/compiler/src/publisher/index.ts:1:1
Module not found: Can't resolve 'fs'
> 1 | import { writeFileSync, mkdirSync, existsSync, readFileSync } from 'fs'
    | ^^^^^^^^^^^^^^^^^^^^^^^^^^^^^^^^^^^^^^^^^^^^^^^^^^^^^^^^^^^^^^^^^^^^^^^
  2 | import { join } from 'path'
  3 | import { createHash } from 'crypto'
  4 | import type { CampusDocument } from '@navi/core'

Import traces:
  Client Component Browser:
    ./packages/compiler/src/publisher/index.ts [Client Component Browser]
    ./packages/compiler/src/index.ts [Client Component Browser]
    ./src/services/compiler-adapter.ts [Client Component Browser]
    ./src/components/studio/EditorBridge.tsx [Client Component Browser]
    ./src/components/studio/StudioWorkspace.tsx [Client Component Browser]
    ./src/app/(admin)/studio/[id]/edit/page.tsx [Client Component Browser]
    ./src/app/(admin)/studio/[id]/edit/page.tsx [Server Component]

  Client Component SSR:
    ./packages/compiler/src/publisher/index.ts [Client Component SSR]
    ./packages/compiler/src/index.ts [Client Component SSR]
    ./src/services/compiler-adapter.ts [Client Component SSR]
    ./src/components/studio/EditorBridge.tsx [Client Component SSR]
    ./src/components/studio/StudioWorkspace.tsx [Client Component SSR]
    ./src/app/(admin)/studio/[id]/edit/page.tsx [Client Component SSR]
    ./src/app/(admin)/studio/[id]/edit/page.tsx [Server Component]

https://nextjs.org/docs/messages/module-not-found @ http://localhost:3000/_next/static/chunks/node_modules_next_dist_1gdrd03._.js:1945
[13104787ms] [LOG] [Fast Refresh] rebuilding @ http://localhost:3000/_next/static/chunks/node_modules_next_dist_1gdrd03._.js:1226
[13104880ms] [ERROR] ./packages/compiler/src/publisher/index.ts:1:1
Module not found: Can't resolve 'fs'
> 1 | import { writeFileSync, mkdirSync, existsSync, readFileSync } from 'fs'
    | ^^^^^^^^^^^^^^^^^^^^^^^^^^^^^^^^^^^^^^^^^^^^^^^^^^^^^^^^^^^^^^^^^^^^^^^
  2 | import { join } from 'path'
  3 | import { createHash } from 'crypto'
  4 | import type { CampusDocument } from '@navi/core'

Import traces:
  Client Component Browser:
    ./packages/compiler/src/publisher/index.ts [Client Component Browser]
    ./packages/compiler/src/index.ts [Client Component Browser]
    ./src/services/compiler-adapter.ts [Client Component Browser]
    ./src/components/studio/EditorBridge.tsx [Client Component Browser]
    ./src/components/studio/StudioWorkspace.tsx [Client Component Browser]
    ./src/app/(admin)/studio/[id]/edit/page.tsx [Client Component Browser]
    ./src/app/(admin)/studio/[id]/edit/page.tsx [Server Component]

  Client Component SSR:
    ./packages/compiler/src/publisher/index.ts [Client Component SSR]
    ./packages/compiler/src/index.ts [Client Component SSR]
    ./src/services/compiler-adapter.ts [Client Component SSR]
    ./src/components/studio/EditorBridge.tsx [Client Component SSR]
    ./src/components/studio/StudioWorkspace.tsx [Client Component SSR]
    ./src/app/(admin)/studio/[id]/edit/page.tsx [Client Component SSR]
    ./src/app/(admin)/studio/[id]/edit/page.tsx [Server Component]

https://nextjs.org/docs/messages/module-not-found @ http://localhost:3000/_next/static/chunks/node_modules_next_dist_1gdrd03._.js:1945
[13104946ms] [LOG] [Fast Refresh] rebuilding @ http://localhost:3000/_next/static/chunks/node_modules_next_dist_1gdrd03._.js:1226
[13105122ms] [ERROR] ./packages/compiler/src/publisher/index.ts:1:1
Module not found: Can't resolve 'fs'
> 1 | import { writeFileSync, mkdirSync, existsSync, readFileSync } from 'fs'
    | ^^^^^^^^^^^^^^^^^^^^^^^^^^^^^^^^^^^^^^^^^^^^^^^^^^^^^^^^^^^^^^^^^^^^^^^
  2 | import { join } from 'path'
  3 | import { createHash } from 'crypto'
  4 | import type { CampusDocument } from '@navi/core'

Import traces:
  Client Component Browser:
    ./packages/compiler/src/publisher/index.ts [Client Component Browser]
    ./packages/compiler/src/index.ts [Client Component Browser]
    ./src/services/compiler-adapter.ts [Client Component Browser]
    ./src/components/studio/EditorBridge.tsx [Client Component Browser]
    ./src/components/studio/StudioWorkspace.tsx [Client Component Browser]
    ./src/app/(admin)/studio/[id]/edit/page.tsx [Client Component Browser]
    ./src/app/(admin)/studio/[id]/edit/page.tsx [Server Component]

  Client Component SSR:
    ./packages/compiler/src/publisher/index.ts [Client Component SSR]
    ./packages/compiler/src/index.ts [Client Component SSR]
    ./src/services/compiler-adapter.ts [Client Component SSR]
    ./src/components/studio/EditorBridge.tsx [Client Component SSR]
    ./src/components/studio/StudioWorkspace.tsx [Client Component SSR]
    ./src/app/(admin)/studio/[id]/edit/page.tsx [Client Component SSR]
    ./src/app/(admin)/studio/[id]/edit/page.tsx [Server Component]

https://nextjs.org/docs/messages/module-not-found @ http://localhost:3000/_next/static/chunks/node_modules_next_dist_1gdrd03._.js:1945
[13105179ms] [LOG] [Fast Refresh] rebuilding @ http://localhost:3000/_next/static/chunks/node_modules_next_dist_1gdrd03._.js:1226
[13105831ms] [ERROR] ./packages/compiler/src/publisher/index.ts:1:1
Module not found: Can't resolve 'fs'
> 1 | import { writeFileSync, mkdirSync, existsSync, readFileSync } from 'fs'
    | ^^^^^^^^^^^^^^^^^^^^^^^^^^^^^^^^^^^^^^^^^^^^^^^^^^^^^^^^^^^^^^^^^^^^^^^
  2 | import { join } from 'path'
  3 | import { createHash } from 'crypto'
  4 | import type { CampusDocument } from '@navi/core'

Import traces:
  Client Component Browser:
    ./packages/compiler/src/publisher/index.ts [Client Component Browser]
    ./packages/compiler/src/index.ts [Client Component Browser]
    ./src/services/compiler-adapter.ts [Client Component Browser]
    ./src/components/studio/EditorBridge.tsx [Client Component Browser]
    ./src/components/studio/StudioWorkspace.tsx [Client Component Browser]
    ./src/app/(admin)/studio/[id]/edit/page.tsx [Client Component Browser]
    ./src/app/(admin)/studio/[id]/edit/page.tsx [Server Component]

  Client Component SSR:
    ./packages/compiler/src/publisher/index.ts [Client Component SSR]
    ./packages/compiler/src/index.ts [Client Component SSR]
    ./src/services/compiler-adapter.ts [Client Component SSR]
    ./src/components/studio/EditorBridge.tsx [Client Component SSR]
    ./src/components/studio/StudioWorkspace.tsx [Client Component SSR]
    ./src/app/(admin)/studio/[id]/edit/page.tsx [Client Component SSR]
    ./src/app/(admin)/studio/[id]/edit/page.tsx [Server Component]

https://nextjs.org/docs/messages/module-not-found @ http://localhost:3000/_next/static/chunks/node_modules_next_dist_1gdrd03._.js:1945
[13105862ms] [LOG] [Fast Refresh] rebuilding @ http://localhost:3000/_next/static/chunks/node_modules_next_dist_1gdrd03._.js:1226
[13105989ms] [ERROR] ./packages/compiler/src/publisher/index.ts:1:1
Module not found: Can't resolve 'fs'
> 1 | import { writeFileSync, mkdirSync, existsSync, readFileSync } from 'fs'
    | ^^^^^^^^^^^^^^^^^^^^^^^^^^^^^^^^^^^^^^^^^^^^^^^^^^^^^^^^^^^^^^^^^^^^^^^
  2 | import { join } from 'path'
  3 | import { createHash } from 'crypto'
  4 | import type { CampusDocument } from '@navi/core'

Import traces:
  Client Component Browser:
    ./packages/compiler/src/publisher/index.ts [Client Component Browser]
    ./packages/compiler/src/index.ts [Client Component Browser]
    ./src/services/compiler-adapter.ts [Client Component Browser]
    ./src/components/studio/EditorBridge.tsx [Client Component Browser]
    ./src/components/studio/StudioWorkspace.tsx [Client Component Browser]
    ./src/app/(admin)/studio/[id]/edit/page.tsx [Client Component Browser]
    ./src/app/(admin)/studio/[id]/edit/page.tsx [Server Component]

  Client Component SSR:
    ./packages/compiler/src/publisher/index.ts [Client Component SSR]
    ./packages/compiler/src/index.ts [Client Component SSR]
    ./src/services/compiler-adapter.ts [Client Component SSR]
    ./src/components/studio/EditorBridge.tsx [Client Component SSR]
    ./src/components/studio/StudioWorkspace.tsx [Client Component SSR]
    ./src/app/(admin)/studio/[id]/edit/page.tsx [Client Component SSR]
    ./src/app/(admin)/studio/[id]/edit/page.tsx [Server Component]

https://nextjs.org/docs/messages/module-not-found @ http://localhost:3000/_next/static/chunks/node_modules_next_dist_1gdrd03._.js:1945
[13106020ms] [LOG] [Fast Refresh] rebuilding @ http://localhost:3000/_next/static/chunks/node_modules_next_dist_1gdrd03._.js:1226
[13106522ms] [ERROR] ./packages/compiler/src/publisher/index.ts:1:1
Module not found: Can't resolve 'fs'
> 1 | import { writeFileSync, mkdirSync, existsSync, readFileSync } from 'fs'
    | ^^^^^^^^^^^^^^^^^^^^^^^^^^^^^^^^^^^^^^^^^^^^^^^^^^^^^^^^^^^^^^^^^^^^^^^
  2 | import { join } from 'path'
  3 | import { createHash } from 'crypto'
  4 | import type { CampusDocument } from '@navi/core'

Import traces:
  Client Component Browser:
    ./packages/compiler/src/publisher/index.ts [Client Component Browser]
    ./packages/compiler/src/index.ts [Client Component Browser]
    ./src/services/compiler-adapter.ts [Client Component Browser]
    ./src/components/studio/EditorBridge.tsx [Client Component Browser]
    ./src/components/studio/StudioWorkspace.tsx [Client Component Browser]
    ./src/app/(admin)/studio/[id]/edit/page.tsx [Client Component Browser]
    ./src/app/(admin)/studio/[id]/edit/page.tsx [Server Component]

  Client Component SSR:
    ./packages/compiler/src/publisher/index.ts [Client Component SSR]
    ./packages/compiler/src/index.ts [Client Component SSR]
    ./src/services/compiler-adapter.ts [Client Component SSR]
    ./src/components/studio/EditorBridge.tsx [Client Component SSR]
    ./src/components/studio/StudioWorkspace.tsx [Client Component SSR]
    ./src/app/(admin)/studio/[id]/edit/page.tsx [Client Component SSR]
    ./src/app/(admin)/studio/[id]/edit/page.tsx [Server Component]

https://nextjs.org/docs/messages/module-not-found @ http://localhost:3000/_next/static/chunks/node_modules_next_dist_1gdrd03._.js:1945
[13106562ms] [LOG] [Fast Refresh] rebuilding @ http://localhost:3000/_next/static/chunks/node_modules_next_dist_1gdrd03._.js:1226
[13106672ms] [ERROR] ./packages/compiler/src/publisher/index.ts:1:1
Module not found: Can't resolve 'fs'
> 1 | import { writeFileSync, mkdirSync, existsSync, readFileSync } from 'fs'
    | ^^^^^^^^^^^^^^^^^^^^^^^^^^^^^^^^^^^^^^^^^^^^^^^^^^^^^^^^^^^^^^^^^^^^^^^
  2 | import { join } from 'path'
  3 | import { createHash } from 'crypto'
  4 | import type { CampusDocument } from '@navi/core'

Import traces:
  Client Component Browser:
    ./packages/compiler/src/publisher/index.ts [Client Component Browser]
    ./packages/compiler/src/index.ts [Client Component Browser]
    ./src/services/compiler-adapter.ts [Client Component Browser]
    ./src/components/studio/EditorBridge.tsx [Client Component Browser]
    ./src/components/studio/StudioWorkspace.tsx [Client Component Browser]
    ./src/app/(admin)/studio/[id]/edit/page.tsx [Client Component Browser]
    ./src/app/(admin)/studio/[id]/edit/page.tsx [Server Component]

  Client Component SSR:
    ./packages/compiler/src/publisher/index.ts [Client Component SSR]
    ./packages/compiler/src/index.ts [Client Component SSR]
    ./src/services/compiler-adapter.ts [Client Component SSR]
    ./src/components/studio/EditorBridge.tsx [Client Component SSR]
    ./src/components/studio/StudioWorkspace.tsx [Client Component SSR]
    ./src/app/(admin)/studio/[id]/edit/page.tsx [Client Component SSR]
    ./src/app/(admin)/studio/[id]/edit/page.tsx [Server Component]

https://nextjs.org/docs/messages/module-not-found @ http://localhost:3000/_next/static/chunks/node_modules_next_dist_1gdrd03._.js:1945
[13106737ms] [LOG] [Fast Refresh] rebuilding @ http://localhost:3000/_next/static/chunks/node_modules_next_dist_1gdrd03._.js:1226
[13132338ms] [LOG] [Fast Refresh] rebuilding @ http://localhost:3000/_next/static/chunks/node_modules_next_dist_1gdrd03._.js:1226
[13132523ms] [LOG] [Fast Refresh] done in 272ms @ http://localhost:3000/_next/static/chunks/node_modules_next_dist_1gdrd03._.js:1226
[13132739ms] [LOG] [Fast Refresh] rebuilding @ http://localhost:3000/_next/static/chunks/node_modules_next_dist_1gdrd03._.js:1226
[13132928ms] [LOG] [Fast Refresh] done in 295ms @ http://localhost:3000/_next/static/chunks/node_modules_next_dist_1gdrd03._.js:1226
[13133118ms] [INFO] %cDownload the React DevTools for a better development experience: https://react.dev/link/react-devtools font-weight:bold @ http://localhost:3000/_next/static/chunks/node_modules_next_dist_1ybzpk2._.js:2477
[13133417ms] [LOG] [HMR] connected @ http://localhost:3000/_next/static/chunks/node_modules_next_dist_1ybzpk2._.js:2477
[13134669ms] [LOG] [Fast Refresh] rebuilding @ http://localhost:3000/_next/static/chunks/node_modules_next_dist_1ybzpk2._.js:2477
[13134992ms] [LOG] [Fast Refresh] done in 425ms @ http://localhost:3000/_next/static/chunks/node_modules_next_dist_1ybzpk2._.js:2477
[13139427ms] [LOG] [Fast Refresh] rebuilding @ http://localhost:3000/_next/static/chunks/node_modules_next_dist_1ybzpk2._.js:2477
[13139428ms] [LOG] [Fast Refresh] done in 106ms @ http://localhost:3000/_next/static/chunks/node_modules_next_dist_1ybzpk2._.js:2477
[13160910ms] [LOG] [Fast Refresh] rebuilding @ http://localhost:3000/_next/static/chunks/node_modules_next_dist_1ybzpk2._.js:2477
[13161077ms] [ERROR] ./src/components/studio/EditorBridge.tsx:15:1
Export CampusCompilerAdapter doesn't exist in target module
  13 | import { useGraphStore } from '@/store/graph-store'
  14 | import { useStudioStore } from '@/store/studio-store'
> 15 | import { CampusCompilerAdapter } from '@/services/compiler-adapter'
     | ^^^^^^^^^^^^^^^^^^^^^^^^^^^^^^^^^^^^^^^^^^^^^^^^^^^^^^^^^^^^^^^^^^^
  16 |
  17 | /**
  18 |  * ── Selection Ownership Invariant ─────────────────────────────────

The export CampusCompilerAdapter was not found in module [project]/src/services/compiler-adapter.ts [app-client] (ecmascript).
Did you mean to import createCompilerAdapter?
All exports of the module are statically known (It doesn't have dynamic exports). So it's known statically that the requested export doesn't exist.

Import traces:
  Client Component Browser:
    ./src/components/studio/EditorBridge.tsx [Client Component Browser]
    ./src/components/studio/StudioWorkspace.tsx [Client Component Browser]
    ./src/app/(admin)/studio/[id]/edit/page.tsx [Client Component Browser]
    ./src/app/(admin)/studio/[id]/edit/page.tsx [Server Component]

  Client Component SSR:
    ./src/components/studio/EditorBridge.tsx [Client Component SSR]
    ./src/components/studio/StudioWorkspace.tsx [Client Component SSR]
    ./src/app/(admin)/studio/[id]/edit/page.tsx [Client Component SSR]
    ./src/app/(admin)/studio/[id]/edit/page.tsx [Server Component] @ http://localhost:3000/_next/static/chunks/node_modules_next_dist_1ybzpk2._.js:3318
[13161078ms] [ERROR] ./src/components/studio/EditorBridge.tsx:15:1
Export CampusCompilerAdapter doesn't exist in target module
  13 | import { useGraphStore } from '@/store/graph-store'
  14 | import { useStudioStore } from '@/store/studio-store'
> 15 | import { CampusCompilerAdapter } from '@/services/compiler-adapter'
     | ^^^^^^^^^^^^^^^^^^^^^^^^^^^^^^^^^^^^^^^^^^^^^^^^^^^^^^^^^^^^^^^^^^^
  16 |
  17 | /**
  18 |  * ── Selection Ownership Invariant ─────────────────────────────────

The export CampusCompilerAdapter was not found in module [project]/src/services/compiler-adapter.ts [app-ssr] (ecmascript).
Did you mean to import createCompilerAdapter?
All exports of the module are statically known (It doesn't have dynamic exports). So it's known statically that the requested export doesn't exist.

Import traces:
  Client Component Browser:
    ./src/components/studio/EditorBridge.tsx [Client Component Browser]
    ./src/components/studio/StudioWorkspace.tsx [Client Component Browser]
    ./src/app/(admin)/studio/[id]/edit/page.tsx [Client Component Browser]
    ./src/app/(admin)/studio/[id]/edit/page.tsx [Server Component]

  Client Component SSR:
    ./src/components/studio/EditorBridge.tsx [Client Component SSR]
    ./src/components/studio/StudioWorkspace.tsx [Client Component SSR]
    ./src/app/(admin)/studio/[id]/edit/page.tsx [Client Component SSR]
    ./src/app/(admin)/studio/[id]/edit/page.tsx [Server Component] @ http://localhost:3000/_next/static/chunks/node_modules_next_dist_1ybzpk2._.js:3318
[13161104ms] [ERROR] ./src/components/studio/EditorBridge.tsx:15:1
Export CampusCompilerAdapter doesn't exist in target module
  13 | import { useGraphStore } from '@/store/graph-store'
  14 | import { useStudioStore } from '@/store/studio-store'
> 15 | import { CampusCompilerAdapter } from '@/services/compiler-adapter'
     | ^^^^^^^^^^^^^^^^^^^^^^^^^^^^^^^^^^^^^^^^^^^^^^^^^^^^^^^^^^^^^^^^^^^
  16 |
  17 | /**
  18 |  * ── Selection Ownership Invariant ─────────────────────────────────

The export CampusCompilerAdapter was not found in module [project]/src/services/compiler-adapter.ts [app-client] (ecmascript).
Did you mean to import createCompilerAdapter?
All exports of the module are statically known (It doesn't have dynamic exports). So it's known statically that the requested export doesn't exist.

Import traces:
  Client Component Browser:
    ./src/components/studio/EditorBridge.tsx [Client Component Browser]
    ./src/components/studio/StudioWorkspace.tsx [Client Component Browser]
    ./src/app/(admin)/studio/[id]/edit/page.tsx [Client Component Browser]
    ./src/app/(admin)/studio/[id]/edit/page.tsx [Server Component]

  Client Component SSR:
    ./src/components/studio/EditorBridge.tsx [Client Component SSR]
    ./src/components/studio/StudioWorkspace.tsx [Client Component SSR]
    ./src/app/(admin)/studio/[id]/edit/page.tsx [Client Component SSR]
    ./src/app/(admin)/studio/[id]/edit/page.tsx [Server Component] @ http://localhost:3000/_next/static/chunks/node_modules_next_dist_1ybzpk2._.js:3318
[13161104ms] [ERROR] ./src/components/studio/EditorBridge.tsx:15:1
Export CampusCompilerAdapter doesn't exist in target module
  13 | import { useGraphStore } from '@/store/graph-store'
  14 | import { useStudioStore } from '@/store/studio-store'
> 15 | import { CampusCompilerAdapter } from '@/services/compiler-adapter'
     | ^^^^^^^^^^^^^^^^^^^^^^^^^^^^^^^^^^^^^^^^^^^^^^^^^^^^^^^^^^^^^^^^^^^
  16 |
  17 | /**
  18 |  * ── Selection Ownership Invariant ─────────────────────────────────

The export CampusCompilerAdapter was not found in module [project]/src/services/compiler-adapter.ts [app-ssr] (ecmascript).
Did you mean to import createCompilerAdapter?
All exports of the module are statically known (It doesn't have dynamic exports). So it's known statically that the requested export doesn't exist.

Import traces:
  Client Component Browser:
    ./src/components/studio/EditorBridge.tsx [Client Component Browser]
    ./src/components/studio/StudioWorkspace.tsx [Client Component Browser]
    ./src/app/(admin)/studio/[id]/edit/page.tsx [Client Component Browser]
    ./src/app/(admin)/studio/[id]/edit/page.tsx [Server Component]

  Client Component SSR:
    ./src/components/studio/EditorBridge.tsx [Client Component SSR]
    ./src/components/studio/StudioWorkspace.tsx [Client Component SSR]
    ./src/app/(admin)/studio/[id]/edit/page.tsx [Client Component SSR]
    ./src/app/(admin)/studio/[id]/edit/page.tsx [Server Component] @ http://localhost:3000/_next/static/chunks/node_modules_next_dist_1ybzpk2._.js:3318
[13161129ms] [ERROR] ./src/components/studio/EditorBridge.tsx:15:1
Export CampusCompilerAdapter doesn't exist in target module
  13 | import { useGraphStore } from '@/store/graph-store'
  14 | import { useStudioStore } from '@/store/studio-store'
> 15 | import { CampusCompilerAdapter } from '@/services/compiler-adapter'
     | ^^^^^^^^^^^^^^^^^^^^^^^^^^^^^^^^^^^^^^^^^^^^^^^^^^^^^^^^^^^^^^^^^^^
  16 |
  17 | /**
  18 |  * ── Selection Ownership Invariant ─────────────────────────────────

The export CampusCompilerAdapter was not found in module [project]/src/services/compiler-adapter.ts [app-client] (ecmascript).
Did you mean to import createCompilerAdapter?
All exports of the module are statically known (It doesn't have dynamic exports). So it's known statically that the requested export doesn't exist.

Import traces:
  Client Component Browser:
    ./src/components/studio/EditorBridge.tsx [Client Component Browser]
    ./src/components/studio/StudioWorkspace.tsx [Client Component Browser]
    ./src/app/(admin)/studio/[id]/edit/page.tsx [Client Component Browser]
    ./src/app/(admin)/studio/[id]/edit/page.tsx [Server Component]

  Client Component SSR:
    ./src/components/studio/EditorBridge.tsx [Client Component SSR]
    ./src/components/studio/StudioWorkspace.tsx [Client Component SSR]
    ./src/app/(admin)/studio/[id]/edit/page.tsx [Client Component SSR]
    ./src/app/(admin)/studio/[id]/edit/page.tsx [Server Component] @ http://localhost:3000/_next/static/chunks/node_modules_next_dist_1ybzpk2._.js:3318
[13161129ms] [ERROR] ./src/components/studio/EditorBridge.tsx:15:1
Export CampusCompilerAdapter doesn't exist in target module
  13 | import { useGraphStore } from '@/store/graph-store'
  14 | import { useStudioStore } from '@/store/studio-store'
> 15 | import { CampusCompilerAdapter } from '@/services/compiler-adapter'
     | ^^^^^^^^^^^^^^^^^^^^^^^^^^^^^^^^^^^^^^^^^^^^^^^^^^^^^^^^^^^^^^^^^^^
  16 |
  17 | /**
  18 |  * ── Selection Ownership Invariant ─────────────────────────────────

The export CampusCompilerAdapter was not found in module [project]/src/services/compiler-adapter.ts [app-ssr] (ecmascript).
Did you mean to import createCompilerAdapter?
All exports of the module are statically known (It doesn't have dynamic exports). So it's known statically that the requested export doesn't exist.

Import traces:
  Client Component Browser:
    ./src/components/studio/EditorBridge.tsx [Client Component Browser]
    ./src/components/studio/StudioWorkspace.tsx [Client Component Browser]
    ./src/app/(admin)/studio/[id]/edit/page.tsx [Client Component Browser]
    ./src/app/(admin)/studio/[id]/edit/page.tsx [Server Component]

  Client Component SSR:
    ./src/components/studio/EditorBridge.tsx [Client Component SSR]
    ./src/components/studio/StudioWorkspace.tsx [Client Component SSR]
    ./src/app/(admin)/studio/[id]/edit/page.tsx [Client Component SSR]
    ./src/app/(admin)/studio/[id]/edit/page.tsx [Server Component] @ http://localhost:3000/_next/static/chunks/node_modules_next_dist_1ybzpk2._.js:3318
[13161150ms] [ERROR] Failed to load resource: the server responded with a status of 500 (Internal Server Error) @ http://localhost:3000/login?_rsc=HGeqrSPwNUK85NEL:0
[13161181ms] [ERROR] Failed to load resource: the server responded with a status of 500 (Internal Server Error) @ http://localhost:3000/login?_rsc=HGeqrSPwNUK85NEL:0
[13161215ms] [ERROR] Failed to load resource: the server responded with a status of 500 (Internal Server Error) @ http://localhost:3000/login:0
[13161266ms] [INFO] %cDownload the React DevTools for a better development experience: https://react.dev/link/react-devtools font-weight:bold @ http://localhost:3000/_next/static/chunks/node_modules_react-dom_0kla17-._.js:15305
[13161317ms] Error: ./src/components/studio/EditorBridge.tsx:15:1
Export CampusCompilerAdapter doesn't exist in target module
  13 | import { useGraphStore } from '@/store/graph-store'
  14 | import { useStudioStore } from '@/store/studio-store'
> 15 | import { CampusCompilerAdapter } from '@/services/compiler-adapter'
     | ^^^^^^^^^^^^^^^^^^^^^^^^^^^^^^^^^^^^^^^^^^^^^^^^^^^^^^^^^^^^^^^^^^^
  16 |
  17 | /**
  18 |  * ── Selection Ownership Invariant ─────────────────────────────────

The export CampusCompilerAdapter was not found in module [project]/src/services/compiler-adapter.ts [app-client] (ecmascript).
Did you mean to import createCompilerAdapter?
All exports of the module are statically known (It doesn't have dynamic exports). So it's known statically that the requested export doesn't exist.

Import traces:
  Client Component Browser:
    ./src/components/studio/EditorBridge.tsx [Client Component Browser]
    ./src/components/studio/StudioWorkspace.tsx [Client Component Browser]
    ./src/app/(admin)/studio/[id]/edit/page.tsx [Client Component Browser]
    ./src/app/(admin)/studio/[id]/edit/page.tsx [Server Component]

  Client Component SSR:
    ./src/components/studio/EditorBridge.tsx [Client Component SSR]
    ./src/components/studio/StudioWorkspace.tsx [Client Component SSR]
    ./src/app/(admin)/studio/[id]/edit/page.tsx [Client Component SSR]
    ./src/app/(admin)/studio/[id]/edit/page.tsx [Server Component]


    at <unknown> (Error: ./src/components/studio/EditorBridge.tsx:15:1)
    at Object.getCompilationErrors (file://C:\Users\Administrator\Desktop\CODEme\Navi\navi-next\node_modules\next\dist\server\dev\hot-reloader-turbopack.js:1186:59)
    at DevBundlerService.getCompilationError (file://C:\Users\Administrator\Desktop\CODEme\Navi\navi-next\node_modules\next\dist\server\lib\dev-bundler-service.js:44:55)
    at DevServer.getCompilationError (file://C:\Users\Administrator\Desktop\CODEme\Navi\navi-next\node_modules\next\dist\server\dev\next-dev-server.js:720:42)
    at DevServer.findPageComponents (file://C:\Users\Administrator\Desktop\CODEme\Navi\navi-next\node_modules\next\dist\server\dev\next-dev-server.js:690:43)
    at async DevServer.renderErrorToResponseImpl (file://C:\Users\Administrator\Desktop\CODEme\Navi\navi-next\node_modules\next\dist\server\base-server.js:1753:26)
[13161318ms] [LOG] [HMR] connected @ http://localhost:3000/_next/static/chunks/node_modules_next_dist_1gdrd03._.js:1226
[13161322ms] [ERROR] ./src/components/studio/EditorBridge.tsx:15:1
Export CampusCompilerAdapter doesn't exist in target module
  13 | import { useGraphStore } from '@/store/graph-store'
  14 | import { useStudioStore } from '@/store/studio-store'
> 15 | import { CampusCompilerAdapter } from '@/services/compiler-adapter'
     | ^^^^^^^^^^^^^^^^^^^^^^^^^^^^^^^^^^^^^^^^^^^^^^^^^^^^^^^^^^^^^^^^^^^
  16 |
  17 | /**
  18 |  * ── Selection Ownership Invariant ─────────────────────────────────

The export CampusCompilerAdapter was not found in module [project]/src/services/compiler-adapter.ts [app-client] (ecmascript).
Did you mean to import createCompilerAdapter?
All exports of the module are statically known (It doesn't have dynamic exports). So it's known statically that the requested export doesn't exist.

Import traces:
  Client Component Browser:
    ./src/components/studio/EditorBridge.tsx [Client Component Browser]
    ./src/components/studio/StudioWorkspace.tsx [Client Component Browser]
    ./src/app/(admin)/studio/[id]/edit/page.tsx [Client Component Browser]
    ./src/app/(admin)/studio/[id]/edit/page.tsx [Server Component]

  Client Component SSR:
    ./src/components/studio/EditorBridge.tsx [Client Component SSR]
    ./src/components/studio/StudioWorkspace.tsx [Client Component SSR]
    ./src/app/(admin)/studio/[id]/edit/page.tsx [Client Component SSR]
    ./src/app/(admin)/studio/[id]/edit/page.tsx [Server Component] @ http://localhost:3000/_next/static/chunks/node_modules_next_dist_1gdrd03._.js:1945
[13161322ms] [ERROR] ./src/components/studio/EditorBridge.tsx:15:1
Export CampusCompilerAdapter doesn't exist in target module
  13 | import { useGraphStore } from '@/store/graph-store'
  14 | import { useStudioStore } from '@/store/studio-store'
> 15 | import { CampusCompilerAdapter } from '@/services/compiler-adapter'
     | ^^^^^^^^^^^^^^^^^^^^^^^^^^^^^^^^^^^^^^^^^^^^^^^^^^^^^^^^^^^^^^^^^^^
  16 |
  17 | /**
  18 |  * ── Selection Ownership Invariant ─────────────────────────────────

The export CampusCompilerAdapter was not found in module [project]/src/services/compiler-adapter.ts [app-ssr] (ecmascript).
Did you mean to import createCompilerAdapter?
All exports of the module are statically known (It doesn't have dynamic exports). So it's known statically that the requested export doesn't exist.

Import traces:
  Client Component Browser:
    ./src/components/studio/EditorBridge.tsx [Client Component Browser]
    ./src/components/studio/StudioWorkspace.tsx [Client Component Browser]
    ./src/app/(admin)/studio/[id]/edit/page.tsx [Client Component Browser]
    ./src/app/(admin)/studio/[id]/edit/page.tsx [Server Component]

  Client Component SSR:
    ./src/components/studio/EditorBridge.tsx [Client Component SSR]
    ./src/components/studio/StudioWorkspace.tsx [Client Component SSR]
    ./src/app/(admin)/studio/[id]/edit/page.tsx [Client Component SSR]
    ./src/app/(admin)/studio/[id]/edit/page.tsx [Server Component] @ http://localhost:3000/_next/static/chunks/node_modules_next_dist_1gdrd03._.js:1945
[13161327ms] [ERROR] ./src/components/studio/EditorBridge.tsx:15:1
Export CampusCompilerAdapter doesn't exist in target module
  13 | import { useGraphStore } from '@/store/graph-store'
  14 | import { useStudioStore } from '@/store/studio-store'
> 15 | import { CampusCompilerAdapter } from '@/services/compiler-adapter'
     | ^^^^^^^^^^^^^^^^^^^^^^^^^^^^^^^^^^^^^^^^^^^^^^^^^^^^^^^^^^^^^^^^^^^
  16 |
  17 | /**
  18 |  * ── Selection Ownership Invariant ─────────────────────────────────

The export CampusCompilerAdapter was not found in module [project]/src/services/compiler-adapter.ts [app-client] (ecmascript).
Did you mean to import createCompilerAdapter?
All exports of the module are statically known (It doesn't have dynamic exports). So it's known statically that the requested export doesn't exist.

Import traces:
  Client Component Browser:
    ./src/components/studio/EditorBridge.tsx [Client Component Browser]
    ./src/components/studio/StudioWorkspace.tsx [Client Component Browser]
    ./src/app/(admin)/studio/[id]/edit/page.tsx [Client Component Browser]
    ./src/app/(admin)/studio/[id]/edit/page.tsx [Server Component]

  Client Component SSR:
    ./src/components/studio/EditorBridge.tsx [Client Component SSR]
    ./src/components/studio/StudioWorkspace.tsx [Client Component SSR]
    ./src/app/(admin)/studio/[id]/edit/page.tsx [Client Component SSR]
    ./src/app/(admin)/studio/[id]/edit/page.tsx [Server Component] @ http://localhost:3000/_next/static/chunks/node_modules_next_dist_1gdrd03._.js:1945
[13161327ms] [ERROR] ./src/components/studio/EditorBridge.tsx:15:1
Export CampusCompilerAdapter doesn't exist in target module
  13 | import { useGraphStore } from '@/store/graph-store'
  14 | import { useStudioStore } from '@/store/studio-store'
> 15 | import { CampusCompilerAdapter } from '@/services/compiler-adapter'
     | ^^^^^^^^^^^^^^^^^^^^^^^^^^^^^^^^^^^^^^^^^^^^^^^^^^^^^^^^^^^^^^^^^^^
  16 |
  17 | /**
  18 |  * ── Selection Ownership Invariant ─────────────────────────────────

The export CampusCompilerAdapter was not found in module [project]/src/services/compiler-adapter.ts [app-ssr] (ecmascript).
Did you mean to import createCompilerAdapter?
All exports of the module are statically known (It doesn't have dynamic exports). So it's known statically that the requested export doesn't exist.

Import traces:
  Client Component Browser:
    ./src/components/studio/EditorBridge.tsx [Client Component Browser]
    ./src/components/studio/StudioWorkspace.tsx [Client Component Browser]
    ./src/app/(admin)/studio/[id]/edit/page.tsx [Client Component Browser]
    ./src/app/(admin)/studio/[id]/edit/page.tsx [Server Component]

  Client Component SSR:
    ./src/components/studio/EditorBridge.tsx [Client Component SSR]
    ./src/components/studio/StudioWorkspace.tsx [Client Component SSR]
    ./src/app/(admin)/studio/[id]/edit/page.tsx [Client Component SSR]
    ./src/app/(admin)/studio/[id]/edit/page.tsx [Server Component] @ http://localhost:3000/_next/static/chunks/node_modules_next_dist_1gdrd03._.js:1945
[13161378ms] [ERROR] ./src/components/studio/EditorBridge.tsx:15:1
Export CampusCompilerAdapter doesn't exist in target module
  13 | import { useGraphStore } from '@/store/graph-store'
  14 | import { useStudioStore } from '@/store/studio-store'
> 15 | import { CampusCompilerAdapter } from '@/services/compiler-adapter'
     | ^^^^^^^^^^^^^^^^^^^^^^^^^^^^^^^^^^^^^^^^^^^^^^^^^^^^^^^^^^^^^^^^^^^
  16 |
  17 | /**
  18 |  * ── Selection Ownership Invariant ─────────────────────────────────

The export CampusCompilerAdapter was not found in module [project]/src/services/compiler-adapter.ts [app-client] (ecmascript).
Did you mean to import createCompilerAdapter?
All exports of the module are statically known (It doesn't have dynamic exports). So it's known statically that the requested export doesn't exist.

Import traces:
  Client Component Browser:
    ./src/components/studio/EditorBridge.tsx [Client Component Browser]
    ./src/components/studio/StudioWorkspace.tsx [Client Component Browser]
    ./src/app/(admin)/studio/[id]/edit/page.tsx [Client Component Browser]
    ./src/app/(admin)/studio/[id]/edit/page.tsx [Server Component]

  Client Component SSR:
    ./src/components/studio/EditorBridge.tsx [Client Component SSR]
    ./src/components/studio/StudioWorkspace.tsx [Client Component SSR]
    ./src/app/(admin)/studio/[id]/edit/page.tsx [Client Component SSR]
    ./src/app/(admin)/studio/[id]/edit/page.tsx [Server Component] @ http://localhost:3000/_next/static/chunks/node_modules_next_dist_1gdrd03._.js:1945
[13161378ms] [ERROR] ./src/components/studio/EditorBridge.tsx:15:1
Export CampusCompilerAdapter doesn't exist in target module
  13 | import { useGraphStore } from '@/store/graph-store'
  14 | import { useStudioStore } from '@/store/studio-store'
> 15 | import { CampusCompilerAdapter } from '@/services/compiler-adapter'
     | ^^^^^^^^^^^^^^^^^^^^^^^^^^^^^^^^^^^^^^^^^^^^^^^^^^^^^^^^^^^^^^^^^^^
  16 |
  17 | /**
  18 |  * ── Selection Ownership Invariant ─────────────────────────────────

The export CampusCompilerAdapter was not found in module [project]/src/services/compiler-adapter.ts [app-ssr] (ecmascript).
Did you mean to import createCompilerAdapter?
All exports of the module are statically known (It doesn't have dynamic exports). So it's known statically that the requested export doesn't exist.

Import traces:
  Client Component Browser:
    ./src/components/studio/EditorBridge.tsx [Client Component Browser]
    ./src/components/studio/StudioWorkspace.tsx [Client Component Browser]
    ./src/app/(admin)/studio/[id]/edit/page.tsx [Client Component Browser]
    ./src/app/(admin)/studio/[id]/edit/page.tsx [Server Component]

  Client Component SSR:
    ./src/components/studio/EditorBridge.tsx [Client Component SSR]
    ./src/components/studio/StudioWorkspace.tsx [Client Component SSR]
    ./src/app/(admin)/studio/[id]/edit/page.tsx [Client Component SSR]
    ./src/app/(admin)/studio/[id]/edit/page.tsx [Server Component] @ http://localhost:3000/_next/static/chunks/node_modules_next_dist_1gdrd03._.js:1945
[13161440ms] [LOG] [Fast Refresh] rebuilding @ http://localhost:3000/_next/static/chunks/node_modules_next_dist_1gdrd03._.js:1226
[13161517ms] [ERROR] ./src/components/studio/EditorBridge.tsx:15:1
Export CampusCompilerAdapter doesn't exist in target module
  13 | import { useGraphStore } from '@/store/graph-store'
  14 | import { useStudioStore } from '@/store/studio-store'
> 15 | import { CampusCompilerAdapter } from '@/services/compiler-adapter'
     | ^^^^^^^^^^^^^^^^^^^^^^^^^^^^^^^^^^^^^^^^^^^^^^^^^^^^^^^^^^^^^^^^^^^
  16 |
  17 | /**
  18 |  * ── Selection Ownership Invariant ─────────────────────────────────

The export CampusCompilerAdapter was not found in module [project]/src/services/compiler-adapter.ts [app-client] (ecmascript).
Did you mean to import createCompilerAdapter?
All exports of the module are statically known (It doesn't have dynamic exports). So it's known statically that the requested export doesn't exist.

Import traces:
  Client Component Browser:
    ./src/components/studio/EditorBridge.tsx [Client Component Browser]
    ./src/components/studio/StudioWorkspace.tsx [Client Component Browser]
    ./src/app/(admin)/studio/[id]/edit/page.tsx [Client Component Browser]
    ./src/app/(admin)/studio/[id]/edit/page.tsx [Server Component]

  Client Component SSR:
    ./src/components/studio/EditorBridge.tsx [Client Component SSR]
    ./src/components/studio/StudioWorkspace.tsx [Client Component SSR]
    ./src/app/(admin)/studio/[id]/edit/page.tsx [Client Component SSR]
    ./src/app/(admin)/studio/[id]/edit/page.tsx [Server Component] @ http://localhost:3000/_next/static/chunks/node_modules_next_dist_1gdrd03._.js:1945
[13161517ms] [ERROR] ./src/components/studio/EditorBridge.tsx:15:1
Export CampusCompilerAdapter doesn't exist in target module
  13 | import { useGraphStore } from '@/store/graph-store'
  14 | import { useStudioStore } from '@/store/studio-store'
> 15 | import { CampusCompilerAdapter } from '@/services/compiler-adapter'
     | ^^^^^^^^^^^^^^^^^^^^^^^^^^^^^^^^^^^^^^^^^^^^^^^^^^^^^^^^^^^^^^^^^^^
  16 |
  17 | /**
  18 |  * ── Selection Ownership Invariant ─────────────────────────────────

The export CampusCompilerAdapter was not found in module [project]/src/services/compiler-adapter.ts [app-ssr] (ecmascript).
Did you mean to import createCompilerAdapter?
All exports of the module are statically known (It doesn't have dynamic exports). So it's known statically that the requested export doesn't exist.

Import traces:
  Client Component Browser:
    ./src/components/studio/EditorBridge.tsx [Client Component Browser]
    ./src/components/studio/StudioWorkspace.tsx [Client Component Browser]
    ./src/app/(admin)/studio/[id]/edit/page.tsx [Client Component Browser]
    ./src/app/(admin)/studio/[id]/edit/page.tsx [Server Component]

  Client Component SSR:
    ./src/components/studio/EditorBridge.tsx [Client Component SSR]
    ./src/components/studio/StudioWorkspace.tsx [Client Component SSR]
    ./src/app/(admin)/studio/[id]/edit/page.tsx [Client Component SSR]
    ./src/app/(admin)/studio/[id]/edit/page.tsx [Server Component] @ http://localhost:3000/_next/static/chunks/node_modules_next_dist_1gdrd03._.js:1945
[13161558ms] [LOG] [Fast Refresh] rebuilding @ http://localhost:3000/_next/static/chunks/node_modules_next_dist_1gdrd03._.js:1226
[13161684ms] [ERROR] ./src/components/studio/EditorBridge.tsx:15:1
Export CampusCompilerAdapter doesn't exist in target module
  13 | import { useGraphStore } from '@/store/graph-store'
  14 | import { useStudioStore } from '@/store/studio-store'
> 15 | import { CampusCompilerAdapter } from '@/services/compiler-adapter'
     | ^^^^^^^^^^^^^^^^^^^^^^^^^^^^^^^^^^^^^^^^^^^^^^^^^^^^^^^^^^^^^^^^^^^
  16 |
  17 | /**
  18 |  * ── Selection Ownership Invariant ─────────────────────────────────

The export CampusCompilerAdapter was not found in module [project]/src/services/compiler-adapter.ts [app-client] (ecmascript).
Did you mean to import createCompilerAdapter?
All exports of the module are statically known (It doesn't have dynamic exports). So it's known statically that the requested export doesn't exist.

Import traces:
  Client Component Browser:
    ./src/components/studio/EditorBridge.tsx [Client Component Browser]
    ./src/components/studio/StudioWorkspace.tsx [Client Component Browser]
    ./src/app/(admin)/studio/[id]/edit/page.tsx [Client Component Browser]
    ./src/app/(admin)/studio/[id]/edit/page.tsx [Server Component]

  Client Component SSR:
    ./src/components/studio/EditorBridge.tsx [Client Component SSR]
    ./src/components/studio/StudioWorkspace.tsx [Client Component SSR]
    ./src/app/(admin)/studio/[id]/edit/page.tsx [Client Component SSR]
    ./src/app/(admin)/studio/[id]/edit/page.tsx [Server Component] @ http://localhost:3000/_next/static/chunks/node_modules_next_dist_1gdrd03._.js:1945
[13161684ms] [ERROR] ./src/components/studio/EditorBridge.tsx:15:1
Export CampusCompilerAdapter doesn't exist in target module
  13 | import { useGraphStore } from '@/store/graph-store'
  14 | import { useStudioStore } from '@/store/studio-store'
> 15 | import { CampusCompilerAdapter } from '@/services/compiler-adapter'
     | ^^^^^^^^^^^^^^^^^^^^^^^^^^^^^^^^^^^^^^^^^^^^^^^^^^^^^^^^^^^^^^^^^^^
  16 |
  17 | /**
  18 |  * ── Selection Ownership Invariant ─────────────────────────────────

The export CampusCompilerAdapter was not found in module [project]/src/services/compiler-adapter.ts [app-ssr] (ecmascript).
Did you mean to import createCompilerAdapter?
All exports of the module are statically known (It doesn't have dynamic exports). So it's known statically that the requested export doesn't exist.

Import traces:
  Client Component Browser:
    ./src/components/studio/EditorBridge.tsx [Client Component Browser]
    ./src/components/studio/StudioWorkspace.tsx [Client Component Browser]
    ./src/app/(admin)/studio/[id]/edit/page.tsx [Client Component Browser]
    ./src/app/(admin)/studio/[id]/edit/page.tsx [Server Component]

  Client Component SSR:
    ./src/components/studio/EditorBridge.tsx [Client Component SSR]
    ./src/components/studio/StudioWorkspace.tsx [Client Component SSR]
    ./src/app/(admin)/studio/[id]/edit/page.tsx [Client Component SSR]
    ./src/app/(admin)/studio/[id]/edit/page.tsx [Server Component] @ http://localhost:3000/_next/static/chunks/node_modules_next_dist_1gdrd03._.js:1945
[13161714ms] [LOG] [Fast Refresh] rebuilding @ http://localhost:3000/_next/static/chunks/node_modules_next_dist_1gdrd03._.js:1226
[13162253ms] [ERROR] ./src/components/studio/EditorBridge.tsx:15:1
Export CampusCompilerAdapter doesn't exist in target module
  13 | import { useGraphStore } from '@/store/graph-store'
  14 | import { useStudioStore } from '@/store/studio-store'
> 15 | import { CampusCompilerAdapter } from '@/services/compiler-adapter'
     | ^^^^^^^^^^^^^^^^^^^^^^^^^^^^^^^^^^^^^^^^^^^^^^^^^^^^^^^^^^^^^^^^^^^
  16 |
  17 | /**
  18 |  * ── Selection Ownership Invariant ─────────────────────────────────

The export CampusCompilerAdapter was not found in module [project]/src/services/compiler-adapter.ts [app-client] (ecmascript).
Did you mean to import createCompilerAdapter?
All exports of the module are statically known (It doesn't have dynamic exports). So it's known statically that the requested export doesn't exist.

Import traces:
  Client Component Browser:
    ./src/components/studio/EditorBridge.tsx [Client Component Browser]
    ./src/components/studio/StudioWorkspace.tsx [Client Component Browser]
    ./src/app/(admin)/studio/[id]/edit/page.tsx [Client Component Browser]
    ./src/app/(admin)/studio/[id]/edit/page.tsx [Server Component]

  Client Component SSR:
    ./src/components/studio/EditorBridge.tsx [Client Component SSR]
    ./src/components/studio/StudioWorkspace.tsx [Client Component SSR]
    ./src/app/(admin)/studio/[id]/edit/page.tsx [Client Component SSR]
    ./src/app/(admin)/studio/[id]/edit/page.tsx [Server Component] @ http://localhost:3000/_next/static/chunks/node_modules_next_dist_1gdrd03._.js:1945
[13162253ms] [ERROR] ./src/components/studio/EditorBridge.tsx:15:1
Export CampusCompilerAdapter doesn't exist in target module
  13 | import { useGraphStore } from '@/store/graph-store'
  14 | import { useStudioStore } from '@/store/studio-store'
> 15 | import { CampusCompilerAdapter } from '@/services/compiler-adapter'
     | ^^^^^^^^^^^^^^^^^^^^^^^^^^^^^^^^^^^^^^^^^^^^^^^^^^^^^^^^^^^^^^^^^^^
  16 |
  17 | /**
  18 |  * ── Selection Ownership Invariant ─────────────────────────────────

The export CampusCompilerAdapter was not found in module [project]/src/services/compiler-adapter.ts [app-ssr] (ecmascript).
Did you mean to import createCompilerAdapter?
All exports of the module are statically known (It doesn't have dynamic exports). So it's known statically that the requested export doesn't exist.

Import traces:
  Client Component Browser:
    ./src/components/studio/EditorBridge.tsx [Client Component Browser]
    ./src/components/studio/StudioWorkspace.tsx [Client Component Browser]
    ./src/app/(admin)/studio/[id]/edit/page.tsx [Client Component Browser]
    ./src/app/(admin)/studio/[id]/edit/page.tsx [Server Component]

  Client Component SSR:
    ./src/components/studio/EditorBridge.tsx [Client Component SSR]
    ./src/components/studio/StudioWorkspace.tsx [Client Component SSR]
    ./src/app/(admin)/studio/[id]/edit/page.tsx [Client Component SSR]
    ./src/app/(admin)/studio/[id]/edit/page.tsx [Server Component] @ http://localhost:3000/_next/static/chunks/node_modules_next_dist_1gdrd03._.js:1945
[13162304ms] [LOG] [Fast Refresh] rebuilding @ http://localhost:3000/_next/static/chunks/node_modules_next_dist_1gdrd03._.js:1226
[13162440ms] [ERROR] ./src/components/studio/EditorBridge.tsx:15:1
Export CampusCompilerAdapter doesn't exist in target module
  13 | import { useGraphStore } from '@/store/graph-store'
  14 | import { useStudioStore } from '@/store/studio-store'
> 15 | import { CampusCompilerAdapter } from '@/services/compiler-adapter'
     | ^^^^^^^^^^^^^^^^^^^^^^^^^^^^^^^^^^^^^^^^^^^^^^^^^^^^^^^^^^^^^^^^^^^
  16 |
  17 | /**
  18 |  * ── Selection Ownership Invariant ─────────────────────────────────

The export CampusCompilerAdapter was not found in module [project]/src/services/compiler-adapter.ts [app-client] (ecmascript).
Did you mean to import createCompilerAdapter?
All exports of the module are statically known (It doesn't have dynamic exports). So it's known statically that the requested export doesn't exist.

Import traces:
  Client Component Browser:
    ./src/components/studio/EditorBridge.tsx [Client Component Browser]
    ./src/components/studio/StudioWorkspace.tsx [Client Component Browser]
    ./src/app/(admin)/studio/[id]/edit/page.tsx [Client Component Browser]
    ./src/app/(admin)/studio/[id]/edit/page.tsx [Server Component]

  Client Component SSR:
    ./src/components/studio/EditorBridge.tsx [Client Component SSR]
    ./src/components/studio/StudioWorkspace.tsx [Client Component SSR]
    ./src/app/(admin)/studio/[id]/edit/page.tsx [Client Component SSR]
    ./src/app/(admin)/studio/[id]/edit/page.tsx [Server Component] @ http://localhost:3000/_next/static/chunks/node_modules_next_dist_1gdrd03._.js:1945
[13162440ms] [ERROR] ./src/components/studio/EditorBridge.tsx:15:1
Export CampusCompilerAdapter doesn't exist in target module
  13 | import { useGraphStore } from '@/store/graph-store'
  14 | import { useStudioStore } from '@/store/studio-store'
> 15 | import { CampusCompilerAdapter } from '@/services/compiler-adapter'
     | ^^^^^^^^^^^^^^^^^^^^^^^^^^^^^^^^^^^^^^^^^^^^^^^^^^^^^^^^^^^^^^^^^^^
  16 |
  17 | /**
  18 |  * ── Selection Ownership Invariant ─────────────────────────────────

The export CampusCompilerAdapter was not found in module [project]/src/services/compiler-adapter.ts [app-ssr] (ecmascript).
Did you mean to import createCompilerAdapter?
All exports of the module are statically known (It doesn't have dynamic exports). So it's known statically that the requested export doesn't exist.

Import traces:
  Client Component Browser:
    ./src/components/studio/EditorBridge.tsx [Client Component Browser]
    ./src/components/studio/StudioWorkspace.tsx [Client Component Browser]
    ./src/app/(admin)/studio/[id]/edit/page.tsx [Client Component Browser]
    ./src/app/(admin)/studio/[id]/edit/page.tsx [Server Component]

  Client Component SSR:
    ./src/components/studio/EditorBridge.tsx [Client Component SSR]
    ./src/components/studio/StudioWorkspace.tsx [Client Component SSR]
    ./src/app/(admin)/studio/[id]/edit/page.tsx [Client Component SSR]
    ./src/app/(admin)/studio/[id]/edit/page.tsx [Server Component] @ http://localhost:3000/_next/static/chunks/node_modules_next_dist_1gdrd03._.js:1945
[13162480ms] [LOG] [Fast Refresh] rebuilding @ http://localhost:3000/_next/static/chunks/node_modules_next_dist_1gdrd03._.js:1226
[13163195ms] [ERROR] ./src/components/studio/EditorBridge.tsx:15:1
Export CampusCompilerAdapter doesn't exist in target module
  13 | import { useGraphStore } from '@/store/graph-store'
  14 | import { useStudioStore } from '@/store/studio-store'
> 15 | import { CampusCompilerAdapter } from '@/services/compiler-adapter'
     | ^^^^^^^^^^^^^^^^^^^^^^^^^^^^^^^^^^^^^^^^^^^^^^^^^^^^^^^^^^^^^^^^^^^
  16 |
  17 | /**
  18 |  * ── Selection Ownership Invariant ─────────────────────────────────

The export CampusCompilerAdapter was not found in module [project]/src/services/compiler-adapter.ts [app-client] (ecmascript).
Did you mean to import createCompilerAdapter?
All exports of the module are statically known (It doesn't have dynamic exports). So it's known statically that the requested export doesn't exist.

Import traces:
  Client Component Browser:
    ./src/components/studio/EditorBridge.tsx [Client Component Browser]
    ./src/components/studio/StudioWorkspace.tsx [Client Component Browser]
    ./src/app/(admin)/studio/[id]/edit/page.tsx [Client Component Browser]
    ./src/app/(admin)/studio/[id]/edit/page.tsx [Server Component]

  Client Component SSR:
    ./src/components/studio/EditorBridge.tsx [Client Component SSR]
    ./src/components/studio/StudioWorkspace.tsx [Client Component SSR]
    ./src/app/(admin)/studio/[id]/edit/page.tsx [Client Component SSR]
    ./src/app/(admin)/studio/[id]/edit/page.tsx [Server Component] @ http://localhost:3000/_next/static/chunks/node_modules_next_dist_1gdrd03._.js:1945
[13163195ms] [ERROR] ./src/components/studio/EditorBridge.tsx:15:1
Export CampusCompilerAdapter doesn't exist in target module
  13 | import { useGraphStore } from '@/store/graph-store'
  14 | import { useStudioStore } from '@/store/studio-store'
> 15 | import { CampusCompilerAdapter } from '@/services/compiler-adapter'
     | ^^^^^^^^^^^^^^^^^^^^^^^^^^^^^^^^^^^^^^^^^^^^^^^^^^^^^^^^^^^^^^^^^^^
  16 |
  17 | /**
  18 |  * ── Selection Ownership Invariant ─────────────────────────────────

The export CampusCompilerAdapter was not found in module [project]/src/services/compiler-adapter.ts [app-ssr] (ecmascript).
Did you mean to import createCompilerAdapter?
All exports of the module are statically known (It doesn't have dynamic exports). So it's known statically that the requested export doesn't exist.

Import traces:
  Client Component Browser:
    ./src/components/studio/EditorBridge.tsx [Client Component Browser]
    ./src/components/studio/StudioWorkspace.tsx [Client Component Browser]
    ./src/app/(admin)/studio/[id]/edit/page.tsx [Client Component Browser]
    ./src/app/(admin)/studio/[id]/edit/page.tsx [Server Component]

  Client Component SSR:
    ./src/components/studio/EditorBridge.tsx [Client Component SSR]
    ./src/components/studio/StudioWorkspace.tsx [Client Component SSR]
    ./src/app/(admin)/studio/[id]/edit/page.tsx [Client Component SSR]
    ./src/app/(admin)/studio/[id]/edit/page.tsx [Server Component] @ http://localhost:3000/_next/static/chunks/node_modules_next_dist_1gdrd03._.js:1945
[13163257ms] [ERROR] ./src/components/studio/EditorBridge.tsx:15:1
Export CampusCompilerAdapter doesn't exist in target module
  13 | import { useGraphStore } from '@/store/graph-store'
  14 | import { useStudioStore } from '@/store/studio-store'
> 15 | import { CampusCompilerAdapter } from '@/services/compiler-adapter'
     | ^^^^^^^^^^^^^^^^^^^^^^^^^^^^^^^^^^^^^^^^^^^^^^^^^^^^^^^^^^^^^^^^^^^
  16 |
  17 | /**
  18 |  * ── Selection Ownership Invariant ─────────────────────────────────

The export CampusCompilerAdapter was not found in module [project]/src/services/compiler-adapter.ts [app-client] (ecmascript).
Did you mean to import createCompilerAdapter?
All exports of the module are statically known (It doesn't have dynamic exports). So it's known statically that the requested export doesn't exist.

Import traces:
  Client Component Browser:
    ./src/components/studio/EditorBridge.tsx [Client Component Browser]
    ./src/components/studio/StudioWorkspace.tsx [Client Component Browser]
    ./src/app/(admin)/studio/[id]/edit/page.tsx [Client Component Browser]
    ./src/app/(admin)/studio/[id]/edit/page.tsx [Server Component]

  Client Component SSR:
    ./src/components/studio/EditorBridge.tsx [Client Component SSR]
    ./src/components/studio/StudioWorkspace.tsx [Client Component SSR]
    ./src/app/(admin)/studio/[id]/edit/page.tsx [Client Component SSR]
    ./src/app/(admin)/studio/[id]/edit/page.tsx [Server Component] @ http://localhost:3000/_next/static/chunks/node_modules_next_dist_1gdrd03._.js:1945
[13163257ms] [ERROR] ./src/components/studio/EditorBridge.tsx:15:1
Export CampusCompilerAdapter doesn't exist in target module
  13 | import { useGraphStore } from '@/store/graph-store'
  14 | import { useStudioStore } from '@/store/studio-store'
> 15 | import { CampusCompilerAdapter } from '@/services/compiler-adapter'
     | ^^^^^^^^^^^^^^^^^^^^^^^^^^^^^^^^^^^^^^^^^^^^^^^^^^^^^^^^^^^^^^^^^^^
  16 |
  17 | /**
  18 |  * ── Selection Ownership Invariant ─────────────────────────────────

The export CampusCompilerAdapter was not found in module [project]/src/services/compiler-adapter.ts [app-ssr] (ecmascript).
Did you mean to import createCompilerAdapter?
All exports of the module are statically known (It doesn't have dynamic exports). So it's known statically that the requested export doesn't exist.

Import traces:
  Client Component Browser:
    ./src/components/studio/EditorBridge.tsx [Client Component Browser]
    ./src/components/studio/StudioWorkspace.tsx [Client Component Browser]
    ./src/app/(admin)/studio/[id]/edit/page.tsx [Client Component Browser]
    ./src/app/(admin)/studio/[id]/edit/page.tsx [Server Component]

  Client Component SSR:
    ./src/components/studio/EditorBridge.tsx [Client Component SSR]
    ./src/components/studio/StudioWorkspace.tsx [Client Component SSR]
    ./src/app/(admin)/studio/[id]/edit/page.tsx [Client Component SSR]
    ./src/app/(admin)/studio/[id]/edit/page.tsx [Server Component] @ http://localhost:3000/_next/static/chunks/node_modules_next_dist_1gdrd03._.js:1945
[13163321ms] [LOG] [Fast Refresh] rebuilding @ http://localhost:3000/_next/static/chunks/node_modules_next_dist_1gdrd03._.js:1226
[13168202ms] [LOG] [Fast Refresh] rebuilding @ http://localhost:3000/_next/static/chunks/node_modules_next_dist_1gdrd03._.js:1226
[13168298ms] [ERROR] Failed to load resource: the server responded with a status of 500 (Internal Server Error) @ http://localhost:3000/login:0
[13168333ms] [INFO] %cDownload the React DevTools for a better development experience: https://react.dev/link/react-devtools font-weight:bold @ http://localhost:3000/_next/static/chunks/node_modules_react-dom_0kla17-._.js:15305
[13168346ms] Error: ./src/components/studio/EditorBridge.tsx:15:1
Export CampusCompilerAdapter doesn't exist in target module
  13 | import { useGraphStore } from '@/store/graph-store'
  14 | import { useStudioStore } from '@/store/studio-store'
> 15 | import { CampusCompilerAdapter } from '@/services/compiler-adapter'
     | ^^^^^^^^^^^^^^^^^^^^^^^^^^^^^^^^^^^^^^^^^^^^^^^^^^^^^^^^^^^^^^^^^^^
  16 |
  17 | /**
  18 |  * ── Selection Ownership Invariant ─────────────────────────────────

The export CampusCompilerAdapter was not found in module [project]/src/services/compiler-adapter.ts [app-client] (ecmascript).
Did you mean to import createCompilerAdapter?
All exports of the module are statically known (It doesn't have dynamic exports). So it's known statically that the requested export doesn't exist.

Import traces:
  Client Component Browser:
    ./src/components/studio/EditorBridge.tsx [Client Component Browser]
    ./src/components/studio/StudioWorkspace.tsx [Client Component Browser]
    ./src/app/(admin)/studio/[id]/edit/page.tsx [Client Component Browser]
    ./src/app/(admin)/studio/[id]/edit/page.tsx [Server Component]

  Client Component SSR:
    ./src/components/studio/EditorBridge.tsx [Client Component SSR]
    ./src/components/studio/StudioWorkspace.tsx [Client Component SSR]
    ./src/app/(admin)/studio/[id]/edit/page.tsx [Client Component SSR]
    ./src/app/(admin)/studio/[id]/edit/page.tsx [Server Component]


    at <unknown> (Error: ./src/components/studio/EditorBridge.tsx:15:1)
    at Object.getCompilationErrors (file://C:\Users\Administrator\Desktop\CODEme\Navi\navi-next\node_modules\next\dist\server\dev\hot-reloader-turbopack.js:1186:59)
    at DevBundlerService.getCompilationError (file://C:\Users\Administrator\Desktop\CODEme\Navi\navi-next\node_modules\next\dist\server\lib\dev-bundler-service.js:44:55)
    at DevServer.getCompilationError (file://C:\Users\Administrator\Desktop\CODEme\Navi\navi-next\node_modules\next\dist\server\dev\next-dev-server.js:720:42)
    at DevServer.findPageComponents (file://C:\Users\Administrator\Desktop\CODEme\Navi\navi-next\node_modules\next\dist\server\dev\next-dev-server.js:690:43)
    at async DevServer.renderErrorToResponseImpl (file://C:\Users\Administrator\Desktop\CODEme\Navi\navi-next\node_modules\next\dist\server\base-server.js:1753:26)
[13168347ms] [LOG] [HMR] connected @ http://localhost:3000/_next/static/chunks/node_modules_next_dist_1gdrd03._.js:1226
[13168351ms] [ERROR] ./src/components/studio/EditorBridge.tsx:15:1
Export CampusCompilerAdapter doesn't exist in target module
  13 | import { useGraphStore } from '@/store/graph-store'
  14 | import { useStudioStore } from '@/store/studio-store'
> 15 | import { CampusCompilerAdapter } from '@/services/compiler-adapter'
     | ^^^^^^^^^^^^^^^^^^^^^^^^^^^^^^^^^^^^^^^^^^^^^^^^^^^^^^^^^^^^^^^^^^^
  16 |
  17 | /**
  18 |  * ── Selection Ownership Invariant ─────────────────────────────────

The export CampusCompilerAdapter was not found in module [project]/src/services/compiler-adapter.ts [app-client] (ecmascript).
Did you mean to import createCompilerAdapter?
All exports of the module are statically known (It doesn't have dynamic exports). So it's known statically that the requested export doesn't exist.

Import traces:
  Client Component Browser:
    ./src/components/studio/EditorBridge.tsx [Client Component Browser]
    ./src/components/studio/StudioWorkspace.tsx [Client Component Browser]
    ./src/app/(admin)/studio/[id]/edit/page.tsx [Client Component Browser]
    ./src/app/(admin)/studio/[id]/edit/page.tsx [Server Component]

  Client Component SSR:
    ./src/components/studio/EditorBridge.tsx [Client Component SSR]
    ./src/components/studio/StudioWorkspace.tsx [Client Component SSR]
    ./src/app/(admin)/studio/[id]/edit/page.tsx [Client Component SSR]
    ./src/app/(admin)/studio/[id]/edit/page.tsx [Server Component] @ http://localhost:3000/_next/static/chunks/node_modules_next_dist_1gdrd03._.js:1945
[13168352ms] [ERROR] ./src/components/studio/EditorBridge.tsx:15:1
Export CampusCompilerAdapter doesn't exist in target module
  13 | import { useGraphStore } from '@/store/graph-store'
  14 | import { useStudioStore } from '@/store/studio-store'
> 15 | import { CampusCompilerAdapter } from '@/services/compiler-adapter'
     | ^^^^^^^^^^^^^^^^^^^^^^^^^^^^^^^^^^^^^^^^^^^^^^^^^^^^^^^^^^^^^^^^^^^
  16 |
  17 | /**
  18 |  * ── Selection Ownership Invariant ─────────────────────────────────

The export CampusCompilerAdapter was not found in module [project]/src/services/compiler-adapter.ts [app-ssr] (ecmascript).
Did you mean to import createCompilerAdapter?
All exports of the module are statically known (It doesn't have dynamic exports). So it's known statically that the requested export doesn't exist.

Import traces:
  Client Component Browser:
    ./src/components/studio/EditorBridge.tsx [Client Component Browser]
    ./src/components/studio/StudioWorkspace.tsx [Client Component Browser]
    ./src/app/(admin)/studio/[id]/edit/page.tsx [Client Component Browser]
    ./src/app/(admin)/studio/[id]/edit/page.tsx [Server Component]

  Client Component SSR:
    ./src/components/studio/EditorBridge.tsx [Client Component SSR]
    ./src/components/studio/StudioWorkspace.tsx [Client Component SSR]
    ./src/app/(admin)/studio/[id]/edit/page.tsx [Client Component SSR]
    ./src/app/(admin)/studio/[id]/edit/page.tsx [Server Component] @ http://localhost:3000/_next/static/chunks/node_modules_next_dist_1gdrd03._.js:1945
[13168404ms] [ERROR] ./src/components/studio/EditorBridge.tsx:15:1
Export CampusCompilerAdapter doesn't exist in target module
  13 | import { useGraphStore } from '@/store/graph-store'
  14 | import { useStudioStore } from '@/store/studio-store'
> 15 | import { CampusCompilerAdapter } from '@/services/compiler-adapter'
     | ^^^^^^^^^^^^^^^^^^^^^^^^^^^^^^^^^^^^^^^^^^^^^^^^^^^^^^^^^^^^^^^^^^^
  16 |
  17 | /**
  18 |  * ── Selection Ownership Invariant ─────────────────────────────────

The export CampusCompilerAdapter was not found in module [project]/src/services/compiler-adapter.ts [app-client] (ecmascript).
Did you mean to import createCompilerAdapter?
All exports of the module are statically known (It doesn't have dynamic exports). So it's known statically that the requested export doesn't exist.

Import traces:
  Client Component Browser:
    ./src/components/studio/EditorBridge.tsx [Client Component Browser]
    ./src/components/studio/StudioWorkspace.tsx [Client Component Browser]
    ./src/app/(admin)/studio/[id]/edit/page.tsx [Client Component Browser]
    ./src/app/(admin)/studio/[id]/edit/page.tsx [Server Component]

  Client Component SSR:
    ./src/components/studio/EditorBridge.tsx [Client Component SSR]
    ./src/components/studio/StudioWorkspace.tsx [Client Component SSR]
    ./src/app/(admin)/studio/[id]/edit/page.tsx [Client Component SSR]
    ./src/app/(admin)/studio/[id]/edit/page.tsx [Server Component] @ http://localhost:3000/_next/static/chunks/node_modules_next_dist_1gdrd03._.js:1945
[13168404ms] [ERROR] ./src/components/studio/EditorBridge.tsx:15:1
Export CampusCompilerAdapter doesn't exist in target module
  13 | import { useGraphStore } from '@/store/graph-store'
  14 | import { useStudioStore } from '@/store/studio-store'
> 15 | import { CampusCompilerAdapter } from '@/services/compiler-adapter'
     | ^^^^^^^^^^^^^^^^^^^^^^^^^^^^^^^^^^^^^^^^^^^^^^^^^^^^^^^^^^^^^^^^^^^
  16 |
  17 | /**
  18 |  * ── Selection Ownership Invariant ─────────────────────────────────

The export CampusCompilerAdapter was not found in module [project]/src/services/compiler-adapter.ts [app-ssr] (ecmascript).
Did you mean to import createCompilerAdapter?
All exports of the module are statically known (It doesn't have dynamic exports). So it's known statically that the requested export doesn't exist.

Import traces:
  Client Component Browser:
    ./src/components/studio/EditorBridge.tsx [Client Component Browser]
    ./src/components/studio/StudioWorkspace.tsx [Client Component Browser]
    ./src/app/(admin)/studio/[id]/edit/page.tsx [Client Component Browser]
    ./src/app/(admin)/studio/[id]/edit/page.tsx [Server Component]

  Client Component SSR:
    ./src/components/studio/EditorBridge.tsx [Client Component SSR]
    ./src/components/studio/StudioWorkspace.tsx [Client Component SSR]
    ./src/app/(admin)/studio/[id]/edit/page.tsx [Client Component SSR]
    ./src/app/(admin)/studio/[id]/edit/page.tsx [Server Component] @ http://localhost:3000/_next/static/chunks/node_modules_next_dist_1gdrd03._.js:1945
[13168438ms] [ERROR] ./src/components/studio/EditorBridge.tsx:15:1
Export CampusCompilerAdapter doesn't exist in target module
  13 | import { useGraphStore } from '@/store/graph-store'
  14 | import { useStudioStore } from '@/store/studio-store'
> 15 | import { CampusCompilerAdapter } from '@/services/compiler-adapter'
     | ^^^^^^^^^^^^^^^^^^^^^^^^^^^^^^^^^^^^^^^^^^^^^^^^^^^^^^^^^^^^^^^^^^^
  16 |
  17 | /**
  18 |  * ── Selection Ownership Invariant ─────────────────────────────────

The export CampusCompilerAdapter was not found in module [project]/src/services/compiler-adapter.ts [app-client] (ecmascript).
Did you mean to import createCompilerAdapter?
All exports of the module are statically known (It doesn't have dynamic exports). So it's known statically that the requested export doesn't exist.

Import traces:
  Client Component Browser:
    ./src/components/studio/EditorBridge.tsx [Client Component Browser]
    ./src/components/studio/StudioWorkspace.tsx [Client Component Browser]
    ./src/app/(admin)/studio/[id]/edit/page.tsx [Client Component Browser]
    ./src/app/(admin)/studio/[id]/edit/page.tsx [Server Component]

  Client Component SSR:
    ./src/components/studio/EditorBridge.tsx [Client Component SSR]
    ./src/components/studio/StudioWorkspace.tsx [Client Component SSR]
    ./src/app/(admin)/studio/[id]/edit/page.tsx [Client Component SSR]
    ./src/app/(admin)/studio/[id]/edit/page.tsx [Server Component] @ http://localhost:3000/_next/static/chunks/node_modules_next_dist_1gdrd03._.js:1945
[13168438ms] [ERROR] ./src/components/studio/EditorBridge.tsx:15:1
Export CampusCompilerAdapter doesn't exist in target module
  13 | import { useGraphStore } from '@/store/graph-store'
  14 | import { useStudioStore } from '@/store/studio-store'
> 15 | import { CampusCompilerAdapter } from '@/services/compiler-adapter'
     | ^^^^^^^^^^^^^^^^^^^^^^^^^^^^^^^^^^^^^^^^^^^^^^^^^^^^^^^^^^^^^^^^^^^
  16 |
  17 | /**
  18 |  * ── Selection Ownership Invariant ─────────────────────────────────

The export CampusCompilerAdapter was not found in module [project]/src/services/compiler-adapter.ts [app-ssr] (ecmascript).
Did you mean to import createCompilerAdapter?
All exports of the module are statically known (It doesn't have dynamic exports). So it's known statically that the requested export doesn't exist.

Import traces:
  Client Component Browser:
    ./src/components/studio/EditorBridge.tsx [Client Component Browser]
    ./src/components/studio/StudioWorkspace.tsx [Client Component Browser]
    ./src/app/(admin)/studio/[id]/edit/page.tsx [Client Component Browser]
    ./src/app/(admin)/studio/[id]/edit/page.tsx [Server Component]

  Client Component SSR:
    ./src/components/studio/EditorBridge.tsx [Client Component SSR]
    ./src/components/studio/StudioWorkspace.tsx [Client Component SSR]
    ./src/app/(admin)/studio/[id]/edit/page.tsx [Client Component SSR]
    ./src/app/(admin)/studio/[id]/edit/page.tsx [Server Component] @ http://localhost:3000/_next/static/chunks/node_modules_next_dist_1gdrd03._.js:1945
[13168516ms] [LOG] [Fast Refresh] rebuilding @ http://localhost:3000/_next/static/chunks/node_modules_next_dist_1gdrd03._.js:1226
[13168614ms] [ERROR] ./src/components/studio/EditorBridge.tsx:15:1
Export CampusCompilerAdapter doesn't exist in target module
  13 | import { useGraphStore } from '@/store/graph-store'
  14 | import { useStudioStore } from '@/store/studio-store'
> 15 | import { CampusCompilerAdapter } from '@/services/compiler-adapter'
     | ^^^^^^^^^^^^^^^^^^^^^^^^^^^^^^^^^^^^^^^^^^^^^^^^^^^^^^^^^^^^^^^^^^^
  16 |
  17 | /**
  18 |  * ── Selection Ownership Invariant ─────────────────────────────────

The export CampusCompilerAdapter was not found in module [project]/src/services/compiler-adapter.ts [app-client] (ecmascript).
Did you mean to import createCompilerAdapter?
All exports of the module are statically known (It doesn't have dynamic exports). So it's known statically that the requested export doesn't exist.

Import traces:
  Client Component Browser:
    ./src/components/studio/EditorBridge.tsx [Client Component Browser]
    ./src/components/studio/StudioWorkspace.tsx [Client Component Browser]
    ./src/app/(admin)/studio/[id]/edit/page.tsx [Client Component Browser]
    ./src/app/(admin)/studio/[id]/edit/page.tsx [Server Component]

  Client Component SSR:
    ./src/components/studio/EditorBridge.tsx [Client Component SSR]
    ./src/components/studio/StudioWorkspace.tsx [Client Component SSR]
    ./src/app/(admin)/studio/[id]/edit/page.tsx [Client Component SSR]
    ./src/app/(admin)/studio/[id]/edit/page.tsx [Server Component] @ http://localhost:3000/_next/static/chunks/node_modules_next_dist_1gdrd03._.js:1945
[13168614ms] [ERROR] ./src/components/studio/EditorBridge.tsx:15:1
Export CampusCompilerAdapter doesn't exist in target module
  13 | import { useGraphStore } from '@/store/graph-store'
  14 | import { useStudioStore } from '@/store/studio-store'
> 15 | import { CampusCompilerAdapter } from '@/services/compiler-adapter'
     | ^^^^^^^^^^^^^^^^^^^^^^^^^^^^^^^^^^^^^^^^^^^^^^^^^^^^^^^^^^^^^^^^^^^
  16 |
  17 | /**
  18 |  * ── Selection Ownership Invariant ─────────────────────────────────

The export CampusCompilerAdapter was not found in module [project]/src/services/compiler-adapter.ts [app-ssr] (ecmascript).
Did you mean to import createCompilerAdapter?
All exports of the module are statically known (It doesn't have dynamic exports). So it's known statically that the requested export doesn't exist.

Import traces:
  Client Component Browser:
    ./src/components/studio/EditorBridge.tsx [Client Component Browser]
    ./src/components/studio/StudioWorkspace.tsx [Client Component Browser]
    ./src/app/(admin)/studio/[id]/edit/page.tsx [Client Component Browser]
    ./src/app/(admin)/studio/[id]/edit/page.tsx [Server Component]

  Client Component SSR:
    ./src/components/studio/EditorBridge.tsx [Client Component SSR]
    ./src/components/studio/StudioWorkspace.tsx [Client Component SSR]
    ./src/app/(admin)/studio/[id]/edit/page.tsx [Client Component SSR]
    ./src/app/(admin)/studio/[id]/edit/page.tsx [Server Component] @ http://localhost:3000/_next/static/chunks/node_modules_next_dist_1gdrd03._.js:1945
[13168648ms] [LOG] [Fast Refresh] rebuilding @ http://localhost:3000/_next/static/chunks/node_modules_next_dist_1gdrd03._.js:1226
[13168859ms] [ERROR] ./src/components/studio/EditorBridge.tsx:15:1
Export CampusCompilerAdapter doesn't exist in target module
  13 | import { useGraphStore } from '@/store/graph-store'
  14 | import { useStudioStore } from '@/store/studio-store'
> 15 | import { CampusCompilerAdapter } from '@/services/compiler-adapter'
     | ^^^^^^^^^^^^^^^^^^^^^^^^^^^^^^^^^^^^^^^^^^^^^^^^^^^^^^^^^^^^^^^^^^^
  16 |
  17 | /**
  18 |  * ── Selection Ownership Invariant ─────────────────────────────────

The export CampusCompilerAdapter was not found in module [project]/src/services/compiler-adapter.ts [app-client] (ecmascript).
Did you mean to import createCompilerAdapter?
All exports of the module are statically known (It doesn't have dynamic exports). So it's known statically that the requested export doesn't exist.

Import traces:
  Client Component Browser:
    ./src/components/studio/EditorBridge.tsx [Client Component Browser]
    ./src/components/studio/StudioWorkspace.tsx [Client Component Browser]
    ./src/app/(admin)/studio/[id]/edit/page.tsx [Client Component Browser]
    ./src/app/(admin)/studio/[id]/edit/page.tsx [Server Component]

  Client Component SSR:
    ./src/components/studio/EditorBridge.tsx [Client Component SSR]
    ./src/components/studio/StudioWorkspace.tsx [Client Component SSR]
    ./src/app/(admin)/studio/[id]/edit/page.tsx [Client Component SSR]
    ./src/app/(admin)/studio/[id]/edit/page.tsx [Server Component] @ http://localhost:3000/_next/static/chunks/node_modules_next_dist_1gdrd03._.js:1945
[13168859ms] [ERROR] ./src/components/studio/EditorBridge.tsx:15:1
Export CampusCompilerAdapter doesn't exist in target module
  13 | import { useGraphStore } from '@/store/graph-store'
  14 | import { useStudioStore } from '@/store/studio-store'
> 15 | import { CampusCompilerAdapter } from '@/services/compiler-adapter'
     | ^^^^^^^^^^^^^^^^^^^^^^^^^^^^^^^^^^^^^^^^^^^^^^^^^^^^^^^^^^^^^^^^^^^
  16 |
  17 | /**
  18 |  * ── Selection Ownership Invariant ─────────────────────────────────

The export CampusCompilerAdapter was not found in module [project]/src/services/compiler-adapter.ts [app-ssr] (ecmascript).
Did you mean to import createCompilerAdapter?
All exports of the module are statically known (It doesn't have dynamic exports). So it's known statically that the requested export doesn't exist.

Import traces:
  Client Component Browser:
    ./src/components/studio/EditorBridge.tsx [Client Component Browser]
    ./src/components/studio/StudioWorkspace.tsx [Client Component Browser]
    ./src/app/(admin)/studio/[id]/edit/page.tsx [Client Component Browser]
    ./src/app/(admin)/studio/[id]/edit/page.tsx [Server Component]

  Client Component SSR:
    ./src/components/studio/EditorBridge.tsx [Client Component SSR]
    ./src/components/studio/StudioWorkspace.tsx [Client Component SSR]
    ./src/app/(admin)/studio/[id]/edit/page.tsx [Client Component SSR]
    ./src/app/(admin)/studio/[id]/edit/page.tsx [Server Component] @ http://localhost:3000/_next/static/chunks/node_modules_next_dist_1gdrd03._.js:1945
[13168892ms] [LOG] [Fast Refresh] rebuilding @ http://localhost:3000/_next/static/chunks/node_modules_next_dist_1gdrd03._.js:1226
[13169024ms] [ERROR] ./src/components/studio/EditorBridge.tsx:15:1
Export CampusCompilerAdapter doesn't exist in target module
  13 | import { useGraphStore } from '@/store/graph-store'
  14 | import { useStudioStore } from '@/store/studio-store'
> 15 | import { CampusCompilerAdapter } from '@/services/compiler-adapter'
     | ^^^^^^^^^^^^^^^^^^^^^^^^^^^^^^^^^^^^^^^^^^^^^^^^^^^^^^^^^^^^^^^^^^^
  16 |
  17 | /**
  18 |  * ── Selection Ownership Invariant ─────────────────────────────────

The export CampusCompilerAdapter was not found in module [project]/src/services/compiler-adapter.ts [app-client] (ecmascript).
Did you mean to import createCompilerAdapter?
All exports of the module are statically known (It doesn't have dynamic exports). So it's known statically that the requested export doesn't exist.

Import traces:
  Client Component Browser:
    ./src/components/studio/EditorBridge.tsx [Client Component Browser]
    ./src/components/studio/StudioWorkspace.tsx [Client Component Browser]
    ./src/app/(admin)/studio/[id]/edit/page.tsx [Client Component Browser]
    ./src/app/(admin)/studio/[id]/edit/page.tsx [Server Component]

  Client Component SSR:
    ./src/components/studio/EditorBridge.tsx [Client Component SSR]
    ./src/components/studio/StudioWorkspace.tsx [Client Component SSR]
    ./src/app/(admin)/studio/[id]/edit/page.tsx [Client Component SSR]
    ./src/app/(admin)/studio/[id]/edit/page.tsx [Server Component] @ http://localhost:3000/_next/static/chunks/node_modules_next_dist_1gdrd03._.js:1945
[13169024ms] [ERROR] ./src/components/studio/EditorBridge.tsx:15:1
Export CampusCompilerAdapter doesn't exist in target module
  13 | import { useGraphStore } from '@/store/graph-store'
  14 | import { useStudioStore } from '@/store/studio-store'
> 15 | import { CampusCompilerAdapter } from '@/services/compiler-adapter'
     | ^^^^^^^^^^^^^^^^^^^^^^^^^^^^^^^^^^^^^^^^^^^^^^^^^^^^^^^^^^^^^^^^^^^
  16 |
  17 | /**
  18 |  * ── Selection Ownership Invariant ─────────────────────────────────

The export CampusCompilerAdapter was not found in module [project]/src/services/compiler-adapter.ts [app-ssr] (ecmascript).
Did you mean to import createCompilerAdapter?
All exports of the module are statically known (It doesn't have dynamic exports). So it's known statically that the requested export doesn't exist.

Import traces:
  Client Component Browser:
    ./src/components/studio/EditorBridge.tsx [Client Component Browser]
    ./src/components/studio/StudioWorkspace.tsx [Client Component Browser]
    ./src/app/(admin)/studio/[id]/edit/page.tsx [Client Component Browser]
    ./src/app/(admin)/studio/[id]/edit/page.tsx [Server Component]

  Client Component SSR:
    ./src/components/studio/EditorBridge.tsx [Client Component SSR]
    ./src/components/studio/StudioWorkspace.tsx [Client Component SSR]
    ./src/app/(admin)/studio/[id]/edit/page.tsx [Client Component SSR]
    ./src/app/(admin)/studio/[id]/edit/page.tsx [Server Component] @ http://localhost:3000/_next/static/chunks/node_modules_next_dist_1gdrd03._.js:1945
[13169047ms] [LOG] [Fast Refresh] rebuilding @ http://localhost:3000/_next/static/chunks/node_modules_next_dist_1gdrd03._.js:1226
[13169111ms] [ERROR] ./src/components/studio/EditorBridge.tsx:15:1
Export CampusCompilerAdapter doesn't exist in target module
  13 | import { useGraphStore } from '@/store/graph-store'
  14 | import { useStudioStore } from '@/store/studio-store'
> 15 | import { CampusCompilerAdapter } from '@/services/compiler-adapter'
     | ^^^^^^^^^^^^^^^^^^^^^^^^^^^^^^^^^^^^^^^^^^^^^^^^^^^^^^^^^^^^^^^^^^^
  16 |
  17 | /**
  18 |  * ── Selection Ownership Invariant ─────────────────────────────────

The export CampusCompilerAdapter was not found in module [project]/src/services/compiler-adapter.ts [app-client] (ecmascript).
Did you mean to import createCompilerAdapter?
All exports of the module are statically known (It doesn't have dynamic exports). So it's known statically that the requested export doesn't exist.

Import traces:
  Client Component Browser:
    ./src/components/studio/EditorBridge.tsx [Client Component Browser]
    ./src/components/studio/StudioWorkspace.tsx [Client Component Browser]
    ./src/app/(admin)/studio/[id]/edit/page.tsx [Client Component Browser]
    ./src/app/(admin)/studio/[id]/edit/page.tsx [Server Component]

  Client Component SSR:
    ./src/components/studio/EditorBridge.tsx [Client Component SSR]
    ./src/components/studio/StudioWorkspace.tsx [Client Component SSR]
    ./src/app/(admin)/studio/[id]/edit/page.tsx [Client Component SSR]
    ./src/app/(admin)/studio/[id]/edit/page.tsx [Server Component] @ http://localhost:3000/_next/static/chunks/node_modules_next_dist_1gdrd03._.js:1945
[13169111ms] [ERROR] ./src/components/studio/EditorBridge.tsx:15:1
Export CampusCompilerAdapter doesn't exist in target module
  13 | import { useGraphStore } from '@/store/graph-store'
  14 | import { useStudioStore } from '@/store/studio-store'
> 15 | import { CampusCompilerAdapter } from '@/services/compiler-adapter'
     | ^^^^^^^^^^^^^^^^^^^^^^^^^^^^^^^^^^^^^^^^^^^^^^^^^^^^^^^^^^^^^^^^^^^
  16 |
  17 | /**
  18 |  * ── Selection Ownership Invariant ─────────────────────────────────

The export CampusCompilerAdapter was not found in module [project]/src/services/compiler-adapter.ts [app-ssr] (ecmascript).
Did you mean to import createCompilerAdapter?
All exports of the module are statically known (It doesn't have dynamic exports). So it's known statically that the requested export doesn't exist.

Import traces:
  Client Component Browser:
    ./src/components/studio/EditorBridge.tsx [Client Component Browser]
    ./src/components/studio/StudioWorkspace.tsx [Client Component Browser]
    ./src/app/(admin)/studio/[id]/edit/page.tsx [Client Component Browser]
    ./src/app/(admin)/studio/[id]/edit/page.tsx [Server Component]

  Client Component SSR:
    ./src/components/studio/EditorBridge.tsx [Client Component SSR]
    ./src/components/studio/StudioWorkspace.tsx [Client Component SSR]
    ./src/app/(admin)/studio/[id]/edit/page.tsx [Client Component SSR]
    ./src/app/(admin)/studio/[id]/edit/page.tsx [Server Component] @ http://localhost:3000/_next/static/chunks/node_modules_next_dist_1gdrd03._.js:1945
[13169167ms] [ERROR] ./src/components/studio/EditorBridge.tsx:15:1
Export CampusCompilerAdapter doesn't exist in target module
  13 | import { useGraphStore } from '@/store/graph-store'
  14 | import { useStudioStore } from '@/store/studio-store'
> 15 | import { CampusCompilerAdapter } from '@/services/compiler-adapter'
     | ^^^^^^^^^^^^^^^^^^^^^^^^^^^^^^^^^^^^^^^^^^^^^^^^^^^^^^^^^^^^^^^^^^^
  16 |
  17 | /**
  18 |  * ── Selection Ownership Invariant ─────────────────────────────────

The export CampusCompilerAdapter was not found in module [project]/src/services/compiler-adapter.ts [app-client] (ecmascript).
Did you mean to import createCompilerAdapter?
All exports of the module are statically known (It doesn't have dynamic exports). So it's known statically that the requested export doesn't exist.

Import traces:
  Client Component Browser:
    ./src/components/studio/EditorBridge.tsx [Client Component Browser]
    ./src/components/studio/StudioWorkspace.tsx [Client Component Browser]
    ./src/app/(admin)/studio/[id]/edit/page.tsx [Client Component Browser]
    ./src/app/(admin)/studio/[id]/edit/page.tsx [Server Component]

  Client Component SSR:
    ./src/components/studio/EditorBridge.tsx [Client Component SSR]
    ./src/components/studio/StudioWorkspace.tsx [Client Component SSR]
    ./src/app/(admin)/studio/[id]/edit/page.tsx [Client Component SSR]
    ./src/app/(admin)/studio/[id]/edit/page.tsx [Server Component] @ http://localhost:3000/_next/static/chunks/node_modules_next_dist_1gdrd03._.js:1945
[13169167ms] [ERROR] ./src/components/studio/EditorBridge.tsx:15:1
Export CampusCompilerAdapter doesn't exist in target module
  13 | import { useGraphStore } from '@/store/graph-store'
  14 | import { useStudioStore } from '@/store/studio-store'
> 15 | import { CampusCompilerAdapter } from '@/services/compiler-adapter'
     | ^^^^^^^^^^^^^^^^^^^^^^^^^^^^^^^^^^^^^^^^^^^^^^^^^^^^^^^^^^^^^^^^^^^
  16 |
  17 | /**
  18 |  * ── Selection Ownership Invariant ─────────────────────────────────

The export CampusCompilerAdapter was not found in module [project]/src/services/compiler-adapter.ts [app-ssr] (ecmascript).
Did you mean to import createCompilerAdapter?
All exports of the module are statically known (It doesn't have dynamic exports). So it's known statically that the requested export doesn't exist.

Import traces:
  Client Component Browser:
    ./src/components/studio/EditorBridge.tsx [Client Component Browser]
    ./src/components/studio/StudioWorkspace.tsx [Client Component Browser]
    ./src/app/(admin)/studio/[id]/edit/page.tsx [Client Component Browser]
    ./src/app/(admin)/studio/[id]/edit/page.tsx [Server Component]

  Client Component SSR:
    ./src/components/studio/EditorBridge.tsx [Client Component SSR]
    ./src/components/studio/StudioWorkspace.tsx [Client Component SSR]
    ./src/app/(admin)/studio/[id]/edit/page.tsx [Client Component SSR]
    ./src/app/(admin)/studio/[id]/edit/page.tsx [Server Component] @ http://localhost:3000/_next/static/chunks/node_modules_next_dist_1gdrd03._.js:1945
[13169237ms] [LOG] [Fast Refresh] rebuilding @ http://localhost:3000/_next/static/chunks/node_modules_next_dist_1gdrd03._.js:1226
[13169523ms] [ERROR] ./src/components/studio/EditorBridge.tsx:15:1
Export CampusCompilerAdapter doesn't exist in target module
  13 | import { useGraphStore } from '@/store/graph-store'
  14 | import { useStudioStore } from '@/store/studio-store'
> 15 | import { CampusCompilerAdapter } from '@/services/compiler-adapter'
     | ^^^^^^^^^^^^^^^^^^^^^^^^^^^^^^^^^^^^^^^^^^^^^^^^^^^^^^^^^^^^^^^^^^^
  16 |
  17 | /**
  18 |  * ── Selection Ownership Invariant ─────────────────────────────────

The export CampusCompilerAdapter was not found in module [project]/src/services/compiler-adapter.ts [app-client] (ecmascript).
Did you mean to import createCompilerAdapter?
All exports of the module are statically known (It doesn't have dynamic exports). So it's known statically that the requested export doesn't exist.

Import traces:
  Client Component Browser:
    ./src/components/studio/EditorBridge.tsx [Client Component Browser]
    ./src/components/studio/StudioWorkspace.tsx [Client Component Browser]
    ./src/app/(admin)/studio/[id]/edit/page.tsx [Client Component Browser]
    ./src/app/(admin)/studio/[id]/edit/page.tsx [Server Component]

  Client Component SSR:
    ./src/components/studio/EditorBridge.tsx [Client Component SSR]
    ./src/components/studio/StudioWorkspace.tsx [Client Component SSR]
    ./src/app/(admin)/studio/[id]/edit/page.tsx [Client Component SSR]
    ./src/app/(admin)/studio/[id]/edit/page.tsx [Server Component] @ http://localhost:3000/_next/static/chunks/node_modules_next_dist_1gdrd03._.js:1945
[13169523ms] [ERROR] ./src/components/studio/EditorBridge.tsx:15:1
Export CampusCompilerAdapter doesn't exist in target module
  13 | import { useGraphStore } from '@/store/graph-store'
  14 | import { useStudioStore } from '@/store/studio-store'
> 15 | import { CampusCompilerAdapter } from '@/services/compiler-adapter'
     | ^^^^^^^^^^^^^^^^^^^^^^^^^^^^^^^^^^^^^^^^^^^^^^^^^^^^^^^^^^^^^^^^^^^
  16 |
  17 | /**
  18 |  * ── Selection Ownership Invariant ─────────────────────────────────

The export CampusCompilerAdapter was not found in module [project]/src/services/compiler-adapter.ts [app-ssr] (ecmascript).
Did you mean to import createCompilerAdapter?
All exports of the module are statically known (It doesn't have dynamic exports). So it's known statically that the requested export doesn't exist.

Import traces:
  Client Component Browser:
    ./src/components/studio/EditorBridge.tsx [Client Component Browser]
    ./src/components/studio/StudioWorkspace.tsx [Client Component Browser]
    ./src/app/(admin)/studio/[id]/edit/page.tsx [Client Component Browser]
    ./src/app/(admin)/studio/[id]/edit/page.tsx [Server Component]

  Client Component SSR:
    ./src/components/studio/EditorBridge.tsx [Client Component SSR]
    ./src/components/studio/StudioWorkspace.tsx [Client Component SSR]
    ./src/app/(admin)/studio/[id]/edit/page.tsx [Client Component SSR]
    ./src/app/(admin)/studio/[id]/edit/page.tsx [Server Component] @ http://localhost:3000/_next/static/chunks/node_modules_next_dist_1gdrd03._.js:1945
[13169566ms] [LOG] [Fast Refresh] rebuilding @ http://localhost:3000/_next/static/chunks/node_modules_next_dist_1gdrd03._.js:1226
[13169691ms] [ERROR] ./src/components/studio/EditorBridge.tsx:15:1
Export CampusCompilerAdapter doesn't exist in target module
  13 | import { useGraphStore } from '@/store/graph-store'
  14 | import { useStudioStore } from '@/store/studio-store'
> 15 | import { CampusCompilerAdapter } from '@/services/compiler-adapter'
     | ^^^^^^^^^^^^^^^^^^^^^^^^^^^^^^^^^^^^^^^^^^^^^^^^^^^^^^^^^^^^^^^^^^^
  16 |
  17 | /**
  18 |  * ── Selection Ownership Invariant ─────────────────────────────────

The export CampusCompilerAdapter was not found in module [project]/src/services/compiler-adapter.ts [app-client] (ecmascript).
Did you mean to import createCompilerAdapter?
All exports of the module are statically known (It doesn't have dynamic exports). So it's known statically that the requested export doesn't exist.

Import traces:
  Client Component Browser:
    ./src/components/studio/EditorBridge.tsx [Client Component Browser]
    ./src/components/studio/StudioWorkspace.tsx [Client Component Browser]
    ./src/app/(admin)/studio/[id]/edit/page.tsx [Client Component Browser]
    ./src/app/(admin)/studio/[id]/edit/page.tsx [Server Component]

  Client Component SSR:
    ./src/components/studio/EditorBridge.tsx [Client Component SSR]
    ./src/components/studio/StudioWorkspace.tsx [Client Component SSR]
    ./src/app/(admin)/studio/[id]/edit/page.tsx [Client Component SSR]
    ./src/app/(admin)/studio/[id]/edit/page.tsx [Server Component] @ http://localhost:3000/_next/static/chunks/node_modules_next_dist_1gdrd03._.js:1945
[13169691ms] [ERROR] ./src/components/studio/EditorBridge.tsx:15:1
Export CampusCompilerAdapter doesn't exist in target module
  13 | import { useGraphStore } from '@/store/graph-store'
  14 | import { useStudioStore } from '@/store/studio-store'
> 15 | import { CampusCompilerAdapter } from '@/services/compiler-adapter'
     | ^^^^^^^^^^^^^^^^^^^^^^^^^^^^^^^^^^^^^^^^^^^^^^^^^^^^^^^^^^^^^^^^^^^
  16 |
  17 | /**
  18 |  * ── Selection Ownership Invariant ─────────────────────────────────

The export CampusCompilerAdapter was not found in module [project]/src/services/compiler-adapter.ts [app-ssr] (ecmascript).
Did you mean to import createCompilerAdapter?
All exports of the module are statically known (It doesn't have dynamic exports). So it's known statically that the requested export doesn't exist.

Import traces:
  Client Component Browser:
    ./src/components/studio/EditorBridge.tsx [Client Component Browser]
    ./src/components/studio/StudioWorkspace.tsx [Client Component Browser]
    ./src/app/(admin)/studio/[id]/edit/page.tsx [Client Component Browser]
    ./src/app/(admin)/studio/[id]/edit/page.tsx [Server Component]

  Client Component SSR:
    ./src/components/studio/EditorBridge.tsx [Client Component SSR]
    ./src/components/studio/StudioWorkspace.tsx [Client Component SSR]
    ./src/app/(admin)/studio/[id]/edit/page.tsx [Client Component SSR]
    ./src/app/(admin)/studio/[id]/edit/page.tsx [Server Component] @ http://localhost:3000/_next/static/chunks/node_modules_next_dist_1gdrd03._.js:1945
[13169714ms] [LOG] [Fast Refresh] rebuilding @ http://localhost:3000/_next/static/chunks/node_modules_next_dist_1gdrd03._.js:1226
[13173729ms] [LOG] [Fast Refresh] rebuilding @ http://localhost:3000/_next/static/chunks/node_modules_next_dist_1gdrd03._.js:1226
[13174146ms] [LOG] [Fast Refresh] done in 496ms @ http://localhost:3000/_next/static/chunks/node_modules_next_dist_1gdrd03._.js:1226
[13174414ms] [LOG] [Fast Refresh] rebuilding @ http://localhost:3000/_next/static/chunks/node_modules_next_dist_1gdrd03._.js:1226
[13174562ms] [LOG] [Fast Refresh] done in 254ms @ http://localhost:3000/_next/static/chunks/node_modules_next_dist_1gdrd03._.js:1226
[13174632ms] [INFO] %cDownload the React DevTools for a better development experience: https://react.dev/link/react-devtools font-weight:bold @ http://localhost:3000/_next/static/chunks/node_modules_next_dist_1ybzpk2._.js:2477
[13174663ms] [LOG] [HMR] connected @ http://localhost:3000/_next/static/chunks/node_modules_next_dist_1ybzpk2._.js:2477
[13175331ms] [LOG] [Fast Refresh] rebuilding @ http://localhost:3000/_next/static/chunks/node_modules_next_dist_1ybzpk2._.js:2477
[13175758ms] [LOG] [Fast Refresh] done in 529ms @ http://localhost:3000/_next/static/chunks/node_modules_next_dist_1ybzpk2._.js:2477
[13175975ms] [LOG] [Fast Refresh] rebuilding @ http://localhost:3000/_next/static/chunks/node_modules_next_dist_1ybzpk2._.js:2477
[13176042ms] [LOG] [Fast Refresh] done in 178ms @ http://localhost:3000/_next/static/chunks/node_modules_next_dist_1ybzpk2._.js:2477
[13299394ms] [LOG] [Fast Refresh] rebuilding @ http://localhost:3000/_next/static/chunks/node_modules_next_dist_1ybzpk2._.js:2477
[13299727ms] [ERROR] ./src/app/(admin)/studio/[id]/edit/page.tsx:33:1
Expression expected
  31 |   )
  32 | }
> 33 | }
     | ^
  34 |

Parsing ecmascript source code failed @ http://localhost:3000/_next/static/chunks/node_modules_next_dist_1ybzpk2._.js:3318
[13299751ms] [ERROR] Failed to load resource: the server responded with a status of 500 (Internal Server Error) @ http://localhost:3000/login?_rsc=HGeqrSPwNUK85NEL:0
[13299784ms] [ERROR] Failed to load resource: the server responded with a status of 500 (Internal Server Error) @ http://localhost:3000/login?_rsc=HGeqrSPwNUK85NEL:0
[13299824ms] [ERROR] Failed to load resource: the server responded with a status of 500 (Internal Server Error) @ http://localhost:3000/login:0
[13299876ms] [INFO] %cDownload the React DevTools for a better development experience: https://react.dev/link/react-devtools font-weight:bold @ http://localhost:3000/_next/static/chunks/node_modules_react-dom_0kla17-._.js:15305
[13299887ms] Error: ./src/app/(admin)/studio/[id]/edit/page.tsx:33:1
Expression expected
  31 |   )
  32 | }
> 33 | }
     | ^
  34 |

Parsing ecmascript source code failed


    at <unknown> (Error: ./src/app/(admin)/studio/[id]/edit/page.tsx:33:1)
    at Object.getCompilationErrors (file://C:\Users\Administrator\Desktop\CODEme\Navi\navi-next\node_modules\next\dist\server\dev\hot-reloader-turbopack.js:1186:59)
    at DevBundlerService.getCompilationError (file://C:\Users\Administrator\Desktop\CODEme\Navi\navi-next\node_modules\next\dist\server\lib\dev-bundler-service.js:44:55)
    at DevServer.getCompilationError (file://C:\Users\Administrator\Desktop\CODEme\Navi\navi-next\node_modules\next\dist\server\dev\next-dev-server.js:720:42)
    at DevServer.findPageComponents (file://C:\Users\Administrator\Desktop\CODEme\Navi\navi-next\node_modules\next\dist\server\dev\next-dev-server.js:690:43)
    at async DevServer.renderErrorToResponseImpl (file://C:\Users\Administrator\Desktop\CODEme\Navi\navi-next\node_modules\next\dist\server\base-server.js:1753:26)
[13299889ms] [LOG] [HMR] connected @ http://localhost:3000/_next/static/chunks/node_modules_next_dist_1gdrd03._.js:1226
[13299893ms] [ERROR] ./src/app/(admin)/studio/[id]/edit/page.tsx:33:1
Expression expected
  31 |   )
  32 | }
> 33 | }
     | ^
  34 |

Parsing ecmascript source code failed @ http://localhost:3000/_next/static/chunks/node_modules_next_dist_1gdrd03._.js:1945
[13299936ms] [ERROR] ./src/app/(admin)/studio/[id]/edit/page.tsx:33:1
Expression expected
  31 |   )
  32 | }
> 33 | }
     | ^
  34 |

Parsing ecmascript source code failed @ http://localhost:3000/_next/static/chunks/node_modules_next_dist_1gdrd03._.js:1945
[13300117ms] [ERROR] ./src/app/(admin)/studio/[id]/edit/page.tsx:33:1
Expression expected
  31 |   )
  32 | }
> 33 | }
     | ^
  34 |

Parsing ecmascript source code failed @ http://localhost:3000/_next/static/chunks/node_modules_next_dist_1gdrd03._.js:1945
[13300148ms] [LOG] [Fast Refresh] rebuilding @ http://localhost:3000/_next/static/chunks/node_modules_next_dist_1gdrd03._.js:1226
[13300464ms] [ERROR] ./src/app/(admin)/studio/[id]/edit/page.tsx:33:1
Expression expected
  31 |   )
  32 | }
> 33 | }
     | ^
  34 |

Parsing ecmascript source code failed @ http://localhost:3000/_next/static/chunks/node_modules_next_dist_1gdrd03._.js:1945
[13300549ms] [ERROR] ./src/app/(admin)/studio/[id]/edit/page.tsx:33:1
Expression expected
  31 |   )
  32 | }
> 33 | }
     | ^
  34 |

Parsing ecmascript source code failed @ http://localhost:3000/_next/static/chunks/node_modules_next_dist_1gdrd03._.js:1945
[13300672ms] [ERROR] ./src/app/(admin)/studio/[id]/edit/page.tsx:33:1
Expression expected
  31 |   )
  32 | }
> 33 | }
     | ^
  34 |

Parsing ecmascript source code failed @ http://localhost:3000/_next/static/chunks/node_modules_next_dist_1gdrd03._.js:1945
[13300692ms] [LOG] [Fast Refresh] rebuilding @ http://localhost:3000/_next/static/chunks/node_modules_next_dist_1gdrd03._.js:1226
[13300821ms] [ERROR] ./src/app/(admin)/studio/[id]/edit/page.tsx:33:1
Expression expected
  31 |   )
  32 | }
> 33 | }
     | ^
  34 |

Parsing ecmascript source code failed @ http://localhost:3000/_next/static/chunks/node_modules_next_dist_1gdrd03._.js:1945
[13300876ms] [LOG] [Fast Refresh] rebuilding @ http://localhost:3000/_next/static/chunks/node_modules_next_dist_1gdrd03._.js:1226
[13309272ms] [ERROR] ./src/app/(admin)/studio/[id]/edit/page.tsx:33:1
Expression expected
  31 |   )
  32 | }
> 33 | }
     | ^
  34 |

Parsing ecmascript source code failed @ http://localhost:3000/_next/static/chunks/node_modules_next_dist_1gdrd03._.js:1945
[13309328ms] [LOG] [Fast Refresh] rebuilding @ http://localhost:3000/_next/static/chunks/node_modules_next_dist_1gdrd03._.js:1226
[13309553ms] [ERROR] ./src/app/(admin)/studio/[id]/edit/page.tsx:33:1
Expression expected
  31 |   )
  32 | }
> 33 | }
     | ^
  34 |

Parsing ecmascript source code failed @ http://localhost:3000/_next/static/chunks/node_modules_next_dist_1gdrd03._.js:1945
[13309594ms] [LOG] [Fast Refresh] rebuilding @ http://localhost:3000/_next/static/chunks/node_modules_next_dist_1gdrd03._.js:1226
[13309744ms] [ERROR] ./src/app/(admin)/studio/[id]/edit/page.tsx:33:1
Expression expected
  31 |   )
  32 | }
> 33 | }
     | ^
  34 |

Parsing ecmascript source code failed @ http://localhost:3000/_next/static/chunks/node_modules_next_dist_1gdrd03._.js:1945
[13309768ms] [LOG] [Fast Refresh] rebuilding @ http://localhost:3000/_next/static/chunks/node_modules_next_dist_1gdrd03._.js:1226
[13309944ms] [ERROR] ./src/app/(admin)/studio/[id]/edit/page.tsx:33:1
Expression expected
  31 |   )
  32 | }
> 33 | }
     | ^
  34 |

Parsing ecmascript source code failed @ http://localhost:3000/_next/static/chunks/node_modules_next_dist_1gdrd03._.js:1945
[13309984ms] [LOG] [Fast Refresh] rebuilding @ http://localhost:3000/_next/static/chunks/node_modules_next_dist_1gdrd03._.js:1226
[13310118ms] [ERROR] ./src/app/(admin)/studio/[id]/edit/page.tsx:33:1
Expression expected
  31 |   )
  32 | }
> 33 | }
     | ^
  34 |

Parsing ecmascript source code failed @ http://localhost:3000/_next/static/chunks/node_modules_next_dist_1gdrd03._.js:1945
[13310143ms] [LOG] [Fast Refresh] rebuilding @ http://localhost:3000/_next/static/chunks/node_modules_next_dist_1gdrd03._.js:1226
[13310609ms] [ERROR] ./src/app/(admin)/studio/[id]/edit/page.tsx:33:1
Expression expected
  31 |   )
  32 | }
> 33 | }
     | ^
  34 |

Parsing ecmascript source code failed @ http://localhost:3000/_next/static/chunks/node_modules_next_dist_1gdrd03._.js:1945
[13310632ms] [LOG] [Fast Refresh] rebuilding @ http://localhost:3000/_next/static/chunks/node_modules_next_dist_1gdrd03._.js:1226
[13310759ms] [ERROR] ./src/app/(admin)/studio/[id]/edit/page.tsx:33:1
Expression expected
  31 |   )
  32 | }
> 33 | }
     | ^
  34 |

Parsing ecmascript source code failed @ http://localhost:3000/_next/static/chunks/node_modules_next_dist_1gdrd03._.js:1945
[13310806ms] [ERROR] ./src/app/(admin)/studio/[id]/edit/page.tsx:33:1
Expression expected
  31 |   )
  32 | }
> 33 | }
     | ^
  34 |

Parsing ecmascript source code failed @ http://localhost:3000/_next/static/chunks/node_modules_next_dist_1gdrd03._.js:1945
[13310866ms] [LOG] [Fast Refresh] rebuilding @ http://localhost:3000/_next/static/chunks/node_modules_next_dist_1gdrd03._.js:1226
[13311206ms] [ERROR] ./src/app/(admin)/studio/[id]/edit/page.tsx:33:1
Expression expected
  31 |   )
  32 | }
> 33 | }
     | ^
  34 |

Parsing ecmascript source code failed @ http://localhost:3000/_next/static/chunks/node_modules_next_dist_1gdrd03._.js:1945
[13311242ms] [ERROR] ./src/app/(admin)/studio/[id]/edit/page.tsx:33:1
Expression expected
  31 |   )
  32 | }
> 33 | }
     | ^
  34 |

Parsing ecmascript source code failed @ http://localhost:3000/_next/static/chunks/node_modules_next_dist_1gdrd03._.js:1945
[13311318ms] [LOG] [Fast Refresh] rebuilding @ http://localhost:3000/_next/static/chunks/node_modules_next_dist_1gdrd03._.js:1226
[13314705ms] [ERROR] ./src/app/(admin)/studio/[id]/edit/page.tsx:33:1
Expression expected
  31 |   )
  32 | }
> 33 | }
     | ^
  34 |

Parsing ecmascript source code failed @ http://localhost:3000/_next/static/chunks/node_modules_next_dist_1gdrd03._.js:1945
[13314736ms] [LOG] [Fast Refresh] rebuilding @ http://localhost:3000/_next/static/chunks/node_modules_next_dist_1gdrd03._.js:1226
[13314861ms] [ERROR] ./src/app/(admin)/studio/[id]/edit/page.tsx:33:1
Expression expected
  31 |   )
  32 | }
> 33 | }
     | ^
  34 |

Parsing ecmascript source code failed @ http://localhost:3000/_next/static/chunks/node_modules_next_dist_1gdrd03._.js:1945
[13314906ms] [LOG] [Fast Refresh] rebuilding @ http://localhost:3000/_next/static/chunks/node_modules_next_dist_1gdrd03._.js:1226
[13315060ms] [ERROR] ./src/app/(admin)/studio/[id]/edit/page.tsx:33:1
Expression expected
  31 |   )
  32 | }
> 33 | }
     | ^
  34 |

Parsing ecmascript source code failed @ http://localhost:3000/_next/static/chunks/node_modules_next_dist_1gdrd03._.js:1945
[13315101ms] [LOG] [Fast Refresh] rebuilding @ http://localhost:3000/_next/static/chunks/node_modules_next_dist_1gdrd03._.js:1226
[13315200ms] [ERROR] ./src/app/(admin)/studio/[id]/edit/page.tsx:33:1
Expression expected
  31 |   )
  32 | }
> 33 | }
     | ^
  34 |

Parsing ecmascript source code failed @ http://localhost:3000/_next/static/chunks/node_modules_next_dist_1gdrd03._.js:1945
[13315244ms] [ERROR] ./src/app/(admin)/studio/[id]/edit/page.tsx:33:1
Expression expected
  31 |   )
  32 | }
> 33 | }
     | ^
  34 |

Parsing ecmascript source code failed @ http://localhost:3000/_next/static/chunks/node_modules_next_dist_1gdrd03._.js:1945
[13315309ms] [LOG] [Fast Refresh] rebuilding @ http://localhost:3000/_next/static/chunks/node_modules_next_dist_1gdrd03._.js:1226
[13315697ms] [ERROR] ./src/app/(admin)/studio/[id]/edit/page.tsx:33:1
Expression expected
  31 |   )
  32 | }
> 33 | }
     | ^
  34 |

Parsing ecmascript source code failed @ http://localhost:3000/_next/static/chunks/node_modules_next_dist_1gdrd03._.js:1945
[13315742ms] [LOG] [Fast Refresh] rebuilding @ http://localhost:3000/_next/static/chunks/node_modules_next_dist_1gdrd03._.js:1226
[13315877ms] [ERROR] ./src/app/(admin)/studio/[id]/edit/page.tsx:33:1
Expression expected
  31 |   )
  32 | }
> 33 | }
     | ^
  34 |

Parsing ecmascript source code failed @ http://localhost:3000/_next/static/chunks/node_modules_next_dist_1gdrd03._.js:1945
[13315917ms] [LOG] [Fast Refresh] rebuilding @ http://localhost:3000/_next/static/chunks/node_modules_next_dist_1gdrd03._.js:1226
[13319651ms] [LOG] [Fast Refresh] rebuilding @ http://localhost:3000/_next/static/chunks/node_modules_next_dist_1gdrd03._.js:1226
[13320352ms] [LOG] [Fast Refresh] done in 801ms @ http://localhost:3000/_next/static/chunks/node_modules_next_dist_1gdrd03._.js:1226
[13320532ms] [LOG] [Fast Refresh] rebuilding @ http://localhost:3000/_next/static/chunks/node_modules_next_dist_1gdrd03._.js:1226
[13320721ms] [LOG] [Fast Refresh] done in 291ms @ http://localhost:3000/_next/static/chunks/node_modules_next_dist_1gdrd03._.js:1226
[13321192ms] [INFO] %cDownload the React DevTools for a better development experience: https://react.dev/link/react-devtools font-weight:bold @ http://localhost:3000/_next/static/chunks/node_modules_next_dist_1ybzpk2._.js:2477
[13321214ms] [LOG] [HMR] connected @ http://localhost:3000/_next/static/chunks/node_modules_next_dist_1ybzpk2._.js:2477
[13321721ms] [LOG] [Fast Refresh] rebuilding @ http://localhost:3000/_next/static/chunks/node_modules_next_dist_1ybzpk2._.js:2477
[13322008ms] [LOG] [Fast Refresh] done in 391ms @ http://localhost:3000/_next/static/chunks/node_modules_next_dist_1ybzpk2._.js:2477
[13322186ms] [LOG] [Fast Refresh] rebuilding @ http://localhost:3000/_next/static/chunks/node_modules_next_dist_1ybzpk2._.js:2477
[13322222ms] [LOG] [Fast Refresh] done in 143ms @ http://localhost:3000/_next/static/chunks/node_modules_next_dist_1ybzpk2._.js:2477
[13777631ms] [LOG] [Fast Refresh] rebuilding @ http://localhost:3000/_next/static/chunks/node_modules_next_dist_1ybzpk2._.js:2477
[13777691ms] [LOG] [Fast Refresh] done in 71ms @ http://localhost:3000/_next/static/chunks/node_modules_next_dist_1ybzpk2._.js:2477
[13777804ms] [LOG] [Fast Refresh] rebuilding @ http://localhost:3000/_next/static/chunks/node_modules_next_dist_1ybzpk2._.js:2477
[13777845ms] [LOG] [Fast Refresh] done in 150ms @ http://localhost:3000/_next/static/chunks/node_modules_next_dist_1ybzpk2._.js:2477
[13778854ms] [LOG] [Fast Refresh] rebuilding @ http://localhost:3000/_next/static/chunks/node_modules_next_dist_1ybzpk2._.js:2477
[13778935ms] [LOG] [Fast Refresh] done in 183ms @ http://localhost:3000/_next/static/chunks/node_modules_next_dist_1ybzpk2._.js:2477
[13801575ms] [LOG] [Fast Refresh] rebuilding @ http://localhost:3000/_next/static/chunks/node_modules_next_dist_1ybzpk2._.js:2477
[13801731ms] [LOG] [Fast Refresh] done in 257ms @ http://localhost:3000/_next/static/chunks/node_modules_next_dist_1ybzpk2._.js:2477
[14031777ms] [LOG] [Fast Refresh] rebuilding @ http://localhost:3000/_next/static/chunks/node_modules_next_dist_1ybzpk2._.js:2477
[14031832ms] [LOG] [Fast Refresh] done in 157ms @ http://localhost:3000/_next/static/chunks/node_modules_next_dist_1ybzpk2._.js:2477
[14034462ms] [LOG] [Fast Refresh] rebuilding @ http://localhost:3000/_next/static/chunks/node_modules_next_dist_1ybzpk2._.js:2477
[14034521ms] [LOG] [Fast Refresh] done in 164ms @ http://localhost:3000/_next/static/chunks/node_modules_next_dist_1ybzpk2._.js:2477
[14044043ms] [LOG] [Fast Refresh] rebuilding @ http://localhost:3000/_next/static/chunks/node_modules_next_dist_1ybzpk2._.js:2477
[14044175ms] [LOG] [Fast Refresh] done in 244ms @ http://localhost:3000/_next/static/chunks/node_modules_next_dist_1ybzpk2._.js:2477
[14137184ms] [LOG] [Fast Refresh] rebuilding @ http://localhost:3000/_next/static/chunks/node_modules_next_dist_1ybzpk2._.js:2477
[14137211ms] [LOG] [Fast Refresh] done in 85ms @ http://localhost:3000/_next/static/chunks/node_modules_next_dist_1ybzpk2._.js:2477
[14137345ms] [LOG] [Fast Refresh] rebuilding @ http://localhost:3000/_next/static/chunks/node_modules_next_dist_1ybzpk2._.js:2477
[14137367ms] [LOG] [Fast Refresh] done in 125ms @ http://localhost:3000/_next/static/chunks/node_modules_next_dist_1ybzpk2._.js:2477
[14138154ms] [LOG] [Fast Refresh] rebuilding @ http://localhost:3000/_next/static/chunks/node_modules_next_dist_1ybzpk2._.js:2477
[14138210ms] [LOG] [Fast Refresh] done in 167ms @ http://localhost:3000/_next/static/chunks/node_modules_next_dist_1ybzpk2._.js:2477
[14143430ms] [LOG] [Fast Refresh] rebuilding @ http://localhost:3000/_next/static/chunks/node_modules_next_dist_1ybzpk2._.js:2477
[14143480ms] [LOG] [Fast Refresh] done in 97ms @ http://localhost:3000/_next/static/chunks/node_modules_next_dist_1ybzpk2._.js:2477
[14143630ms] [LOG] [Fast Refresh] rebuilding @ http://localhost:3000/_next/static/chunks/node_modules_next_dist_1ybzpk2._.js:2477
[14143677ms] [LOG] [Fast Refresh] done in 154ms @ http://localhost:3000/_next/static/chunks/node_modules_next_dist_1ybzpk2._.js:2477
[14144770ms] [LOG] [Fast Refresh] rebuilding @ http://localhost:3000/_next/static/chunks/node_modules_next_dist_1ybzpk2._.js:2477
[14144895ms] [LOG] [Fast Refresh] done in 233ms @ http://localhost:3000/_next/static/chunks/node_modules_next_dist_1ybzpk2._.js:2477
[14150437ms] [LOG] [Fast Refresh] rebuilding @ http://localhost:3000/_next/static/chunks/node_modules_next_dist_1ybzpk2._.js:2477
[14150480ms] [LOG] [Fast Refresh] done in 44ms @ http://localhost:3000/_next/static/chunks/node_modules_next_dist_1ybzpk2._.js:2477
[14150586ms] [LOG] [Fast Refresh] rebuilding @ http://localhost:3000/_next/static/chunks/node_modules_next_dist_1ybzpk2._.js:2477
[14150613ms] [LOG] [Fast Refresh] done in 128ms @ http://localhost:3000/_next/static/chunks/node_modules_next_dist_1ybzpk2._.js:2477
[14151587ms] [LOG] [Fast Refresh] rebuilding @ http://localhost:3000/_next/static/chunks/node_modules_next_dist_1ybzpk2._.js:2477
[14151659ms] [LOG] [Fast Refresh] done in 187ms @ http://localhost:3000/_next/static/chunks/node_modules_next_dist_1ybzpk2._.js:2477
[14154596ms] [LOG] [Fast Refresh] rebuilding @ http://localhost:3000/_next/static/chunks/node_modules_next_dist_1ybzpk2._.js:2477
[14154736ms] [LOG] [Fast Refresh] done in 254ms @ http://localhost:3000/_next/static/chunks/node_modules_next_dist_1ybzpk2._.js:2477
