[      25ms] [WARNING] The resource https://vercel.com/_next/static/immutable/media/caa3a2e1cccd8315.p.0zr6hhvz-h9nw.woff2 was preloaded using link preload but not used within a few seconds from the window's load event. Please make sure it has an appropriate `as` value and it is preloaded intentionally. @ https://vercel.com/navi01/navi-next/HXPJhFfmm6hVd9uMJqqXxxAAgv9t:0
[      25ms] [WARNING] The resource https://vercel.com/_next/static/immutable/chunks/0ly-6r7tnbx1k.css was preloaded using link preload but not used within a few seconds from the window's load event. Please make sure it has an appropriate `as` value and it is preloaded intentionally. @ https://vercel.com/navi01/navi-next/HXPJhFfmm6hVd9uMJqqXxxAAgv9t:0
[      25ms] [WARNING] The resource https://vercel.com/_next/static/immutable/chunks/0jowte4krju8u.css was preloaded using link preload but not used within a few seconds from the window's load event. Please make sure it has an appropriate `as` value and it is preloaded intentionally. @ https://vercel.com/navi01/navi-next/HXPJhFfmm6hVd9uMJqqXxxAAgv9t:0
[      25ms] [WARNING] The resource https://vercel.com/_next/static/immutable/media/797e433ab948586e.p.1v5bejj26fx9h.woff2 was preloaded using link preload but not used within a few seconds from the window's load event. Please make sure it has an appropriate `as` value and it is preloaded intentionally. @ https://vercel.com/navi01/navi-next/HXPJhFfmm6hVd9uMJqqXxxAAgv9t:0
[      25ms] [WARNING] The resource https://vercel.com/_next/static/immutable/chunks/3ltmde337_bn6.css was preloaded using link preload but not used within a few seconds from the window's load event. Please make sure it has an appropriate `as` value and it is preloaded intentionally. @ https://vercel.com/navi01/navi-next/HXPJhFfmm6hVd9uMJqqXxxAAgv9t:0
[      25ms] [WARNING] The resource https://vercel.com/_next/static/immutable/chunks/1fxyqxi0jz9ez.css was preloaded using link preload but not used within a few seconds from the window's load event. Please make sure it has an appropriate `as` value and it is preloaded intentionally. @ https://vercel.com/navi01/navi-next/HXPJhFfmm6hVd9uMJqqXxxAAgv9t:0
[      25ms] [WARNING] The resource https://vercel.com/_next/static/immutable/chunks/3m88gd-sogt5t.css was preloaded using link preload but not used within a few seconds from the window's load event. Please make sure it has an appropriate `as` value and it is preloaded intentionally. @ https://vercel.com/navi01/navi-next/HXPJhFfmm6hVd9uMJqqXxxAAgv9t:0
[      25ms] [WARNING] The resource https://vercel.com/_next/static/immutable/chunks/2auu4bhcsy3ul.css was preloaded using link preload but not used within a few seconds from the window's load event. Please make sure it has an appropriate `as` value and it is preloaded intentionally. @ https://vercel.com/navi01/navi-next/HXPJhFfmm6hVd9uMJqqXxxAAgv9t:0
[      25ms] [WARNING] The resource https://vercel.com/_next/static/immutable/chunks/1tfmo57som7nf.css was preloaded using link preload but not used within a few seconds from the window's load event. Please make sure it has an appropriate `as` value and it is preloaded intentionally. @ https://vercel.com/navi01/navi-next/HXPJhFfmm6hVd9uMJqqXxxAAgv9t:0
[      25ms] [WARNING] The resource https://vercel.com/_next/static/immutable/chunks/1ia85_jjd49lk.css was preloaded using link preload but not used within a few seconds from the window's load event. Please make sure it has an appropriate `as` value and it is preloaded intentionally. @ https://vercel.com/navi01/navi-next/HXPJhFfmm6hVd9uMJqqXxxAAgv9t:0
[     143ms] [LOG] Ignored request error AbortError: Failed to fetch
    at window.fetch (https://vercel.com/navi01/navi-next/HXPJhFfmm6hVd9uMJqqXxxAAgv9t:1:21285)
    at https://vercel.com/_next/static/immutable/chunks/30boi8e69jjip.js:17:10666
    at d (https://vercel.com/_next/static/immutable/chunks/2bb0f4z_qdzvc.js:2:35128)
    at name (https://vercel.com/_next/static/immutable/chunks/2bb0f4z_qdzvc.js:2:34227)
    at name (https://vercel.com/_next/static/immutable/chunks/2bb0f4z_qdzvc.js:2:16454)
    at new Promise (<anonymous>)
    at p (https://vercel.com/_next/static/immutable/chunks/2bb0f4z_qdzvc.js:2:16436)
    at g (https://vercel.com/_next/static/immutable/chunks/2bb0f4z_qdzvc.js:2:34223)
    at https://vercel.com/_next/static/immutable/chunks/01i4q0rskn79q.js:31:1131
    at o (https://vercel.com/_next/static/immutable/chunks/05f3_ve792fmu.js:2:7792)
    at https://vercel.com/_next/static/immutable/chunks/05f3_ve792fmu.js:2:12688
    at r (https://vercel.com/_next/static/immutable/chunks/05f3_ve792fmu.js:2:14406)
    at r (https://vercel.com/_next/static/immutable/chunks/30boi8e69jjip.js:17:3489) @ https://vercel.com/_next/static/immutable/chunks/30boi8e69jjip.js:16
[     365ms] [LOG] %c
▲

__  __                                     _            __
\ \/ /___  __  __   _________ _____       (_)_  _______/ /_
 \  / __ \/ / / /  / ___/ __ `/ __ \     / / / / / ___/ __/
 / / /_/ / /_/ /  / /__/ /_/ / / / /    / / /_/ (__  ) /_
/_/\____/\__,_/   \___/\__,_/_/ /_/  __/ /\__,_/____/\__/
         __    _          __  __    /___/
   _____/ /_  (_)___     / /_/ /_  (_)___  ____ ______
  / ___/ __ \/ / __ \   / __/ __ \/ / __ \/ __ `/ ___/
 (__  ) / / / / /_/ /  / /_/ / / / / / / / /_/ (__  )
/____/_/ /_/_/ .___/   \__/_/ /_/_/_/ /_/\__, /____/
            /_/                         /____/
  

Hello!

- Open Source https://vercel.com/oss
- Careers https://vercel.com/careers
- Status https://vercel-status.com

 font-family: "Geist Mono", monospace; white-space: pre; line-height: 1; @ https://vercel.com/_next/static/immutable/chunks/09cizcx7bxmnn.js:78
[     902ms] [WARNING] Deprecated API for given entry type. @ https://vercel.com/_next/static/immutable/chunks/30boi8e69jjip.js:18
[    2398ms] [ERROR] Failed to load resource: the server responded with a status of 404 () @ https://vercel.com/api/v6/deployments/dpl_FKvXGgtWxCg3xtNMaKW6d2taxH8R/files/turborepo-summary?teamId=navi01:0
[    2398ms] [ERROR] Failed to load resource: the server responded with a status of 404 () @ https://vercel.com/api/v6/deployments/dpl_G7pDDPhA51f9mSBG4XwSdnXVDHck/files/turborepo-summary?teamId=navi01:0
[    8008ms] [WARNING] The resource https://vercel.com/_next/static/immutable/chunks/0ly-6r7tnbx1k.css was preloaded using link preload but not used within a few seconds from the window's load event. Please make sure it has an appropriate `as` value and it is preloaded intentionally. @ https://vercel.com/navi01/navi-next/G7pDDPhA51f9mSBG4XwSdnXVDHck:0
[    8008ms] [WARNING] The resource https://vercel.com/_next/static/immutable/chunks/0jowte4krju8u.css was preloaded using link preload but not used within a few seconds from the window's load event. Please make sure it has an appropriate `as` value and it is preloaded intentionally. @ https://vercel.com/navi01/navi-next/G7pDDPhA51f9mSBG4XwSdnXVDHck:0
[    8008ms] [WARNING] The resource https://vercel.com/_next/static/immutable/chunks/3ltmde337_bn6.css was preloaded using link preload but not used within a few seconds from the window's load event. Please make sure it has an appropriate `as` value and it is preloaded intentionally. @ https://vercel.com/navi01/navi-next/G7pDDPhA51f9mSBG4XwSdnXVDHck:0
[    8008ms] [WARNING] The resource https://vercel.com/_next/static/immutable/chunks/1fxyqxi0jz9ez.css was preloaded using link preload but not used within a few seconds from the window's load event. Please make sure it has an appropriate `as` value and it is preloaded intentionally. @ https://vercel.com/navi01/navi-next/G7pDDPhA51f9mSBG4XwSdnXVDHck:0
[    8008ms] [WARNING] The resource https://vercel.com/_next/static/immutable/chunks/3m88gd-sogt5t.css was preloaded using link preload but not used within a few seconds from the window's load event. Please make sure it has an appropriate `as` value and it is preloaded intentionally. @ https://vercel.com/navi01/navi-next/G7pDDPhA51f9mSBG4XwSdnXVDHck:0
[    8008ms] [WARNING] The resource https://vercel.com/_next/static/immutable/chunks/2auu4bhcsy3ul.css was preloaded using link preload but not used within a few seconds from the window's load event. Please make sure it has an appropriate `as` value and it is preloaded intentionally. @ https://vercel.com/navi01/navi-next/G7pDDPhA51f9mSBG4XwSdnXVDHck:0
[    8008ms] [WARNING] The resource https://vercel.com/_next/static/immutable/chunks/1tfmo57som7nf.css was preloaded using link preload but not used within a few seconds from the window's load event. Please make sure it has an appropriate `as` value and it is preloaded intentionally. @ https://vercel.com/navi01/navi-next/G7pDDPhA51f9mSBG4XwSdnXVDHck:0
[    8008ms] [WARNING] The resource https://vercel.com/_next/static/immutable/chunks/1ia85_jjd49lk.css was preloaded using link preload but not used within a few seconds from the window's load event. Please make sure it has an appropriate `as` value and it is preloaded intentionally. @ https://vercel.com/navi01/navi-next/G7pDDPhA51f9mSBG4XwSdnXVDHck:0
[   11256ms] [WARNING] The resource https://vercel.com/_next/static/immutable/chunks/0ly-6r7tnbx1k.css was preloaded using link preload but not used within a few seconds from the window's load event. Please make sure it has an appropriate `as` value and it is preloaded intentionally. @ https://vercel.com/navi01/navi-next/G7pDDPhA51f9mSBG4XwSdnXVDHck:0
[   11256ms] [WARNING] The resource https://vercel.com/_next/static/immutable/chunks/0jowte4krju8u.css was preloaded using link preload but not used within a few seconds from the window's load event. Please make sure it has an appropriate `as` value and it is preloaded intentionally. @ https://vercel.com/navi01/navi-next/G7pDDPhA51f9mSBG4XwSdnXVDHck:0
[   11256ms] [WARNING] The resource https://vercel.com/_next/static/immutable/chunks/3ltmde337_bn6.css was preloaded using link preload but not used within a few seconds from the window's load event. Please make sure it has an appropriate `as` value and it is preloaded intentionally. @ https://vercel.com/navi01/navi-next/G7pDDPhA51f9mSBG4XwSdnXVDHck:0
[   11256ms] [WARNING] The resource https://vercel.com/_next/static/immutable/chunks/1fxyqxi0jz9ez.css was preloaded using link preload but not used within a few seconds from the window's load event. Please make sure it has an appropriate `as` value and it is preloaded intentionally. @ https://vercel.com/navi01/navi-next/G7pDDPhA51f9mSBG4XwSdnXVDHck:0
[   11256ms] [WARNING] The resource https://vercel.com/_next/static/immutable/chunks/3m88gd-sogt5t.css was preloaded using link preload but not used within a few seconds from the window's load event. Please make sure it has an appropriate `as` value and it is preloaded intentionally. @ https://vercel.com/navi01/navi-next/G7pDDPhA51f9mSBG4XwSdnXVDHck:0
[   11257ms] [WARNING] The resource https://vercel.com/_next/static/immutable/chunks/2auu4bhcsy3ul.css was preloaded using link preload but not used within a few seconds from the window's load event. Please make sure it has an appropriate `as` value and it is preloaded intentionally. @ https://vercel.com/navi01/navi-next/G7pDDPhA51f9mSBG4XwSdnXVDHck:0
[   11257ms] [WARNING] The resource https://vercel.com/_next/static/immutable/chunks/1tfmo57som7nf.css was preloaded using link preload but not used within a few seconds from the window's load event. Please make sure it has an appropriate `as` value and it is preloaded intentionally. @ https://vercel.com/navi01/navi-next/G7pDDPhA51f9mSBG4XwSdnXVDHck:0
[   11257ms] [WARNING] The resource https://vercel.com/_next/static/immutable/chunks/1ia85_jjd49lk.css was preloaded using link preload but not used within a few seconds from the window's load event. Please make sure it has an appropriate `as` value and it is preloaded intentionally. @ https://vercel.com/navi01/navi-next/G7pDDPhA51f9mSBG4XwSdnXVDHck:0
[   17705ms] [WARNING] The resource https://vercel.com/_next/static/immutable/chunks/0ly-6r7tnbx1k.css was preloaded using link preload but not used within a few seconds from the window's load event. Please make sure it has an appropriate `as` value and it is preloaded intentionally. @ https://vercel.com/navi01/navi-next/G7pDDPhA51f9mSBG4XwSdnXVDHck:0
[   17705ms] [WARNING] The resource https://vercel.com/_next/static/immutable/chunks/0jowte4krju8u.css was preloaded using link preload but not used within a few seconds from the window's load event. Please make sure it has an appropriate `as` value and it is preloaded intentionally. @ https://vercel.com/navi01/navi-next/G7pDDPhA51f9mSBG4XwSdnXVDHck:0
[   17705ms] [WARNING] The resource https://vercel.com/_next/static/immutable/chunks/3ltmde337_bn6.css was preloaded using link preload but not used within a few seconds from the window's load event. Please make sure it has an appropriate `as` value and it is preloaded intentionally. @ https://vercel.com/navi01/navi-next/G7pDDPhA51f9mSBG4XwSdnXVDHck:0
[   17705ms] [WARNING] The resource https://vercel.com/_next/static/immutable/chunks/1fxyqxi0jz9ez.css was preloaded using link preload but not used within a few seconds from the window's load event. Please make sure it has an appropriate `as` value and it is preloaded intentionally. @ https://vercel.com/navi01/navi-next/G7pDDPhA51f9mSBG4XwSdnXVDHck:0
[   17705ms] [WARNING] The resource https://vercel.com/_next/static/immutable/chunks/3m88gd-sogt5t.css was preloaded using link preload but not used within a few seconds from the window's load event. Please make sure it has an appropriate `as` value and it is preloaded intentionally. @ https://vercel.com/navi01/navi-next/G7pDDPhA51f9mSBG4XwSdnXVDHck:0
[   17705ms] [WARNING] The resource https://vercel.com/_next/static/immutable/chunks/2auu4bhcsy3ul.css was preloaded using link preload but not used within a few seconds from the window's load event. Please make sure it has an appropriate `as` value and it is preloaded intentionally. @ https://vercel.com/navi01/navi-next/G7pDDPhA51f9mSBG4XwSdnXVDHck:0
[   17705ms] [WARNING] The resource https://vercel.com/_next/static/immutable/chunks/1tfmo57som7nf.css was preloaded using link preload but not used within a few seconds from the window's load event. Please make sure it has an appropriate `as` value and it is preloaded intentionally. @ https://vercel.com/navi01/navi-next/G7pDDPhA51f9mSBG4XwSdnXVDHck:0
[   17705ms] [WARNING] The resource https://vercel.com/_next/static/immutable/chunks/1ia85_jjd49lk.css was preloaded using link preload but not used within a few seconds from the window's load event. Please make sure it has an appropriate `as` value and it is preloaded intentionally. @ https://vercel.com/navi01/navi-next/G7pDDPhA51f9mSBG4XwSdnXVDHck:0
[   20929ms] [WARNING] The resource https://vercel.com/_next/static/immutable/chunks/0ly-6r7tnbx1k.css was preloaded using link preload but not used within a few seconds from the window's load event. Please make sure it has an appropriate `as` value and it is preloaded intentionally. @ https://vercel.com/navi01/navi-next/G7pDDPhA51f9mSBG4XwSdnXVDHck:0
[   20929ms] [WARNING] The resource https://vercel.com/_next/static/immutable/chunks/0jowte4krju8u.css was preloaded using link preload but not used within a few seconds from the window's load event. Please make sure it has an appropriate `as` value and it is preloaded intentionally. @ https://vercel.com/navi01/navi-next/G7pDDPhA51f9mSBG4XwSdnXVDHck:0
[   20929ms] [WARNING] The resource https://vercel.com/_next/static/immutable/chunks/3ltmde337_bn6.css was preloaded using link preload but not used within a few seconds from the window's load event. Please make sure it has an appropriate `as` value and it is preloaded intentionally. @ https://vercel.com/navi01/navi-next/G7pDDPhA51f9mSBG4XwSdnXVDHck:0
[   20929ms] [WARNING] The resource https://vercel.com/_next/static/immutable/chunks/1fxyqxi0jz9ez.css was preloaded using link preload but not used within a few seconds from the window's load event. Please make sure it has an appropriate `as` value and it is preloaded intentionally. @ https://vercel.com/navi01/navi-next/G7pDDPhA51f9mSBG4XwSdnXVDHck:0
[   20929ms] [WARNING] The resource https://vercel.com/_next/static/immutable/chunks/3m88gd-sogt5t.css was preloaded using link preload but not used within a few seconds from the window's load event. Please make sure it has an appropriate `as` value and it is preloaded intentionally. @ https://vercel.com/navi01/navi-next/G7pDDPhA51f9mSBG4XwSdnXVDHck:0
[   20929ms] [WARNING] The resource https://vercel.com/_next/static/immutable/chunks/2auu4bhcsy3ul.css was preloaded using link preload but not used within a few seconds from the window's load event. Please make sure it has an appropriate `as` value and it is preloaded intentionally. @ https://vercel.com/navi01/navi-next/G7pDDPhA51f9mSBG4XwSdnXVDHck:0
[   20930ms] [WARNING] The resource https://vercel.com/_next/static/immutable/chunks/1tfmo57som7nf.css was preloaded using link preload but not used within a few seconds from the window's load event. Please make sure it has an appropriate `as` value and it is preloaded intentionally. @ https://vercel.com/navi01/navi-next/G7pDDPhA51f9mSBG4XwSdnXVDHck:0
[   20930ms] [WARNING] The resource https://vercel.com/_next/static/immutable/chunks/1ia85_jjd49lk.css was preloaded using link preload but not used within a few seconds from the window's load event. Please make sure it has an appropriate `as` value and it is preloaded intentionally. @ https://vercel.com/navi01/navi-next/G7pDDPhA51f9mSBG4XwSdnXVDHck:0
[   24180ms] [WARNING] The resource https://vercel.com/_next/static/immutable/chunks/0ly-6r7tnbx1k.css was preloaded using link preload but not used within a few seconds from the window's load event. Please make sure it has an appropriate `as` value and it is preloaded intentionally. @ https://vercel.com/navi01/navi-next/G7pDDPhA51f9mSBG4XwSdnXVDHck:0
[   24181ms] [WARNING] The resource https://vercel.com/_next/static/immutable/chunks/0jowte4krju8u.css was preloaded using link preload but not used within a few seconds from the window's load event. Please make sure it has an appropriate `as` value and it is preloaded intentionally. @ https://vercel.com/navi01/navi-next/G7pDDPhA51f9mSBG4XwSdnXVDHck:0
[   24181ms] [WARNING] The resource https://vercel.com/_next/static/immutable/chunks/3ltmde337_bn6.css was preloaded using link preload but not used within a few seconds from the window's load event. Please make sure it has an appropriate `as` value and it is preloaded intentionally. @ https://vercel.com/navi01/navi-next/G7pDDPhA51f9mSBG4XwSdnXVDHck:0
[   24181ms] [WARNING] The resource https://vercel.com/_next/static/immutable/chunks/1fxyqxi0jz9ez.css was preloaded using link preload but not used within a few seconds from the window's load event. Please make sure it has an appropriate `as` value and it is preloaded intentionally. @ https://vercel.com/navi01/navi-next/G7pDDPhA51f9mSBG4XwSdnXVDHck:0
[   24181ms] [WARNING] The resource https://vercel.com/_next/static/immutable/chunks/3m88gd-sogt5t.css was preloaded using link preload but not used within a few seconds from the window's load event. Please make sure it has an appropriate `as` value and it is preloaded intentionally. @ https://vercel.com/navi01/navi-next/G7pDDPhA51f9mSBG4XwSdnXVDHck:0
[   24181ms] [WARNING] The resource https://vercel.com/_next/static/immutable/chunks/2auu4bhcsy3ul.css was preloaded using link preload but not used within a few seconds from the window's load event. Please make sure it has an appropriate `as` value and it is preloaded intentionally. @ https://vercel.com/navi01/navi-next/G7pDDPhA51f9mSBG4XwSdnXVDHck:0
[   24181ms] [WARNING] The resource https://vercel.com/_next/static/immutable/chunks/1tfmo57som7nf.css was preloaded using link preload but not used within a few seconds from the window's load event. Please make sure it has an appropriate `as` value and it is preloaded intentionally. @ https://vercel.com/navi01/navi-next/G7pDDPhA51f9mSBG4XwSdnXVDHck:0
[   24181ms] [WARNING] The resource https://vercel.com/_next/static/immutable/chunks/1ia85_jjd49lk.css was preloaded using link preload but not used within a few seconds from the window's load event. Please make sure it has an appropriate `as` value and it is preloaded intentionally. @ https://vercel.com/navi01/navi-next/G7pDDPhA51f9mSBG4XwSdnXVDHck:0
[   27412ms] [WARNING] The resource https://vercel.com/_next/static/immutable/chunks/0ly-6r7tnbx1k.css was preloaded using link preload but not used within a few seconds from the window's load event. Please make sure it has an appropriate `as` value and it is preloaded intentionally. @ https://vercel.com/navi01/navi-next/G7pDDPhA51f9mSBG4XwSdnXVDHck:0
[   27412ms] [WARNING] The resource https://vercel.com/_next/static/immutable/chunks/0jowte4krju8u.css was preloaded using link preload but not used within a few seconds from the window's load event. Please make sure it has an appropriate `as` value and it is preloaded intentionally. @ https://vercel.com/navi01/navi-next/G7pDDPhA51f9mSBG4XwSdnXVDHck:0
[   27412ms] [WARNING] The resource https://vercel.com/_next/static/immutable/chunks/3ltmde337_bn6.css was preloaded using link preload but not used within a few seconds from the window's load event. Please make sure it has an appropriate `as` value and it is preloaded intentionally. @ https://vercel.com/navi01/navi-next/G7pDDPhA51f9mSBG4XwSdnXVDHck:0
[   27412ms] [WARNING] The resource https://vercel.com/_next/static/immutable/chunks/1fxyqxi0jz9ez.css was preloaded using link preload but not used within a few seconds from the window's load event. Please make sure it has an appropriate `as` value and it is preloaded intentionally. @ https://vercel.com/navi01/navi-next/G7pDDPhA51f9mSBG4XwSdnXVDHck:0
[   27412ms] [WARNING] The resource https://vercel.com/_next/static/immutable/chunks/3m88gd-sogt5t.css was preloaded using link preload but not used within a few seconds from the window's load event. Please make sure it has an appropriate `as` value and it is preloaded intentionally. @ https://vercel.com/navi01/navi-next/G7pDDPhA51f9mSBG4XwSdnXVDHck:0
[   27412ms] [WARNING] The resource https://vercel.com/_next/static/immutable/chunks/2auu4bhcsy3ul.css was preloaded using link preload but not used within a few seconds from the window's load event. Please make sure it has an appropriate `as` value and it is preloaded intentionally. @ https://vercel.com/navi01/navi-next/G7pDDPhA51f9mSBG4XwSdnXVDHck:0
[   27412ms] [WARNING] The resource https://vercel.com/_next/static/immutable/chunks/1tfmo57som7nf.css was preloaded using link preload but not used within a few seconds from the window's load event. Please make sure it has an appropriate `as` value and it is preloaded intentionally. @ https://vercel.com/navi01/navi-next/G7pDDPhA51f9mSBG4XwSdnXVDHck:0
[   27412ms] [WARNING] The resource https://vercel.com/_next/static/immutable/chunks/1ia85_jjd49lk.css was preloaded using link preload but not used within a few seconds from the window's load event. Please make sure it has an appropriate `as` value and it is preloaded intentionally. @ https://vercel.com/navi01/navi-next/G7pDDPhA51f9mSBG4XwSdnXVDHck:0
[   30650ms] [WARNING] The resource https://vercel.com/_next/static/immutable/chunks/0ly-6r7tnbx1k.css was preloaded using link preload but not used within a few seconds from the window's load event. Please make sure it has an appropriate `as` value and it is preloaded intentionally. @ https://vercel.com/navi01/navi-next/G7pDDPhA51f9mSBG4XwSdnXVDHck:0
[   30650ms] [WARNING] The resource https://vercel.com/_next/static/immutable/chunks/0jowte4krju8u.css was preloaded using link preload but not used within a few seconds from the window's load event. Please make sure it has an appropriate `as` value and it is preloaded intentionally. @ https://vercel.com/navi01/navi-next/G7pDDPhA51f9mSBG4XwSdnXVDHck:0
[   30650ms] [WARNING] The resource https://vercel.com/_next/static/immutable/chunks/3ltmde337_bn6.css was preloaded using link preload but not used within a few seconds from the window's load event. Please make sure it has an appropriate `as` value and it is preloaded intentionally. @ https://vercel.com/navi01/navi-next/G7pDDPhA51f9mSBG4XwSdnXVDHck:0
[   30650ms] [WARNING] The resource https://vercel.com/_next/static/immutable/chunks/1fxyqxi0jz9ez.css was preloaded using link preload but not used within a few seconds from the window's load event. Please make sure it has an appropriate `as` value and it is preloaded intentionally. @ https://vercel.com/navi01/navi-next/G7pDDPhA51f9mSBG4XwSdnXVDHck:0
[   30650ms] [WARNING] The resource https://vercel.com/_next/static/immutable/chunks/3m88gd-sogt5t.css was preloaded using link preload but not used within a few seconds from the window's load event. Please make sure it has an appropriate `as` value and it is preloaded intentionally. @ https://vercel.com/navi01/navi-next/G7pDDPhA51f9mSBG4XwSdnXVDHck:0
[   30650ms] [WARNING] The resource https://vercel.com/_next/static/immutable/chunks/2auu4bhcsy3ul.css was preloaded using link preload but not used within a few seconds from the window's load event. Please make sure it has an appropriate `as` value and it is preloaded intentionally. @ https://vercel.com/navi01/navi-next/G7pDDPhA51f9mSBG4XwSdnXVDHck:0
[   30650ms] [WARNING] The resource https://vercel.com/_next/static/immutable/chunks/1tfmo57som7nf.css was preloaded using link preload but not used within a few seconds from the window's load event. Please make sure it has an appropriate `as` value and it is preloaded intentionally. @ https://vercel.com/navi01/navi-next/G7pDDPhA51f9mSBG4XwSdnXVDHck:0
[   30650ms] [WARNING] The resource https://vercel.com/_next/static/immutable/chunks/1ia85_jjd49lk.css was preloaded using link preload but not used within a few seconds from the window's load event. Please make sure it has an appropriate `as` value and it is preloaded intentionally. @ https://vercel.com/navi01/navi-next/G7pDDPhA51f9mSBG4XwSdnXVDHck:0
[   33869ms] [WARNING] The resource https://vercel.com/_next/static/immutable/chunks/0ly-6r7tnbx1k.css was preloaded using link preload but not used within a few seconds from the window's load event. Please make sure it has an appropriate `as` value and it is preloaded intentionally. @ https://vercel.com/navi01/navi-next/G7pDDPhA51f9mSBG4XwSdnXVDHck:0
[   33869ms] [WARNING] The resource https://vercel.com/_next/static/immutable/chunks/0jowte4krju8u.css was preloaded using link preload but not used within a few seconds from the window's load event. Please make sure it has an appropriate `as` value and it is preloaded intentionally. @ https://vercel.com/navi01/navi-next/G7pDDPhA51f9mSBG4XwSdnXVDHck:0
[   33869ms] [WARNING] The resource https://vercel.com/_next/static/immutable/chunks/3ltmde337_bn6.css was preloaded using link preload but not used within a few seconds from the window's load event. Please make sure it has an appropriate `as` value and it is preloaded intentionally. @ https://vercel.com/navi01/navi-next/G7pDDPhA51f9mSBG4XwSdnXVDHck:0
[   33869ms] [WARNING] The resource https://vercel.com/_next/static/immutable/chunks/1fxyqxi0jz9ez.css was preloaded using link preload but not used within a few seconds from the window's load event. Please make sure it has an appropriate `as` value and it is preloaded intentionally. @ https://vercel.com/navi01/navi-next/G7pDDPhA51f9mSBG4XwSdnXVDHck:0
[   33869ms] [WARNING] The resource https://vercel.com/_next/static/immutable/chunks/3m88gd-sogt5t.css was preloaded using link preload but not used within a few seconds from the window's load event. Please make sure it has an appropriate `as` value and it is preloaded intentionally. @ https://vercel.com/navi01/navi-next/G7pDDPhA51f9mSBG4XwSdnXVDHck:0
[   33869ms] [WARNING] The resource https://vercel.com/_next/static/immutable/chunks/2auu4bhcsy3ul.css was preloaded using link preload but not used within a few seconds from the window's load event. Please make sure it has an appropriate `as` value and it is preloaded intentionally. @ https://vercel.com/navi01/navi-next/G7pDDPhA51f9mSBG4XwSdnXVDHck:0
[   33869ms] [WARNING] The resource https://vercel.com/_next/static/immutable/chunks/1tfmo57som7nf.css was preloaded using link preload but not used within a few seconds from the window's load event. Please make sure it has an appropriate `as` value and it is preloaded intentionally. @ https://vercel.com/navi01/navi-next/G7pDDPhA51f9mSBG4XwSdnXVDHck:0
[   33869ms] [WARNING] The resource https://vercel.com/_next/static/immutable/chunks/1ia85_jjd49lk.css was preloaded using link preload but not used within a few seconds from the window's load event. Please make sure it has an appropriate `as` value and it is preloaded intentionally. @ https://vercel.com/navi01/navi-next/G7pDDPhA51f9mSBG4XwSdnXVDHck:0
[   37099ms] [WARNING] The resource https://vercel.com/_next/static/immutable/chunks/0ly-6r7tnbx1k.css was preloaded using link preload but not used within a few seconds from the window's load event. Please make sure it has an appropriate `as` value and it is preloaded intentionally. @ https://vercel.com/navi01/navi-next/G7pDDPhA51f9mSBG4XwSdnXVDHck:0
[   37099ms] [WARNING] The resource https://vercel.com/_next/static/immutable/chunks/0jowte4krju8u.css was preloaded using link preload but not used within a few seconds from the window's load event. Please make sure it has an appropriate `as` value and it is preloaded intentionally. @ https://vercel.com/navi01/navi-next/G7pDDPhA51f9mSBG4XwSdnXVDHck:0
[   37099ms] [WARNING] The resource https://vercel.com/_next/static/immutable/chunks/3ltmde337_bn6.css was preloaded using link preload but not used within a few seconds from the window's load event. Please make sure it has an appropriate `as` value and it is preloaded intentionally. @ https://vercel.com/navi01/navi-next/G7pDDPhA51f9mSBG4XwSdnXVDHck:0
[   37099ms] [WARNING] The resource https://vercel.com/_next/static/immutable/chunks/1fxyqxi0jz9ez.css was preloaded using link preload but not used within a few seconds from the window's load event. Please make sure it has an appropriate `as` value and it is preloaded intentionally. @ https://vercel.com/navi01/navi-next/G7pDDPhA51f9mSBG4XwSdnXVDHck:0
[   37099ms] [WARNING] The resource https://vercel.com/_next/static/immutable/chunks/3m88gd-sogt5t.css was preloaded using link preload but not used within a few seconds from the window's load event. Please make sure it has an appropriate `as` value and it is preloaded intentionally. @ https://vercel.com/navi01/navi-next/G7pDDPhA51f9mSBG4XwSdnXVDHck:0
[   37099ms] [WARNING] The resource https://vercel.com/_next/static/immutable/chunks/2auu4bhcsy3ul.css was preloaded using link preload but not used within a few seconds from the window's load event. Please make sure it has an appropriate `as` value and it is preloaded intentionally. @ https://vercel.com/navi01/navi-next/G7pDDPhA51f9mSBG4XwSdnXVDHck:0
[   37099ms] [WARNING] The resource https://vercel.com/_next/static/immutable/chunks/1tfmo57som7nf.css was preloaded using link preload but not used within a few seconds from the window's load event. Please make sure it has an appropriate `as` value and it is preloaded intentionally. @ https://vercel.com/navi01/navi-next/G7pDDPhA51f9mSBG4XwSdnXVDHck:0
[   37099ms] [WARNING] The resource https://vercel.com/_next/static/immutable/chunks/1ia85_jjd49lk.css was preloaded using link preload but not used within a few seconds from the window's load event. Please make sure it has an appropriate `as` value and it is preloaded intentionally. @ https://vercel.com/navi01/navi-next/G7pDDPhA51f9mSBG4XwSdnXVDHck:0
[   40350ms] [WARNING] The resource https://vercel.com/_next/static/immutable/chunks/0ly-6r7tnbx1k.css was preloaded using link preload but not used within a few seconds from the window's load event. Please make sure it has an appropriate `as` value and it is preloaded intentionally. @ https://vercel.com/navi01/navi-next/G7pDDPhA51f9mSBG4XwSdnXVDHck:0
[   40350ms] [WARNING] The resource https://vercel.com/_next/static/immutable/chunks/0jowte4krju8u.css was preloaded using link preload but not used within a few seconds from the window's load event. Please make sure it has an appropriate `as` value and it is preloaded intentionally. @ https://vercel.com/navi01/navi-next/G7pDDPhA51f9mSBG4XwSdnXVDHck:0
[   40350ms] [WARNING] The resource https://vercel.com/_next/static/immutable/chunks/3ltmde337_bn6.css was preloaded using link preload but not used within a few seconds from the window's load event. Please make sure it has an appropriate `as` value and it is preloaded intentionally. @ https://vercel.com/navi01/navi-next/G7pDDPhA51f9mSBG4XwSdnXVDHck:0
[   40350ms] [WARNING] The resource https://vercel.com/_next/static/immutable/chunks/1fxyqxi0jz9ez.css was preloaded using link preload but not used within a few seconds from the window's load event. Please make sure it has an appropriate `as` value and it is preloaded intentionally. @ https://vercel.com/navi01/navi-next/G7pDDPhA51f9mSBG4XwSdnXVDHck:0
[   40350ms] [WARNING] The resource https://vercel.com/_next/static/immutable/chunks/3m88gd-sogt5t.css was preloaded using link preload but not used within a few seconds from the window's load event. Please make sure it has an appropriate `as` value and it is preloaded intentionally. @ https://vercel.com/navi01/navi-next/G7pDDPhA51f9mSBG4XwSdnXVDHck:0
[   40350ms] [WARNING] The resource https://vercel.com/_next/static/immutable/chunks/2auu4bhcsy3ul.css was preloaded using link preload but not used within a few seconds from the window's load event. Please make sure it has an appropriate `as` value and it is preloaded intentionally. @ https://vercel.com/navi01/navi-next/G7pDDPhA51f9mSBG4XwSdnXVDHck:0
[   40350ms] [WARNING] The resource https://vercel.com/_next/static/immutable/chunks/1tfmo57som7nf.css was preloaded using link preload but not used within a few seconds from the window's load event. Please make sure it has an appropriate `as` value and it is preloaded intentionally. @ https://vercel.com/navi01/navi-next/G7pDDPhA51f9mSBG4XwSdnXVDHck:0
[   40350ms] [WARNING] The resource https://vercel.com/_next/static/immutable/chunks/1ia85_jjd49lk.css was preloaded using link preload but not used within a few seconds from the window's load event. Please make sure it has an appropriate `as` value and it is preloaded intentionally. @ https://vercel.com/navi01/navi-next/G7pDDPhA51f9mSBG4XwSdnXVDHck:0
[   43584ms] [WARNING] The resource https://vercel.com/_next/static/immutable/chunks/0ly-6r7tnbx1k.css was preloaded using link preload but not used within a few seconds from the window's load event. Please make sure it has an appropriate `as` value and it is preloaded intentionally. @ https://vercel.com/navi01/navi-next/G7pDDPhA51f9mSBG4XwSdnXVDHck:0
[   43584ms] [WARNING] The resource https://vercel.com/_next/static/immutable/chunks/0jowte4krju8u.css was preloaded using link preload but not used within a few seconds from the window's load event. Please make sure it has an appropriate `as` value and it is preloaded intentionally. @ https://vercel.com/navi01/navi-next/G7pDDPhA51f9mSBG4XwSdnXVDHck:0
[   43584ms] [WARNING] The resource https://vercel.com/_next/static/immutable/chunks/3ltmde337_bn6.css was preloaded using link preload but not used within a few seconds from the window's load event. Please make sure it has an appropriate `as` value and it is preloaded intentionally. @ https://vercel.com/navi01/navi-next/G7pDDPhA51f9mSBG4XwSdnXVDHck:0
[   43584ms] [WARNING] The resource https://vercel.com/_next/static/immutable/chunks/1fxyqxi0jz9ez.css was preloaded using link preload but not used within a few seconds from the window's load event. Please make sure it has an appropriate `as` value and it is preloaded intentionally. @ https://vercel.com/navi01/navi-next/G7pDDPhA51f9mSBG4XwSdnXVDHck:0
[   43584ms] [WARNING] The resource https://vercel.com/_next/static/immutable/chunks/3m88gd-sogt5t.css was preloaded using link preload but not used within a few seconds from the window's load event. Please make sure it has an appropriate `as` value and it is preloaded intentionally. @ https://vercel.com/navi01/navi-next/G7pDDPhA51f9mSBG4XwSdnXVDHck:0
[   43584ms] [WARNING] The resource https://vercel.com/_next/static/immutable/chunks/2auu4bhcsy3ul.css was preloaded using link preload but not used within a few seconds from the window's load event. Please make sure it has an appropriate `as` value and it is preloaded intentionally. @ https://vercel.com/navi01/navi-next/G7pDDPhA51f9mSBG4XwSdnXVDHck:0
[   43584ms] [WARNING] The resource https://vercel.com/_next/static/immutable/chunks/1tfmo57som7nf.css was preloaded using link preload but not used within a few seconds from the window's load event. Please make sure it has an appropriate `as` value and it is preloaded intentionally. @ https://vercel.com/navi01/navi-next/G7pDDPhA51f9mSBG4XwSdnXVDHck:0
[   43584ms] [WARNING] The resource https://vercel.com/_next/static/immutable/chunks/1ia85_jjd49lk.css was preloaded using link preload but not used within a few seconds from the window's load event. Please make sure it has an appropriate `as` value and it is preloaded intentionally. @ https://vercel.com/navi01/navi-next/G7pDDPhA51f9mSBG4XwSdnXVDHck:0
[   46809ms] [WARNING] The resource https://vercel.com/_next/static/immutable/chunks/0ly-6r7tnbx1k.css was preloaded using link preload but not used within a few seconds from the window's load event. Please make sure it has an appropriate `as` value and it is preloaded intentionally. @ https://vercel.com/navi01/navi-next/G7pDDPhA51f9mSBG4XwSdnXVDHck:0
[   46809ms] [WARNING] The resource https://vercel.com/_next/static/immutable/chunks/0jowte4krju8u.css was preloaded using link preload but not used within a few seconds from the window's load event. Please make sure it has an appropriate `as` value and it is preloaded intentionally. @ https://vercel.com/navi01/navi-next/G7pDDPhA51f9mSBG4XwSdnXVDHck:0
[   46809ms] [WARNING] The resource https://vercel.com/_next/static/immutable/chunks/3ltmde337_bn6.css was preloaded using link preload but not used within a few seconds from the window's load event. Please make sure it has an appropriate `as` value and it is preloaded intentionally. @ https://vercel.com/navi01/navi-next/G7pDDPhA51f9mSBG4XwSdnXVDHck:0
[   46809ms] [WARNING] The resource https://vercel.com/_next/static/immutable/chunks/1fxyqxi0jz9ez.css was preloaded using link preload but not used within a few seconds from the window's load event. Please make sure it has an appropriate `as` value and it is preloaded intentionally. @ https://vercel.com/navi01/navi-next/G7pDDPhA51f9mSBG4XwSdnXVDHck:0
[   46809ms] [WARNING] The resource https://vercel.com/_next/static/immutable/chunks/3m88gd-sogt5t.css was preloaded using link preload but not used within a few seconds from the window's load event. Please make sure it has an appropriate `as` value and it is preloaded intentionally. @ https://vercel.com/navi01/navi-next/G7pDDPhA51f9mSBG4XwSdnXVDHck:0
[   46809ms] [WARNING] The resource https://vercel.com/_next/static/immutable/chunks/2auu4bhcsy3ul.css was preloaded using link preload but not used within a few seconds from the window's load event. Please make sure it has an appropriate `as` value and it is preloaded intentionally. @ https://vercel.com/navi01/navi-next/G7pDDPhA51f9mSBG4XwSdnXVDHck:0
[   46809ms] [WARNING] The resource https://vercel.com/_next/static/immutable/chunks/1tfmo57som7nf.css was preloaded using link preload but not used within a few seconds from the window's load event. Please make sure it has an appropriate `as` value and it is preloaded intentionally. @ https://vercel.com/navi01/navi-next/G7pDDPhA51f9mSBG4XwSdnXVDHck:0
[   46809ms] [WARNING] The resource https://vercel.com/_next/static/immutable/chunks/1ia85_jjd49lk.css was preloaded using link preload but not used within a few seconds from the window's load event. Please make sure it has an appropriate `as` value and it is preloaded intentionally. @ https://vercel.com/navi01/navi-next/G7pDDPhA51f9mSBG4XwSdnXVDHck:0
[   50367ms] [WARNING] The resource https://vercel.com/_next/static/immutable/chunks/0ly-6r7tnbx1k.css was preloaded using link preload but not used within a few seconds from the window's load event. Please make sure it has an appropriate `as` value and it is preloaded intentionally. @ https://vercel.com/navi01/navi-next/G7pDDPhA51f9mSBG4XwSdnXVDHck:0
[   50367ms] [WARNING] The resource https://vercel.com/_next/static/immutable/chunks/0jowte4krju8u.css was preloaded using link preload but not used within a few seconds from the window's load event. Please make sure it has an appropriate `as` value and it is preloaded intentionally. @ https://vercel.com/navi01/navi-next/G7pDDPhA51f9mSBG4XwSdnXVDHck:0
[   50367ms] [WARNING] The resource https://vercel.com/_next/static/immutable/chunks/3ltmde337_bn6.css was preloaded using link preload but not used within a few seconds from the window's load event. Please make sure it has an appropriate `as` value and it is preloaded intentionally. @ https://vercel.com/navi01/navi-next/G7pDDPhA51f9mSBG4XwSdnXVDHck:0
[   50367ms] [WARNING] The resource https://vercel.com/_next/static/immutable/chunks/1fxyqxi0jz9ez.css was preloaded using link preload but not used within a few seconds from the window's load event. Please make sure it has an appropriate `as` value and it is preloaded intentionally. @ https://vercel.com/navi01/navi-next/G7pDDPhA51f9mSBG4XwSdnXVDHck:0
[   50367ms] [WARNING] The resource https://vercel.com/_next/static/immutable/chunks/3m88gd-sogt5t.css was preloaded using link preload but not used within a few seconds from the window's load event. Please make sure it has an appropriate `as` value and it is preloaded intentionally. @ https://vercel.com/navi01/navi-next/G7pDDPhA51f9mSBG4XwSdnXVDHck:0
[   50367ms] [WARNING] The resource https://vercel.com/_next/static/immutable/chunks/2auu4bhcsy3ul.css was preloaded using link preload but not used within a few seconds from the window's load event. Please make sure it has an appropriate `as` value and it is preloaded intentionally. @ https://vercel.com/navi01/navi-next/G7pDDPhA51f9mSBG4XwSdnXVDHck:0
[   50367ms] [WARNING] The resource https://vercel.com/_next/static/immutable/chunks/1tfmo57som7nf.css was preloaded using link preload but not used within a few seconds from the window's load event. Please make sure it has an appropriate `as` value and it is preloaded intentionally. @ https://vercel.com/navi01/navi-next/G7pDDPhA51f9mSBG4XwSdnXVDHck:0
[   50367ms] [WARNING] The resource https://vercel.com/_next/static/immutable/chunks/1ia85_jjd49lk.css was preloaded using link preload but not used within a few seconds from the window's load event. Please make sure it has an appropriate `as` value and it is preloaded intentionally. @ https://vercel.com/navi01/navi-next/G7pDDPhA51f9mSBG4XwSdnXVDHck:0
[   53595ms] [WARNING] The resource https://vercel.com/_next/static/immutable/chunks/0ly-6r7tnbx1k.css was preloaded using link preload but not used within a few seconds from the window's load event. Please make sure it has an appropriate `as` value and it is preloaded intentionally. @ https://vercel.com/navi01/navi-next/G7pDDPhA51f9mSBG4XwSdnXVDHck:0
[   53595ms] [WARNING] The resource https://vercel.com/_next/static/immutable/chunks/0jowte4krju8u.css was preloaded using link preload but not used within a few seconds from the window's load event. Please make sure it has an appropriate `as` value and it is preloaded intentionally. @ https://vercel.com/navi01/navi-next/G7pDDPhA51f9mSBG4XwSdnXVDHck:0
[   53595ms] [WARNING] The resource https://vercel.com/_next/static/immutable/chunks/3ltmde337_bn6.css was preloaded using link preload but not used within a few seconds from the window's load event. Please make sure it has an appropriate `as` value and it is preloaded intentionally. @ https://vercel.com/navi01/navi-next/G7pDDPhA51f9mSBG4XwSdnXVDHck:0
[   53595ms] [WARNING] The resource https://vercel.com/_next/static/immutable/chunks/1fxyqxi0jz9ez.css was preloaded using link preload but not used within a few seconds from the window's load event. Please make sure it has an appropriate `as` value and it is preloaded intentionally. @ https://vercel.com/navi01/navi-next/G7pDDPhA51f9mSBG4XwSdnXVDHck:0
[   53595ms] [WARNING] The resource https://vercel.com/_next/static/immutable/chunks/3m88gd-sogt5t.css was preloaded using link preload but not used within a few seconds from the window's load event. Please make sure it has an appropriate `as` value and it is preloaded intentionally. @ https://vercel.com/navi01/navi-next/G7pDDPhA51f9mSBG4XwSdnXVDHck:0
[   53595ms] [WARNING] The resource https://vercel.com/_next/static/immutable/chunks/2auu4bhcsy3ul.css was preloaded using link preload but not used within a few seconds from the window's load event. Please make sure it has an appropriate `as` value and it is preloaded intentionally. @ https://vercel.com/navi01/navi-next/G7pDDPhA51f9mSBG4XwSdnXVDHck:0
[   53595ms] [WARNING] The resource https://vercel.com/_next/static/immutable/chunks/1tfmo57som7nf.css was preloaded using link preload but not used within a few seconds from the window's load event. Please make sure it has an appropriate `as` value and it is preloaded intentionally. @ https://vercel.com/navi01/navi-next/G7pDDPhA51f9mSBG4XwSdnXVDHck:0
[   53595ms] [WARNING] The resource https://vercel.com/_next/static/immutable/chunks/1ia85_jjd49lk.css was preloaded using link preload but not used within a few seconds from the window's load event. Please make sure it has an appropriate `as` value and it is preloaded intentionally. @ https://vercel.com/navi01/navi-next/G7pDDPhA51f9mSBG4XwSdnXVDHck:0
[   56822ms] [WARNING] The resource https://vercel.com/_next/static/immutable/chunks/0ly-6r7tnbx1k.css was preloaded using link preload but not used within a few seconds from the window's load event. Please make sure it has an appropriate `as` value and it is preloaded intentionally. @ https://vercel.com/navi01/navi-next/G7pDDPhA51f9mSBG4XwSdnXVDHck:0
[   56822ms] [WARNING] The resource https://vercel.com/_next/static/immutable/chunks/0jowte4krju8u.css was preloaded using link preload but not used within a few seconds from the window's load event. Please make sure it has an appropriate `as` value and it is preloaded intentionally. @ https://vercel.com/navi01/navi-next/G7pDDPhA51f9mSBG4XwSdnXVDHck:0
[   56822ms] [WARNING] The resource https://vercel.com/_next/static/immutable/chunks/3ltmde337_bn6.css was preloaded using link preload but not used within a few seconds from the window's load event. Please make sure it has an appropriate `as` value and it is preloaded intentionally. @ https://vercel.com/navi01/navi-next/G7pDDPhA51f9mSBG4XwSdnXVDHck:0
[   56822ms] [WARNING] The resource https://vercel.com/_next/static/immutable/chunks/1fxyqxi0jz9ez.css was preloaded using link preload but not used within a few seconds from the window's load event. Please make sure it has an appropriate `as` value and it is preloaded intentionally. @ https://vercel.com/navi01/navi-next/G7pDDPhA51f9mSBG4XwSdnXVDHck:0
[   56822ms] [WARNING] The resource https://vercel.com/_next/static/immutable/chunks/3m88gd-sogt5t.css was preloaded using link preload but not used within a few seconds from the window's load event. Please make sure it has an appropriate `as` value and it is preloaded intentionally. @ https://vercel.com/navi01/navi-next/G7pDDPhA51f9mSBG4XwSdnXVDHck:0
[   56822ms] [WARNING] The resource https://vercel.com/_next/static/immutable/chunks/2auu4bhcsy3ul.css was preloaded using link preload but not used within a few seconds from the window's load event. Please make sure it has an appropriate `as` value and it is preloaded intentionally. @ https://vercel.com/navi01/navi-next/G7pDDPhA51f9mSBG4XwSdnXVDHck:0
[   56822ms] [WARNING] The resource https://vercel.com/_next/static/immutable/chunks/1tfmo57som7nf.css was preloaded using link preload but not used within a few seconds from the window's load event. Please make sure it has an appropriate `as` value and it is preloaded intentionally. @ https://vercel.com/navi01/navi-next/G7pDDPhA51f9mSBG4XwSdnXVDHck:0
[   56822ms] [WARNING] The resource https://vercel.com/_next/static/immutable/chunks/1ia85_jjd49lk.css was preloaded using link preload but not used within a few seconds from the window's load event. Please make sure it has an appropriate `as` value and it is preloaded intentionally. @ https://vercel.com/navi01/navi-next/G7pDDPhA51f9mSBG4XwSdnXVDHck:0
[   60143ms] [WARNING] The resource https://vercel.com/_next/static/immutable/chunks/0ly-6r7tnbx1k.css was preloaded using link preload but not used within a few seconds from the window's load event. Please make sure it has an appropriate `as` value and it is preloaded intentionally. @ https://vercel.com/navi01/navi-next/G7pDDPhA51f9mSBG4XwSdnXVDHck:0
[   60143ms] [WARNING] The resource https://vercel.com/_next/static/immutable/chunks/0jowte4krju8u.css was preloaded using link preload but not used within a few seconds from the window's load event. Please make sure it has an appropriate `as` value and it is preloaded intentionally. @ https://vercel.com/navi01/navi-next/G7pDDPhA51f9mSBG4XwSdnXVDHck:0
[   60143ms] [WARNING] The resource https://vercel.com/_next/static/immutable/chunks/3ltmde337_bn6.css was preloaded using link preload but not used within a few seconds from the window's load event. Please make sure it has an appropriate `as` value and it is preloaded intentionally. @ https://vercel.com/navi01/navi-next/G7pDDPhA51f9mSBG4XwSdnXVDHck:0
[   60143ms] [WARNING] The resource https://vercel.com/_next/static/immutable/chunks/1fxyqxi0jz9ez.css was preloaded using link preload but not used within a few seconds from the window's load event. Please make sure it has an appropriate `as` value and it is preloaded intentionally. @ https://vercel.com/navi01/navi-next/G7pDDPhA51f9mSBG4XwSdnXVDHck:0
[   60143ms] [WARNING] The resource https://vercel.com/_next/static/immutable/chunks/3m88gd-sogt5t.css was preloaded using link preload but not used within a few seconds from the window's load event. Please make sure it has an appropriate `as` value and it is preloaded intentionally. @ https://vercel.com/navi01/navi-next/G7pDDPhA51f9mSBG4XwSdnXVDHck:0
[   60143ms] [WARNING] The resource https://vercel.com/_next/static/immutable/chunks/2auu4bhcsy3ul.css was preloaded using link preload but not used within a few seconds from the window's load event. Please make sure it has an appropriate `as` value and it is preloaded intentionally. @ https://vercel.com/navi01/navi-next/G7pDDPhA51f9mSBG4XwSdnXVDHck:0
[   60144ms] [WARNING] The resource https://vercel.com/_next/static/immutable/chunks/1tfmo57som7nf.css was preloaded using link preload but not used within a few seconds from the window's load event. Please make sure it has an appropriate `as` value and it is preloaded intentionally. @ https://vercel.com/navi01/navi-next/G7pDDPhA51f9mSBG4XwSdnXVDHck:0
[   60144ms] [WARNING] The resource https://vercel.com/_next/static/immutable/chunks/1ia85_jjd49lk.css was preloaded using link preload but not used within a few seconds from the window's load event. Please make sure it has an appropriate `as` value and it is preloaded intentionally. @ https://vercel.com/navi01/navi-next/G7pDDPhA51f9mSBG4XwSdnXVDHck:0
[   63383ms] [WARNING] The resource https://vercel.com/_next/static/immutable/chunks/0ly-6r7tnbx1k.css was preloaded using link preload but not used within a few seconds from the window's load event. Please make sure it has an appropriate `as` value and it is preloaded intentionally. @ https://vercel.com/navi01/navi-next/G7pDDPhA51f9mSBG4XwSdnXVDHck:0
[   63383ms] [WARNING] The resource https://vercel.com/_next/static/immutable/chunks/0jowte4krju8u.css was preloaded using link preload but not used within a few seconds from the window's load event. Please make sure it has an appropriate `as` value and it is preloaded intentionally. @ https://vercel.com/navi01/navi-next/G7pDDPhA51f9mSBG4XwSdnXVDHck:0
[   63383ms] [WARNING] The resource https://vercel.com/_next/static/immutable/chunks/3ltmde337_bn6.css was preloaded using link preload but not used within a few seconds from the window's load event. Please make sure it has an appropriate `as` value and it is preloaded intentionally. @ https://vercel.com/navi01/navi-next/G7pDDPhA51f9mSBG4XwSdnXVDHck:0
[   63383ms] [WARNING] The resource https://vercel.com/_next/static/immutable/chunks/1fxyqxi0jz9ez.css was preloaded using link preload but not used within a few seconds from the window's load event. Please make sure it has an appropriate `as` value and it is preloaded intentionally. @ https://vercel.com/navi01/navi-next/G7pDDPhA51f9mSBG4XwSdnXVDHck:0
[   63383ms] [WARNING] The resource https://vercel.com/_next/static/immutable/chunks/3m88gd-sogt5t.css was preloaded using link preload but not used within a few seconds from the window's load event. Please make sure it has an appropriate `as` value and it is preloaded intentionally. @ https://vercel.com/navi01/navi-next/G7pDDPhA51f9mSBG4XwSdnXVDHck:0
[   63383ms] [WARNING] The resource https://vercel.com/_next/static/immutable/chunks/2auu4bhcsy3ul.css was preloaded using link preload but not used within a few seconds from the window's load event. Please make sure it has an appropriate `as` value and it is preloaded intentionally. @ https://vercel.com/navi01/navi-next/G7pDDPhA51f9mSBG4XwSdnXVDHck:0
[   63383ms] [WARNING] The resource https://vercel.com/_next/static/immutable/chunks/1tfmo57som7nf.css was preloaded using link preload but not used within a few seconds from the window's load event. Please make sure it has an appropriate `as` value and it is preloaded intentionally. @ https://vercel.com/navi01/navi-next/G7pDDPhA51f9mSBG4XwSdnXVDHck:0
[   63384ms] [WARNING] The resource https://vercel.com/_next/static/immutable/chunks/1ia85_jjd49lk.css was preloaded using link preload but not used within a few seconds from the window's load event. Please make sure it has an appropriate `as` value and it is preloaded intentionally. @ https://vercel.com/navi01/navi-next/G7pDDPhA51f9mSBG4XwSdnXVDHck:0
[   66634ms] [WARNING] The resource https://vercel.com/_next/static/immutable/chunks/0ly-6r7tnbx1k.css was preloaded using link preload but not used within a few seconds from the window's load event. Please make sure it has an appropriate `as` value and it is preloaded intentionally. @ https://vercel.com/navi01/navi-next/G7pDDPhA51f9mSBG4XwSdnXVDHck:0
[   66634ms] [WARNING] The resource https://vercel.com/_next/static/immutable/chunks/0jowte4krju8u.css was preloaded using link preload but not used within a few seconds from the window's load event. Please make sure it has an appropriate `as` value and it is preloaded intentionally. @ https://vercel.com/navi01/navi-next/G7pDDPhA51f9mSBG4XwSdnXVDHck:0
[   66634ms] [WARNING] The resource https://vercel.com/_next/static/immutable/chunks/3ltmde337_bn6.css was preloaded using link preload but not used within a few seconds from the window's load event. Please make sure it has an appropriate `as` value and it is preloaded intentionally. @ https://vercel.com/navi01/navi-next/G7pDDPhA51f9mSBG4XwSdnXVDHck:0
[   66634ms] [WARNING] The resource https://vercel.com/_next/static/immutable/chunks/1fxyqxi0jz9ez.css was preloaded using link preload but not used within a few seconds from the window's load event. Please make sure it has an appropriate `as` value and it is preloaded intentionally. @ https://vercel.com/navi01/navi-next/G7pDDPhA51f9mSBG4XwSdnXVDHck:0
[   66634ms] [WARNING] The resource https://vercel.com/_next/static/immutable/chunks/3m88gd-sogt5t.css was preloaded using link preload but not used within a few seconds from the window's load event. Please make sure it has an appropriate `as` value and it is preloaded intentionally. @ https://vercel.com/navi01/navi-next/G7pDDPhA51f9mSBG4XwSdnXVDHck:0
[   66634ms] [WARNING] The resource https://vercel.com/_next/static/immutable/chunks/2auu4bhcsy3ul.css was preloaded using link preload but not used within a few seconds from the window's load event. Please make sure it has an appropriate `as` value and it is preloaded intentionally. @ https://vercel.com/navi01/navi-next/G7pDDPhA51f9mSBG4XwSdnXVDHck:0
[   66634ms] [WARNING] The resource https://vercel.com/_next/static/immutable/chunks/1tfmo57som7nf.css was preloaded using link preload but not used within a few seconds from the window's load event. Please make sure it has an appropriate `as` value and it is preloaded intentionally. @ https://vercel.com/navi01/navi-next/G7pDDPhA51f9mSBG4XwSdnXVDHck:0
[   66634ms] [WARNING] The resource https://vercel.com/_next/static/immutable/chunks/1ia85_jjd49lk.css was preloaded using link preload but not used within a few seconds from the window's load event. Please make sure it has an appropriate `as` value and it is preloaded intentionally. @ https://vercel.com/navi01/navi-next/G7pDDPhA51f9mSBG4XwSdnXVDHck:0
[   69869ms] [WARNING] The resource https://vercel.com/_next/static/immutable/chunks/0ly-6r7tnbx1k.css was preloaded using link preload but not used within a few seconds from the window's load event. Please make sure it has an appropriate `as` value and it is preloaded intentionally. @ https://vercel.com/navi01/navi-next/G7pDDPhA51f9mSBG4XwSdnXVDHck:0
[   69869ms] [WARNING] The resource https://vercel.com/_next/static/immutable/chunks/0jowte4krju8u.css was preloaded using link preload but not used within a few seconds from the window's load event. Please make sure it has an appropriate `as` value and it is preloaded intentionally. @ https://vercel.com/navi01/navi-next/G7pDDPhA51f9mSBG4XwSdnXVDHck:0
[   69869ms] [WARNING] The resource https://vercel.com/_next/static/immutable/chunks/3ltmde337_bn6.css was preloaded using link preload but not used within a few seconds from the window's load event. Please make sure it has an appropriate `as` value and it is preloaded intentionally. @ https://vercel.com/navi01/navi-next/G7pDDPhA51f9mSBG4XwSdnXVDHck:0
[   69869ms] [WARNING] The resource https://vercel.com/_next/static/immutable/chunks/1fxyqxi0jz9ez.css was preloaded using link preload but not used within a few seconds from the window's load event. Please make sure it has an appropriate `as` value and it is preloaded intentionally. @ https://vercel.com/navi01/navi-next/G7pDDPhA51f9mSBG4XwSdnXVDHck:0
[   69869ms] [WARNING] The resource https://vercel.com/_next/static/immutable/chunks/3m88gd-sogt5t.css was preloaded using link preload but not used within a few seconds from the window's load event. Please make sure it has an appropriate `as` value and it is preloaded intentionally. @ https://vercel.com/navi01/navi-next/G7pDDPhA51f9mSBG4XwSdnXVDHck:0
[   69869ms] [WARNING] The resource https://vercel.com/_next/static/immutable/chunks/2auu4bhcsy3ul.css was preloaded using link preload but not used within a few seconds from the window's load event. Please make sure it has an appropriate `as` value and it is preloaded intentionally. @ https://vercel.com/navi01/navi-next/G7pDDPhA51f9mSBG4XwSdnXVDHck:0
[   69869ms] [WARNING] The resource https://vercel.com/_next/static/immutable/chunks/1tfmo57som7nf.css was preloaded using link preload but not used within a few seconds from the window's load event. Please make sure it has an appropriate `as` value and it is preloaded intentionally. @ https://vercel.com/navi01/navi-next/G7pDDPhA51f9mSBG4XwSdnXVDHck:0
[   69869ms] [WARNING] The resource https://vercel.com/_next/static/immutable/chunks/1ia85_jjd49lk.css was preloaded using link preload but not used within a few seconds from the window's load event. Please make sure it has an appropriate `as` value and it is preloaded intentionally. @ https://vercel.com/navi01/navi-next/G7pDDPhA51f9mSBG4XwSdnXVDHck:0
[   73093ms] [WARNING] The resource https://vercel.com/_next/static/immutable/chunks/0ly-6r7tnbx1k.css was preloaded using link preload but not used within a few seconds from the window's load event. Please make sure it has an appropriate `as` value and it is preloaded intentionally. @ https://vercel.com/navi01/navi-next/G7pDDPhA51f9mSBG4XwSdnXVDHck:0
[   73093ms] [WARNING] The resource https://vercel.com/_next/static/immutable/chunks/0jowte4krju8u.css was preloaded using link preload but not used within a few seconds from the window's load event. Please make sure it has an appropriate `as` value and it is preloaded intentionally. @ https://vercel.com/navi01/navi-next/G7pDDPhA51f9mSBG4XwSdnXVDHck:0
[   73093ms] [WARNING] The resource https://vercel.com/_next/static/immutable/chunks/3ltmde337_bn6.css was preloaded using link preload but not used within a few seconds from the window's load event. Please make sure it has an appropriate `as` value and it is preloaded intentionally. @ https://vercel.com/navi01/navi-next/G7pDDPhA51f9mSBG4XwSdnXVDHck:0
[   73093ms] [WARNING] The resource https://vercel.com/_next/static/immutable/chunks/1fxyqxi0jz9ez.css was preloaded using link preload but not used within a few seconds from the window's load event. Please make sure it has an appropriate `as` value and it is preloaded intentionally. @ https://vercel.com/navi01/navi-next/G7pDDPhA51f9mSBG4XwSdnXVDHck:0
[   73093ms] [WARNING] The resource https://vercel.com/_next/static/immutable/chunks/3m88gd-sogt5t.css was preloaded using link preload but not used within a few seconds from the window's load event. Please make sure it has an appropriate `as` value and it is preloaded intentionally. @ https://vercel.com/navi01/navi-next/G7pDDPhA51f9mSBG4XwSdnXVDHck:0
[   73093ms] [WARNING] The resource https://vercel.com/_next/static/immutable/chunks/2auu4bhcsy3ul.css was preloaded using link preload but not used within a few seconds from the window's load event. Please make sure it has an appropriate `as` value and it is preloaded intentionally. @ https://vercel.com/navi01/navi-next/G7pDDPhA51f9mSBG4XwSdnXVDHck:0
[   73093ms] [WARNING] The resource https://vercel.com/_next/static/immutable/chunks/1tfmo57som7nf.css was preloaded using link preload but not used within a few seconds from the window's load event. Please make sure it has an appropriate `as` value and it is preloaded intentionally. @ https://vercel.com/navi01/navi-next/G7pDDPhA51f9mSBG4XwSdnXVDHck:0
[   73093ms] [WARNING] The resource https://vercel.com/_next/static/immutable/chunks/1ia85_jjd49lk.css was preloaded using link preload but not used within a few seconds from the window's load event. Please make sure it has an appropriate `as` value and it is preloaded intentionally. @ https://vercel.com/navi01/navi-next/G7pDDPhA51f9mSBG4XwSdnXVDHck:0
[   76352ms] [WARNING] The resource https://vercel.com/_next/static/immutable/chunks/0ly-6r7tnbx1k.css was preloaded using link preload but not used within a few seconds from the window's load event. Please make sure it has an appropriate `as` value and it is preloaded intentionally. @ https://vercel.com/navi01/navi-next/G7pDDPhA51f9mSBG4XwSdnXVDHck:0
[   76352ms] [WARNING] The resource https://vercel.com/_next/static/immutable/chunks/0jowte4krju8u.css was preloaded using link preload but not used within a few seconds from the window's load event. Please make sure it has an appropriate `as` value and it is preloaded intentionally. @ https://vercel.com/navi01/navi-next/G7pDDPhA51f9mSBG4XwSdnXVDHck:0
[   76352ms] [WARNING] The resource https://vercel.com/_next/static/immutable/chunks/3ltmde337_bn6.css was preloaded using link preload but not used within a few seconds from the window's load event. Please make sure it has an appropriate `as` value and it is preloaded intentionally. @ https://vercel.com/navi01/navi-next/G7pDDPhA51f9mSBG4XwSdnXVDHck:0
[   76352ms] [WARNING] The resource https://vercel.com/_next/static/immutable/chunks/1fxyqxi0jz9ez.css was preloaded using link preload but not used within a few seconds from the window's load event. Please make sure it has an appropriate `as` value and it is preloaded intentionally. @ https://vercel.com/navi01/navi-next/G7pDDPhA51f9mSBG4XwSdnXVDHck:0
[   76352ms] [WARNING] The resource https://vercel.com/_next/static/immutable/chunks/3m88gd-sogt5t.css was preloaded using link preload but not used within a few seconds from the window's load event. Please make sure it has an appropriate `as` value and it is preloaded intentionally. @ https://vercel.com/navi01/navi-next/G7pDDPhA51f9mSBG4XwSdnXVDHck:0
[   76352ms] [WARNING] The resource https://vercel.com/_next/static/immutable/chunks/2auu4bhcsy3ul.css was preloaded using link preload but not used within a few seconds from the window's load event. Please make sure it has an appropriate `as` value and it is preloaded intentionally. @ https://vercel.com/navi01/navi-next/G7pDDPhA51f9mSBG4XwSdnXVDHck:0
[   76352ms] [WARNING] The resource https://vercel.com/_next/static/immutable/chunks/1tfmo57som7nf.css was preloaded using link preload but not used within a few seconds from the window's load event. Please make sure it has an appropriate `as` value and it is preloaded intentionally. @ https://vercel.com/navi01/navi-next/G7pDDPhA51f9mSBG4XwSdnXVDHck:0
[   76352ms] [WARNING] The resource https://vercel.com/_next/static/immutable/chunks/1ia85_jjd49lk.css was preloaded using link preload but not used within a few seconds from the window's load event. Please make sure it has an appropriate `as` value and it is preloaded intentionally. @ https://vercel.com/navi01/navi-next/G7pDDPhA51f9mSBG4XwSdnXVDHck:0
[   79576ms] [WARNING] The resource https://vercel.com/_next/static/immutable/chunks/0ly-6r7tnbx1k.css was preloaded using link preload but not used within a few seconds from the window's load event. Please make sure it has an appropriate `as` value and it is preloaded intentionally. @ https://vercel.com/navi01/navi-next/G7pDDPhA51f9mSBG4XwSdnXVDHck:0
[   79577ms] [WARNING] The resource https://vercel.com/_next/static/immutable/chunks/0jowte4krju8u.css was preloaded using link preload but not used within a few seconds from the window's load event. Please make sure it has an appropriate `as` value and it is preloaded intentionally. @ https://vercel.com/navi01/navi-next/G7pDDPhA51f9mSBG4XwSdnXVDHck:0
[   79577ms] [WARNING] The resource https://vercel.com/_next/static/immutable/chunks/3ltmde337_bn6.css was preloaded using link preload but not used within a few seconds from the window's load event. Please make sure it has an appropriate `as` value and it is preloaded intentionally. @ https://vercel.com/navi01/navi-next/G7pDDPhA51f9mSBG4XwSdnXVDHck:0
[   79577ms] [WARNING] The resource https://vercel.com/_next/static/immutable/chunks/1fxyqxi0jz9ez.css was preloaded using link preload but not used within a few seconds from the window's load event. Please make sure it has an appropriate `as` value and it is preloaded intentionally. @ https://vercel.com/navi01/navi-next/G7pDDPhA51f9mSBG4XwSdnXVDHck:0
[   79577ms] [WARNING] The resource https://vercel.com/_next/static/immutable/chunks/3m88gd-sogt5t.css was preloaded using link preload but not used within a few seconds from the window's load event. Please make sure it has an appropriate `as` value and it is preloaded intentionally. @ https://vercel.com/navi01/navi-next/G7pDDPhA51f9mSBG4XwSdnXVDHck:0
[   79577ms] [WARNING] The resource https://vercel.com/_next/static/immutable/chunks/2auu4bhcsy3ul.css was preloaded using link preload but not used within a few seconds from the window's load event. Please make sure it has an appropriate `as` value and it is preloaded intentionally. @ https://vercel.com/navi01/navi-next/G7pDDPhA51f9mSBG4XwSdnXVDHck:0
[   79577ms] [WARNING] The resource https://vercel.com/_next/static/immutable/chunks/1tfmo57som7nf.css was preloaded using link preload but not used within a few seconds from the window's load event. Please make sure it has an appropriate `as` value and it is preloaded intentionally. @ https://vercel.com/navi01/navi-next/G7pDDPhA51f9mSBG4XwSdnXVDHck:0
[   79577ms] [WARNING] The resource https://vercel.com/_next/static/immutable/chunks/1ia85_jjd49lk.css was preloaded using link preload but not used within a few seconds from the window's load event. Please make sure it has an appropriate `as` value and it is preloaded intentionally. @ https://vercel.com/navi01/navi-next/G7pDDPhA51f9mSBG4XwSdnXVDHck:0
[   82827ms] [WARNING] The resource https://vercel.com/_next/static/immutable/chunks/0ly-6r7tnbx1k.css was preloaded using link preload but not used within a few seconds from the window's load event. Please make sure it has an appropriate `as` value and it is preloaded intentionally. @ https://vercel.com/navi01/navi-next/G7pDDPhA51f9mSBG4XwSdnXVDHck:0
[   82827ms] [WARNING] The resource https://vercel.com/_next/static/immutable/chunks/0jowte4krju8u.css was preloaded using link preload but not used within a few seconds from the window's load event. Please make sure it has an appropriate `as` value and it is preloaded intentionally. @ https://vercel.com/navi01/navi-next/G7pDDPhA51f9mSBG4XwSdnXVDHck:0
[   82827ms] [WARNING] The resource https://vercel.com/_next/static/immutable/chunks/3ltmde337_bn6.css was preloaded using link preload but not used within a few seconds from the window's load event. Please make sure it has an appropriate `as` value and it is preloaded intentionally. @ https://vercel.com/navi01/navi-next/G7pDDPhA51f9mSBG4XwSdnXVDHck:0
[   82827ms] [WARNING] The resource https://vercel.com/_next/static/immutable/chunks/1fxyqxi0jz9ez.css was preloaded using link preload but not used within a few seconds from the window's load event. Please make sure it has an appropriate `as` value and it is preloaded intentionally. @ https://vercel.com/navi01/navi-next/G7pDDPhA51f9mSBG4XwSdnXVDHck:0
[   82827ms] [WARNING] The resource https://vercel.com/_next/static/immutable/chunks/3m88gd-sogt5t.css was preloaded using link preload but not used within a few seconds from the window's load event. Please make sure it has an appropriate `as` value and it is preloaded intentionally. @ https://vercel.com/navi01/navi-next/G7pDDPhA51f9mSBG4XwSdnXVDHck:0
[   82827ms] [WARNING] The resource https://vercel.com/_next/static/immutable/chunks/2auu4bhcsy3ul.css was preloaded using link preload but not used within a few seconds from the window's load event. Please make sure it has an appropriate `as` value and it is preloaded intentionally. @ https://vercel.com/navi01/navi-next/G7pDDPhA51f9mSBG4XwSdnXVDHck:0
[   82827ms] [WARNING] The resource https://vercel.com/_next/static/immutable/chunks/1tfmo57som7nf.css was preloaded using link preload but not used within a few seconds from the window's load event. Please make sure it has an appropriate `as` value and it is preloaded intentionally. @ https://vercel.com/navi01/navi-next/G7pDDPhA51f9mSBG4XwSdnXVDHck:0
[   82827ms] [WARNING] The resource https://vercel.com/_next/static/immutable/chunks/1ia85_jjd49lk.css was preloaded using link preload but not used within a few seconds from the window's load event. Please make sure it has an appropriate `as` value and it is preloaded intentionally. @ https://vercel.com/navi01/navi-next/G7pDDPhA51f9mSBG4XwSdnXVDHck:0
[   86052ms] [WARNING] The resource https://vercel.com/_next/static/immutable/chunks/0ly-6r7tnbx1k.css was preloaded using link preload but not used within a few seconds from the window's load event. Please make sure it has an appropriate `as` value and it is preloaded intentionally. @ https://vercel.com/navi01/navi-next/G7pDDPhA51f9mSBG4XwSdnXVDHck:0
[   86052ms] [WARNING] The resource https://vercel.com/_next/static/immutable/chunks/0jowte4krju8u.css was preloaded using link preload but not used within a few seconds from the window's load event. Please make sure it has an appropriate `as` value and it is preloaded intentionally. @ https://vercel.com/navi01/navi-next/G7pDDPhA51f9mSBG4XwSdnXVDHck:0
[   86052ms] [WARNING] The resource https://vercel.com/_next/static/immutable/chunks/3ltmde337_bn6.css was preloaded using link preload but not used within a few seconds from the window's load event. Please make sure it has an appropriate `as` value and it is preloaded intentionally. @ https://vercel.com/navi01/navi-next/G7pDDPhA51f9mSBG4XwSdnXVDHck:0
[   86052ms] [WARNING] The resource https://vercel.com/_next/static/immutable/chunks/1fxyqxi0jz9ez.css was preloaded using link preload but not used within a few seconds from the window's load event. Please make sure it has an appropriate `as` value and it is preloaded intentionally. @ https://vercel.com/navi01/navi-next/G7pDDPhA51f9mSBG4XwSdnXVDHck:0
[   86052ms] [WARNING] The resource https://vercel.com/_next/static/immutable/chunks/3m88gd-sogt5t.css was preloaded using link preload but not used within a few seconds from the window's load event. Please make sure it has an appropriate `as` value and it is preloaded intentionally. @ https://vercel.com/navi01/navi-next/G7pDDPhA51f9mSBG4XwSdnXVDHck:0
[   86052ms] [WARNING] The resource https://vercel.com/_next/static/immutable/chunks/2auu4bhcsy3ul.css was preloaded using link preload but not used within a few seconds from the window's load event. Please make sure it has an appropriate `as` value and it is preloaded intentionally. @ https://vercel.com/navi01/navi-next/G7pDDPhA51f9mSBG4XwSdnXVDHck:0
[   86052ms] [WARNING] The resource https://vercel.com/_next/static/immutable/chunks/1tfmo57som7nf.css was preloaded using link preload but not used within a few seconds from the window's load event. Please make sure it has an appropriate `as` value and it is preloaded intentionally. @ https://vercel.com/navi01/navi-next/G7pDDPhA51f9mSBG4XwSdnXVDHck:0
[   86052ms] [WARNING] The resource https://vercel.com/_next/static/immutable/chunks/1ia85_jjd49lk.css was preloaded using link preload but not used within a few seconds from the window's load event. Please make sure it has an appropriate `as` value and it is preloaded intentionally. @ https://vercel.com/navi01/navi-next/G7pDDPhA51f9mSBG4XwSdnXVDHck:0
[   89277ms] [WARNING] The resource https://vercel.com/_next/static/immutable/chunks/0ly-6r7tnbx1k.css was preloaded using link preload but not used within a few seconds from the window's load event. Please make sure it has an appropriate `as` value and it is preloaded intentionally. @ https://vercel.com/navi01/navi-next/G7pDDPhA51f9mSBG4XwSdnXVDHck:0
[   89277ms] [WARNING] The resource https://vercel.com/_next/static/immutable/chunks/0jowte4krju8u.css was preloaded using link preload but not used within a few seconds from the window's load event. Please make sure it has an appropriate `as` value and it is preloaded intentionally. @ https://vercel.com/navi01/navi-next/G7pDDPhA51f9mSBG4XwSdnXVDHck:0
[   89277ms] [WARNING] The resource https://vercel.com/_next/static/immutable/chunks/3ltmde337_bn6.css was preloaded using link preload but not used within a few seconds from the window's load event. Please make sure it has an appropriate `as` value and it is preloaded intentionally. @ https://vercel.com/navi01/navi-next/G7pDDPhA51f9mSBG4XwSdnXVDHck:0
[   89277ms] [WARNING] The resource https://vercel.com/_next/static/immutable/chunks/1fxyqxi0jz9ez.css was preloaded using link preload but not used within a few seconds from the window's load event. Please make sure it has an appropriate `as` value and it is preloaded intentionally. @ https://vercel.com/navi01/navi-next/G7pDDPhA51f9mSBG4XwSdnXVDHck:0
[   89277ms] [WARNING] The resource https://vercel.com/_next/static/immutable/chunks/3m88gd-sogt5t.css was preloaded using link preload but not used within a few seconds from the window's load event. Please make sure it has an appropriate `as` value and it is preloaded intentionally. @ https://vercel.com/navi01/navi-next/G7pDDPhA51f9mSBG4XwSdnXVDHck:0
[   89277ms] [WARNING] The resource https://vercel.com/_next/static/immutable/chunks/2auu4bhcsy3ul.css was preloaded using link preload but not used within a few seconds from the window's load event. Please make sure it has an appropriate `as` value and it is preloaded intentionally. @ https://vercel.com/navi01/navi-next/G7pDDPhA51f9mSBG4XwSdnXVDHck:0
[   89277ms] [WARNING] The resource https://vercel.com/_next/static/immutable/chunks/1tfmo57som7nf.css was preloaded using link preload but not used within a few seconds from the window's load event. Please make sure it has an appropriate `as` value and it is preloaded intentionally. @ https://vercel.com/navi01/navi-next/G7pDDPhA51f9mSBG4XwSdnXVDHck:0
[   89277ms] [WARNING] The resource https://vercel.com/_next/static/immutable/chunks/1ia85_jjd49lk.css was preloaded using link preload but not used within a few seconds from the window's load event. Please make sure it has an appropriate `as` value and it is preloaded intentionally. @ https://vercel.com/navi01/navi-next/G7pDDPhA51f9mSBG4XwSdnXVDHck:0
[   92520ms] [WARNING] The resource https://vercel.com/_next/static/immutable/chunks/0ly-6r7tnbx1k.css was preloaded using link preload but not used within a few seconds from the window's load event. Please make sure it has an appropriate `as` value and it is preloaded intentionally. @ https://vercel.com/navi01/navi-next/G7pDDPhA51f9mSBG4XwSdnXVDHck:0
[   92520ms] [WARNING] The resource https://vercel.com/_next/static/immutable/chunks/0jowte4krju8u.css was preloaded using link preload but not used within a few seconds from the window's load event. Please make sure it has an appropriate `as` value and it is preloaded intentionally. @ https://vercel.com/navi01/navi-next/G7pDDPhA51f9mSBG4XwSdnXVDHck:0
[   92520ms] [WARNING] The resource https://vercel.com/_next/static/immutable/chunks/3ltmde337_bn6.css was preloaded using link preload but not used within a few seconds from the window's load event. Please make sure it has an appropriate `as` value and it is preloaded intentionally. @ https://vercel.com/navi01/navi-next/G7pDDPhA51f9mSBG4XwSdnXVDHck:0
[   92520ms] [WARNING] The resource https://vercel.com/_next/static/immutable/chunks/1fxyqxi0jz9ez.css was preloaded using link preload but not used within a few seconds from the window's load event. Please make sure it has an appropriate `as` value and it is preloaded intentionally. @ https://vercel.com/navi01/navi-next/G7pDDPhA51f9mSBG4XwSdnXVDHck:0
[   92520ms] [WARNING] The resource https://vercel.com/_next/static/immutable/chunks/3m88gd-sogt5t.css was preloaded using link preload but not used within a few seconds from the window's load event. Please make sure it has an appropriate `as` value and it is preloaded intentionally. @ https://vercel.com/navi01/navi-next/G7pDDPhA51f9mSBG4XwSdnXVDHck:0
[   92520ms] [WARNING] The resource https://vercel.com/_next/static/immutable/chunks/2auu4bhcsy3ul.css was preloaded using link preload but not used within a few seconds from the window's load event. Please make sure it has an appropriate `as` value and it is preloaded intentionally. @ https://vercel.com/navi01/navi-next/G7pDDPhA51f9mSBG4XwSdnXVDHck:0
[   92520ms] [WARNING] The resource https://vercel.com/_next/static/immutable/chunks/1tfmo57som7nf.css was preloaded using link preload but not used within a few seconds from the window's load event. Please make sure it has an appropriate `as` value and it is preloaded intentionally. @ https://vercel.com/navi01/navi-next/G7pDDPhA51f9mSBG4XwSdnXVDHck:0
[   92520ms] [WARNING] The resource https://vercel.com/_next/static/immutable/chunks/1ia85_jjd49lk.css was preloaded using link preload but not used within a few seconds from the window's load event. Please make sure it has an appropriate `as` value and it is preloaded intentionally. @ https://vercel.com/navi01/navi-next/G7pDDPhA51f9mSBG4XwSdnXVDHck:0
[   95753ms] [WARNING] The resource https://vercel.com/_next/static/immutable/chunks/0ly-6r7tnbx1k.css was preloaded using link preload but not used within a few seconds from the window's load event. Please make sure it has an appropriate `as` value and it is preloaded intentionally. @ https://vercel.com/navi01/navi-next/G7pDDPhA51f9mSBG4XwSdnXVDHck:0
[   95753ms] [WARNING] The resource https://vercel.com/_next/static/immutable/chunks/0jowte4krju8u.css was preloaded using link preload but not used within a few seconds from the window's load event. Please make sure it has an appropriate `as` value and it is preloaded intentionally. @ https://vercel.com/navi01/navi-next/G7pDDPhA51f9mSBG4XwSdnXVDHck:0
[   95753ms] [WARNING] The resource https://vercel.com/_next/static/immutable/chunks/3ltmde337_bn6.css was preloaded using link preload but not used within a few seconds from the window's load event. Please make sure it has an appropriate `as` value and it is preloaded intentionally. @ https://vercel.com/navi01/navi-next/G7pDDPhA51f9mSBG4XwSdnXVDHck:0
[   95753ms] [WARNING] The resource https://vercel.com/_next/static/immutable/chunks/1fxyqxi0jz9ez.css was preloaded using link preload but not used within a few seconds from the window's load event. Please make sure it has an appropriate `as` value and it is preloaded intentionally. @ https://vercel.com/navi01/navi-next/G7pDDPhA51f9mSBG4XwSdnXVDHck:0
[   95753ms] [WARNING] The resource https://vercel.com/_next/static/immutable/chunks/3m88gd-sogt5t.css was preloaded using link preload but not used within a few seconds from the window's load event. Please make sure it has an appropriate `as` value and it is preloaded intentionally. @ https://vercel.com/navi01/navi-next/G7pDDPhA51f9mSBG4XwSdnXVDHck:0
[   95753ms] [WARNING] The resource https://vercel.com/_next/static/immutable/chunks/2auu4bhcsy3ul.css was preloaded using link preload but not used within a few seconds from the window's load event. Please make sure it has an appropriate `as` value and it is preloaded intentionally. @ https://vercel.com/navi01/navi-next/G7pDDPhA51f9mSBG4XwSdnXVDHck:0
[   95753ms] [WARNING] The resource https://vercel.com/_next/static/immutable/chunks/1tfmo57som7nf.css was preloaded using link preload but not used within a few seconds from the window's load event. Please make sure it has an appropriate `as` value and it is preloaded intentionally. @ https://vercel.com/navi01/navi-next/G7pDDPhA51f9mSBG4XwSdnXVDHck:0
[   95753ms] [WARNING] The resource https://vercel.com/_next/static/immutable/chunks/1ia85_jjd49lk.css was preloaded using link preload but not used within a few seconds from the window's load event. Please make sure it has an appropriate `as` value and it is preloaded intentionally. @ https://vercel.com/navi01/navi-next/G7pDDPhA51f9mSBG4XwSdnXVDHck:0
[   98986ms] [WARNING] The resource https://vercel.com/_next/static/immutable/chunks/0ly-6r7tnbx1k.css was preloaded using link preload but not used within a few seconds from the window's load event. Please make sure it has an appropriate `as` value and it is preloaded intentionally. @ https://vercel.com/navi01/navi-next/G7pDDPhA51f9mSBG4XwSdnXVDHck:0
[   98986ms] [WARNING] The resource https://vercel.com/_next/static/immutable/chunks/0jowte4krju8u.css was preloaded using link preload but not used within a few seconds from the window's load event. Please make sure it has an appropriate `as` value and it is preloaded intentionally. @ https://vercel.com/navi01/navi-next/G7pDDPhA51f9mSBG4XwSdnXVDHck:0
[   98986ms] [WARNING] The resource https://vercel.com/_next/static/immutable/chunks/3ltmde337_bn6.css was preloaded using link preload but not used within a few seconds from the window's load event. Please make sure it has an appropriate `as` value and it is preloaded intentionally. @ https://vercel.com/navi01/navi-next/G7pDDPhA51f9mSBG4XwSdnXVDHck:0
[   98986ms] [WARNING] The resource https://vercel.com/_next/static/immutable/chunks/1fxyqxi0jz9ez.css was preloaded using link preload but not used within a few seconds from the window's load event. Please make sure it has an appropriate `as` value and it is preloaded intentionally. @ https://vercel.com/navi01/navi-next/G7pDDPhA51f9mSBG4XwSdnXVDHck:0
[   98986ms] [WARNING] The resource https://vercel.com/_next/static/immutable/chunks/3m88gd-sogt5t.css was preloaded using link preload but not used within a few seconds from the window's load event. Please make sure it has an appropriate `as` value and it is preloaded intentionally. @ https://vercel.com/navi01/navi-next/G7pDDPhA51f9mSBG4XwSdnXVDHck:0
[   98986ms] [WARNING] The resource https://vercel.com/_next/static/immutable/chunks/2auu4bhcsy3ul.css was preloaded using link preload but not used within a few seconds from the window's load event. Please make sure it has an appropriate `as` value and it is preloaded intentionally. @ https://vercel.com/navi01/navi-next/G7pDDPhA51f9mSBG4XwSdnXVDHck:0
[   98986ms] [WARNING] The resource https://vercel.com/_next/static/immutable/chunks/1tfmo57som7nf.css was preloaded using link preload but not used within a few seconds from the window's load event. Please make sure it has an appropriate `as` value and it is preloaded intentionally. @ https://vercel.com/navi01/navi-next/G7pDDPhA51f9mSBG4XwSdnXVDHck:0
[   98986ms] [WARNING] The resource https://vercel.com/_next/static/immutable/chunks/1ia85_jjd49lk.css was preloaded using link preload but not used within a few seconds from the window's load event. Please make sure it has an appropriate `as` value and it is preloaded intentionally. @ https://vercel.com/navi01/navi-next/G7pDDPhA51f9mSBG4XwSdnXVDHck:0
[  102227ms] [WARNING] The resource https://vercel.com/_next/static/immutable/chunks/0ly-6r7tnbx1k.css was preloaded using link preload but not used within a few seconds from the window's load event. Please make sure it has an appropriate `as` value and it is preloaded intentionally. @ https://vercel.com/navi01/navi-next/G7pDDPhA51f9mSBG4XwSdnXVDHck:0
[  102227ms] [WARNING] The resource https://vercel.com/_next/static/immutable/chunks/0jowte4krju8u.css was preloaded using link preload but not used within a few seconds from the window's load event. Please make sure it has an appropriate `as` value and it is preloaded intentionally. @ https://vercel.com/navi01/navi-next/G7pDDPhA51f9mSBG4XwSdnXVDHck:0
[  102227ms] [WARNING] The resource https://vercel.com/_next/static/immutable/chunks/3ltmde337_bn6.css was preloaded using link preload but not used within a few seconds from the window's load event. Please make sure it has an appropriate `as` value and it is preloaded intentionally. @ https://vercel.com/navi01/navi-next/G7pDDPhA51f9mSBG4XwSdnXVDHck:0
[  102227ms] [WARNING] The resource https://vercel.com/_next/static/immutable/chunks/1fxyqxi0jz9ez.css was preloaded using link preload but not used within a few seconds from the window's load event. Please make sure it has an appropriate `as` value and it is preloaded intentionally. @ https://vercel.com/navi01/navi-next/G7pDDPhA51f9mSBG4XwSdnXVDHck:0
[  102227ms] [WARNING] The resource https://vercel.com/_next/static/immutable/chunks/3m88gd-sogt5t.css was preloaded using link preload but not used within a few seconds from the window's load event. Please make sure it has an appropriate `as` value and it is preloaded intentionally. @ https://vercel.com/navi01/navi-next/G7pDDPhA51f9mSBG4XwSdnXVDHck:0
[  102227ms] [WARNING] The resource https://vercel.com/_next/static/immutable/chunks/2auu4bhcsy3ul.css was preloaded using link preload but not used within a few seconds from the window's load event. Please make sure it has an appropriate `as` value and it is preloaded intentionally. @ https://vercel.com/navi01/navi-next/G7pDDPhA51f9mSBG4XwSdnXVDHck:0
[  102227ms] [WARNING] The resource https://vercel.com/_next/static/immutable/chunks/1tfmo57som7nf.css was preloaded using link preload but not used within a few seconds from the window's load event. Please make sure it has an appropriate `as` value and it is preloaded intentionally. @ https://vercel.com/navi01/navi-next/G7pDDPhA51f9mSBG4XwSdnXVDHck:0
[  102227ms] [WARNING] The resource https://vercel.com/_next/static/immutable/chunks/1ia85_jjd49lk.css was preloaded using link preload but not used within a few seconds from the window's load event. Please make sure it has an appropriate `as` value and it is preloaded intentionally. @ https://vercel.com/navi01/navi-next/G7pDDPhA51f9mSBG4XwSdnXVDHck:0
[  105470ms] [WARNING] The resource https://vercel.com/_next/static/immutable/chunks/0ly-6r7tnbx1k.css was preloaded using link preload but not used within a few seconds from the window's load event. Please make sure it has an appropriate `as` value and it is preloaded intentionally. @ https://vercel.com/navi01/navi-next/G7pDDPhA51f9mSBG4XwSdnXVDHck:0
[  105470ms] [WARNING] The resource https://vercel.com/_next/static/immutable/chunks/0jowte4krju8u.css was preloaded using link preload but not used within a few seconds from the window's load event. Please make sure it has an appropriate `as` value and it is preloaded intentionally. @ https://vercel.com/navi01/navi-next/G7pDDPhA51f9mSBG4XwSdnXVDHck:0
[  105470ms] [WARNING] The resource https://vercel.com/_next/static/immutable/chunks/3ltmde337_bn6.css was preloaded using link preload but not used within a few seconds from the window's load event. Please make sure it has an appropriate `as` value and it is preloaded intentionally. @ https://vercel.com/navi01/navi-next/G7pDDPhA51f9mSBG4XwSdnXVDHck:0
[  105470ms] [WARNING] The resource https://vercel.com/_next/static/immutable/chunks/1fxyqxi0jz9ez.css was preloaded using link preload but not used within a few seconds from the window's load event. Please make sure it has an appropriate `as` value and it is preloaded intentionally. @ https://vercel.com/navi01/navi-next/G7pDDPhA51f9mSBG4XwSdnXVDHck:0
[  105470ms] [WARNING] The resource https://vercel.com/_next/static/immutable/chunks/3m88gd-sogt5t.css was preloaded using link preload but not used within a few seconds from the window's load event. Please make sure it has an appropriate `as` value and it is preloaded intentionally. @ https://vercel.com/navi01/navi-next/G7pDDPhA51f9mSBG4XwSdnXVDHck:0
[  105470ms] [WARNING] The resource https://vercel.com/_next/static/immutable/chunks/2auu4bhcsy3ul.css was preloaded using link preload but not used within a few seconds from the window's load event. Please make sure it has an appropriate `as` value and it is preloaded intentionally. @ https://vercel.com/navi01/navi-next/G7pDDPhA51f9mSBG4XwSdnXVDHck:0
[  105470ms] [WARNING] The resource https://vercel.com/_next/static/immutable/chunks/1tfmo57som7nf.css was preloaded using link preload but not used within a few seconds from the window's load event. Please make sure it has an appropriate `as` value and it is preloaded intentionally. @ https://vercel.com/navi01/navi-next/G7pDDPhA51f9mSBG4XwSdnXVDHck:0
[  105470ms] [WARNING] The resource https://vercel.com/_next/static/immutable/chunks/1ia85_jjd49lk.css was preloaded using link preload but not used within a few seconds from the window's load event. Please make sure it has an appropriate `as` value and it is preloaded intentionally. @ https://vercel.com/navi01/navi-next/G7pDDPhA51f9mSBG4XwSdnXVDHck:0
[  108712ms] [WARNING] The resource https://vercel.com/_next/static/immutable/chunks/0ly-6r7tnbx1k.css was preloaded using link preload but not used within a few seconds from the window's load event. Please make sure it has an appropriate `as` value and it is preloaded intentionally. @ https://vercel.com/navi01/navi-next/G7pDDPhA51f9mSBG4XwSdnXVDHck:0
[  108712ms] [WARNING] The resource https://vercel.com/_next/static/immutable/chunks/0jowte4krju8u.css was preloaded using link preload but not used within a few seconds from the window's load event. Please make sure it has an appropriate `as` value and it is preloaded intentionally. @ https://vercel.com/navi01/navi-next/G7pDDPhA51f9mSBG4XwSdnXVDHck:0
[  108712ms] [WARNING] The resource https://vercel.com/_next/static/immutable/chunks/3ltmde337_bn6.css was preloaded using link preload but not used within a few seconds from the window's load event. Please make sure it has an appropriate `as` value and it is preloaded intentionally. @ https://vercel.com/navi01/navi-next/G7pDDPhA51f9mSBG4XwSdnXVDHck:0
[  108712ms] [WARNING] The resource https://vercel.com/_next/static/immutable/chunks/1fxyqxi0jz9ez.css was preloaded using link preload but not used within a few seconds from the window's load event. Please make sure it has an appropriate `as` value and it is preloaded intentionally. @ https://vercel.com/navi01/navi-next/G7pDDPhA51f9mSBG4XwSdnXVDHck:0
[  108712ms] [WARNING] The resource https://vercel.com/_next/static/immutable/chunks/3m88gd-sogt5t.css was preloaded using link preload but not used within a few seconds from the window's load event. Please make sure it has an appropriate `as` value and it is preloaded intentionally. @ https://vercel.com/navi01/navi-next/G7pDDPhA51f9mSBG4XwSdnXVDHck:0
[  108712ms] [WARNING] The resource https://vercel.com/_next/static/immutable/chunks/2auu4bhcsy3ul.css was preloaded using link preload but not used within a few seconds from the window's load event. Please make sure it has an appropriate `as` value and it is preloaded intentionally. @ https://vercel.com/navi01/navi-next/G7pDDPhA51f9mSBG4XwSdnXVDHck:0
[  108712ms] [WARNING] The resource https://vercel.com/_next/static/immutable/chunks/1tfmo57som7nf.css was preloaded using link preload but not used within a few seconds from the window's load event. Please make sure it has an appropriate `as` value and it is preloaded intentionally. @ https://vercel.com/navi01/navi-next/G7pDDPhA51f9mSBG4XwSdnXVDHck:0
[  108712ms] [WARNING] The resource https://vercel.com/_next/static/immutable/chunks/1ia85_jjd49lk.css was preloaded using link preload but not used within a few seconds from the window's load event. Please make sure it has an appropriate `as` value and it is preloaded intentionally. @ https://vercel.com/navi01/navi-next/G7pDDPhA51f9mSBG4XwSdnXVDHck:0
[  111933ms] [WARNING] The resource https://vercel.com/_next/static/immutable/chunks/0ly-6r7tnbx1k.css was preloaded using link preload but not used within a few seconds from the window's load event. Please make sure it has an appropriate `as` value and it is preloaded intentionally. @ https://vercel.com/navi01/navi-next/G7pDDPhA51f9mSBG4XwSdnXVDHck:0
[  111933ms] [WARNING] The resource https://vercel.com/_next/static/immutable/chunks/0jowte4krju8u.css was preloaded using link preload but not used within a few seconds from the window's load event. Please make sure it has an appropriate `as` value and it is preloaded intentionally. @ https://vercel.com/navi01/navi-next/G7pDDPhA51f9mSBG4XwSdnXVDHck:0
[  111933ms] [WARNING] The resource https://vercel.com/_next/static/immutable/chunks/3ltmde337_bn6.css was preloaded using link preload but not used within a few seconds from the window's load event. Please make sure it has an appropriate `as` value and it is preloaded intentionally. @ https://vercel.com/navi01/navi-next/G7pDDPhA51f9mSBG4XwSdnXVDHck:0
[  111933ms] [WARNING] The resource https://vercel.com/_next/static/immutable/chunks/1fxyqxi0jz9ez.css was preloaded using link preload but not used within a few seconds from the window's load event. Please make sure it has an appropriate `as` value and it is preloaded intentionally. @ https://vercel.com/navi01/navi-next/G7pDDPhA51f9mSBG4XwSdnXVDHck:0
[  111933ms] [WARNING] The resource https://vercel.com/_next/static/immutable/chunks/3m88gd-sogt5t.css was preloaded using link preload but not used within a few seconds from the window's load event. Please make sure it has an appropriate `as` value and it is preloaded intentionally. @ https://vercel.com/navi01/navi-next/G7pDDPhA51f9mSBG4XwSdnXVDHck:0
[  111933ms] [WARNING] The resource https://vercel.com/_next/static/immutable/chunks/2auu4bhcsy3ul.css was preloaded using link preload but not used within a few seconds from the window's load event. Please make sure it has an appropriate `as` value and it is preloaded intentionally. @ https://vercel.com/navi01/navi-next/G7pDDPhA51f9mSBG4XwSdnXVDHck:0
[  111933ms] [WARNING] The resource https://vercel.com/_next/static/immutable/chunks/1tfmo57som7nf.css was preloaded using link preload but not used within a few seconds from the window's load event. Please make sure it has an appropriate `as` value and it is preloaded intentionally. @ https://vercel.com/navi01/navi-next/G7pDDPhA51f9mSBG4XwSdnXVDHck:0
[  111933ms] [WARNING] The resource https://vercel.com/_next/static/immutable/chunks/1ia85_jjd49lk.css was preloaded using link preload but not used within a few seconds from the window's load event. Please make sure it has an appropriate `as` value and it is preloaded intentionally. @ https://vercel.com/navi01/navi-next/G7pDDPhA51f9mSBG4XwSdnXVDHck:0
[  113253ms] [LOG] %c
▲

    ____                               _ __
   / __ \________  ____ _____ ___     (_) /_
  / / / / ___/ _ \/ __ `/ __ `__ \   / / __/
 / /_/ / /  /  __/ /_/ / / / / / /  / / /__
/_____/_/   \___/\__,_/_/ /_/ /_/  /_/\__( )
   _____ __    _          _ __           |/
  / ___// /_  (_)___     (_) /_
  \__ \/ __ \/ / __ \   / / __/
 ___/ / / / / / /_/ /  / / /_
/____/_/ /_/_/ .___/  /_/\__/
            /_/
  

Hello!

- Open Source https://vercel.com/oss
- Careers https://vercel.com/careers
- Status https://vercel-status.com

 font-family: "Geist Mono", monospace; white-space: pre; line-height: 1; @ https://vercel.com/_next/static/immutable/chunks/09cizcx7bxmnn.js:78
[  113860ms] [WARNING] Deprecated API for given entry type. @ https://vercel.com/_next/static/immutable/chunks/30boi8e69jjip.js:18
[  114900ms] [ERROR] Failed to load resource: the server responded with a status of 404 () @ https://vercel.com/api/v6/deployments/dpl_FKvXGgtWxCg3xtNMaKW6d2taxH8R/files/turborepo-summary?teamId=navi01:0
[  114902ms] [ERROR] Failed to load resource: the server responded with a status of 404 () @ https://vercel.com/api/v6/deployments/dpl_G7pDDPhA51f9mSBG4XwSdnXVDHck/files/turborepo-summary?teamId=navi01:0
[  123761ms] [WARNING] The resource https://vercel.com/_next/static/immutable/chunks/0ly-6r7tnbx1k.css was preloaded using link preload but not used within a few seconds from the window's load event. Please make sure it has an appropriate `as` value and it is preloaded intentionally. @ https://vercel.com/navi01/navi-next/G7pDDPhA51f9mSBG4XwSdnXVDHck:0
[  123762ms] [WARNING] The resource https://vercel.com/_next/static/immutable/chunks/0jowte4krju8u.css was preloaded using link preload but not used within a few seconds from the window's load event. Please make sure it has an appropriate `as` value and it is preloaded intentionally. @ https://vercel.com/navi01/navi-next/G7pDDPhA51f9mSBG4XwSdnXVDHck:0
[  123762ms] [WARNING] The resource https://vercel.com/_next/static/immutable/chunks/3ltmde337_bn6.css was preloaded using link preload but not used within a few seconds from the window's load event. Please make sure it has an appropriate `as` value and it is preloaded intentionally. @ https://vercel.com/navi01/navi-next/G7pDDPhA51f9mSBG4XwSdnXVDHck:0
[  123762ms] [WARNING] The resource https://vercel.com/_next/static/immutable/chunks/1fxyqxi0jz9ez.css was preloaded using link preload but not used within a few seconds from the window's load event. Please make sure it has an appropriate `as` value and it is preloaded intentionally. @ https://vercel.com/navi01/navi-next/G7pDDPhA51f9mSBG4XwSdnXVDHck:0
[  123762ms] [WARNING] The resource https://vercel.com/_next/static/immutable/chunks/3m88gd-sogt5t.css was preloaded using link preload but not used within a few seconds from the window's load event. Please make sure it has an appropriate `as` value and it is preloaded intentionally. @ https://vercel.com/navi01/navi-next/G7pDDPhA51f9mSBG4XwSdnXVDHck:0
[  123762ms] [WARNING] The resource https://vercel.com/_next/static/immutable/chunks/2auu4bhcsy3ul.css was preloaded using link preload but not used within a few seconds from the window's load event. Please make sure it has an appropriate `as` value and it is preloaded intentionally. @ https://vercel.com/navi01/navi-next/G7pDDPhA51f9mSBG4XwSdnXVDHck:0
[  123762ms] [WARNING] The resource https://vercel.com/_next/static/immutable/chunks/1tfmo57som7nf.css was preloaded using link preload but not used within a few seconds from the window's load event. Please make sure it has an appropriate `as` value and it is preloaded intentionally. @ https://vercel.com/navi01/navi-next/G7pDDPhA51f9mSBG4XwSdnXVDHck:0
[  123762ms] [WARNING] The resource https://vercel.com/_next/static/immutable/chunks/1ia85_jjd49lk.css was preloaded using link preload but not used within a few seconds from the window's load event. Please make sure it has an appropriate `as` value and it is preloaded intentionally. @ https://vercel.com/navi01/navi-next/G7pDDPhA51f9mSBG4XwSdnXVDHck:0
[  130536ms] [WARNING] The resource https://vercel.com/_next/static/immutable/chunks/0ly-6r7tnbx1k.css was preloaded using link preload but not used within a few seconds from the window's load event. Please make sure it has an appropriate `as` value and it is preloaded intentionally. @ https://vercel.com/navi01/navi-next/G7pDDPhA51f9mSBG4XwSdnXVDHck:0
[  130536ms] [WARNING] The resource https://vercel.com/_next/static/immutable/chunks/0jowte4krju8u.css was preloaded using link preload but not used within a few seconds from the window's load event. Please make sure it has an appropriate `as` value and it is preloaded intentionally. @ https://vercel.com/navi01/navi-next/G7pDDPhA51f9mSBG4XwSdnXVDHck:0
[  130536ms] [WARNING] The resource https://vercel.com/_next/static/immutable/chunks/3ltmde337_bn6.css was preloaded using link preload but not used within a few seconds from the window's load event. Please make sure it has an appropriate `as` value and it is preloaded intentionally. @ https://vercel.com/navi01/navi-next/G7pDDPhA51f9mSBG4XwSdnXVDHck:0
[  130536ms] [WARNING] The resource https://vercel.com/_next/static/immutable/chunks/1fxyqxi0jz9ez.css was preloaded using link preload but not used within a few seconds from the window's load event. Please make sure it has an appropriate `as` value and it is preloaded intentionally. @ https://vercel.com/navi01/navi-next/G7pDDPhA51f9mSBG4XwSdnXVDHck:0
[  130536ms] [WARNING] The resource https://vercel.com/_next/static/immutable/chunks/3m88gd-sogt5t.css was preloaded using link preload but not used within a few seconds from the window's load event. Please make sure it has an appropriate `as` value and it is preloaded intentionally. @ https://vercel.com/navi01/navi-next/G7pDDPhA51f9mSBG4XwSdnXVDHck:0
[  130536ms] [WARNING] The resource https://vercel.com/_next/static/immutable/chunks/2auu4bhcsy3ul.css was preloaded using link preload but not used within a few seconds from the window's load event. Please make sure it has an appropriate `as` value and it is preloaded intentionally. @ https://vercel.com/navi01/navi-next/G7pDDPhA51f9mSBG4XwSdnXVDHck:0
[  130536ms] [WARNING] The resource https://vercel.com/_next/static/immutable/chunks/1tfmo57som7nf.css was preloaded using link preload but not used within a few seconds from the window's load event. Please make sure it has an appropriate `as` value and it is preloaded intentionally. @ https://vercel.com/navi01/navi-next/G7pDDPhA51f9mSBG4XwSdnXVDHck:0
[  130536ms] [WARNING] The resource https://vercel.com/_next/static/immutable/chunks/1ia85_jjd49lk.css was preloaded using link preload but not used within a few seconds from the window's load event. Please make sure it has an appropriate `as` value and it is preloaded intentionally. @ https://vercel.com/navi01/navi-next/G7pDDPhA51f9mSBG4XwSdnXVDHck:0
[  133761ms] [WARNING] The resource https://vercel.com/_next/static/immutable/chunks/0ly-6r7tnbx1k.css was preloaded using link preload but not used within a few seconds from the window's load event. Please make sure it has an appropriate `as` value and it is preloaded intentionally. @ https://vercel.com/navi01/navi-next/G7pDDPhA51f9mSBG4XwSdnXVDHck:0
[  133761ms] [WARNING] The resource https://vercel.com/_next/static/immutable/chunks/0jowte4krju8u.css was preloaded using link preload but not used within a few seconds from the window's load event. Please make sure it has an appropriate `as` value and it is preloaded intentionally. @ https://vercel.com/navi01/navi-next/G7pDDPhA51f9mSBG4XwSdnXVDHck:0
[  133762ms] [WARNING] The resource https://vercel.com/_next/static/immutable/chunks/3ltmde337_bn6.css was preloaded using link preload but not used within a few seconds from the window's load event. Please make sure it has an appropriate `as` value and it is preloaded intentionally. @ https://vercel.com/navi01/navi-next/G7pDDPhA51f9mSBG4XwSdnXVDHck:0
[  133762ms] [WARNING] The resource https://vercel.com/_next/static/immutable/chunks/1fxyqxi0jz9ez.css was preloaded using link preload but not used within a few seconds from the window's load event. Please make sure it has an appropriate `as` value and it is preloaded intentionally. @ https://vercel.com/navi01/navi-next/G7pDDPhA51f9mSBG4XwSdnXVDHck:0
[  133762ms] [WARNING] The resource https://vercel.com/_next/static/immutable/chunks/3m88gd-sogt5t.css was preloaded using link preload but not used within a few seconds from the window's load event. Please make sure it has an appropriate `as` value and it is preloaded intentionally. @ https://vercel.com/navi01/navi-next/G7pDDPhA51f9mSBG4XwSdnXVDHck:0
[  133762ms] [WARNING] The resource https://vercel.com/_next/static/immutable/chunks/2auu4bhcsy3ul.css was preloaded using link preload but not used within a few seconds from the window's load event. Please make sure it has an appropriate `as` value and it is preloaded intentionally. @ https://vercel.com/navi01/navi-next/G7pDDPhA51f9mSBG4XwSdnXVDHck:0
[  133762ms] [WARNING] The resource https://vercel.com/_next/static/immutable/chunks/1tfmo57som7nf.css was preloaded using link preload but not used within a few seconds from the window's load event. Please make sure it has an appropriate `as` value and it is preloaded intentionally. @ https://vercel.com/navi01/navi-next/G7pDDPhA51f9mSBG4XwSdnXVDHck:0
[  133762ms] [WARNING] The resource https://vercel.com/_next/static/immutable/chunks/1ia85_jjd49lk.css was preloaded using link preload but not used within a few seconds from the window's load event. Please make sure it has an appropriate `as` value and it is preloaded intentionally. @ https://vercel.com/navi01/navi-next/G7pDDPhA51f9mSBG4XwSdnXVDHck:0
[  137012ms] [WARNING] The resource https://vercel.com/_next/static/immutable/chunks/0ly-6r7tnbx1k.css was preloaded using link preload but not used within a few seconds from the window's load event. Please make sure it has an appropriate `as` value and it is preloaded intentionally. @ https://vercel.com/navi01/navi-next/G7pDDPhA51f9mSBG4XwSdnXVDHck:0
[  137012ms] [WARNING] The resource https://vercel.com/_next/static/immutable/chunks/0jowte4krju8u.css was preloaded using link preload but not used within a few seconds from the window's load event. Please make sure it has an appropriate `as` value and it is preloaded intentionally. @ https://vercel.com/navi01/navi-next/G7pDDPhA51f9mSBG4XwSdnXVDHck:0
[  137012ms] [WARNING] The resource https://vercel.com/_next/static/immutable/chunks/3ltmde337_bn6.css was preloaded using link preload but not used within a few seconds from the window's load event. Please make sure it has an appropriate `as` value and it is preloaded intentionally. @ https://vercel.com/navi01/navi-next/G7pDDPhA51f9mSBG4XwSdnXVDHck:0
[  137012ms] [WARNING] The resource https://vercel.com/_next/static/immutable/chunks/1fxyqxi0jz9ez.css was preloaded using link preload but not used within a few seconds from the window's load event. Please make sure it has an appropriate `as` value and it is preloaded intentionally. @ https://vercel.com/navi01/navi-next/G7pDDPhA51f9mSBG4XwSdnXVDHck:0
[  137012ms] [WARNING] The resource https://vercel.com/_next/static/immutable/chunks/3m88gd-sogt5t.css was preloaded using link preload but not used within a few seconds from the window's load event. Please make sure it has an appropriate `as` value and it is preloaded intentionally. @ https://vercel.com/navi01/navi-next/G7pDDPhA51f9mSBG4XwSdnXVDHck:0
[  137012ms] [WARNING] The resource https://vercel.com/_next/static/immutable/chunks/2auu4bhcsy3ul.css was preloaded using link preload but not used within a few seconds from the window's load event. Please make sure it has an appropriate `as` value and it is preloaded intentionally. @ https://vercel.com/navi01/navi-next/G7pDDPhA51f9mSBG4XwSdnXVDHck:0
[  137012ms] [WARNING] The resource https://vercel.com/_next/static/immutable/chunks/1tfmo57som7nf.css was preloaded using link preload but not used within a few seconds from the window's load event. Please make sure it has an appropriate `as` value and it is preloaded intentionally. @ https://vercel.com/navi01/navi-next/G7pDDPhA51f9mSBG4XwSdnXVDHck:0
[  137012ms] [WARNING] The resource https://vercel.com/_next/static/immutable/chunks/1ia85_jjd49lk.css was preloaded using link preload but not used within a few seconds from the window's load event. Please make sure it has an appropriate `as` value and it is preloaded intentionally. @ https://vercel.com/navi01/navi-next/G7pDDPhA51f9mSBG4XwSdnXVDHck:0
[  140237ms] [WARNING] The resource https://vercel.com/_next/static/immutable/chunks/0ly-6r7tnbx1k.css was preloaded using link preload but not used within a few seconds from the window's load event. Please make sure it has an appropriate `as` value and it is preloaded intentionally. @ https://vercel.com/navi01/navi-next/G7pDDPhA51f9mSBG4XwSdnXVDHck:0
[  140237ms] [WARNING] The resource https://vercel.com/_next/static/immutable/chunks/0jowte4krju8u.css was preloaded using link preload but not used within a few seconds from the window's load event. Please make sure it has an appropriate `as` value and it is preloaded intentionally. @ https://vercel.com/navi01/navi-next/G7pDDPhA51f9mSBG4XwSdnXVDHck:0
[  140237ms] [WARNING] The resource https://vercel.com/_next/static/immutable/chunks/3ltmde337_bn6.css was preloaded using link preload but not used within a few seconds from the window's load event. Please make sure it has an appropriate `as` value and it is preloaded intentionally. @ https://vercel.com/navi01/navi-next/G7pDDPhA51f9mSBG4XwSdnXVDHck:0
[  140237ms] [WARNING] The resource https://vercel.com/_next/static/immutable/chunks/1fxyqxi0jz9ez.css was preloaded using link preload but not used within a few seconds from the window's load event. Please make sure it has an appropriate `as` value and it is preloaded intentionally. @ https://vercel.com/navi01/navi-next/G7pDDPhA51f9mSBG4XwSdnXVDHck:0
[  140237ms] [WARNING] The resource https://vercel.com/_next/static/immutable/chunks/3m88gd-sogt5t.css was preloaded using link preload but not used within a few seconds from the window's load event. Please make sure it has an appropriate `as` value and it is preloaded intentionally. @ https://vercel.com/navi01/navi-next/G7pDDPhA51f9mSBG4XwSdnXVDHck:0
[  140237ms] [WARNING] The resource https://vercel.com/_next/static/immutable/chunks/2auu4bhcsy3ul.css was preloaded using link preload but not used within a few seconds from the window's load event. Please make sure it has an appropriate `as` value and it is preloaded intentionally. @ https://vercel.com/navi01/navi-next/G7pDDPhA51f9mSBG4XwSdnXVDHck:0
[  140237ms] [WARNING] The resource https://vercel.com/_next/static/immutable/chunks/1tfmo57som7nf.css was preloaded using link preload but not used within a few seconds from the window's load event. Please make sure it has an appropriate `as` value and it is preloaded intentionally. @ https://vercel.com/navi01/navi-next/G7pDDPhA51f9mSBG4XwSdnXVDHck:0
[  140237ms] [WARNING] The resource https://vercel.com/_next/static/immutable/chunks/1ia85_jjd49lk.css was preloaded using link preload but not used within a few seconds from the window's load event. Please make sure it has an appropriate `as` value and it is preloaded intentionally. @ https://vercel.com/navi01/navi-next/G7pDDPhA51f9mSBG4XwSdnXVDHck:0
[  143478ms] [WARNING] The resource https://vercel.com/_next/static/immutable/chunks/0ly-6r7tnbx1k.css was preloaded using link preload but not used within a few seconds from the window's load event. Please make sure it has an appropriate `as` value and it is preloaded intentionally. @ https://vercel.com/navi01/navi-next/G7pDDPhA51f9mSBG4XwSdnXVDHck:0
[  143479ms] [WARNING] The resource https://vercel.com/_next/static/immutable/chunks/0jowte4krju8u.css was preloaded using link preload but not used within a few seconds from the window's load event. Please make sure it has an appropriate `as` value and it is preloaded intentionally. @ https://vercel.com/navi01/navi-next/G7pDDPhA51f9mSBG4XwSdnXVDHck:0
[  143479ms] [WARNING] The resource https://vercel.com/_next/static/immutable/chunks/3ltmde337_bn6.css was preloaded using link preload but not used within a few seconds from the window's load event. Please make sure it has an appropriate `as` value and it is preloaded intentionally. @ https://vercel.com/navi01/navi-next/G7pDDPhA51f9mSBG4XwSdnXVDHck:0
[  143479ms] [WARNING] The resource https://vercel.com/_next/static/immutable/chunks/1fxyqxi0jz9ez.css was preloaded using link preload but not used within a few seconds from the window's load event. Please make sure it has an appropriate `as` value and it is preloaded intentionally. @ https://vercel.com/navi01/navi-next/G7pDDPhA51f9mSBG4XwSdnXVDHck:0
[  143479ms] [WARNING] The resource https://vercel.com/_next/static/immutable/chunks/3m88gd-sogt5t.css was preloaded using link preload but not used within a few seconds from the window's load event. Please make sure it has an appropriate `as` value and it is preloaded intentionally. @ https://vercel.com/navi01/navi-next/G7pDDPhA51f9mSBG4XwSdnXVDHck:0
[  143479ms] [WARNING] The resource https://vercel.com/_next/static/immutable/chunks/2auu4bhcsy3ul.css was preloaded using link preload but not used within a few seconds from the window's load event. Please make sure it has an appropriate `as` value and it is preloaded intentionally. @ https://vercel.com/navi01/navi-next/G7pDDPhA51f9mSBG4XwSdnXVDHck:0
[  143479ms] [WARNING] The resource https://vercel.com/_next/static/immutable/chunks/1tfmo57som7nf.css was preloaded using link preload but not used within a few seconds from the window's load event. Please make sure it has an appropriate `as` value and it is preloaded intentionally. @ https://vercel.com/navi01/navi-next/G7pDDPhA51f9mSBG4XwSdnXVDHck:0
[  143479ms] [WARNING] The resource https://vercel.com/_next/static/immutable/chunks/1ia85_jjd49lk.css was preloaded using link preload but not used within a few seconds from the window's load event. Please make sure it has an appropriate `as` value and it is preloaded intentionally. @ https://vercel.com/navi01/navi-next/G7pDDPhA51f9mSBG4XwSdnXVDHck:0
[  146703ms] [WARNING] The resource https://vercel.com/_next/static/immutable/chunks/0ly-6r7tnbx1k.css was preloaded using link preload but not used within a few seconds from the window's load event. Please make sure it has an appropriate `as` value and it is preloaded intentionally. @ https://vercel.com/navi01/navi-next/G7pDDPhA51f9mSBG4XwSdnXVDHck:0
[  146704ms] [WARNING] The resource https://vercel.com/_next/static/immutable/chunks/0jowte4krju8u.css was preloaded using link preload but not used within a few seconds from the window's load event. Please make sure it has an appropriate `as` value and it is preloaded intentionally. @ https://vercel.com/navi01/navi-next/G7pDDPhA51f9mSBG4XwSdnXVDHck:0
[  146704ms] [WARNING] The resource https://vercel.com/_next/static/immutable/chunks/3ltmde337_bn6.css was preloaded using link preload but not used within a few seconds from the window's load event. Please make sure it has an appropriate `as` value and it is preloaded intentionally. @ https://vercel.com/navi01/navi-next/G7pDDPhA51f9mSBG4XwSdnXVDHck:0
[  146704ms] [WARNING] The resource https://vercel.com/_next/static/immutable/chunks/1fxyqxi0jz9ez.css was preloaded using link preload but not used within a few seconds from the window's load event. Please make sure it has an appropriate `as` value and it is preloaded intentionally. @ https://vercel.com/navi01/navi-next/G7pDDPhA51f9mSBG4XwSdnXVDHck:0
[  146704ms] [WARNING] The resource https://vercel.com/_next/static/immutable/chunks/3m88gd-sogt5t.css was preloaded using link preload but not used within a few seconds from the window's load event. Please make sure it has an appropriate `as` value and it is preloaded intentionally. @ https://vercel.com/navi01/navi-next/G7pDDPhA51f9mSBG4XwSdnXVDHck:0
[  146704ms] [WARNING] The resource https://vercel.com/_next/static/immutable/chunks/2auu4bhcsy3ul.css was preloaded using link preload but not used within a few seconds from the window's load event. Please make sure it has an appropriate `as` value and it is preloaded intentionally. @ https://vercel.com/navi01/navi-next/G7pDDPhA51f9mSBG4XwSdnXVDHck:0
[  146704ms] [WARNING] The resource https://vercel.com/_next/static/immutable/chunks/1tfmo57som7nf.css was preloaded using link preload but not used within a few seconds from the window's load event. Please make sure it has an appropriate `as` value and it is preloaded intentionally. @ https://vercel.com/navi01/navi-next/G7pDDPhA51f9mSBG4XwSdnXVDHck:0
[  146704ms] [WARNING] The resource https://vercel.com/_next/static/immutable/chunks/1ia85_jjd49lk.css was preloaded using link preload but not used within a few seconds from the window's load event. Please make sure it has an appropriate `as` value and it is preloaded intentionally. @ https://vercel.com/navi01/navi-next/G7pDDPhA51f9mSBG4XwSdnXVDHck:0
[  149929ms] [WARNING] The resource https://vercel.com/_next/static/immutable/chunks/0ly-6r7tnbx1k.css was preloaded using link preload but not used within a few seconds from the window's load event. Please make sure it has an appropriate `as` value and it is preloaded intentionally. @ https://vercel.com/navi01/navi-next/G7pDDPhA51f9mSBG4XwSdnXVDHck:0
[  149929ms] [WARNING] The resource https://vercel.com/_next/static/immutable/chunks/0jowte4krju8u.css was preloaded using link preload but not used within a few seconds from the window's load event. Please make sure it has an appropriate `as` value and it is preloaded intentionally. @ https://vercel.com/navi01/navi-next/G7pDDPhA51f9mSBG4XwSdnXVDHck:0
[  149929ms] [WARNING] The resource https://vercel.com/_next/static/immutable/chunks/3ltmde337_bn6.css was preloaded using link preload but not used within a few seconds from the window's load event. Please make sure it has an appropriate `as` value and it is preloaded intentionally. @ https://vercel.com/navi01/navi-next/G7pDDPhA51f9mSBG4XwSdnXVDHck:0
[  149929ms] [WARNING] The resource https://vercel.com/_next/static/immutable/chunks/1fxyqxi0jz9ez.css was preloaded using link preload but not used within a few seconds from the window's load event. Please make sure it has an appropriate `as` value and it is preloaded intentionally. @ https://vercel.com/navi01/navi-next/G7pDDPhA51f9mSBG4XwSdnXVDHck:0
[  149929ms] [WARNING] The resource https://vercel.com/_next/static/immutable/chunks/3m88gd-sogt5t.css was preloaded using link preload but not used within a few seconds from the window's load event. Please make sure it has an appropriate `as` value and it is preloaded intentionally. @ https://vercel.com/navi01/navi-next/G7pDDPhA51f9mSBG4XwSdnXVDHck:0
[  149929ms] [WARNING] The resource https://vercel.com/_next/static/immutable/chunks/2auu4bhcsy3ul.css was preloaded using link preload but not used within a few seconds from the window's load event. Please make sure it has an appropriate `as` value and it is preloaded intentionally. @ https://vercel.com/navi01/navi-next/G7pDDPhA51f9mSBG4XwSdnXVDHck:0
[  149929ms] [WARNING] The resource https://vercel.com/_next/static/immutable/chunks/1tfmo57som7nf.css was preloaded using link preload but not used within a few seconds from the window's load event. Please make sure it has an appropriate `as` value and it is preloaded intentionally. @ https://vercel.com/navi01/navi-next/G7pDDPhA51f9mSBG4XwSdnXVDHck:0
[  149929ms] [WARNING] The resource https://vercel.com/_next/static/immutable/chunks/1ia85_jjd49lk.css was preloaded using link preload but not used within a few seconds from the window's load event. Please make sure it has an appropriate `as` value and it is preloaded intentionally. @ https://vercel.com/navi01/navi-next/G7pDDPhA51f9mSBG4XwSdnXVDHck:0
[  153145ms] [WARNING] The resource https://vercel.com/_next/static/immutable/chunks/0ly-6r7tnbx1k.css was preloaded using link preload but not used within a few seconds from the window's load event. Please make sure it has an appropriate `as` value and it is preloaded intentionally. @ https://vercel.com/navi01/navi-next/G7pDDPhA51f9mSBG4XwSdnXVDHck:0
[  153145ms] [WARNING] The resource https://vercel.com/_next/static/immutable/chunks/0jowte4krju8u.css was preloaded using link preload but not used within a few seconds from the window's load event. Please make sure it has an appropriate `as` value and it is preloaded intentionally. @ https://vercel.com/navi01/navi-next/G7pDDPhA51f9mSBG4XwSdnXVDHck:0
[  153145ms] [WARNING] The resource https://vercel.com/_next/static/immutable/chunks/3ltmde337_bn6.css was preloaded using link preload but not used within a few seconds from the window's load event. Please make sure it has an appropriate `as` value and it is preloaded intentionally. @ https://vercel.com/navi01/navi-next/G7pDDPhA51f9mSBG4XwSdnXVDHck:0
[  153145ms] [WARNING] The resource https://vercel.com/_next/static/immutable/chunks/1fxyqxi0jz9ez.css was preloaded using link preload but not used within a few seconds from the window's load event. Please make sure it has an appropriate `as` value and it is preloaded intentionally. @ https://vercel.com/navi01/navi-next/G7pDDPhA51f9mSBG4XwSdnXVDHck:0
[  153145ms] [WARNING] The resource https://vercel.com/_next/static/immutable/chunks/3m88gd-sogt5t.css was preloaded using link preload but not used within a few seconds from the window's load event. Please make sure it has an appropriate `as` value and it is preloaded intentionally. @ https://vercel.com/navi01/navi-next/G7pDDPhA51f9mSBG4XwSdnXVDHck:0
[  153145ms] [WARNING] The resource https://vercel.com/_next/static/immutable/chunks/2auu4bhcsy3ul.css was preloaded using link preload but not used within a few seconds from the window's load event. Please make sure it has an appropriate `as` value and it is preloaded intentionally. @ https://vercel.com/navi01/navi-next/G7pDDPhA51f9mSBG4XwSdnXVDHck:0
[  153145ms] [WARNING] The resource https://vercel.com/_next/static/immutable/chunks/1tfmo57som7nf.css was preloaded using link preload but not used within a few seconds from the window's load event. Please make sure it has an appropriate `as` value and it is preloaded intentionally. @ https://vercel.com/navi01/navi-next/G7pDDPhA51f9mSBG4XwSdnXVDHck:0
[  153145ms] [WARNING] The resource https://vercel.com/_next/static/immutable/chunks/1ia85_jjd49lk.css was preloaded using link preload but not used within a few seconds from the window's load event. Please make sure it has an appropriate `as` value and it is preloaded intentionally. @ https://vercel.com/navi01/navi-next/G7pDDPhA51f9mSBG4XwSdnXVDHck:0
[  156379ms] [WARNING] The resource https://vercel.com/_next/static/immutable/chunks/0ly-6r7tnbx1k.css was preloaded using link preload but not used within a few seconds from the window's load event. Please make sure it has an appropriate `as` value and it is preloaded intentionally. @ https://vercel.com/navi01/navi-next/G7pDDPhA51f9mSBG4XwSdnXVDHck:0
[  156379ms] [WARNING] The resource https://vercel.com/_next/static/immutable/chunks/0jowte4krju8u.css was preloaded using link preload but not used within a few seconds from the window's load event. Please make sure it has an appropriate `as` value and it is preloaded intentionally. @ https://vercel.com/navi01/navi-next/G7pDDPhA51f9mSBG4XwSdnXVDHck:0
[  156379ms] [WARNING] The resource https://vercel.com/_next/static/immutable/chunks/3ltmde337_bn6.css was preloaded using link preload but not used within a few seconds from the window's load event. Please make sure it has an appropriate `as` value and it is preloaded intentionally. @ https://vercel.com/navi01/navi-next/G7pDDPhA51f9mSBG4XwSdnXVDHck:0
[  156379ms] [WARNING] The resource https://vercel.com/_next/static/immutable/chunks/1fxyqxi0jz9ez.css was preloaded using link preload but not used within a few seconds from the window's load event. Please make sure it has an appropriate `as` value and it is preloaded intentionally. @ https://vercel.com/navi01/navi-next/G7pDDPhA51f9mSBG4XwSdnXVDHck:0
[  156379ms] [WARNING] The resource https://vercel.com/_next/static/immutable/chunks/3m88gd-sogt5t.css was preloaded using link preload but not used within a few seconds from the window's load event. Please make sure it has an appropriate `as` value and it is preloaded intentionally. @ https://vercel.com/navi01/navi-next/G7pDDPhA51f9mSBG4XwSdnXVDHck:0
[  156379ms] [WARNING] The resource https://vercel.com/_next/static/immutable/chunks/2auu4bhcsy3ul.css was preloaded using link preload but not used within a few seconds from the window's load event. Please make sure it has an appropriate `as` value and it is preloaded intentionally. @ https://vercel.com/navi01/navi-next/G7pDDPhA51f9mSBG4XwSdnXVDHck:0
[  156379ms] [WARNING] The resource https://vercel.com/_next/static/immutable/chunks/1tfmo57som7nf.css was preloaded using link preload but not used within a few seconds from the window's load event. Please make sure it has an appropriate `as` value and it is preloaded intentionally. @ https://vercel.com/navi01/navi-next/G7pDDPhA51f9mSBG4XwSdnXVDHck:0
[  156379ms] [WARNING] The resource https://vercel.com/_next/static/immutable/chunks/1ia85_jjd49lk.css was preloaded using link preload but not used within a few seconds from the window's load event. Please make sure it has an appropriate `as` value and it is preloaded intentionally. @ https://vercel.com/navi01/navi-next/G7pDDPhA51f9mSBG4XwSdnXVDHck:0
[  159612ms] [WARNING] The resource https://vercel.com/_next/static/immutable/chunks/0ly-6r7tnbx1k.css was preloaded using link preload but not used within a few seconds from the window's load event. Please make sure it has an appropriate `as` value and it is preloaded intentionally. @ https://vercel.com/navi01/navi-next/G7pDDPhA51f9mSBG4XwSdnXVDHck:0
[  159612ms] [WARNING] The resource https://vercel.com/_next/static/immutable/chunks/0jowte4krju8u.css was preloaded using link preload but not used within a few seconds from the window's load event. Please make sure it has an appropriate `as` value and it is preloaded intentionally. @ https://vercel.com/navi01/navi-next/G7pDDPhA51f9mSBG4XwSdnXVDHck:0
[  159612ms] [WARNING] The resource https://vercel.com/_next/static/immutable/chunks/3ltmde337_bn6.css was preloaded using link preload but not used within a few seconds from the window's load event. Please make sure it has an appropriate `as` value and it is preloaded intentionally. @ https://vercel.com/navi01/navi-next/G7pDDPhA51f9mSBG4XwSdnXVDHck:0
[  159612ms] [WARNING] The resource https://vercel.com/_next/static/immutable/chunks/1fxyqxi0jz9ez.css was preloaded using link preload but not used within a few seconds from the window's load event. Please make sure it has an appropriate `as` value and it is preloaded intentionally. @ https://vercel.com/navi01/navi-next/G7pDDPhA51f9mSBG4XwSdnXVDHck:0
[  159612ms] [WARNING] The resource https://vercel.com/_next/static/immutable/chunks/3m88gd-sogt5t.css was preloaded using link preload but not used within a few seconds from the window's load event. Please make sure it has an appropriate `as` value and it is preloaded intentionally. @ https://vercel.com/navi01/navi-next/G7pDDPhA51f9mSBG4XwSdnXVDHck:0
[  159612ms] [WARNING] The resource https://vercel.com/_next/static/immutable/chunks/2auu4bhcsy3ul.css was preloaded using link preload but not used within a few seconds from the window's load event. Please make sure it has an appropriate `as` value and it is preloaded intentionally. @ https://vercel.com/navi01/navi-next/G7pDDPhA51f9mSBG4XwSdnXVDHck:0
[  159612ms] [WARNING] The resource https://vercel.com/_next/static/immutable/chunks/1tfmo57som7nf.css was preloaded using link preload but not used within a few seconds from the window's load event. Please make sure it has an appropriate `as` value and it is preloaded intentionally. @ https://vercel.com/navi01/navi-next/G7pDDPhA51f9mSBG4XwSdnXVDHck:0
[  159612ms] [WARNING] The resource https://vercel.com/_next/static/immutable/chunks/1ia85_jjd49lk.css was preloaded using link preload but not used within a few seconds from the window's load event. Please make sure it has an appropriate `as` value and it is preloaded intentionally. @ https://vercel.com/navi01/navi-next/G7pDDPhA51f9mSBG4XwSdnXVDHck:0
[  162838ms] [WARNING] The resource https://vercel.com/_next/static/immutable/chunks/0ly-6r7tnbx1k.css was preloaded using link preload but not used within a few seconds from the window's load event. Please make sure it has an appropriate `as` value and it is preloaded intentionally. @ https://vercel.com/navi01/navi-next/G7pDDPhA51f9mSBG4XwSdnXVDHck:0
[  162838ms] [WARNING] The resource https://vercel.com/_next/static/immutable/chunks/0jowte4krju8u.css was preloaded using link preload but not used within a few seconds from the window's load event. Please make sure it has an appropriate `as` value and it is preloaded intentionally. @ https://vercel.com/navi01/navi-next/G7pDDPhA51f9mSBG4XwSdnXVDHck:0
[  162838ms] [WARNING] The resource https://vercel.com/_next/static/immutable/chunks/3ltmde337_bn6.css was preloaded using link preload but not used within a few seconds from the window's load event. Please make sure it has an appropriate `as` value and it is preloaded intentionally. @ https://vercel.com/navi01/navi-next/G7pDDPhA51f9mSBG4XwSdnXVDHck:0
[  162838ms] [WARNING] The resource https://vercel.com/_next/static/immutable/chunks/1fxyqxi0jz9ez.css was preloaded using link preload but not used within a few seconds from the window's load event. Please make sure it has an appropriate `as` value and it is preloaded intentionally. @ https://vercel.com/navi01/navi-next/G7pDDPhA51f9mSBG4XwSdnXVDHck:0
[  162838ms] [WARNING] The resource https://vercel.com/_next/static/immutable/chunks/3m88gd-sogt5t.css was preloaded using link preload but not used within a few seconds from the window's load event. Please make sure it has an appropriate `as` value and it is preloaded intentionally. @ https://vercel.com/navi01/navi-next/G7pDDPhA51f9mSBG4XwSdnXVDHck:0
[  162838ms] [WARNING] The resource https://vercel.com/_next/static/immutable/chunks/2auu4bhcsy3ul.css was preloaded using link preload but not used within a few seconds from the window's load event. Please make sure it has an appropriate `as` value and it is preloaded intentionally. @ https://vercel.com/navi01/navi-next/G7pDDPhA51f9mSBG4XwSdnXVDHck:0
[  162838ms] [WARNING] The resource https://vercel.com/_next/static/immutable/chunks/1tfmo57som7nf.css was preloaded using link preload but not used within a few seconds from the window's load event. Please make sure it has an appropriate `as` value and it is preloaded intentionally. @ https://vercel.com/navi01/navi-next/G7pDDPhA51f9mSBG4XwSdnXVDHck:0
[  162838ms] [WARNING] The resource https://vercel.com/_next/static/immutable/chunks/1ia85_jjd49lk.css was preloaded using link preload but not used within a few seconds from the window's load event. Please make sure it has an appropriate `as` value and it is preloaded intentionally. @ https://vercel.com/navi01/navi-next/G7pDDPhA51f9mSBG4XwSdnXVDHck:0
[  166087ms] [WARNING] The resource https://vercel.com/_next/static/immutable/chunks/0ly-6r7tnbx1k.css was preloaded using link preload but not used within a few seconds from the window's load event. Please make sure it has an appropriate `as` value and it is preloaded intentionally. @ https://vercel.com/navi01/navi-next/G7pDDPhA51f9mSBG4XwSdnXVDHck:0
[  166087ms] [WARNING] The resource https://vercel.com/_next/static/immutable/chunks/0jowte4krju8u.css was preloaded using link preload but not used within a few seconds from the window's load event. Please make sure it has an appropriate `as` value and it is preloaded intentionally. @ https://vercel.com/navi01/navi-next/G7pDDPhA51f9mSBG4XwSdnXVDHck:0
[  166087ms] [WARNING] The resource https://vercel.com/_next/static/immutable/chunks/3ltmde337_bn6.css was preloaded using link preload but not used within a few seconds from the window's load event. Please make sure it has an appropriate `as` value and it is preloaded intentionally. @ https://vercel.com/navi01/navi-next/G7pDDPhA51f9mSBG4XwSdnXVDHck:0
[  166087ms] [WARNING] The resource https://vercel.com/_next/static/immutable/chunks/1fxyqxi0jz9ez.css was preloaded using link preload but not used within a few seconds from the window's load event. Please make sure it has an appropriate `as` value and it is preloaded intentionally. @ https://vercel.com/navi01/navi-next/G7pDDPhA51f9mSBG4XwSdnXVDHck:0
[  166087ms] [WARNING] The resource https://vercel.com/_next/static/immutable/chunks/3m88gd-sogt5t.css was preloaded using link preload but not used within a few seconds from the window's load event. Please make sure it has an appropriate `as` value and it is preloaded intentionally. @ https://vercel.com/navi01/navi-next/G7pDDPhA51f9mSBG4XwSdnXVDHck:0
[  166087ms] [WARNING] The resource https://vercel.com/_next/static/immutable/chunks/2auu4bhcsy3ul.css was preloaded using link preload but not used within a few seconds from the window's load event. Please make sure it has an appropriate `as` value and it is preloaded intentionally. @ https://vercel.com/navi01/navi-next/G7pDDPhA51f9mSBG4XwSdnXVDHck:0
[  166087ms] [WARNING] The resource https://vercel.com/_next/static/immutable/chunks/1tfmo57som7nf.css was preloaded using link preload but not used within a few seconds from the window's load event. Please make sure it has an appropriate `as` value and it is preloaded intentionally. @ https://vercel.com/navi01/navi-next/G7pDDPhA51f9mSBG4XwSdnXVDHck:0
[  166087ms] [WARNING] The resource https://vercel.com/_next/static/immutable/chunks/1ia85_jjd49lk.css was preloaded using link preload but not used within a few seconds from the window's load event. Please make sure it has an appropriate `as` value and it is preloaded intentionally. @ https://vercel.com/navi01/navi-next/G7pDDPhA51f9mSBG4XwSdnXVDHck:0
[  169312ms] [WARNING] The resource https://vercel.com/_next/static/immutable/chunks/0ly-6r7tnbx1k.css was preloaded using link preload but not used within a few seconds from the window's load event. Please make sure it has an appropriate `as` value and it is preloaded intentionally. @ https://vercel.com/navi01/navi-next/G7pDDPhA51f9mSBG4XwSdnXVDHck:0
[  169312ms] [WARNING] The resource https://vercel.com/_next/static/immutable/chunks/0jowte4krju8u.css was preloaded using link preload but not used within a few seconds from the window's load event. Please make sure it has an appropriate `as` value and it is preloaded intentionally. @ https://vercel.com/navi01/navi-next/G7pDDPhA51f9mSBG4XwSdnXVDHck:0
[  169312ms] [WARNING] The resource https://vercel.com/_next/static/immutable/chunks/3ltmde337_bn6.css was preloaded using link preload but not used within a few seconds from the window's load event. Please make sure it has an appropriate `as` value and it is preloaded intentionally. @ https://vercel.com/navi01/navi-next/G7pDDPhA51f9mSBG4XwSdnXVDHck:0
[  169312ms] [WARNING] The resource https://vercel.com/_next/static/immutable/chunks/1fxyqxi0jz9ez.css was preloaded using link preload but not used within a few seconds from the window's load event. Please make sure it has an appropriate `as` value and it is preloaded intentionally. @ https://vercel.com/navi01/navi-next/G7pDDPhA51f9mSBG4XwSdnXVDHck:0
[  169313ms] [WARNING] The resource https://vercel.com/_next/static/immutable/chunks/3m88gd-sogt5t.css was preloaded using link preload but not used within a few seconds from the window's load event. Please make sure it has an appropriate `as` value and it is preloaded intentionally. @ https://vercel.com/navi01/navi-next/G7pDDPhA51f9mSBG4XwSdnXVDHck:0
[  169313ms] [WARNING] The resource https://vercel.com/_next/static/immutable/chunks/2auu4bhcsy3ul.css was preloaded using link preload but not used within a few seconds from the window's load event. Please make sure it has an appropriate `as` value and it is preloaded intentionally. @ https://vercel.com/navi01/navi-next/G7pDDPhA51f9mSBG4XwSdnXVDHck:0
[  169313ms] [WARNING] The resource https://vercel.com/_next/static/immutable/chunks/1tfmo57som7nf.css was preloaded using link preload but not used within a few seconds from the window's load event. Please make sure it has an appropriate `as` value and it is preloaded intentionally. @ https://vercel.com/navi01/navi-next/G7pDDPhA51f9mSBG4XwSdnXVDHck:0
[  169313ms] [WARNING] The resource https://vercel.com/_next/static/immutable/chunks/1ia85_jjd49lk.css was preloaded using link preload but not used within a few seconds from the window's load event. Please make sure it has an appropriate `as` value and it is preloaded intentionally. @ https://vercel.com/navi01/navi-next/G7pDDPhA51f9mSBG4XwSdnXVDHck:0
[  172537ms] [WARNING] The resource https://vercel.com/_next/static/immutable/chunks/0ly-6r7tnbx1k.css was preloaded using link preload but not used within a few seconds from the window's load event. Please make sure it has an appropriate `as` value and it is preloaded intentionally. @ https://vercel.com/navi01/navi-next/G7pDDPhA51f9mSBG4XwSdnXVDHck:0
[  172538ms] [WARNING] The resource https://vercel.com/_next/static/immutable/chunks/0jowte4krju8u.css was preloaded using link preload but not used within a few seconds from the window's load event. Please make sure it has an appropriate `as` value and it is preloaded intentionally. @ https://vercel.com/navi01/navi-next/G7pDDPhA51f9mSBG4XwSdnXVDHck:0
[  172538ms] [WARNING] The resource https://vercel.com/_next/static/immutable/chunks/3ltmde337_bn6.css was preloaded using link preload but not used within a few seconds from the window's load event. Please make sure it has an appropriate `as` value and it is preloaded intentionally. @ https://vercel.com/navi01/navi-next/G7pDDPhA51f9mSBG4XwSdnXVDHck:0
[  172538ms] [WARNING] The resource https://vercel.com/_next/static/immutable/chunks/1fxyqxi0jz9ez.css was preloaded using link preload but not used within a few seconds from the window's load event. Please make sure it has an appropriate `as` value and it is preloaded intentionally. @ https://vercel.com/navi01/navi-next/G7pDDPhA51f9mSBG4XwSdnXVDHck:0
[  172538ms] [WARNING] The resource https://vercel.com/_next/static/immutable/chunks/3m88gd-sogt5t.css was preloaded using link preload but not used within a few seconds from the window's load event. Please make sure it has an appropriate `as` value and it is preloaded intentionally. @ https://vercel.com/navi01/navi-next/G7pDDPhA51f9mSBG4XwSdnXVDHck:0
[  172538ms] [WARNING] The resource https://vercel.com/_next/static/immutable/chunks/2auu4bhcsy3ul.css was preloaded using link preload but not used within a few seconds from the window's load event. Please make sure it has an appropriate `as` value and it is preloaded intentionally. @ https://vercel.com/navi01/navi-next/G7pDDPhA51f9mSBG4XwSdnXVDHck:0
[  172538ms] [WARNING] The resource https://vercel.com/_next/static/immutable/chunks/1tfmo57som7nf.css was preloaded using link preload but not used within a few seconds from the window's load event. Please make sure it has an appropriate `as` value and it is preloaded intentionally. @ https://vercel.com/navi01/navi-next/G7pDDPhA51f9mSBG4XwSdnXVDHck:0
[  172538ms] [WARNING] The resource https://vercel.com/_next/static/immutable/chunks/1ia85_jjd49lk.css was preloaded using link preload but not used within a few seconds from the window's load event. Please make sure it has an appropriate `as` value and it is preloaded intentionally. @ https://vercel.com/navi01/navi-next/G7pDDPhA51f9mSBG4XwSdnXVDHck:0
[  175780ms] [WARNING] The resource https://vercel.com/_next/static/immutable/chunks/0ly-6r7tnbx1k.css was preloaded using link preload but not used within a few seconds from the window's load event. Please make sure it has an appropriate `as` value and it is preloaded intentionally. @ https://vercel.com/navi01/navi-next/G7pDDPhA51f9mSBG4XwSdnXVDHck:0
[  175780ms] [WARNING] The resource https://vercel.com/_next/static/immutable/chunks/0jowte4krju8u.css was preloaded using link preload but not used within a few seconds from the window's load event. Please make sure it has an appropriate `as` value and it is preloaded intentionally. @ https://vercel.com/navi01/navi-next/G7pDDPhA51f9mSBG4XwSdnXVDHck:0
[  175780ms] [WARNING] The resource https://vercel.com/_next/static/immutable/chunks/3ltmde337_bn6.css was preloaded using link preload but not used within a few seconds from the window's load event. Please make sure it has an appropriate `as` value and it is preloaded intentionally. @ https://vercel.com/navi01/navi-next/G7pDDPhA51f9mSBG4XwSdnXVDHck:0
[  175780ms] [WARNING] The resource https://vercel.com/_next/static/immutable/chunks/1fxyqxi0jz9ez.css was preloaded using link preload but not used within a few seconds from the window's load event. Please make sure it has an appropriate `as` value and it is preloaded intentionally. @ https://vercel.com/navi01/navi-next/G7pDDPhA51f9mSBG4XwSdnXVDHck:0
[  175780ms] [WARNING] The resource https://vercel.com/_next/static/immutable/chunks/3m88gd-sogt5t.css was preloaded using link preload but not used within a few seconds from the window's load event. Please make sure it has an appropriate `as` value and it is preloaded intentionally. @ https://vercel.com/navi01/navi-next/G7pDDPhA51f9mSBG4XwSdnXVDHck:0
[  175780ms] [WARNING] The resource https://vercel.com/_next/static/immutable/chunks/2auu4bhcsy3ul.css was preloaded using link preload but not used within a few seconds from the window's load event. Please make sure it has an appropriate `as` value and it is preloaded intentionally. @ https://vercel.com/navi01/navi-next/G7pDDPhA51f9mSBG4XwSdnXVDHck:0
[  175780ms] [WARNING] The resource https://vercel.com/_next/static/immutable/chunks/1tfmo57som7nf.css was preloaded using link preload but not used within a few seconds from the window's load event. Please make sure it has an appropriate `as` value and it is preloaded intentionally. @ https://vercel.com/navi01/navi-next/G7pDDPhA51f9mSBG4XwSdnXVDHck:0
[  175780ms] [WARNING] The resource https://vercel.com/_next/static/immutable/chunks/1ia85_jjd49lk.css was preloaded using link preload but not used within a few seconds from the window's load event. Please make sure it has an appropriate `as` value and it is preloaded intentionally. @ https://vercel.com/navi01/navi-next/G7pDDPhA51f9mSBG4XwSdnXVDHck:0
[  179012ms] [WARNING] The resource https://vercel.com/_next/static/immutable/chunks/0ly-6r7tnbx1k.css was preloaded using link preload but not used within a few seconds from the window's load event. Please make sure it has an appropriate `as` value and it is preloaded intentionally. @ https://vercel.com/navi01/navi-next/G7pDDPhA51f9mSBG4XwSdnXVDHck:0
[  179013ms] [WARNING] The resource https://vercel.com/_next/static/immutable/chunks/0jowte4krju8u.css was preloaded using link preload but not used within a few seconds from the window's load event. Please make sure it has an appropriate `as` value and it is preloaded intentionally. @ https://vercel.com/navi01/navi-next/G7pDDPhA51f9mSBG4XwSdnXVDHck:0
[  179013ms] [WARNING] The resource https://vercel.com/_next/static/immutable/chunks/3ltmde337_bn6.css was preloaded using link preload but not used within a few seconds from the window's load event. Please make sure it has an appropriate `as` value and it is preloaded intentionally. @ https://vercel.com/navi01/navi-next/G7pDDPhA51f9mSBG4XwSdnXVDHck:0
[  179013ms] [WARNING] The resource https://vercel.com/_next/static/immutable/chunks/1fxyqxi0jz9ez.css was preloaded using link preload but not used within a few seconds from the window's load event. Please make sure it has an appropriate `as` value and it is preloaded intentionally. @ https://vercel.com/navi01/navi-next/G7pDDPhA51f9mSBG4XwSdnXVDHck:0
[  179013ms] [WARNING] The resource https://vercel.com/_next/static/immutable/chunks/3m88gd-sogt5t.css was preloaded using link preload but not used within a few seconds from the window's load event. Please make sure it has an appropriate `as` value and it is preloaded intentionally. @ https://vercel.com/navi01/navi-next/G7pDDPhA51f9mSBG4XwSdnXVDHck:0
[  179013ms] [WARNING] The resource https://vercel.com/_next/static/immutable/chunks/2auu4bhcsy3ul.css was preloaded using link preload but not used within a few seconds from the window's load event. Please make sure it has an appropriate `as` value and it is preloaded intentionally. @ https://vercel.com/navi01/navi-next/G7pDDPhA51f9mSBG4XwSdnXVDHck:0
[  179013ms] [WARNING] The resource https://vercel.com/_next/static/immutable/chunks/1tfmo57som7nf.css was preloaded using link preload but not used within a few seconds from the window's load event. Please make sure it has an appropriate `as` value and it is preloaded intentionally. @ https://vercel.com/navi01/navi-next/G7pDDPhA51f9mSBG4XwSdnXVDHck:0
[  179013ms] [WARNING] The resource https://vercel.com/_next/static/immutable/chunks/1ia85_jjd49lk.css was preloaded using link preload but not used within a few seconds from the window's load event. Please make sure it has an appropriate `as` value and it is preloaded intentionally. @ https://vercel.com/navi01/navi-next/G7pDDPhA51f9mSBG4XwSdnXVDHck:0
[  182247ms] [WARNING] The resource https://vercel.com/_next/static/immutable/chunks/0ly-6r7tnbx1k.css was preloaded using link preload but not used within a few seconds from the window's load event. Please make sure it has an appropriate `as` value and it is preloaded intentionally. @ https://vercel.com/navi01/navi-next/G7pDDPhA51f9mSBG4XwSdnXVDHck:0
[  182247ms] [WARNING] The resource https://vercel.com/_next/static/immutable/chunks/0jowte4krju8u.css was preloaded using link preload but not used within a few seconds from the window's load event. Please make sure it has an appropriate `as` value and it is preloaded intentionally. @ https://vercel.com/navi01/navi-next/G7pDDPhA51f9mSBG4XwSdnXVDHck:0
[  182247ms] [WARNING] The resource https://vercel.com/_next/static/immutable/chunks/3ltmde337_bn6.css was preloaded using link preload but not used within a few seconds from the window's load event. Please make sure it has an appropriate `as` value and it is preloaded intentionally. @ https://vercel.com/navi01/navi-next/G7pDDPhA51f9mSBG4XwSdnXVDHck:0
[  182247ms] [WARNING] The resource https://vercel.com/_next/static/immutable/chunks/1fxyqxi0jz9ez.css was preloaded using link preload but not used within a few seconds from the window's load event. Please make sure it has an appropriate `as` value and it is preloaded intentionally. @ https://vercel.com/navi01/navi-next/G7pDDPhA51f9mSBG4XwSdnXVDHck:0
[  182247ms] [WARNING] The resource https://vercel.com/_next/static/immutable/chunks/3m88gd-sogt5t.css was preloaded using link preload but not used within a few seconds from the window's load event. Please make sure it has an appropriate `as` value and it is preloaded intentionally. @ https://vercel.com/navi01/navi-next/G7pDDPhA51f9mSBG4XwSdnXVDHck:0
[  182247ms] [WARNING] The resource https://vercel.com/_next/static/immutable/chunks/2auu4bhcsy3ul.css was preloaded using link preload but not used within a few seconds from the window's load event. Please make sure it has an appropriate `as` value and it is preloaded intentionally. @ https://vercel.com/navi01/navi-next/G7pDDPhA51f9mSBG4XwSdnXVDHck:0
[  182247ms] [WARNING] The resource https://vercel.com/_next/static/immutable/chunks/1tfmo57som7nf.css was preloaded using link preload but not used within a few seconds from the window's load event. Please make sure it has an appropriate `as` value and it is preloaded intentionally. @ https://vercel.com/navi01/navi-next/G7pDDPhA51f9mSBG4XwSdnXVDHck:0
[  182247ms] [WARNING] The resource https://vercel.com/_next/static/immutable/chunks/1ia85_jjd49lk.css was preloaded using link preload but not used within a few seconds from the window's load event. Please make sure it has an appropriate `as` value and it is preloaded intentionally. @ https://vercel.com/navi01/navi-next/G7pDDPhA51f9mSBG4XwSdnXVDHck:0
